nohup: ignoring input
Channel SR1tau1l_2018 will use autoMCStats with settings: event-threshold=10, include-signal=0, hist-mode=1
============================================================
Analysing bin errors for: prop_binSR1tau1l_2018
Poisson cut-off: 10
Processes excluded for sums: tttt
============================================================
Bin        Contents        Error           Notes                         
0          25.158119       1.690326        total sum                     
0          25.069829       1.690318        excluding marked processes    
0          220.000000      14.832397       Unweighted events, alpha=0.114355
  => Total parameter prop_binSR1tau1l_2018_bin0[0.00,-7.00,7.00] to be gaussian constrained
------------------------------------------------------------
1          24.087630       1.670497        total sum                     
1          23.864370       1.670478        excluding marked processes    
1          204.000000      14.282857       Unweighted events, alpha=0.118077
  => Total parameter prop_binSR1tau1l_2018_bin1[0.00,-7.00,7.00] to be gaussian constrained
------------------------------------------------------------
2          29.132962       1.754304        total sum                     
2          28.700848       1.754270        excluding marked processes    
2          268.000000      16.370706       Unweighted events, alpha=0.108705
  => Total parameter prop_binSR1tau1l_2018_bin2[0.00,-7.00,7.00] to be gaussian constrained
------------------------------------------------------------
3          22.955037       1.510519        total sum                     
3          22.332762       1.510458        excluding marked processes    
3          219.000000      14.798649       Unweighted events, alpha=0.104818
  => Total parameter prop_binSR1tau1l_2018_bin3[0.00,-7.00,7.00] to be gaussian constrained
------------------------------------------------------------
4          17.336149       1.498855        total sum                     
4          16.632822       1.498786        excluding marked processes    
4          123.000000      11.090537       Unweighted events, alpha=0.140944
  => Total parameter prop_binSR1tau1l_2018_bin4[0.00,-7.00,7.00] to be gaussian constrained
------------------------------------------------------------
5          9.483206        0.914807        total sum                     
5          8.803914        0.914688        excluding marked processes    
5          93.000000       9.643651        Unweighted events, alpha=0.101970
  => Total parameter prop_binSR1tau1l_2018_bin5[0.00,-7.00,7.00] to be gaussian constrained
------------------------------------------------------------
6          4.375000        0.534423        total sum                     
6          3.597107        0.534181        excluding marked processes    
6          45.000000       6.708204        Unweighted events, alpha=0.097222
  => Total parameter prop_binSR1tau1l_2018_bin6[0.00,-7.00,7.00] to be gaussian constrained
------------------------------------------------------------
Channel SR1tau1l_2017 will use autoMCStats with settings: event-threshold=10, include-signal=0, hist-mode=1
============================================================
Analysing bin errors for: prop_binSR1tau1l_2017
Poisson cut-off: 10
Processes excluded for sums: tttt
============================================================
Bin        Contents        Error           Notes                         
0          15.725452       1.302272        total sum                     
0          15.657854       1.302266        excluding marked processes    
0          145.000000      12.041595       Unweighted events, alpha=0.108451
  => Total parameter prop_binSR1tau1l_2017_bin0[0.00,-7.00,7.00] to be gaussian constrained
------------------------------------------------------------
1          15.055530       1.145950        total sum                     
1          14.891147       1.145934        excluding marked processes    
1          169.000000      13.000000       Unweighted events, alpha=0.089086
  => Total parameter prop_binSR1tau1l_2017_bin1[0.00,-7.00,7.00] to be gaussian constrained
------------------------------------------------------------
2          19.931040       1.532769        total sum                     
2          19.637005       1.532745        excluding marked processes    
2          164.000000      12.806248       Unweighted events, alpha=0.121531
  => Total parameter prop_binSR1tau1l_2017_bin2[0.00,-7.00,7.00] to be gaussian constrained
------------------------------------------------------------
3          13.350463       0.951040        total sum                     
3          12.925452       0.950985        excluding marked processes    
3          185.000000      13.601471       Unweighted events, alpha=0.072165
  => Total parameter prop_binSR1tau1l_2017_bin3[0.00,-7.00,7.00] to be gaussian constrained
------------------------------------------------------------
4          10.429548       1.040010        total sum                     
4          9.960347        1.039953        excluding marked processes    
4          92.000000       9.591663        Unweighted events, alpha=0.113365
  => Total parameter prop_binSR1tau1l_2017_bin4[0.00,-7.00,7.00] to be gaussian constrained
------------------------------------------------------------
5          5.830061        0.705943        total sum                     
5          5.349064        0.705854        excluding marked processes    
5          57.000000       7.549834        Unweighted events, alpha=0.102282
  => Total parameter prop_binSR1tau1l_2017_bin5[0.00,-7.00,7.00] to be gaussian constrained
------------------------------------------------------------
6          2.849900        0.346752        total sum                     
6          2.353183        0.346543        excluding marked processes    
6          46.000000       6.782330        Unweighted events, alpha=0.061954
  => Total parameter prop_binSR1tau1l_2017_bin6[0.00,-7.00,7.00] to be gaussian constrained
------------------------------------------------------------
Channel SR1tau1l_2016preVFP will use autoMCStats with settings: event-threshold=10, include-signal=0, hist-mode=1
============================================================
Analysing bin errors for: prop_binSR1tau1l_2016preVFP
Poisson cut-off: 10
Processes excluded for sums: tttt
============================================================
Bin        Contents        Error           Notes                         
0          9.106992        0.996993        total sum                     
0          9.074128        0.996988        excluding marked processes    
0          83.000000       9.110434        Unweighted events, alpha=0.109723
  => Total parameter prop_binSR1tau1l_2016preVFP_bin0[0.00,-7.00,7.00] to be gaussian constrained
------------------------------------------------------------
1          10.724828       1.243942        total sum                     
1          10.650392       1.243932        excluding marked processes    
1          73.000000       8.544004        Unweighted events, alpha=0.146915
  => Total parameter prop_binSR1tau1l_2016preVFP_bin1[0.00,-7.00,7.00] to be gaussian constrained
------------------------------------------------------------
2          10.245212       1.160572        total sum                     
2          10.106108       1.160551        excluding marked processes    
2          76.000000       8.717798        Unweighted events, alpha=0.134805
  => Total parameter prop_binSR1tau1l_2016preVFP_bin2[0.00,-7.00,7.00] to be gaussian constrained
------------------------------------------------------------
3          9.100587        1.186233        total sum                     
3          8.903645        1.186202        excluding marked processes    
3          56.000000       7.483315        Unweighted events, alpha=0.162510
  => Total parameter prop_binSR1tau1l_2016preVFP_bin3[0.00,-7.00,7.00] to be gaussian constrained
------------------------------------------------------------
4          4.857140        0.705479        total sum                     
4          4.625107        0.705417        excluding marked processes    
4          43.000000       6.557439        Unweighted events, alpha=0.112957
  => Total parameter prop_binSR1tau1l_2016preVFP_bin4[0.00,-7.00,7.00] to be gaussian constrained
------------------------------------------------------------
5          3.061633        0.589674        total sum                     
5          2.834171        0.589596        excluding marked processes    
5          23.000000       4.795832        Unweighted events, alpha=0.133114
  => Total parameter prop_binSR1tau1l_2016preVFP_bin5[0.00,-7.00,7.00] to be gaussian constrained
------------------------------------------------------------
6          1.176343        0.227780        total sum                     
6          0.916182        0.227537        excluding marked processes    
6          16.000000       4.000000        Unweighted events, alpha=0.073521
  => Total parameter prop_binSR1tau1l_2016preVFP_bin6[0.00,-7.00,7.00] to be gaussian constrained
------------------------------------------------------------
Channel SR1tau1l_2016postVFP will use autoMCStats with settings: event-threshold=10, include-signal=0, hist-mode=1
============================================================
Analysing bin errors for: prop_binSR1tau1l_2016postVFP
Poisson cut-off: 10
Processes excluded for sums: tttt
============================================================
Bin        Contents        Error           Notes                         
0          8.441246        1.131831        total sum                     
0          8.411501        1.131828        excluding marked processes    
0          55.000000       7.416198        Unweighted events, alpha=0.153477
  => Total parameter prop_binSR1tau1l_2016postVFP_bin0[0.00,-7.00,7.00] to be gaussian constrained
------------------------------------------------------------
1          8.136708        1.051611        total sum                     
1          8.068937        1.051604        excluding marked processes    
1          59.000000       7.681146        Unweighted events, alpha=0.137910
  => Total parameter prop_binSR1tau1l_2016postVFP_bin1[0.00,-7.00,7.00] to be gaussian constrained
------------------------------------------------------------
2          7.007197        0.719670        total sum                     
2          6.895591        0.719648        excluding marked processes    
2          92.000000       9.591663        Unweighted events, alpha=0.076165
  => Total parameter prop_binSR1tau1l_2016postVFP_bin2[0.00,-7.00,7.00] to be gaussian constrained
------------------------------------------------------------
3          4.683833        0.574185        total sum                     
3          4.505935        0.574145        excluding marked processes    
3          62.000000       7.874008        Unweighted events, alpha=0.075546
  => Total parameter prop_binSR1tau1l_2016postVFP_bin3[0.00,-7.00,7.00] to be gaussian constrained
------------------------------------------------------------
4          3.506792        0.475237        total sum                     
4          3.333957        0.475182        excluding marked processes    
4          49.000000       7.000000        Unweighted events, alpha=0.071567
  => Total parameter prop_binSR1tau1l_2016postVFP_bin4[0.00,-7.00,7.00] to be gaussian constrained
------------------------------------------------------------
5          2.075642        0.342096        total sum                     
5          1.909969        0.342020        excluding marked processes    
5          31.000000       5.567764        Unweighted events, alpha=0.066956
  => Total parameter prop_binSR1tau1l_2016postVFP_bin5[0.00,-7.00,7.00] to be gaussian constrained
------------------------------------------------------------
6          1.229256        0.234321        total sum                     
6          1.040333        0.234184        excluding marked processes    
6          20.000000       4.472136        Unweighted events, alpha=0.061463
  => Total parameter prop_binSR1tau1l_2016postVFP_bin6[0.00,-7.00,7.00] to be gaussian constrained
------------------------------------------------------------
 <<< Combine >>> 
Will use a-priori expected background instead of a-posteriori one.
>>> method used is AsymptoticLimits
>>> random number generator seed is 123456
Warning! -- You haven't picked default values for the Parameters of Interest (either with --expectSignal or --setParameters) for generating toys. Combine will use the 'B-only' ModelConfig to generate, which may lead to undesired behaviour if not using the default Physics Model
SimNLL created with 4 channels, 0 generic constraints, 245 fast gaussian constraints, 0 fast poisson constraints, 0 fast group constraints, 

 -- AsymptoticLimits ( CLs ) --
Expected  2.5%: r < 1.7535
Expected 16.0%: r < 2.3909
Expected 50.0%: r < 3.4531
Expected 84.0%: r < 5.0911
Expected 97.5%: r < 7.2886

Done in 0.94 min (cpu), 0.95 min (real)
 <<< Combine >>> 
>>> method used is Significance
>>> random number generator seed is 123456

 -- Significance -- 
Significance: 0.618264
Done in 0.07 min (cpu), 0.07 min (real)
Have POIs: ['r']
 <<< Combine >>> 
   Options for Robust Minimizer :: 
        Tolerance  0.1
        Strategy   0
        Type,Algo  Minuit2,Migrad
>>> method used is MultiDimFit
>>> random number generator seed is 123456
Warning! -- You haven't picked default values for the Parameters of Interest (either with --expectSignal or --setParameters) for generating toys. Combine will use the 'B-only' ModelConfig to generate, which may lead to undesired behaviour if not using the default Physics Model
SimNLL created with 4 channels, 0 generic constraints, 245 fast gaussian constraints, 0 fast poisson constraints, 0 fast group constraints, 
Error: closed range without finding crossing.

 --- MultiDimFit ---
best fit parameter values and profile-likelihood uncertainties: 
 Warning - No valid low-error found, will report difference to minimum of range for : r
   r :    +1.000   -1.000/+1.756 (68%)
Done in 0.80 min (cpu), 0.81 min (real)
>> combine -M MultiDimFit -n _initialFit_Test --algo singles --redefineSignalPOIs r --robustFit 1 -m 125 -d combinationV18/run2_1tau1l_smoothed/workspace/datacard.root
Have POIs: ['r']
Have parameters: 245
 <<< Combine >>> 
 <<< Combine >>> 
 <<< Combine >>> 
 <<< Combine >>> 
 <<< Combine >>> 
   Options for Robust Minimizer :: 
   Options for Robust Minimizer :: 
   Options for Robust Minimizer :: 
   Options for Robust Minimizer :: 
   Options for Robust Minimizer :: 
        Tolerance  0.1
        Tolerance  0.1
        Tolerance  0.1
        Strategy   0
        Strategy   0
        Tolerance  0.1
        Type,Algo  Minuit2,Migrad
        Strategy   0
        Type,Algo  Minuit2,Migrad
        Tolerance  0.1
        Strategy   0
        Type,Algo  Minuit2,Migrad
        Type,Algo  Minuit2,Migrad
        Strategy   0
>>> method used is MultiDimFit
>>> method used is MultiDimFit
        Type,Algo  Minuit2,Migrad
>>> random number generator seed is 123456
>>> method used is MultiDimFit
>>> random number generator seed is 123456
>>> method used is MultiDimFit
>>> random number generator seed is 123456
>>> method used is MultiDimFit
>>> random number generator seed is 123456
>>> random number generator seed is 123456
 <<< Combine >>> 
 <<< Combine >>> 
 <<< Combine >>> 
   Options for Robust Minimizer :: 
   Options for Robust Minimizer :: 
   Options for Robust Minimizer :: 
        Tolerance  0.1
        Tolerance  0.1
        Tolerance  0.1
        Strategy   0
        Strategy   0
        Type,Algo  Minuit2,Migrad
        Strategy   0
        Type,Algo  Minuit2,Migrad
        Type,Algo  Minuit2,Migrad
>>> method used is MultiDimFit
>>> method used is MultiDimFit
>>> method used is MultiDimFit
>>> random number generator seed is 123456
>>> random number generator seed is 123456
>>> random number generator seed is 123456
Warning! -- You haven't picked default values for the Parameters of Interest (either with --expectSignal or --setParameters) for generating toys. Combine will use the 'B-only' ModelConfig to generate, which may lead to undesired behaviour if not using the default Physics Model
Warning! -- You haven't picked default values for the Parameters of Interest (either with --expectSignal or --setParameters) for generating toys. Combine will use the 'B-only' ModelConfig to generate, which may lead to undesired behaviour if not using the default Physics Model
Warning! -- You haven't picked default values for the Parameters of Interest (either with --expectSignal or --setParameters) for generating toys. Combine will use the 'B-only' ModelConfig to generate, which may lead to undesired behaviour if not using the default Physics Model
SimNLL created with 4 channels, 0 generic constraints, 245 fast gaussian constraints, 0 fast poisson constraints, 0 fast group constraints, 
SimNLL created with 4 channels, 0 generic constraints, 245 fast gaussian constraints, 0 fast poisson constraints, 0 fast group constraints, 
Warning! -- You haven't picked default values for the Parameters of Interest (either with --expectSignal or --setParameters) for generating toys. Combine will use the 'B-only' ModelConfig to generate, which may lead to undesired behaviour if not using the default Physics Model
SimNLL created with 4 channels, 0 generic constraints, 245 fast gaussian constraints, 0 fast poisson constraints, 0 fast group constraints, 
Warning! -- You haven't picked default values for the Parameters of Interest (either with --expectSignal or --setParameters) for generating toys. Combine will use the 'B-only' ModelConfig to generate, which may lead to undesired behaviour if not using the default Physics Model
Warning! -- You haven't picked default values for the Parameters of Interest (either with --expectSignal or --setParameters) for generating toys. Combine will use the 'B-only' ModelConfig to generate, which may lead to undesired behaviour if not using the default Physics Model
SimNLL created with 4 channels, 0 generic constraints, 245 fast gaussian constraints, 0 fast poisson constraints, 0 fast group constraints, 
SimNLL created with 4 channels, 0 generic constraints, 245 fast gaussian constraints, 0 fast poisson constraints, 0 fast group constraints, 
Warning! -- You haven't picked default values for the Parameters of Interest (either with --expectSignal or --setParameters) for generating toys. Combine will use the 'B-only' ModelConfig to generate, which may lead to undesired behaviour if not using the default Physics Model
SimNLL created with 4 channels, 0 generic constraints, 245 fast gaussian constraints, 0 fast poisson constraints, 0 fast group constraints, 
SimNLL created with 4 channels, 0 generic constraints, 245 fast gaussian constraints, 0 fast poisson constraints, 0 fast group constraints, 
Warning! -- You haven't picked default values for the Parameters of Interest (either with --expectSignal or --setParameters) for generating toys. Combine will use the 'B-only' ModelConfig to generate, which may lead to undesired behaviour if not using the default Physics Model
SimNLL created with 4 channels, 0 generic constraints, 245 fast gaussian constraints, 0 fast poisson constraints, 0 fast group constraints, 

 --- MultiDimFit ---
Parameter impacts: 

 --- MultiDimFit ---
Parameter impacts: 

 --- MultiDimFit ---
Parameter impacts: 

 --- MultiDimFit ---
Parameter impacts: 

 --- MultiDimFit ---
Parameter impacts: 
  Parameter           :   Best-fit               r            
  CMS_eff_e_reco_2016 :   +0.000  -0.993/+0.994  +0.005/-0.005
Done in 0.88 min (cpu), 0.88 min (real)
 <<< Combine >>> 
   Options for Robust Minimizer :: 
        Tolerance  0.1
        Strategy   0
        Type,Algo  Minuit2,Migrad
>>> method used is MultiDimFit
>>> random number generator seed is 123456
  Parameter                                        :   Best-fit               r            
  CMS_btag_fixedWP_comb_bc_uncorrelated_2016preVFP :   +0.000  -0.994/+0.994  +0.007/-0.007
Done in 0.89 min (cpu), 0.90 min (real)
 <<< Combine >>> 
   Options for Robust Minimizer :: 
        Tolerance  0.1
        Strategy   0
        Type,Algo  Minuit2,Migrad
>>> method used is MultiDimFit
>>> random number generator seed is 123456
  Parameter                            :   Best-fit               r            
  CMS_eff_t_vsJet_stat2_dm0_2016preVFP :   +0.000  -0.993/+0.994  +0.004/-0.004
Done in 0.91 min (cpu), 0.92 min (real)
 <<< Combine >>> 
   Options for Robust Minimizer :: 
        Tolerance  0.1
        Strategy   0
        Type,Algo  Minuit2,Migrad
>>> method used is MultiDimFit
>>> random number generator seed is 123456

 --- MultiDimFit ---
Parameter impacts: 

 --- MultiDimFit ---
Parameter impacts: 

 --- MultiDimFit ---
Parameter impacts: 
  Parameter                                  :   Best-fit               r            
  CMS_TOP24017_eff_trigger_stats_2016postVFP :   +0.000  -0.982/+0.983  +0.031/-0.032
Done in 1.00 min (cpu), 1.05 min (real)
 <<< Combine >>> 
   Options for Robust Minimizer :: 
        Tolerance  0.1
        Strategy   0
        Type,Algo  Minuit2,Migrad
>>> method used is MultiDimFit
>>> random number generator seed is 123456
  Parameter                      :   Best-fit               r            
  CMS_TOP24017_ttttSS_eff_e_syst :   +0.000  -0.993/+0.994  +0.010/-0.011
Done in 0.87 min (cpu), 0.87 min (real)
  Parameter             :   Best-fit               r            
  CMS_TOP24017_norm_ttH :   +0.000  -0.994/+0.994  +0.008/-0.009
Done in 0.87 min (cpu), 0.88 min (real)
  Parameter                             :   Best-fit               r            
  CMS_eff_t_vsJet_stat1_dm11_2016preVFP :   +0.000  -0.994/+0.994  -0.001/+0.001
Done in 1.02 min (cpu), 1.02 min (real)
  Parameter                            :   Best-fit               r            
  CMS_eff_t_vsJet_stat1_dm0_2016preVFP :   +0.000  -0.994/+0.994  -0.003/+0.003
Done in 0.99 min (cpu), 0.99 min (real)
 <<< Combine >>> 
 <<< Combine >>> 
 <<< Combine >>> 
 <<< Combine >>> 
   Options for Robust Minimizer :: 
   Options for Robust Minimizer :: 
   Options for Robust Minimizer :: 
        Tolerance  0.1
        Strategy   0
        Tolerance  0.1
        Tolerance  0.1
        Type,Algo  Minuit2,Migrad
        Strategy   0
        Strategy   0
        Type,Algo  Minuit2,Migrad
        Type,Algo  Minuit2,Migrad
>>> method used is MultiDimFit
>>> random number generator seed is 123456
>>> method used is MultiDimFit
>>> method used is MultiDimFit
>>> random number generator seed is 123456
>>> random number generator seed is 123456
   Options for Robust Minimizer :: 
        Tolerance  0.1
        Strategy   0
        Type,Algo  Minuit2,Migrad
>>> method used is MultiDimFit
>>> random number generator seed is 123456
Warning! -- You haven't picked default values for the Parameters of Interest (either with --expectSignal or --setParameters) for generating toys. Combine will use the 'B-only' ModelConfig to generate, which may lead to undesired behaviour if not using the default Physics Model
Warning! -- You haven't picked default values for the Parameters of Interest (either with --expectSignal or --setParameters) for generating toys. Combine will use the 'B-only' ModelConfig to generate, which may lead to undesired behaviour if not using the default Physics Model
SimNLL created with 4 channels, 0 generic constraints, 245 fast gaussian constraints, 0 fast poisson constraints, 0 fast group constraints, 
SimNLL created with 4 channels, 0 generic constraints, 245 fast gaussian constraints, 0 fast poisson constraints, 0 fast group constraints, 
Warning! -- You haven't picked default values for the Parameters of Interest (either with --expectSignal or --setParameters) for generating toys. Combine will use the 'B-only' ModelConfig to generate, which may lead to undesired behaviour if not using the default Physics Model
SimNLL created with 4 channels, 0 generic constraints, 245 fast gaussian constraints, 0 fast poisson constraints, 0 fast group constraints, 
Warning! -- You haven't picked default values for the Parameters of Interest (either with --expectSignal or --setParameters) for generating toys. Combine will use the 'B-only' ModelConfig to generate, which may lead to undesired behaviour if not using the default Physics Model
SimNLL created with 4 channels, 0 generic constraints, 245 fast gaussian constraints, 0 fast poisson constraints, 0 fast group constraints, 
Warning! -- You haven't picked default values for the Parameters of Interest (either with --expectSignal or --setParameters) for generating toys. Combine will use the 'B-only' ModelConfig to generate, which may lead to undesired behaviour if not using the default Physics Model
Warning! -- You haven't picked default values for the Parameters of Interest (either with --expectSignal or --setParameters) for generating toys. Combine will use the 'B-only' ModelConfig to generate, which may lead to undesired behaviour if not using the default Physics Model
Warning! -- You haven't picked default values for the Parameters of Interest (either with --expectSignal or --setParameters) for generating toys. Combine will use the 'B-only' ModelConfig to generate, which may lead to undesired behaviour if not using the default Physics Model
Warning! -- You haven't picked default values for the Parameters of Interest (either with --expectSignal or --setParameters) for generating toys. Combine will use the 'B-only' ModelConfig to generate, which may lead to undesired behaviour if not using the default Physics Model
SimNLL created with 4 channels, 0 generic constraints, 245 fast gaussian constraints, 0 fast poisson constraints, 0 fast group constraints, 
SimNLL created with 4 channels, 0 generic constraints, 245 fast gaussian constraints, 0 fast poisson constraints, 0 fast group constraints, 
SimNLL created with 4 channels, 0 generic constraints, 245 fast gaussian constraints, 0 fast poisson constraints, 0 fast group constraints, 
SimNLL created with 4 channels, 0 generic constraints, 245 fast gaussian constraints, 0 fast poisson constraints, 0 fast group constraints, 

 --- MultiDimFit ---
Parameter impacts: 

 --- MultiDimFit ---
Parameter impacts: 
  Parameter                                  :   Best-fit               r            
  CMS_btag_fixedWP_comb_bc_uncorrelated_2017 :   +0.000  -0.993/+0.993  +0.024/-0.024
Done in 0.84 min (cpu), 0.85 min (real)
 <<< Combine >>> 
   Options for Robust Minimizer :: 
        Tolerance  0.1
        Strategy   0
        Type,Algo  Minuit2,Migrad
>>> method used is MultiDimFit
>>> random number generator seed is 123456
  Parameter             :   Best-fit               r            
  CMS_TOP24017_norm_ttW :   +0.000  -0.994/+0.994  +0.003/-0.004
Done in 0.85 min (cpu), 0.86 min (real)
 <<< Combine >>> 
   Options for Robust Minimizer :: 
        Tolerance  0.1
        Strategy   0
        Type,Algo  Minuit2,Migrad
>>> method used is MultiDimFit
>>> random number generator seed is 123456
Warning! -- You haven't picked default values for the Parameters of Interest (either with --expectSignal or --setParameters) for generating toys. Combine will use the 'B-only' ModelConfig to generate, which may lead to undesired behaviour if not using the default Physics Model
SimNLL created with 4 channels, 0 generic constraints, 245 fast gaussian constraints, 0 fast poisson constraints, 0 fast group constraints, 

 --- MultiDimFit ---
Parameter impacts: 
Warning! -- You haven't picked default values for the Parameters of Interest (either with --expectSignal or --setParameters) for generating toys. Combine will use the 'B-only' ModelConfig to generate, which may lead to undesired behaviour if not using the default Physics Model
SimNLL created with 4 channels, 0 generic constraints, 245 fast gaussian constraints, 0 fast poisson constraints, 0 fast group constraints, 

 --- MultiDimFit ---
Parameter impacts: 

 --- MultiDimFit ---
Parameter impacts: 

 --- MultiDimFit ---
Parameter impacts: 

 --- MultiDimFit ---
Parameter impacts: 

 --- MultiDimFit ---
Parameter impacts: 
  Parameter                                 :   Best-fit               r            
  CMS_TOP24017_eff_trigger_stats_2016preVFP :   +0.000  -0.981/+0.982  +0.035/-0.052
Done in 0.99 min (cpu), 1.00 min (real)
 <<< Combine >>> 
   Options for Robust Minimizer :: 
        Tolerance  0.1
        Strategy   0
        Type,Algo  Minuit2,Migrad
>>> method used is MultiDimFit
>>> random number generator seed is 123456
  Parameter                      :   Best-fit               r            
  CMS_eff_t_vsJet_stat1_dm0_2017 :   +0.000  -0.994/+0.994  -0.003/+0.003
Done in 0.97 min (cpu), 0.98 min (real)
 <<< Combine >>> 
   Options for Robust Minimizer :: 
        Tolerance  0.1
        Strategy   0
        Type,Algo  Minuit2,Migrad
>>> method used is MultiDimFit
>>> random number generator seed is 123456
  Parameter                      :   Best-fit               r            
  CMS_eff_t_vsJet_stat2_dm0_2017 :   +0.000  -0.994/+0.994  +0.004/-0.004
Done in 0.98 min (cpu), 0.99 min (real)
 <<< Combine >>> 
   Options for Robust Minimizer :: 
        Tolerance  0.1
        Strategy   0
        Type,Algo  Minuit2,Migrad
>>> method used is MultiDimFit
>>> random number generator seed is 123456
  Parameter           :   Best-fit               r            
  CMS_eff_e_reco_2017 :   +0.000  -0.994/+0.994  +0.003/-0.003
Done in 1.02 min (cpu), 1.03 min (real)
 <<< Combine >>> 
   Options for Robust Minimizer :: 
        Tolerance  0.1
        Strategy   0
        Type,Algo  Minuit2,Migrad
>>> method used is MultiDimFit
>>> random number generator seed is 123456
Warning! -- You haven't picked default values for the Parameters of Interest (either with --expectSignal or --setParameters) for generating toys. Combine will use the 'B-only' ModelConfig to generate, which may lead to undesired behaviour if not using the default Physics Model
Warning! -- You haven't picked default values for the Parameters of Interest (either with --expectSignal or --setParameters) for generating toys. Combine will use the 'B-only' ModelConfig to generate, which may lead to undesired behaviour if not using the default Physics Model
SimNLL created with 4 channels, 0 generic constraints, 245 fast gaussian constraints, 0 fast poisson constraints, 0 fast group constraints, 
  Parameter                                  :   Best-fit               r            
  CMS_TOP24017_ttttSS_eff_m_stat_2016postVFP :   +0.000  -0.994/+0.994  +0.000/-0.000
Done in 1.01 min (cpu), 1.02 min (real)
SimNLL created with 4 channels, 0 generic constraints, 245 fast gaussian constraints, 0 fast poisson constraints, 0 fast group constraints, 
 <<< Combine >>> 
   Options for Robust Minimizer :: 
        Tolerance  0.1
        Strategy   0
        Type,Algo  Minuit2,Migrad
>>> method used is MultiDimFit
>>> random number generator seed is 123456
  Parameter                       :   Best-fit               r            
  CMS_eff_t_vsJet_stat1_dm11_2017 :   +0.000  -0.994/+0.994  -0.001/+0.001
Done in 1.02 min (cpu), 1.02 min (real)
Warning! -- You haven't picked default values for the Parameters of Interest (either with --expectSignal or --setParameters) for generating toys. Combine will use the 'B-only' ModelConfig to generate, which may lead to undesired behaviour if not using the default Physics Model
SimNLL created with 4 channels, 0 generic constraints, 245 fast gaussian constraints, 0 fast poisson constraints, 0 fast group constraints, 
 <<< Combine >>> 
   Options for Robust Minimizer :: 
        Tolerance  0.1
        Strategy   0
        Type,Algo  Minuit2,Migrad
>>> method used is MultiDimFit
>>> random number generator seed is 123456
Warning! -- You haven't picked default values for the Parameters of Interest (either with --expectSignal or --setParameters) for generating toys. Combine will use the 'B-only' ModelConfig to generate, which may lead to undesired behaviour if not using the default Physics Model
SimNLL created with 4 channels, 0 generic constraints, 245 fast gaussian constraints, 0 fast poisson constraints, 0 fast group constraints, 
Warning! -- You haven't picked default values for the Parameters of Interest (either with --expectSignal or --setParameters) for generating toys. Combine will use the 'B-only' ModelConfig to generate, which may lead to undesired behaviour if not using the default Physics Model
SimNLL created with 4 channels, 0 generic constraints, 245 fast gaussian constraints, 0 fast poisson constraints, 0 fast group constraints, 
Warning! -- You haven't picked default values for the Parameters of Interest (either with --expectSignal or --setParameters) for generating toys. Combine will use the 'B-only' ModelConfig to generate, which may lead to undesired behaviour if not using the default Physics Model
SimNLL created with 4 channels, 0 generic constraints, 245 fast gaussian constraints, 0 fast poisson constraints, 0 fast group constraints, 

 --- MultiDimFit ---
Parameter impacts: 

 --- MultiDimFit ---
Parameter impacts: 

 --- MultiDimFit ---
Parameter impacts: 
  Parameter                                  :   Best-fit               r            
  CMS_btag_fixedWP_comb_bc_uncorrelated_2018 :   +0.000  -0.994/+0.994  +0.014/-0.014
Done in 0.86 min (cpu), 0.86 min (real)
 <<< Combine >>> 
   Options for Robust Minimizer :: 
        Tolerance  0.1
        Strategy   0
        Type,Algo  Minuit2,Migrad
>>> method used is MultiDimFit
>>> random number generator seed is 123456
Warning! -- You haven't picked default values for the Parameters of Interest (either with --expectSignal or --setParameters) for generating toys. Combine will use the 'B-only' ModelConfig to generate, which may lead to undesired behaviour if not using the default Physics Model
SimNLL created with 4 channels, 0 generic constraints, 245 fast gaussian constraints, 0 fast poisson constraints, 0 fast group constraints, 
  Parameter             :   Best-fit               r            
  CMS_TOP24017_norm_ttZ :   +0.000  -0.994/+0.994  +0.006/-0.007
Done in 0.88 min (cpu), 0.93 min (real)
 <<< Combine >>> 
   Options for Robust Minimizer :: 
        Tolerance  0.1
        Strategy   0
        Type,Algo  Minuit2,Migrad
>>> method used is MultiDimFit
>>> random number generator seed is 123456
  Parameter                           :   Best-fit               r            
  CMS_TOP24017_eff_trigger_stats_2017 :   +0.000  -0.978/+0.979  +0.059/-0.056
Done in 0.79 min (cpu), 0.83 min (real)
 <<< Combine >>> 
   Options for Robust Minimizer :: 
        Tolerance  0.1
        Strategy   0
        Type,Algo  Minuit2,Migrad
>>> method used is MultiDimFit
>>> random number generator seed is 123456
Warning! -- You haven't picked default values for the Parameters of Interest (either with --expectSignal or --setParameters) for generating toys. Combine will use the 'B-only' ModelConfig to generate, which may lead to undesired behaviour if not using the default Physics Model
Warning! -- You haven't picked default values for the Parameters of Interest (either with --expectSignal or --setParameters) for generating toys. Combine will use the 'B-only' ModelConfig to generate, which may lead to undesired behaviour if not using the default Physics Model
SimNLL created with 4 channels, 0 generic constraints, 245 fast gaussian constraints, 0 fast poisson constraints, 0 fast group constraints, 
SimNLL created with 4 channels, 0 generic constraints, 245 fast gaussian constraints, 0 fast poisson constraints, 0 fast group constraints, 

 --- MultiDimFit ---
Parameter impacts: 

 --- MultiDimFit ---
Parameter impacts: 

 --- MultiDimFit ---
Parameter impacts: 

 --- MultiDimFit ---
Parameter impacts: 
  Parameter                      :   Best-fit               r            
  CMS_eff_t_vsJet_stat1_dm0_2018 :   +0.000  -0.994/+0.994  -0.003/+0.003
Done in 1.04 min (cpu), 1.08 min (real)
 <<< Combine >>> 
   Options for Robust Minimizer :: 
        Tolerance  0.1
        Strategy   0
        Type,Algo  Minuit2,Migrad
>>> method used is MultiDimFit
>>> random number generator seed is 123456

 --- MultiDimFit ---
Parameter impacts: 
  Parameter                      :   Best-fit               r            
  CMS_eff_t_vsJet_stat2_dm0_2018 :   +0.000  -0.994/+0.994  +0.006/-0.006
Done in 1.04 min (cpu), 1.09 min (real)
 <<< Combine >>> 
   Options for Robust Minimizer :: 
        Tolerance  0.1
        Strategy   0
        Type,Algo  Minuit2,Migrad
>>> method used is MultiDimFit
>>> random number generator seed is 123456
  Parameter           :   Best-fit               r            
  CMS_eff_e_reco_2018 :   +0.000  -0.994/+0.994  +0.005/-0.005
Done in 1.03 min (cpu), 1.08 min (real)
  Parameter                                 :   Best-fit               r            
  CMS_TOP24017_ttttSS_eff_m_stat_2016preVFP :   +0.000  -0.994/+0.994  -0.000/+0.000
Done in 1.03 min (cpu), 1.07 min (real)
 <<< Combine >>> 
   Options for Robust Minimizer :: 
        Tolerance  0.1
        Strategy   0
        Type,Algo  Minuit2,Migrad
>>> method used is MultiDimFit
>>> random number generator seed is 123456
 <<< Combine >>> 
   Options for Robust Minimizer :: 
        Tolerance  0.1
        Strategy   0
        Type,Algo  Minuit2,Migrad
>>> method used is MultiDimFit
>>> random number generator seed is 123456
Warning! -- You haven't picked default values for the Parameters of Interest (either with --expectSignal or --setParameters) for generating toys. Combine will use the 'B-only' ModelConfig to generate, which may lead to undesired behaviour if not using the default Physics Model
SimNLL created with 4 channels, 0 generic constraints, 245 fast gaussian constraints, 0 fast poisson constraints, 0 fast group constraints, 
Warning! -- You haven't picked default values for the Parameters of Interest (either with --expectSignal or --setParameters) for generating toys. Combine will use the 'B-only' ModelConfig to generate, which may lead to undesired behaviour if not using the default Physics Model
SimNLL created with 4 channels, 0 generic constraints, 245 fast gaussian constraints, 0 fast poisson constraints, 0 fast group constraints, 
  Parameter                       :   Best-fit               r            
  CMS_eff_t_vsJet_stat1_dm11_2018 :   +0.000  -0.994/+0.994  -0.004/+0.004
Done in 1.05 min (cpu), 1.10 min (real)
 <<< Combine >>> 
   Options for Robust Minimizer :: 
        Tolerance  0.1
        Strategy   0
        Type,Algo  Minuit2,Migrad
>>> method used is MultiDimFit
>>> random number generator seed is 123456
Warning! -- You haven't picked default values for the Parameters of Interest (either with --expectSignal or --setParameters) for generating toys. Combine will use the 'B-only' ModelConfig to generate, which may lead to undesired behaviour if not using the default Physics Model
Warning! -- You haven't picked default values for the Parameters of Interest (either with --expectSignal or --setParameters) for generating toys. Combine will use the 'B-only' ModelConfig to generate, which may lead to undesired behaviour if not using the default Physics Model
SimNLL created with 4 channels, 0 generic constraints, 245 fast gaussian constraints, 0 fast poisson constraints, 0 fast group constraints, 
SimNLL created with 4 channels, 0 generic constraints, 245 fast gaussian constraints, 0 fast poisson constraints, 0 fast group constraints, 
Warning! -- You haven't picked default values for the Parameters of Interest (either with --expectSignal or --setParameters) for generating toys. Combine will use the 'B-only' ModelConfig to generate, which may lead to undesired behaviour if not using the default Physics Model
SimNLL created with 4 channels, 0 generic constraints, 245 fast gaussian constraints, 0 fast poisson constraints, 0 fast group constraints, 

 --- MultiDimFit ---
Parameter impacts: 

 --- MultiDimFit ---
Parameter impacts: 

 --- MultiDimFit ---
Parameter impacts: 
  Parameter              :   Best-fit               r            
  CMS_TOP24017_norm_tttt :   +0.000  -0.994/+0.994  +0.099/-0.090
Done in 0.88 min (cpu), 0.88 min (real)
 <<< Combine >>> 
   Options for Robust Minimizer :: 
        Tolerance  0.1
        Strategy   0
        Type,Algo  Minuit2,Migrad
>>> method used is MultiDimFit
>>> random number generator seed is 123456
  Parameter                              :   Best-fit               r            
  CMS_btag_fixedWP_incl_light_correlated :   +0.000  -0.979/+0.979  +0.035/-0.031
Done in 0.96 min (cpu), 0.96 min (real)
 <<< Combine >>> 
   Options for Robust Minimizer :: 
        Tolerance  0.1
        Strategy   0
        Type,Algo  Minuit2,Migrad
>>> method used is MultiDimFit
>>> random number generator seed is 123456
  Parameter                           :   Best-fit               r            
  CMS_TOP24017_eff_trigger_stats_2018 :   +0.000  -0.981/+0.981  +0.067/-0.062
Done in 0.90 min (cpu), 0.90 min (real)
 <<< Combine >>> 
   Options for Robust Minimizer :: 
        Tolerance  0.1
        Strategy   0
        Type,Algo  Minuit2,Migrad
>>> method used is MultiDimFit
>>> random number generator seed is 123456
Warning! -- You haven't picked default values for the Parameters of Interest (either with --expectSignal or --setParameters) for generating toys. Combine will use the 'B-only' ModelConfig to generate, which may lead to undesired behaviour if not using the default Physics Model
SimNLL created with 4 channels, 0 generic constraints, 245 fast gaussian constraints, 0 fast poisson constraints, 0 fast group constraints, 
Warning! -- You haven't picked default values for the Parameters of Interest (either with --expectSignal or --setParameters) for generating toys. Combine will use the 'B-only' ModelConfig to generate, which may lead to undesired behaviour if not using the default Physics Model
SimNLL created with 4 channels, 0 generic constraints, 245 fast gaussian constraints, 0 fast poisson constraints, 0 fast group constraints, 
Warning! -- You haven't picked default values for the Parameters of Interest (either with --expectSignal or --setParameters) for generating toys. Combine will use the 'B-only' ModelConfig to generate, which may lead to undesired behaviour if not using the default Physics Model
SimNLL created with 4 channels, 0 generic constraints, 245 fast gaussian constraints, 0 fast poisson constraints, 0 fast group constraints, 

 --- MultiDimFit ---
Parameter impacts: 

 --- MultiDimFit ---
Parameter impacts: 

 --- MultiDimFit ---
Parameter impacts: 
  Parameter                              :   Best-fit               r            
  CMS_eff_t_vsJet_stat1_dm10_2016postVFP :   +0.000  -0.994/+0.994  -0.001/+0.001
Done in 0.98 min (cpu), 0.98 min (real)
 <<< Combine >>> 
   Options for Robust Minimizer :: 
        Tolerance  0.1
        Strategy   0
        Type,Algo  Minuit2,Migrad
>>> method used is MultiDimFit
>>> random number generator seed is 123456

 --- MultiDimFit ---
Parameter impacts: 
  Parameter                           :   Best-fit               r            
  CMS_TOP24017_ttttSS_eff_m_stat_2017 :   +0.000  -0.994/+0.994  +0.000/-0.000
Done in 0.98 min (cpu), 0.99 min (real)

 --- MultiDimFit ---
Parameter impacts: 
 <<< Combine >>> 
   Options for Robust Minimizer :: 
        Tolerance  0.1
        Strategy   0
        Type,Algo  Minuit2,Migrad
>>> method used is MultiDimFit
>>> random number generator seed is 123456
Warning! -- You haven't picked default values for the Parameters of Interest (either with --expectSignal or --setParameters) for generating toys. Combine will use the 'B-only' ModelConfig to generate, which may lead to undesired behaviour if not using the default Physics Model
SimNLL created with 4 channels, 0 generic constraints, 245 fast gaussian constraints, 0 fast poisson constraints, 0 fast group constraints, 
  Parameter                              :   Best-fit               r            
  CMS_eff_t_vsJet_stat2_dm10_2016postVFP :   +0.000  -0.994/+0.994  +0.002/-0.002
Done in 1.02 min (cpu), 1.03 min (real)
 <<< Combine >>> 
   Options for Robust Minimizer :: 
        Tolerance  0.1
        Strategy   0
        Type,Algo  Minuit2,Migrad
>>> method used is MultiDimFit
>>> random number generator seed is 123456
  Parameter                   :   Best-fit               r            
  CMS_eff_t_vsEle_2016postVFP :   +0.000  -0.994/+0.994  +0.001/-0.001
Done in 1.02 min (cpu), 1.03 min (real)
 <<< Combine >>> 
   Options for Robust Minimizer :: 
        Tolerance  0.1
        Strategy   0
        Type,Algo  Minuit2,Migrad
>>> method used is MultiDimFit
>>> random number generator seed is 123456
Warning! -- You haven't picked default values for the Parameters of Interest (either with --expectSignal or --setParameters) for generating toys. Combine will use the 'B-only' ModelConfig to generate, which may lead to undesired behaviour if not using the default Physics Model
SimNLL created with 4 channels, 0 generic constraints, 245 fast gaussian constraints, 0 fast poisson constraints, 0 fast group constraints, 
  Parameter                             :   Best-fit               r            
  CMS_eff_t_vsJet_stat1_dm1_2016postVFP :   +0.000  -0.994/+0.994  -0.003/+0.003
Done in 1.01 min (cpu), 1.01 min (real)
 <<< Combine >>> 
   Options for Robust Minimizer :: 
        Tolerance  0.1
        Strategy   0
        Type,Algo  Minuit2,Migrad
>>> method used is MultiDimFit
>>> random number generator seed is 123456
Warning! -- You haven't picked default values for the Parameters of Interest (either with --expectSignal or --setParameters) for generating toys. Combine will use the 'B-only' ModelConfig to generate, which may lead to undesired behaviour if not using the default Physics Model
SimNLL created with 4 channels, 0 generic constraints, 245 fast gaussian constraints, 0 fast poisson constraints, 0 fast group constraints, 
Warning! -- You haven't picked default values for the Parameters of Interest (either with --expectSignal or --setParameters) for generating toys. Combine will use the 'B-only' ModelConfig to generate, which may lead to undesired behaviour if not using the default Physics Model
SimNLL created with 4 channels, 0 generic constraints, 245 fast gaussian constraints, 0 fast poisson constraints, 0 fast group constraints, 
Warning! -- You haven't picked default values for the Parameters of Interest (either with --expectSignal or --setParameters) for generating toys. Combine will use the 'B-only' ModelConfig to generate, which may lead to undesired behaviour if not using the default Physics Model
SimNLL created with 4 channels, 0 generic constraints, 245 fast gaussian constraints, 0 fast poisson constraints, 0 fast group constraints, 

 --- MultiDimFit ---
Parameter impacts: 

 --- MultiDimFit ---
Parameter impacts: 
  Parameter                                            :   Best-fit               r            
  CMS_btag_fixedWP_incl_light_uncorrelated_2016postVFP :   +0.000  -0.994/+0.994  +0.003/-0.004
Done in 0.86 min (cpu), 0.86 min (real)
 <<< Combine >>> 
   Options for Robust Minimizer :: 
        Tolerance  0.1
        Strategy   0
        Type,Algo  Minuit2,Migrad
>>> method used is MultiDimFit
>>> random number generator seed is 123456
  Parameter                          :   Best-fit               r            
  CMS_TOP24017_norm_fakeLepton_stats :   +0.000  -0.986/+0.983  +0.032/-0.036
Done in 0.90 min (cpu), 0.93 min (real)
Warning! -- You haven't picked default values for the Parameters of Interest (either with --expectSignal or --setParameters) for generating toys. Combine will use the 'B-only' ModelConfig to generate, which may lead to undesired behaviour if not using the default Physics Model
 <<< Combine >>> 
   Options for Robust Minimizer :: 
        Tolerance  0.1
        Strategy   0
        Type,Algo  Minuit2,Migrad
>>> method used is MultiDimFit
>>> random number generator seed is 123456
SimNLL created with 4 channels, 0 generic constraints, 245 fast gaussian constraints, 0 fast poisson constraints, 0 fast group constraints, 

 --- MultiDimFit ---
Parameter impacts: 
Warning! -- You haven't picked default values for the Parameters of Interest (either with --expectSignal or --setParameters) for generating toys. Combine will use the 'B-only' ModelConfig to generate, which may lead to undesired behaviour if not using the default Physics Model
SimNLL created with 4 channels, 0 generic constraints, 245 fast gaussian constraints, 0 fast poisson constraints, 0 fast group constraints, 
  Parameter                                  :   Best-fit               r            
  CMS_TOP24017_ttttSS_eff_e_stat_2016postVFP :   +0.000  -0.994/+0.994  +0.001/-0.001
Done in 1.00 min (cpu), 1.03 min (real)
 <<< Combine >>> 
   Options for Robust Minimizer :: 
        Tolerance  0.1
        Strategy   0
        Type,Algo  Minuit2,Migrad
>>> method used is MultiDimFit
>>> random number generator seed is 123456
Warning! -- You haven't picked default values for the Parameters of Interest (either with --expectSignal or --setParameters) for generating toys. Combine will use the 'B-only' ModelConfig to generate, which may lead to undesired behaviour if not using the default Physics Model
SimNLL created with 4 channels, 0 generic constraints, 245 fast gaussian constraints, 0 fast poisson constraints, 0 fast group constraints, 

 --- MultiDimFit ---
Parameter impacts: 

 --- MultiDimFit ---
Parameter impacts: 

 --- MultiDimFit ---
Parameter impacts: 
  Parameter                             :   Best-fit               r            
  CMS_eff_t_vsJet_stat1_dm10_2016preVFP :   +0.000  -0.994/+0.994  -0.001/+0.001
Done in 1.00 min (cpu), 1.04 min (real)
 <<< Combine >>> 
   Options for Robust Minimizer :: 
        Tolerance  0.1
        Strategy   0
        Type,Algo  Minuit2,Migrad
>>> method used is MultiDimFit
>>> random number generator seed is 123456

 --- MultiDimFit ---
Parameter impacts: 
  Parameter                           :   Best-fit               r            
  CMS_TOP24017_ttttSS_eff_m_stat_2018 :   +0.000  -0.994/+0.994  +0.000/-0.000
Done in 0.99 min (cpu), 1.02 min (real)
 <<< Combine >>> 
   Options for Robust Minimizer :: 
        Tolerance  0.1
        Strategy   0
        Type,Algo  Minuit2,Migrad
>>> method used is MultiDimFit
>>> random number generator seed is 123456

 --- MultiDimFit ---
Parameter impacts: 
  Parameter                             :   Best-fit               r            
  CMS_eff_t_vsJet_stat2_dm10_2016preVFP :   +0.000  -0.994/+0.994  +0.002/-0.002
Done in 1.00 min (cpu), 1.03 min (real)
 <<< Combine >>> 
   Options for Robust Minimizer :: 
        Tolerance  0.1
        Strategy   0
        Type,Algo  Minuit2,Migrad
>>> method used is MultiDimFit
>>> random number generator seed is 123456
Warning! -- You haven't picked default values for the Parameters of Interest (either with --expectSignal or --setParameters) for generating toys. Combine will use the 'B-only' ModelConfig to generate, which may lead to undesired behaviour if not using the default Physics Model
Warning! -- You haven't picked default values for the Parameters of Interest (either with --expectSignal or --setParameters) for generating toys. Combine will use the 'B-only' ModelConfig to generate, which may lead to undesired behaviour if not using the default Physics Model
SimNLL created with 4 channels, 0 generic constraints, 245 fast gaussian constraints, 0 fast poisson constraints, 0 fast group constraints, 
SimNLL created with 4 channels, 0 generic constraints, 245 fast gaussian constraints, 0 fast poisson constraints, 0 fast group constraints, 
  Parameter                  :   Best-fit               r            
  CMS_eff_t_vsEle_2016preVFP :   +0.000  -0.994/+0.994  +0.001/-0.001
Done in 1.01 min (cpu), 1.04 min (real)
 <<< Combine >>> 
   Options for Robust Minimizer :: 
        Tolerance  0.1
        Strategy   0
        Type,Algo  Minuit2,Migrad
>>> method used is MultiDimFit
>>> random number generator seed is 123456
Warning! -- You haven't picked default values for the Parameters of Interest (either with --expectSignal or --setParameters) for generating toys. Combine will use the 'B-only' ModelConfig to generate, which may lead to undesired behaviour if not using the default Physics Model
SimNLL created with 4 channels, 0 generic constraints, 245 fast gaussian constraints, 0 fast poisson constraints, 0 fast group constraints, 
  Parameter                            :   Best-fit               r            
  CMS_eff_t_vsJet_stat1_dm1_2016preVFP :   +0.000  -0.994/+0.994  -0.002/+0.002
Done in 1.02 min (cpu), 1.05 min (real)
 <<< Combine >>> 
   Options for Robust Minimizer :: 
        Tolerance  0.1
        Strategy   0
        Type,Algo  Minuit2,Migrad
>>> method used is MultiDimFit
>>> random number generator seed is 123456
Warning! -- You haven't picked default values for the Parameters of Interest (either with --expectSignal or --setParameters) for generating toys. Combine will use the 'B-only' ModelConfig to generate, which may lead to undesired behaviour if not using the default Physics Model
SimNLL created with 4 channels, 0 generic constraints, 245 fast gaussian constraints, 0 fast poisson constraints, 0 fast group constraints, 
Warning! -- You haven't picked default values for the Parameters of Interest (either with --expectSignal or --setParameters) for generating toys. Combine will use the 'B-only' ModelConfig to generate, which may lead to undesired behaviour if not using the default Physics Model
SimNLL created with 4 channels, 0 generic constraints, 245 fast gaussian constraints, 0 fast poisson constraints, 0 fast group constraints, 

 --- MultiDimFit ---
Parameter impacts: 
  Parameter                                           :   Best-fit               r            
  CMS_btag_fixedWP_incl_light_uncorrelated_2016preVFP :   +0.000  -0.993/+0.993  +0.006/-0.006
Done in 0.82 min (cpu), 0.82 min (real)
 <<< Combine >>> 
   Options for Robust Minimizer :: 
        Tolerance  0.1
        Strategy   0
        Type,Algo  Minuit2,Migrad
>>> method used is MultiDimFit
>>> random number generator seed is 123456
Warning! -- You haven't picked default values for the Parameters of Interest (either with --expectSignal or --setParameters) for generating toys. Combine will use the 'B-only' ModelConfig to generate, which may lead to undesired behaviour if not using the default Physics Model
SimNLL created with 4 channels, 0 generic constraints, 245 fast gaussian constraints, 0 fast poisson constraints, 0 fast group constraints, 

 --- MultiDimFit ---
Parameter impacts: 
  Parameter                        :   Best-fit               r            
  CMS_TOP24017_norm_fakeLepton_sys :   +0.000  -0.986/+0.983  +0.032/-0.036
Done in 0.92 min (cpu), 0.92 min (real)
 <<< Combine >>> 
   Options for Robust Minimizer :: 
        Tolerance  0.1
        Strategy   0
        Type,Algo  Minuit2,Migrad
>>> method used is MultiDimFit
>>> random number generator seed is 123456
Warning! -- You haven't picked default values for the Parameters of Interest (either with --expectSignal or --setParameters) for generating toys. Combine will use the 'B-only' ModelConfig to generate, which may lead to undesired behaviour if not using the default Physics Model
SimNLL created with 4 channels, 0 generic constraints, 245 fast gaussian constraints, 0 fast poisson constraints, 0 fast group constraints, 

 --- MultiDimFit ---
Parameter impacts: 
  Parameter                                 :   Best-fit               r            
  CMS_TOP24017_ttttSS_eff_e_stat_2016preVFP :   +0.000  -0.994/+0.994  +0.001/-0.001
Done in 0.99 min (cpu), 1.00 min (real)
 <<< Combine >>> 
   Options for Robust Minimizer :: 
        Tolerance  0.1
        Strategy   0
        Type,Algo  Minuit2,Migrad
>>> method used is MultiDimFit
>>> random number generator seed is 123456
Warning! -- You haven't picked default values for the Parameters of Interest (either with --expectSignal or --setParameters) for generating toys. Combine will use the 'B-only' ModelConfig to generate, which may lead to undesired behaviour if not using the default Physics Model
SimNLL created with 4 channels, 0 generic constraints, 245 fast gaussian constraints, 0 fast poisson constraints, 0 fast group constraints, 

 --- MultiDimFit ---
Parameter impacts: 

 --- MultiDimFit ---
Parameter impacts: 

 --- MultiDimFit ---
Parameter impacts: 

 --- MultiDimFit ---
Parameter impacts: 
  Parameter                      :   Best-fit               r            
  CMS_TOP24017_ttttSS_eff_m_syst :   +0.000  -0.994/+0.994  +0.000/-0.000
Done in 0.99 min (cpu), 1.00 min (real)
 <<< Combine >>> 
   Options for Robust Minimizer :: 
        Tolerance  0.1
        Strategy   0
        Type,Algo  Minuit2,Migrad
>>> method used is MultiDimFit
>>> random number generator seed is 123456

 --- MultiDimFit ---
Parameter impacts: 
  Parameter                       :   Best-fit               r            
  CMS_eff_t_vsJet_stat1_dm10_2017 :   +0.000  -0.994/+0.994  -0.002/+0.002
Done in 1.01 min (cpu), 1.02 min (real)
 <<< Combine >>> 
   Options for Robust Minimizer :: 
        Tolerance  0.1
        Strategy   0
        Type,Algo  Minuit2,Migrad
>>> method used is MultiDimFit
>>> random number generator seed is 123456
  Parameter                       :   Best-fit               r            
  CMS_eff_t_vsJet_stat2_dm10_2017 :   +0.000  -0.994/+0.994  +0.003/-0.003
Done in 1.01 min (cpu), 1.02 min (real)
 <<< Combine >>> 
   Options for Robust Minimizer :: 
        Tolerance  0.1
        Strategy   0
        Type,Algo  Minuit2,Migrad
>>> method used is MultiDimFit
>>> random number generator seed is 123456
  Parameter            :   Best-fit               r            
  CMS_eff_t_vsEle_2017 :   +0.000  -0.994/+0.994  +0.003/-0.003
Done in 0.99 min (cpu), 1.00 min (real)
Warning! -- You haven't picked default values for the Parameters of Interest (either with --expectSignal or --setParameters) for generating toys. Combine will use the 'B-only' ModelConfig to generate, which may lead to undesired behaviour if not using the default Physics Model
 <<< Combine >>> 
   Options for Robust Minimizer :: 
        Tolerance  0.1
        Strategy   0
        Type,Algo  Minuit2,Migrad
>>> method used is MultiDimFit
>>> random number generator seed is 123456
SimNLL created with 4 channels, 0 generic constraints, 245 fast gaussian constraints, 0 fast poisson constraints, 0 fast group constraints, 
Warning! -- You haven't picked default values for the Parameters of Interest (either with --expectSignal or --setParameters) for generating toys. Combine will use the 'B-only' ModelConfig to generate, which may lead to undesired behaviour if not using the default Physics Model
SimNLL created with 4 channels, 0 generic constraints, 245 fast gaussian constraints, 0 fast poisson constraints, 0 fast group constraints, 
  Parameter                      :   Best-fit               r            
  CMS_eff_t_vsJet_stat1_dm1_2017 :   +0.000  -0.994/+0.994  -0.005/+0.005
Done in 0.98 min (cpu), 0.99 min (real)
 <<< Combine >>> 
   Options for Robust Minimizer :: 
        Tolerance  0.1
        Strategy   0
        Type,Algo  Minuit2,Migrad
>>> method used is MultiDimFit
>>> random number generator seed is 123456
Warning! -- You haven't picked default values for the Parameters of Interest (either with --expectSignal or --setParameters) for generating toys. Combine will use the 'B-only' ModelConfig to generate, which may lead to undesired behaviour if not using the default Physics Model
SimNLL created with 4 channels, 0 generic constraints, 245 fast gaussian constraints, 0 fast poisson constraints, 0 fast group constraints, 
Warning! -- You haven't picked default values for the Parameters of Interest (either with --expectSignal or --setParameters) for generating toys. Combine will use the 'B-only' ModelConfig to generate, which may lead to undesired behaviour if not using the default Physics Model
SimNLL created with 4 channels, 0 generic constraints, 245 fast gaussian constraints, 0 fast poisson constraints, 0 fast group constraints, 
Warning! -- You haven't picked default values for the Parameters of Interest (either with --expectSignal or --setParameters) for generating toys. Combine will use the 'B-only' ModelConfig to generate, which may lead to undesired behaviour if not using the default Physics Model
SimNLL created with 4 channels, 0 generic constraints, 245 fast gaussian constraints, 0 fast poisson constraints, 0 fast group constraints, 

 --- MultiDimFit ---
Parameter impacts: 

 --- MultiDimFit ---
Parameter impacts: 
  Parameter                                     :   Best-fit               r            
  CMS_btag_fixedWP_incl_light_uncorrelated_2017 :   +0.000  -0.994/+0.994  +0.004/-0.004
Done in 0.87 min (cpu), 0.89 min (real)
 <<< Combine >>> 
   Options for Robust Minimizer :: 
        Tolerance  0.1
        Strategy   0
        Type,Algo  Minuit2,Migrad
>>> method used is MultiDimFit
>>> random number generator seed is 123456
  Parameter                   :   Best-fit               r            
  CMS_TOP24017_norm_singleTop :   +0.000  -0.993/+0.994  +0.006/-0.002
Done in 0.77 min (cpu), 0.79 min (real)
Warning! -- You haven't picked default values for the Parameters of Interest (either with --expectSignal or --setParameters) for generating toys. Combine will use the 'B-only' ModelConfig to generate, which may lead to undesired behaviour if not using the default Physics Model
 <<< Combine >>> 
   Options for Robust Minimizer :: 
        Tolerance  0.1
        Strategy   0
        Type,Algo  Minuit2,Migrad
>>> method used is MultiDimFit
>>> random number generator seed is 123456
SimNLL created with 4 channels, 0 generic constraints, 245 fast gaussian constraints, 0 fast poisson constraints, 0 fast group constraints, 
Warning! -- You haven't picked default values for the Parameters of Interest (either with --expectSignal or --setParameters) for generating toys. Combine will use the 'B-only' ModelConfig to generate, which may lead to undesired behaviour if not using the default Physics Model
SimNLL created with 4 channels, 0 generic constraints, 245 fast gaussian constraints, 0 fast poisson constraints, 0 fast group constraints, 

 --- MultiDimFit ---
Parameter impacts: 
  Parameter                           :   Best-fit               r            
  CMS_TOP24017_ttttSS_eff_e_stat_2017 :   +0.000  -0.994/+0.994  +0.001/-0.001
Done in 0.99 min (cpu), 1.02 min (real)
 <<< Combine >>> 
   Options for Robust Minimizer :: 
        Tolerance  0.1
        Strategy   0
        Type,Algo  Minuit2,Migrad
>>> method used is MultiDimFit
>>> random number generator seed is 123456
Warning! -- You haven't picked default values for the Parameters of Interest (either with --expectSignal or --setParameters) for generating toys. Combine will use the 'B-only' ModelConfig to generate, which may lead to undesired behaviour if not using the default Physics Model
SimNLL created with 4 channels, 0 generic constraints, 245 fast gaussian constraints, 0 fast poisson constraints, 0 fast group constraints, 

 --- MultiDimFit ---
Parameter impacts: 

 --- MultiDimFit ---
Parameter impacts: 

 --- MultiDimFit ---
Parameter impacts: 

 --- MultiDimFit ---
Parameter impacts: 
  Parameter            :   Best-fit               r            
  CMS_eff_t_vsEle_2018 :   +0.000  -0.994/+0.994  +0.003/-0.003
Done in 0.95 min (cpu), 0.98 min (real)
  Parameter                           :   Best-fit               r            
  CMS_btag_fixedWP_comb_bc_correlated :   +0.000  -0.994/+0.994  +0.009/-0.007
Done in 0.99 min (cpu), 1.02 min (real)
 <<< Combine >>> 
   Options for Robust Minimizer :: 
        Tolerance  0.1
        Strategy   0
        Type,Algo  Minuit2,Migrad
>>> method used is MultiDimFit
>>> random number generator seed is 123456
 <<< Combine >>> 
   Options for Robust Minimizer :: 
        Tolerance  0.1
        Strategy   0
        Type,Algo  Minuit2,Migrad
>>> method used is MultiDimFit
>>> random number generator seed is 123456
  Parameter                       :   Best-fit               r            
  CMS_eff_t_vsJet_stat1_dm10_2018 :   +0.000  -0.994/+0.994  -0.002/+0.002
Done in 1.01 min (cpu), 1.03 min (real)

 --- MultiDimFit ---
Parameter impacts: 
 <<< Combine >>> 
   Options for Robust Minimizer :: 
        Tolerance  0.1
        Strategy   0
        Type,Algo  Minuit2,Migrad
>>> method used is MultiDimFit
>>> random number generator seed is 123456

 --- MultiDimFit ---
Parameter impacts: 

 --- MultiDimFit ---
Parameter impacts: 
  Parameter                       :   Best-fit               r            
  CMS_eff_t_vsJet_stat2_dm10_2018 :   +0.000  -0.994/+0.994  +0.004/-0.004
Done in 1.00 min (cpu), 1.03 min (real)
 <<< Combine >>> 
   Options for Robust Minimizer :: 
        Tolerance  0.1
        Strategy   0
        Type,Algo  Minuit2,Migrad
>>> method used is MultiDimFit
>>> random number generator seed is 123456
Warning! -- You haven't picked default values for the Parameters of Interest (either with --expectSignal or --setParameters) for generating toys. Combine will use the 'B-only' ModelConfig to generate, which may lead to undesired behaviour if not using the default Physics Model
Warning! -- You haven't picked default values for the Parameters of Interest (either with --expectSignal or --setParameters) for generating toys. Combine will use the 'B-only' ModelConfig to generate, which may lead to undesired behaviour if not using the default Physics Model
SimNLL created with 4 channels, 0 generic constraints, 245 fast gaussian constraints, 0 fast poisson constraints, 0 fast group constraints, 
SimNLL created with 4 channels, 0 generic constraints, 245 fast gaussian constraints, 0 fast poisson constraints, 0 fast group constraints, 
Warning! -- You haven't picked default values for the Parameters of Interest (either with --expectSignal or --setParameters) for generating toys. Combine will use the 'B-only' ModelConfig to generate, which may lead to undesired behaviour if not using the default Physics Model
SimNLL created with 4 channels, 0 generic constraints, 245 fast gaussian constraints, 0 fast poisson constraints, 0 fast group constraints, 
  Parameter                      :   Best-fit               r            
  CMS_eff_t_vsJet_stat1_dm1_2018 :   +0.000  -0.994/+0.994  -0.004/+0.004
Done in 1.00 min (cpu), 1.01 min (real)
 <<< Combine >>> 
   Options for Robust Minimizer :: 
        Tolerance  0.1
        Strategy   0
        Type,Algo  Minuit2,Migrad
>>> method used is MultiDimFit
>>> random number generator seed is 123456
  Parameter            :   Best-fit               r            
  CMS_TOP24017_norm_tt :   +0.000  -0.981/+0.980  +0.145/-0.154
Done in 0.82 min (cpu), 0.82 min (real)
 <<< Combine >>> 
   Options for Robust Minimizer :: 
        Tolerance  0.1
        Strategy   0
        Type,Algo  Minuit2,Migrad
>>> method used is MultiDimFit
>>> random number generator seed is 123456
  Parameter                                     :   Best-fit               r            
  CMS_btag_fixedWP_incl_light_uncorrelated_2018 :   +0.000  -0.994/+0.994  +0.006/-0.006
Done in 0.87 min (cpu), 0.88 min (real)
Warning! -- You haven't picked default values for the Parameters of Interest (either with --expectSignal or --setParameters) for generating toys. Combine will use the 'B-only' ModelConfig to generate, which may lead to undesired behaviour if not using the default Physics Model
 <<< Combine >>> 
   Options for Robust Minimizer :: 
        Tolerance  0.1
        Strategy   0
        Type,Algo  Minuit2,Migrad
>>> method used is MultiDimFit
>>> random number generator seed is 123456
SimNLL created with 4 channels, 0 generic constraints, 245 fast gaussian constraints, 0 fast poisson constraints, 0 fast group constraints, 
Warning! -- You haven't picked default values for the Parameters of Interest (either with --expectSignal or --setParameters) for generating toys. Combine will use the 'B-only' ModelConfig to generate, which may lead to undesired behaviour if not using the default Physics Model
SimNLL created with 4 channels, 0 generic constraints, 245 fast gaussian constraints, 0 fast poisson constraints, 0 fast group constraints, 
Warning! -- You haven't picked default values for the Parameters of Interest (either with --expectSignal or --setParameters) for generating toys. Combine will use the 'B-only' ModelConfig to generate, which may lead to undesired behaviour if not using the default Physics Model
SimNLL created with 4 channels, 0 generic constraints, 245 fast gaussian constraints, 0 fast poisson constraints, 0 fast group constraints, 
Warning! -- You haven't picked default values for the Parameters of Interest (either with --expectSignal or --setParameters) for generating toys. Combine will use the 'B-only' ModelConfig to generate, which may lead to undesired behaviour if not using the default Physics Model
SimNLL created with 4 channels, 0 generic constraints, 245 fast gaussian constraints, 0 fast poisson constraints, 0 fast group constraints, 

 --- MultiDimFit ---
Parameter impacts: 
  Parameter                           :   Best-fit               r            
  CMS_TOP24017_ttttSS_eff_e_stat_2018 :   +0.000  -0.994/+0.994  +0.001/-0.001
Done in 1.03 min (cpu), 1.03 min (real)
 <<< Combine >>> 
   Options for Robust Minimizer :: 
        Tolerance  0.1
        Strategy   0
        Type,Algo  Minuit2,Migrad
>>> method used is MultiDimFit
>>> random number generator seed is 123456

 --- MultiDimFit ---
Parameter impacts: 
  Parameter                                         :   Best-fit               r            
  CMS_btag_fixedWP_comb_bc_uncorrelated_2016postVFP :   +0.000  -0.994/+0.994  +0.005/-0.005
Done in 0.86 min (cpu), 0.86 min (real)
 <<< Combine >>> 
   Options for Robust Minimizer :: 
        Tolerance  0.1
        Strategy   0
        Type,Algo  Minuit2,Migrad
>>> method used is MultiDimFit
>>> random number generator seed is 123456

 --- MultiDimFit ---
Parameter impacts: 

 --- MultiDimFit ---
Parameter impacts: 
  Parameter                             :   Best-fit               r            
  CMS_eff_t_vsJet_stat1_dm0_2016postVFP :   +0.000  -0.994/+0.994  -0.002/+0.002
Done in 0.98 min (cpu), 0.98 min (real)
 <<< Combine >>> 
   Options for Robust Minimizer :: 
        Tolerance  0.1
        Strategy   0
        Type,Algo  Minuit2,Migrad
>>> method used is MultiDimFit
>>> random number generator seed is 123456

 --- MultiDimFit ---
Parameter impacts: 

 --- MultiDimFit ---
Parameter impacts: 

 --- MultiDimFit ---
Parameter impacts: 
  Parameter                              :   Best-fit               r            
  CMS_eff_t_vsJet_stat1_dm11_2016postVFP :   +0.000  -0.994/+0.994  -0.001/+0.001
Done in 1.01 min (cpu), 1.02 min (real)
 <<< Combine >>> 
   Options for Robust Minimizer :: 
        Tolerance  0.1
        Strategy   0
        Type,Algo  Minuit2,Migrad
>>> method used is MultiDimFit
>>> random number generator seed is 123456

 --- MultiDimFit ---
Parameter impacts: 
  Parameter                             :   Best-fit               r            
  CMS_eff_t_vsJet_stat2_dm0_2016postVFP :   +0.000  -0.994/+0.994  +0.003/-0.003
Done in 0.98 min (cpu), 0.99 min (real)
 <<< Combine >>> 
   Options for Robust Minimizer :: 
        Tolerance  0.1
        Strategy   0
        Type,Algo  Minuit2,Migrad
>>> method used is MultiDimFit
>>> random number generator seed is 123456
  Parameter                       :   Best-fit               r            
  CMS_eff_t_vsJet_syst_2016preVFP :   +0.000  -0.994/+0.994  -0.000/-0.000
Done in 0.97 min (cpu), 0.97 min (real)
 <<< Combine >>> 
   Options for Robust Minimizer :: 
        Tolerance  0.1
        Strategy   0
        Type,Algo  Minuit2,Migrad
>>> method used is MultiDimFit
>>> random number generator seed is 123456
  Parameter                              :   Best-fit               r            
  CMS_eff_t_vsJet_stat2_dm11_2016postVFP :   +0.000  -0.994/+0.994  +0.001/-0.001
Done in 1.02 min (cpu), 1.03 min (real)
 <<< Combine >>> 
   Options for Robust Minimizer :: 
        Tolerance  0.1
        Strategy   0
        Type,Algo  Minuit2,Migrad
>>> method used is MultiDimFit
>>> random number generator seed is 123456
Warning! -- You haven't picked default values for the Parameters of Interest (either with --expectSignal or --setParameters) for generating toys. Combine will use the 'B-only' ModelConfig to generate, which may lead to undesired behaviour if not using the default Physics Model
Warning! -- You haven't picked default values for the Parameters of Interest (either with --expectSignal or --setParameters) for generating toys. Combine will use the 'B-only' ModelConfig to generate, which may lead to undesired behaviour if not using the default Physics Model
Warning! -- You haven't picked default values for the Parameters of Interest (either with --expectSignal or --setParameters) for generating toys. Combine will use the 'B-only' ModelConfig to generate, which may lead to undesired behaviour if not using the default Physics Model
Warning! -- You haven't picked default values for the Parameters of Interest (either with --expectSignal or --setParameters) for generating toys. Combine will use the 'B-only' ModelConfig to generate, which may lead to undesired behaviour if not using the default Physics Model
Warning! -- You haven't picked default values for the Parameters of Interest (either with --expectSignal or --setParameters) for generating toys. Combine will use the 'B-only' ModelConfig to generate, which may lead to undesired behaviour if not using the default Physics Model
SimNLL created with 4 channels, 0 generic constraints, 245 fast gaussian constraints, 0 fast poisson constraints, 0 fast group constraints, 
SimNLL created with 4 channels, 0 generic constraints, 245 fast gaussian constraints, 0 fast poisson constraints, 0 fast group constraints, 
SimNLL created with 4 channels, 0 generic constraints, 245 fast gaussian constraints, 0 fast poisson constraints, 0 fast group constraints, 
SimNLL created with 4 channels, 0 generic constraints, 245 fast gaussian constraints, 0 fast poisson constraints, 0 fast group constraints, 
SimNLL created with 4 channels, 0 generic constraints, 245 fast gaussian constraints, 0 fast poisson constraints, 0 fast group constraints, 
Warning! -- You haven't picked default values for the Parameters of Interest (either with --expectSignal or --setParameters) for generating toys. Combine will use the 'B-only' ModelConfig to generate, which may lead to undesired behaviour if not using the default Physics Model
SimNLL created with 4 channels, 0 generic constraints, 245 fast gaussian constraints, 0 fast poisson constraints, 0 fast group constraints, 
  Parameter                             :   Best-fit               r            
  CMS_eff_t_vsJet_stat2_dm11_2016preVFP :   +0.000  -0.994/+0.994  +0.001/-0.001
Done in 1.02 min (cpu), 1.03 min (real)
 <<< Combine >>> 
   Options for Robust Minimizer :: 
        Tolerance  0.1
        Strategy   0
        Type,Algo  Minuit2,Migrad
>>> method used is MultiDimFit
>>> random number generator seed is 123456
Warning! -- You haven't picked default values for the Parameters of Interest (either with --expectSignal or --setParameters) for generating toys. Combine will use the 'B-only' ModelConfig to generate, which may lead to undesired behaviour if not using the default Physics Model
SimNLL created with 4 channels, 0 generic constraints, 245 fast gaussian constraints, 0 fast poisson constraints, 0 fast group constraints, 
Warning! -- You haven't picked default values for the Parameters of Interest (either with --expectSignal or --setParameters) for generating toys. Combine will use the 'B-only' ModelConfig to generate, which may lead to undesired behaviour if not using the default Physics Model
SimNLL created with 4 channels, 0 generic constraints, 245 fast gaussian constraints, 0 fast poisson constraints, 0 fast group constraints, 

 --- MultiDimFit ---
Parameter impacts: 
  Parameter                   :   Best-fit               r            
  CMS_scale_j_FlavorPureCharm :   +0.000  -0.988/+0.989  -0.096/+0.071
Done in 0.74 min (cpu), 0.74 min (real)
 <<< Combine >>> 
   Options for Robust Minimizer :: 
        Tolerance  0.1
        Strategy   0
        Type,Algo  Minuit2,Migrad
>>> method used is MultiDimFit
>>> random number generator seed is 123456
Warning! -- You haven't picked default values for the Parameters of Interest (either with --expectSignal or --setParameters) for generating toys. Combine will use the 'B-only' ModelConfig to generate, which may lead to undesired behaviour if not using the default Physics Model
SimNLL created with 4 channels, 0 generic constraints, 245 fast gaussian constraints, 0 fast poisson constraints, 0 fast group constraints, 

 --- MultiDimFit ---
Parameter impacts: 

 --- MultiDimFit ---
Parameter impacts: 
  Parameter              :   Best-fit               r            
  CMS_fake_t_2016postVFP :   +0.000  -0.954/+0.957  +0.027/-0.029
Done in 0.88 min (cpu), 0.89 min (real)
 <<< Combine >>> 
   Options for Robust Minimizer :: 
        Tolerance  0.1
        Strategy   0
        Type,Algo  Minuit2,Migrad
>>> method used is MultiDimFit
>>> random number generator seed is 123456

 --- MultiDimFit ---
Parameter impacts: 

 --- MultiDimFit ---
Parameter impacts: 
  Parameter                 :   Best-fit               r            
  CMS_eff_t_vsJet_syst_2017 :   +0.000  -0.994/+0.994  +0.009/-0.009
Done in 0.90 min (cpu), 0.91 min (real)
 <<< Combine >>> 
   Options for Robust Minimizer :: 
        Tolerance  0.1
        Strategy   0
        Type,Algo  Minuit2,Migrad
>>> method used is MultiDimFit
>>> random number generator seed is 123456
Warning! -- You haven't picked default values for the Parameters of Interest (either with --expectSignal or --setParameters) for generating toys. Combine will use the 'B-only' ModelConfig to generate, which may lead to undesired behaviour if not using the default Physics Model
SimNLL created with 4 channels, 0 generic constraints, 245 fast gaussian constraints, 0 fast poisson constraints, 0 fast group constraints, 

 --- MultiDimFit ---
Parameter impacts: 
Warning! -- You haven't picked default values for the Parameters of Interest (either with --expectSignal or --setParameters) for generating toys. Combine will use the 'B-only' ModelConfig to generate, which may lead to undesired behaviour if not using the default Physics Model
SimNLL created with 4 channels, 0 generic constraints, 245 fast gaussian constraints, 0 fast poisson constraints, 0 fast group constraints, 
  Parameter  :   Best-fit               r            
  CMS_pileup :   +0.000  -0.990/+0.990[WARNING] Minimisation finished with status 1 (covariance forced positive definite), this could indicate a problem with the minimim!
  -0.020/+0.040
Done in 0.95 min (cpu), 0.96 min (real)
 <<< Combine >>> 
   Options for Robust Minimizer :: 
        Tolerance  0.1
        Strategy   0
        Type,Algo  Minuit2,Migrad
>>> method used is MultiDimFit
>>> random number generator seed is 123456

 --- MultiDimFit ---
Parameter impacts: 
  Parameter                             :   Best-fit               r            
  CMS_eff_t_vsJet_syst_dm10_2016postVFP :   +0.000  -0.994/+0.994  -0.000/-0.000
Done in 0.96 min (cpu), 0.97 min (real)
 <<< Combine >>> 
   Options for Robust Minimizer :: 
        Tolerance  0.1
        Strategy   0
        Type,Algo  Minuit2,Migrad
>>> method used is MultiDimFit
>>> random number generator seed is 123456

 --- MultiDimFit ---
Parameter impacts: 
Warning! -- You haven't picked default values for the Parameters of Interest (either with --expectSignal or --setParameters) for generating toys. Combine will use the 'B-only' ModelConfig to generate, which may lead to undesired behaviour if not using the default Physics Model
SimNLL created with 4 channels, 0 generic constraints, 245 fast gaussian constraints, 0 fast poisson constraints, 0 fast group constraints, 
Warning! -- You haven't picked default values for the Parameters of Interest (either with --expectSignal or --setParameters) for generating toys. Combine will use the 'B-only' ModelConfig to generate, which may lead to undesired behaviour if not using the default Physics Model
SimNLL created with 4 channels, 0 generic constraints, 245 fast gaussian constraints, 0 fast poisson constraints, 0 fast group constraints, 
  Parameter        :   Best-fit               r            
  CMS_scale_e_2018 :   +0.000  -0.994/+0.994  +0.001/+0.000
Done in 1.01 min (cpu), 1.02 min (real)
 <<< Combine >>> 
   Options for Robust Minimizer :: 
        Tolerance  0.1
        Strategy   0
        Type,Algo  Minuit2,Migrad
>>> method used is MultiDimFit
>>> random number generator seed is 123456
  Parameter                            :   Best-fit               r            
  CMS_eff_t_vsJet_syst_dm1_2016postVFP :   +0.000  -0.994/+0.994  -0.000/-0.000
Done in 1.02 min (cpu), 1.03 min (real)
 <<< Combine >>> 
   Options for Robust Minimizer :: 
        Tolerance  0.1
        Strategy   0
        Type,Algo  Minuit2,Migrad
>>> method used is MultiDimFit
>>> random number generator seed is 123456
Warning! -- You haven't picked default values for the Parameters of Interest (either with --expectSignal or --setParameters) for generating toys. Combine will use the 'B-only' ModelConfig to generate, which may lead to undesired behaviour if not using the default Physics Model
SimNLL created with 4 channels, 0 generic constraints, 245 fast gaussian constraints, 0 fast poisson constraints, 0 fast group constraints, 
  Parameter                       :   Best-fit               r            
  CMS_eff_t_vsJet_stat2_dm11_2017 :   +0.000  -0.994/+0.994  +0.002/-0.002
Done in 1.01 min (cpu), 1.01 min (real)
 <<< Combine >>> 
   Options for Robust Minimizer :: 
        Tolerance  0.1
        Strategy   0
        Type,Algo  Minuit2,Migrad
>>> method used is MultiDimFit
>>> random number generator seed is 123456
Warning! -- You haven't picked default values for the Parameters of Interest (either with --expectSignal or --setParameters) for generating toys. Combine will use the 'B-only' ModelConfig to generate, which may lead to undesired behaviour if not using the default Physics Model
SimNLL created with 4 channels, 0 generic constraints, 245 fast gaussian constraints, 0 fast poisson constraints, 0 fast group constraints, 
Warning! -- You haven't picked default values for the Parameters of Interest (either with --expectSignal or --setParameters) for generating toys. Combine will use the 'B-only' ModelConfig to generate, which may lead to undesired behaviour if not using the default Physics Model
SimNLL created with 4 channels, 0 generic constraints, 245 fast gaussian constraints, 0 fast poisson constraints, 0 fast group constraints, 

 --- MultiDimFit ---
Parameter impacts: 

 --- MultiDimFit ---
Parameter impacts: 
  Parameter                   :   Best-fit               r            
  CMS_scale_j_FlavorPureGluon :   +0.000  -0.985/+0.984  +0.238/-0.225
Done in 0.95 min (cpu), 0.95 min (real)
 <<< Combine >>> 
   Options for Robust Minimizer :: 
        Tolerance  0.1
        Strategy   0
        Type,Algo  Minuit2,Migrad
>>> method used is MultiDimFit
>>> random number generator seed is 123456
Warning! -- You haven't picked default values for the Parameters of Interest (either with --expectSignal or --setParameters) for generating toys. Combine will use the 'B-only' ModelConfig to generate, which may lead to undesired behaviour if not using the default Physics Model
SimNLL created with 4 channels, 0 generic constraints, 245 fast gaussian constraints, 0 fast poisson constraints, 0 fast group constraints, 
  Parameter                 :   Best-fit               r            
  CMS_eff_t_vsJet_syst_2018 :   +0.000  -0.993/+0.994  +0.007/-0.010
Done in 0.86 min (cpu), 0.87 min (real)
 <<< Combine >>> 
   Options for Robust Minimizer :: 
        Tolerance  0.1
        Strategy   0
        Type,Algo  Minuit2,Migrad
>>> method used is MultiDimFit
>>> random number generator seed is 123456

 --- MultiDimFit ---
Parameter impacts: 
Warning! -- You haven't picked default values for the Parameters of Interest (either with --expectSignal or --setParameters) for generating toys. Combine will use the 'B-only' ModelConfig to generate, which may lead to undesired behaviour if not using the default Physics Model
SimNLL created with 4 channels, 0 generic constraints, 245 fast gaussian constraints, 0 fast poisson constraints, 0 fast group constraints, 

 --- MultiDimFit ---
Parameter impacts: 

 --- MultiDimFit ---
Parameter impacts: 

 --- MultiDimFit ---
Parameter impacts: 

 --- MultiDimFit ---
Parameter impacts: 

 --- MultiDimFit ---
Parameter impacts: 
  Parameter                            :   Best-fit               r            
  CMS_eff_t_vsJet_syst_dm10_2016preVFP :   +0.000  -0.994/+0.994  -0.000/-0.000
Done in 0.96 min (cpu), 0.97 min (real)
  Parameter                           :   Best-fit               r            
  CMS_eff_t_vsJet_syst_dm1_2016preVFP :   +0.000  -0.994/+0.994  -0.000/-0.000
Done in 0.95 min (cpu), 0.96 min (real)
  Parameter             :   Best-fit               r            
  CMS_res_j_2016postVFP :   +0.000  -0.914/+0.988  +0.031/-0.006
Done in 0.97 min (cpu), 0.98 min (real)
  Parameter             :   Best-fit               r            
  CMS_fake_t_2016preVFP :   +0.000  -0.959/+0.955  +0.034/-0.041
Done in 0.96 min (cpu), 0.96 min (real)
  Parameter                   :   Best-fit               r            
  CMS_scale_j_AbsoluteMPFBias :   +0.000  -0.987/+0.984  +0.103/-0.092
Done in 0.94 min (cpu), 0.94 min (real)
  Parameter                       :   Best-fit               r            
  CMS_eff_t_vsJet_stat2_dm11_2018 :   +0.000  -0.994/+0.994  +0.003/-0.003
Done in 1.01 min (cpu), 1.02 min (real)
 <<< Combine >>> 
 <<< Combine >>> 
 <<< Combine >>> 
 <<< Combine >>> 
 <<< Combine >>> 
   Options for Robust Minimizer :: 
        Tolerance  0.1
        Strategy   0
        Type,Algo  Minuit2,Migrad
>>> method used is MultiDimFit
>>> random number generator seed is 123456
   Options for Robust Minimizer :: 
   Options for Robust Minimizer :: 
   Options for Robust Minimizer :: 
   Options for Robust Minimizer :: 
        Tolerance  0.1
        Tolerance  0.1
        Strategy   0
        Tolerance  0.1
        Strategy   0
        Type,Algo  Minuit2,Migrad
        Type,Algo  Minuit2,Migrad
        Tolerance  0.1
        Strategy   0
        Type,Algo  Minuit2,Migrad
        Strategy   0
>>> method used is MultiDimFit
        Type,Algo  Minuit2,Migrad
>>> method used is MultiDimFit
>>> random number generator seed is 123456
>>> method used is MultiDimFit
>>> random number generator seed is 123456
>>> method used is MultiDimFit
>>> random number generator seed is 123456
>>> random number generator seed is 123456
 <<< Combine >>> 
   Options for Robust Minimizer :: 
        Tolerance  0.1
        Strategy   0
        Type,Algo  Minuit2,Migrad
>>> method used is MultiDimFit
>>> random number generator seed is 123456
Warning! -- You haven't picked default values for the Parameters of Interest (either with --expectSignal or --setParameters) for generating toys. Combine will use the 'B-only' ModelConfig to generate, which may lead to undesired behaviour if not using the default Physics Model
Warning! -- You haven't picked default values for the Parameters of Interest (either with --expectSignal or --setParameters) for generating toys. Combine will use the 'B-only' ModelConfig to generate, which may lead to undesired behaviour if not using the default Physics Model
Warning! -- You haven't picked default values for the Parameters of Interest (either with --expectSignal or --setParameters) for generating toys. Combine will use the 'B-only' ModelConfig to generate, which may lead to undesired behaviour if not using the default Physics Model
Warning! -- You haven't picked default values for the Parameters of Interest (either with --expectSignal or --setParameters) for generating toys. Combine will use the 'B-only' ModelConfig to generate, which may lead to undesired behaviour if not using the default Physics Model
SimNLL created with 4 channels, 0 generic constraints, 245 fast gaussian constraints, 0 fast poisson constraints, 0 fast group constraints, 
SimNLL created with 4 channels, 0 generic constraints, 245 fast gaussian constraints, 0 fast poisson constraints, 0 fast group constraints, 
SimNLL created with 4 channels, 0 generic constraints, 245 fast gaussian constraints, 0 fast poisson constraints, 0 fast group constraints, 
Warning! -- You haven't picked default values for the Parameters of Interest (either with --expectSignal or --setParameters) for generating toys. Combine will use the 'B-only' ModelConfig to generate, which may lead to undesired behaviour if not using the default Physics Model
Warning! -- You haven't picked default values for the Parameters of Interest (either with --expectSignal or --setParameters) for generating toys. Combine will use the 'B-only' ModelConfig to generate, which may lead to undesired behaviour if not using the default Physics Model
SimNLL created with 4 channels, 0 generic constraints, 245 fast gaussian constraints, 0 fast poisson constraints, 0 fast group constraints, 
SimNLL created with 4 channels, 0 generic constraints, 245 fast gaussian constraints, 0 fast poisson constraints, 0 fast group constraints, 
SimNLL created with 4 channels, 0 generic constraints, 245 fast gaussian constraints, 0 fast poisson constraints, 0 fast group constraints, 

 --- MultiDimFit ---
Parameter impacts: 
  Parameter                    :   Best-fit               r            
  CMS_eff_t_vsJet_syst_alleras :   +0.000  -0.992/+0.991  +0.083/-0.084
Done in 0.69 min (cpu), 0.69 min (real)
 <<< Combine >>> 
   Options for Robust Minimizer :: 
        Tolerance  0.1
        Strategy   0
        Type,Algo  Minuit2,Migrad
>>> method used is MultiDimFit
>>> random number generator seed is 123456
Warning! -- You haven't picked default values for the Parameters of Interest (either with --expectSignal or --setParameters) for generating toys. Combine will use the 'B-only' ModelConfig to generate, which may lead to undesired behaviour if not using the default Physics Model
SimNLL created with 4 channels, 0 generic constraints, 245 fast gaussian constraints, 0 fast poisson constraints, 0 fast group constraints, 

 --- MultiDimFit ---
Parameter impacts: 
  Parameter                   :   Best-fit               r            
  CMS_scale_j_FlavorPureQuark :   +0.000  -0.897/+0.879  +0.155/-0.097
Done in 0.90 min (cpu), 0.90 min (real)
 <<< Combine >>> 
   Options for Robust Minimizer :: 
        Tolerance  0.1
        Strategy   0
        Type,Algo  Minuit2,Migrad
>>> method used is MultiDimFit
>>> random number generator seed is 123456
Warning! -- You haven't picked default values for the Parameters of Interest (either with --expectSignal or --setParameters) for generating toys. Combine will use the 'B-only' ModelConfig to generate, which may lead to undesired behaviour if not using the default Physics Model
SimNLL created with 4 channels, 0 generic constraints, 245 fast gaussian constraints, 0 fast poisson constraints, 0 fast group constraints, 

 --- MultiDimFit ---
Parameter impacts: 

 --- MultiDimFit ---
Parameter impacts: 
  Parameter       :   Best-fit               r            
  CMS_fake_t_2017 :   +0.000  -0.958/+0.958  +0.060/-0.066
Done in 0.85 min (cpu), 0.85 min (real)
 <<< Combine >>> 
   Options for Robust Minimizer :: 
        Tolerance  0.1
        Strategy   0
        Type,Algo  Minuit2,Migrad
>>> method used is MultiDimFit
>>> random number generator seed is 123456

 --- MultiDimFit ---
Parameter impacts: 
  Parameter                             :   Best-fit               r            
  CMS_eff_t_vsJet_stat2_dm1_2016postVFP :   +0.000  -0.994/+0.994  +0.004/-0.005
Done in 0.86 min (cpu), 0.87 min (real)
 <<< Combine >>> 
   Options for Robust Minimizer :: 
        Tolerance  0.1
        Strategy   0
        Type,Algo  Minuit2,Migrad
>>> method used is MultiDimFit
>>> random number generator seed is 123456
Warning! -- You haven't picked default values for the Parameters of Interest (either with --expectSignal or --setParameters) for generating toys. Combine will use the 'B-only' ModelConfig to generate, which may lead to undesired behaviour if not using the default Physics Model
SimNLL created with 4 channels, 0 generic constraints, 245 fast gaussian constraints, 0 fast poisson constraints, 0 fast group constraints, 

 --- MultiDimFit ---
Parameter impacts: 
Warning! -- You haven't picked default values for the Parameters of Interest (either with --expectSignal or --setParameters) for generating toys. Combine will use the 'B-only' ModelConfig to generate, which may lead to undesired behaviour if not using the default Physics Model
SimNLL created with 4 channels, 0 generic constraints, 245 fast gaussian constraints, 0 fast poisson constraints, 0 fast group constraints, 

 --- MultiDimFit ---
Parameter impacts: 
  Parameter                     :   Best-fit               r            
  CMS_eff_t_vsJet_syst_dm1_2017 :   +0.000  -0.993/+0.994  +0.005/-0.006
Done in 0.90 min (cpu), 0.93 min (real)
 <<< Combine >>> 
   Options for Robust Minimizer :: 
        Tolerance  0.1
        Strategy   0
        Type,Algo  Minuit2,Migrad
>>> method used is MultiDimFit
>>> random number generator seed is 123456

 --- MultiDimFit ---
Parameter impacts: 
  Parameter                 :   Best-fit               r            
  CMS_scale_j_AbsoluteScale :   +0.000  -0.989/+0.988  +0.035/-0.045
Done in 0.95 min (cpu), 0.97 min (real)
 <<< Combine >>> 
   Options for Robust Minimizer :: 
        Tolerance  0.1
        Strategy   0
        Type,Algo  Minuit2,Migrad
>>> method used is MultiDimFit
>>> random number generator seed is 123456
Warning! -- You haven't picked default values for the Parameters of Interest (either with --expectSignal or --setParameters) for generating toys. Combine will use the 'B-only' ModelConfig to generate, which may lead to undesired behaviour if not using the default Physics Model
  Parameter                      :   Best-fit               r            
  CMS_eff_t_vsJet_syst_dm10_2017 :   +0.000  -0.994/+0.994  +0.002/-0.002
Done in 0.98 min (cpu), 0.98 min (real)
SimNLL created with 4 channels, 0 generic constraints, 245 fast gaussian constraints, 0 fast poisson constraints, 0 fast group constraints, 
 <<< Combine >>> 
   Options for Robust Minimizer :: 
        Tolerance  0.1
        Strategy   0
        Type,Algo  Minuit2,Migrad
>>> method used is MultiDimFit
>>> random number generator seed is 123456
  Parameter            :   Best-fit               r            
  CMS_res_j_2016preVFP :   +0.000  -0.939/+0.973  -0.011/-0.008
Done in 1.01 min (cpu), 1.02 min (real)
Warning! -- You haven't picked default values for the Parameters of Interest (either with --expectSignal or --setParameters) for generating toys. Combine will use the 'B-only' ModelConfig to generate, which may lead to undesired behaviour if not using the default Physics Model
 <<< Combine >>> 
   Options for Robust Minimizer :: 
        Tolerance  0.1
        Strategy   0
        Type,Algo  Minuit2,Migrad
>>> method used is MultiDimFit
>>> random number generator seed is 123456
SimNLL created with 4 channels, 0 generic constraints, 245 fast gaussian constraints, 0 fast poisson constraints, 0 fast group constraints, 
Warning! -- You haven't picked default values for the Parameters of Interest (either with --expectSignal or --setParameters) for generating toys. Combine will use the 'B-only' ModelConfig to generate, which may lead to undesired behaviour if not using the default Physics Model
SimNLL created with 4 channels, 0 generic constraints, 245 fast gaussian constraints, 0 fast poisson constraints, 0 fast group constraints, 
Warning! -- You haven't picked default values for the Parameters of Interest (either with --expectSignal or --setParameters) for generating toys. Combine will use the 'B-only' ModelConfig to generate, which may lead to undesired behaviour if not using the default Physics Model
SimNLL created with 4 channels, 0 generic constraints, 245 fast gaussian constraints, 0 fast poisson constraints, 0 fast group constraints, 

 --- MultiDimFit ---
Parameter impacts: 

 --- MultiDimFit ---
Parameter impacts: 
  Parameter                            :   Best-fit               r            
  CMS_eff_t_vsJet_syst_dm0_2016postVFP :   +0.000  -0.994/+0.994  -0.000/-0.000
Done in 1.02 min (cpu), 1.03 min (real)
 <<< Combine >>> 
   Options for Robust Minimizer :: 
        Tolerance  0.1
        Strategy   0
        Type,Algo  Minuit2,Migrad
>>> method used is MultiDimFit
>>> random number generator seed is 123456
Warning! -- You haven't picked default values for the Parameters of Interest (either with --expectSignal or --setParameters) for generating toys. Combine will use the 'B-only' ModelConfig to generate, which may lead to undesired behaviour if not using the default Physics Model
SimNLL created with 4 channels, 0 generic constraints, 245 fast gaussian constraints, 0 fast poisson constraints, 0 fast group constraints, 
  Parameter                 :   Best-fit               r            
  CMS_scale_j_Fragmentation :   +0.000  -0.994/+0.994  +0.002/+0.008
Done in 0.92 min (cpu), 0.92 min (real)
 <<< Combine >>> 
   Options for Robust Minimizer :: 
        Tolerance  0.1
        Strategy   0
        Type,Algo  Minuit2,Migrad
>>> method used is MultiDimFit
>>> random number generator seed is 123456
Warning! -- You haven't picked default values for the Parameters of Interest (either with --expectSignal or --setParameters) for generating toys. Combine will use the 'B-only' ModelConfig to generate, which may lead to undesired behaviour if not using the default Physics Model
SimNLL created with 4 channels, 0 generic constraints, 245 fast gaussian constraints, 0 fast poisson constraints, 0 fast group constraints, 

 --- MultiDimFit ---
Parameter impacts: 

 --- MultiDimFit ---
Parameter impacts: 
  Parameter                            :   Best-fit               r            
  CMS_eff_t_vsJet_stat2_dm1_2016preVFP :   +0.000  -0.994/+0.994  +0.005/-0.005
Done in 0.91 min (cpu), 0.91 min (real)
 <<< Combine >>> 
   Options for Robust Minimizer :: 
        Tolerance  0.1
        Strategy   0
        Type,Algo  Minuit2,Migrad
>>> method used is MultiDimFit
>>> random number generator seed is 123456

 --- MultiDimFit ---
Parameter impacts: 
  Parameter                     :   Best-fit               r            
  CMS_eff_t_vsJet_syst_dm1_2018 :   +0.000  -0.993/+0.994  +0.006/-0.006
Done in 0.87 min (cpu), 0.88 min (real)
 <<< Combine >>> 
   Options for Robust Minimizer :: 
        Tolerance  0.1
        Strategy   0
        Type,Algo  Minuit2,Migrad
>>> method used is MultiDimFit
>>> random number generator seed is 123456
Warning! -- You haven't picked default values for the Parameters of Interest (either with --expectSignal or --setParameters) for generating toys. Combine will use the 'B-only' ModelConfig to generate, which may lead to undesired behaviour if not using the default Physics Model
SimNLL created with 4 channels, 0 generic constraints, 245 fast gaussian constraints, 0 fast poisson constraints, 0 fast group constraints, 
  Parameter       :   Best-fit               r            
  CMS_fake_t_2018 :   +0.000  -0.964/+0.963  +0.061/-0.061
Done in 0.98 min (cpu), 0.99 min (real)
 <<< Combine >>> 
   Options for Robust Minimizer :: 
        Tolerance  0.1
        Strategy   0
        Type,Algo  Minuit2,Migrad
>>> method used is MultiDimFit
>>> random number generator seed is 123456
Warning! -- You haven't picked default values for the Parameters of Interest (either with --expectSignal or --setParameters) for generating toys. Combine will use the 'B-only' ModelConfig to generate, which may lead to undesired behaviour if not using the default Physics Model
SimNLL created with 4 channels, 0 generic constraints, 245 fast gaussian constraints, 0 fast poisson constraints, 0 fast group constraints, 

 --- MultiDimFit ---
Parameter impacts: 
Warning! -- You haven't picked default values for the Parameters of Interest (either with --expectSignal or --setParameters) for generating toys. Combine will use the 'B-only' ModelConfig to generate, which may lead to undesired behaviour if not using the default Physics Model
SimNLL created with 4 channels, 0 generic constraints, 245 fast gaussian constraints, 0 fast poisson constraints, 0 fast group constraints, 
  Parameter      :   Best-fit               r            
  CMS_res_j_2017 :   +0.000  -0.949/+0.989  +0.011/-0.006
Done in 0.92 min (cpu), 0.92 min (real)

 --- MultiDimFit ---
Parameter impacts: 
 <<< Combine >>> 
   Options for Robust Minimizer :: 
        Tolerance  0.1
        Strategy   0
        Type,Algo  Minuit2,Migrad
>>> method used is MultiDimFit
>>> random number generator seed is 123456

 --- MultiDimFit ---
Parameter impacts: 
Warning! -- You haven't picked default values for the Parameters of Interest (either with --expectSignal or --setParameters) for generating toys. Combine will use the 'B-only' ModelConfig to generate, which may lead to undesired behaviour if not using the default Physics Model
SimNLL created with 4 channels, 0 generic constraints, 245 fast gaussian constraints, 0 fast poisson constraints, 0 fast group constraints, 
  Parameter                      :   Best-fit               r            
  CMS_eff_t_vsJet_syst_dm10_2018 :   +0.000  -0.994/+0.994  +0.002/-0.003
Done in 1.01 min (cpu), 1.02 min (real)
 <<< Combine >>> 
   Options for Robust Minimizer :: 
        Tolerance  0.1
        Strategy   0
        Type,Algo  Minuit2,Migrad
>>> method used is MultiDimFit
>>> random number generator seed is 123456
  Parameter                            :   Best-fit               r            
  CMS_scale_j_AbsoluteStat_2016postVFP :   +0.000  -0.990/+0.993  +0.005/-0.003
Done in 1.04 min (cpu), 1.05 min (real)
 <<< Combine >>> 
   Options for Robust Minimizer :: 
        Tolerance  0.1
        Strategy   0
        Type,Algo  Minuit2,Migrad
>>> method used is MultiDimFit
>>> random number generator seed is 123456
Warning! -- You haven't picked default values for the Parameters of Interest (either with --expectSignal or --setParameters) for generating toys. Combine will use the 'B-only' ModelConfig to generate, which may lead to undesired behaviour if not using the default Physics Model
SimNLL created with 4 channels, 0 generic constraints, 245 fast gaussian constraints, 0 fast poisson constraints, 0 fast group constraints, 
Warning! -- You haven't picked default values for the Parameters of Interest (either with --expectSignal or --setParameters) for generating toys. Combine will use the 'B-only' ModelConfig to generate, which may lead to undesired behaviour if not using the default Physics Model
SimNLL created with 4 channels, 0 generic constraints, 245 fast gaussian constraints, 0 fast poisson constraints, 0 fast group constraints, 

 --- MultiDimFit ---
Parameter impacts: 

 --- MultiDimFit ---
Parameter impacts: 
  Parameter                           :   Best-fit               r            
  CMS_eff_t_vsJet_syst_dm0_2016preVFP :   +0.000  -0.994/+0.994  -0.000/-0.000
Done in 1.00 min (cpu), 1.01 min (real)
 <<< Combine >>> 
   Options for Robust Minimizer :: 
        Tolerance  0.1
        Strategy   0
        Type,Algo  Minuit2,Migrad
>>> method used is MultiDimFit
>>> random number generator seed is 123456
  Parameter                :   Best-fit               r            
  CMS_scale_j_PileUpDataMC :   +0.000  -0.981/+0.976  +0.147/-0.151
Done in 0.99 min (cpu), 1.00 min (real)
 <<< Combine >>> 
   Options for Robust Minimizer :: 
        Tolerance  0.1
        Strategy   0
        Type,Algo  Minuit2,Migrad
>>> method used is MultiDimFit
>>> random number generator seed is 123456
Warning! -- You haven't picked default values for the Parameters of Interest (either with --expectSignal or --setParameters) for generating toys. Combine will use the 'B-only' ModelConfig to generate, which may lead to undesired behaviour if not using the default Physics Model
SimNLL created with 4 channels, 0 generic constraints, 245 fast gaussian constraints, 0 fast poisson constraints, 0 fast group constraints, 
Warning! -- You haven't picked default values for the Parameters of Interest (either with --expectSignal or --setParameters) for generating toys. Combine will use the 'B-only' ModelConfig to generate, which may lead to undesired behaviour if not using the default Physics Model
SimNLL created with 4 channels, 0 generic constraints, 245 fast gaussian constraints, 0 fast poisson constraints, 0 fast group constraints, 

 --- MultiDimFit ---
Parameter impacts: 
  Parameter                      :   Best-fit               r            
  CMS_eff_t_vsJet_stat2_dm1_2017 :   +0.000  -0.994/+0.994  +0.011/-0.011
Done in 0.87 min (cpu), 0.88 min (real)
 <<< Combine >>> 
   Options for Robust Minimizer :: 
        Tolerance  0.1
        Strategy   0
        Type,Algo  Minuit2,Migrad
>>> method used is MultiDimFit
>>> random number generator seed is 123456

 --- MultiDimFit ---
Parameter impacts: 
Warning! -- You haven't picked default values for the Parameters of Interest (either with --expectSignal or --setParameters) for generating toys. Combine will use the 'B-only' ModelConfig to generate, which may lead to undesired behaviour if not using the default Physics Model
SimNLL created with 4 channels, 0 generic constraints, 245 fast gaussian constraints, 0 fast poisson constraints, 0 fast group constraints, 

 --- MultiDimFit ---
Parameter impacts: 
  Parameter                           :   Best-fit               r            
  CMS_scale_j_AbsoluteStat_2016preVFP :   +0.000  -0.993/+0.992  +0.016/-0.021
Done in 0.71 min (cpu), 0.72 min (real)
 <<< Combine >>> 
   Options for Robust Minimizer :: 
        Tolerance  0.1
        Strategy   0
        Type,Algo  Minuit2,Migrad
>>> method used is MultiDimFit
>>> random number generator seed is 123456

 --- MultiDimFit ---
Parameter impacts: 
  Parameter                         :   Best-fit               r            
  CMS_l1_ecal_prefiring_2016postVFP :   +0.000  -0.994/+0.994  -0.006/+0.005
Done in 0.91 min (cpu), 0.93 min (real)
 <<< Combine >>> 
   Options for Robust Minimizer :: 
        Tolerance  0.1
        Strategy   0
        Type,Algo  Minuit2,Migrad
>>> method used is MultiDimFit
>>> random number generator seed is 123456
Warning! -- You haven't picked default values for the Parameters of Interest (either with --expectSignal or --setParameters) for generating toys. Combine will use the 'B-only' ModelConfig to generate, which may lead to undesired behaviour if not using the default Physics Model
SimNLL created with 4 channels, 0 generic constraints, 245 fast gaussian constraints, 0 fast poisson constraints, 0 fast group constraints, 
Warning! -- You haven't picked default values for the Parameters of Interest (either with --expectSignal or --setParameters) for generating toys. Combine will use the 'B-only' ModelConfig to generate, which may lead to undesired behaviour if not using the default Physics Model
SimNLL created with 4 channels, 0 generic constraints, 245 fast gaussian constraints, 0 fast poisson constraints, 0 fast group constraints, 
  Parameter                  :   Best-fit               r            
  CMS_eff_t_vsMu_2016postVFP :   +0.000  -0.994/+0.994  +0.000/-0.000
Done in 1.01 min (cpu), 1.02 min (real)
 <<< Combine >>> 
   Options for Robust Minimizer :: 
        Tolerance  0.1
        Strategy   0
        Type,Algo  Minuit2,Migrad
>>> method used is MultiDimFit
>>> random number generator seed is 123456
Warning! -- You haven't picked default values for the Parameters of Interest (either with --expectSignal or --setParameters) for generating toys. Combine will use the 'B-only' ModelConfig to generate, which may lead to undesired behaviour if not using the default Physics Model
SimNLL created with 4 channels, 0 generic constraints, 245 fast gaussian constraints, 0 fast poisson constraints, 0 fast group constraints, 

 --- MultiDimFit ---
Parameter impacts: 

 --- MultiDimFit ---
Parameter impacts: 
  Parameter      :   Best-fit               r            
  CMS_res_j_2018 :   +0.000  -0.991/+0.990  +0.015/-0.021
Done in 1.01 min (cpu), 1.01 min (real)
 <<< Combine >>> 
   Options for Robust Minimizer :: 
        Tolerance  0.1
        Strategy   0
        Type,Algo  Minuit2,Migrad
>>> method used is MultiDimFit
>>> random number generator seed is 123456
  Parameter                             :   Best-fit               r            
  CMS_eff_t_vsJet_syst_dm11_2016postVFP :   +0.000  -0.994/+0.994  -0.000/-0.000
Done in 0.99 min (cpu), 1.00 min (real)
 <<< Combine >>> 
   Options for Robust Minimizer :: 
        Tolerance  0.1
        Strategy   0
        Type,Algo  Minuit2,Migrad
>>> method used is MultiDimFit
>>> random number generator seed is 123456
Warning! -- You haven't picked default values for the Parameters of Interest (either with --expectSignal or --setParameters) for generating toys. Combine will use the 'B-only' ModelConfig to generate, which may lead to undesired behaviour if not using the default Physics Model
SimNLL created with 4 channels, 0 generic constraints, 245 fast gaussian constraints, 0 fast poisson constraints, 0 fast group constraints, 
Warning! -- You haven't picked default values for the Parameters of Interest (either with --expectSignal or --setParameters) for generating toys. Combine will use the 'B-only' ModelConfig to generate, which may lead to undesired behaviour if not using the default Physics Model
SimNLL created with 4 channels, 0 generic constraints, 245 fast gaussian constraints, 0 fast poisson constraints, 0 fast group constraints, 

 --- MultiDimFit ---
Parameter impacts: 
  Parameter                     :   Best-fit               r            
  CMS_eff_t_vsJet_syst_dm0_2017 :   +0.000  -0.994/+0.994  +0.003/-0.003
Done in 0.97 min (cpu), 0.98 min (real)
 <<< Combine >>> 
   Options for Robust Minimizer :: 
        Tolerance  0.1
        Strategy   0
        Type,Algo  Minuit2,Migrad
>>> method used is MultiDimFit
>>> random number generator seed is 123456

 --- MultiDimFit ---
Parameter impacts: 
Warning! -- You haven't picked default values for the Parameters of Interest (either with --expectSignal or --setParameters) for generating toys. Combine will use the 'B-only' ModelConfig to generate, which may lead to undesired behaviour if not using the default Physics Model
SimNLL created with 4 channels, 0 generic constraints, 245 fast gaussian constraints, 0 fast poisson constraints, 0 fast group constraints, 
  Parameter              :   Best-fit               r            
  CMS_scale_j_PileUpPtBB :   +0.000  -0.990/+0.985  -0.010/-0.027
Done in 1.00 min (cpu), 1.00 min (real)
 <<< Combine >>> 
   Options for Robust Minimizer :: 
        Tolerance  0.1
        Strategy   0
        Type,Algo  Minuit2,Migrad
>>> method used is MultiDimFit
>>> random number generator seed is 123456
Warning! -- You haven't picked default values for the Parameters of Interest (either with --expectSignal or --setParameters) for generating toys. Combine will use the 'B-only' ModelConfig to generate, which may lead to undesired behaviour if not using the default Physics Model
SimNLL created with 4 channels, 0 generic constraints, 245 fast gaussian constraints, 0 fast poisson constraints, 0 fast group constraints, 

 --- MultiDimFit ---
Parameter impacts: 
  Parameter                      :   Best-fit               r            
  CMS_eff_t_vsJet_stat2_dm1_2018 :   +0.000  -0.994/+0.994  +0.011/-0.011
Done in 0.87 min (cpu), 0.87 min (real)
 <<< Combine >>> 
   Options for Robust Minimizer :: 
        Tolerance  0.1
        Strategy   0
        Type,Algo  Minuit2,Migrad
>>> method used is MultiDimFit
>>> random number generator seed is 123456
Warning! -- You haven't picked default values for the Parameters of Interest (either with --expectSignal or --setParameters) for generating toys. Combine will use the 'B-only' ModelConfig to generate, which may lead to undesired behaviour if not using the default Physics Model
SimNLL created with 4 channels, 0 generic constraints, 245 fast gaussian constraints, 0 fast poisson constraints, 0 fast group constraints, 

 --- MultiDimFit ---
Parameter impacts: 

 --- MultiDimFit ---
Parameter impacts: 
  Parameter                        :   Best-fit               r            
  CMS_l1_ecal_prefiring_2016preVFP :   +0.000  -0.994/+0.994  -0.005/+0.005
Done in 0.89 min (cpu), 0.90 min (real)
 <<< Combine >>> 
   Options for Robust Minimizer :: 
        Tolerance  0.1
        Strategy   0
        Type,Algo  Minuit2,Migrad
>>> method used is MultiDimFit
>>> random number generator seed is 123456
  Parameter                     :   Best-fit               r            
  CMS_scale_j_AbsoluteStat_2017 :   +0.000  -0.994/+0.994  -0.002/-0.003
Done in 0.93 min (cpu), 0.94 min (real)
 <<< Combine >>> 
   Options for Robust Minimizer :: 
        Tolerance  0.1
        Strategy   0
        Type,Algo  Minuit2,Migrad
>>> method used is MultiDimFit
>>> random number generator seed is 123456
Warning! -- You haven't picked default values for the Parameters of Interest (either with --expectSignal or --setParameters) for generating toys. Combine will use the 'B-only' ModelConfig to generate, which may lead to undesired behaviour if not using the default Physics Model
SimNLL created with 4 channels, 0 generic constraints, 245 fast gaussian constraints, 0 fast poisson constraints, 0 fast group constraints, 
Warning! -- You haven't picked default values for the Parameters of Interest (either with --expectSignal or --setParameters) for generating toys. Combine will use the 'B-only' ModelConfig to generate, which may lead to undesired behaviour if not using the default Physics Model
SimNLL created with 4 channels, 0 generic constraints, 245 fast gaussian constraints, 0 fast poisson constraints, 0 fast group constraints, 

 --- MultiDimFit ---
Parameter impacts: 
  Parameter                 :   Best-fit               r            
  CMS_eff_t_vsMu_2016preVFP :   +0.000  -0.994/+0.994  +0.000/-0.000
Done in 1.03 min (cpu), 1.04 min (real)

 --- MultiDimFit ---
Parameter impacts: 
 <<< Combine >>> 
   Options for Robust Minimizer :: 
        Tolerance  0.1
        Strategy   0
        Type,Algo  Minuit2,Migrad
>>> method used is MultiDimFit
>>> random number generator seed is 123456

 --- MultiDimFit ---
Parameter impacts: 
Warning! -- You haven't picked default values for the Parameters of Interest (either with --expectSignal or --setParameters) for generating toys. Combine will use the 'B-only' ModelConfig to generate, which may lead to undesired behaviour if not using the default Physics Model
SimNLL created with 4 channels, 0 generic constraints, 245 fast gaussian constraints, 0 fast poisson constraints, 0 fast group constraints, 
  Parameter               :   Best-fit               r            
  CMS_scale_e_2016postVFP :   +0.000  -0.994/+0.994  +0.000/+0.000
Done in 0.96 min (cpu), 0.97 min (real)
 <<< Combine >>> 
   Options for Robust Minimizer :: 
        Tolerance  0.1
        Strategy   0
        Type,Algo  Minuit2,Migrad
>>> method used is MultiDimFit
>>> random number generator seed is 123456
  Parameter                            :   Best-fit               r            
  CMS_eff_t_vsJet_syst_dm11_2016preVFP :   +0.000  -0.994/+0.994  -0.000/-0.000
Done in 0.96 min (cpu), 0.96 min (real)
 <<< Combine >>> 
   Options for Robust Minimizer :: 
        Tolerance  0.1
        Strategy   0
        Type,Algo  Minuit2,Migrad
>>> method used is MultiDimFit
>>> random number generator seed is 123456
Warning! -- You haven't picked default values for the Parameters of Interest (either with --expectSignal or --setParameters) for generating toys. Combine will use the 'B-only' ModelConfig to generate, which may lead to undesired behaviour if not using the default Physics Model
SimNLL created with 4 channels, 0 generic constraints, 245 fast gaussian constraints, 0 fast poisson constraints, 0 fast group constraints, 
Warning! -- You haven't picked default values for the Parameters of Interest (either with --expectSignal or --setParameters) for generating toys. Combine will use the 'B-only' ModelConfig to generate, which may lead to undesired behaviour if not using the default Physics Model
SimNLL created with 4 channels, 0 generic constraints, 245 fast gaussian constraints, 0 fast poisson constraints, 0 fast group constraints, 

 --- MultiDimFit ---
Parameter impacts: 

 --- MultiDimFit ---
Parameter impacts: 
  Parameter                     :   Best-fit               r            
  CMS_eff_t_vsJet_syst_dm0_2018 :   +0.000  -0.994/+0.994  +0.003/-0.004
Done in 0.98 min (cpu), 0.98 min (real)
 <<< Combine >>> 
   Options for Robust Minimizer :: 
        Tolerance  0.1
        Strategy   0
        Type,Algo  Minuit2,Migrad
>>> method used is MultiDimFit
>>> random number generator seed is 123456
  Parameter               :   Best-fit               r            
  CMS_scale_j_PileUpPtEC1 :   +0.000  -0.984/+0.987  +0.051/-0.017
Done in 0.93 min (cpu), 0.94 min (real)
 <<< Combine >>> 
   Options for Robust Minimizer :: 
        Tolerance  0.1
        Strategy   0
        Type,Algo  Minuit2,Migrad
>>> method used is MultiDimFit
>>> random number generator seed is 123456
Warning! -- You haven't picked default values for the Parameters of Interest (either with --expectSignal or --setParameters) for generating toys. Combine will use the 'B-only' ModelConfig to generate, which may lead to undesired behaviour if not using the default Physics Model
SimNLL created with 4 channels, 0 generic constraints, 245 fast gaussian constraints, 0 fast poisson constraints, 0 fast group constraints, 
Warning! -- You haven't picked default values for the Parameters of Interest (either with --expectSignal or --setParameters) for generating toys. Combine will use the 'B-only' ModelConfig to generate, which may lead to undesired behaviour if not using the default Physics Model
SimNLL created with 4 channels, 0 generic constraints, 245 fast gaussian constraints, 0 fast poisson constraints, 0 fast group constraints, 

 --- MultiDimFit ---
Parameter impacts: 
  Parameter                     :   Best-fit               r            
  CMS_scale_j_AbsoluteStat_2018 :   +0.000  -0.992/+0.993  +0.045/-0.019
Done in 0.68 min (cpu), 0.68 min (real)
 <<< Combine >>> 
   Options for Robust Minimizer :: 
        Tolerance  0.1
        Strategy   0
        Type,Algo  Minuit2,Migrad
>>> method used is MultiDimFit
>>> random number generator seed is 123456
Warning! -- You haven't picked default values for the Parameters of Interest (either with --expectSignal or --setParameters) for generating toys. Combine will use the 'B-only' ModelConfig to generate, which may lead to undesired behaviour if not using the default Physics Model
SimNLL created with 4 channels, 0 generic constraints, 245 fast gaussian constraints, 0 fast poisson constraints, 0 fast group constraints, 

 --- MultiDimFit ---
Parameter impacts: 

 --- MultiDimFit ---
Parameter impacts: 
  Parameter                        :   Best-fit               r            
  CMS_eff_t_vsJet_syst_2016postVFP :   +0.000  -0.994/+0.994  -0.000/-0.000
Done in 0.98 min (cpu), 0.98 min (real)
 <<< Combine >>> 
   Options for Robust Minimizer :: 
        Tolerance  0.1
        Strategy   0
        Type,Algo  Minuit2,Migrad
>>> method used is MultiDimFit
>>> random number generator seed is 123456
  Parameter                  :   Best-fit               r            
  CMS_l1_ecal_prefiring_2017 :   +0.000  -0.994/+0.994  -0.010/+0.010
Done in 0.86 min (cpu), 0.86 min (real)
 <<< Combine >>> 
   Options for Robust Minimizer :: 
        Tolerance  0.1
        Strategy   0
        Type,Algo  Minuit2,Migrad
>>> method used is MultiDimFit
>>> random number generator seed is 123456
Warning! -- You haven't picked default values for the Parameters of Interest (either with --expectSignal or --setParameters) for generating toys. Combine will use the 'B-only' ModelConfig to generate, which may lead to undesired behaviour if not using the default Physics Model
SimNLL created with 4 channels, 0 generic constraints, 245 fast gaussian constraints, 0 fast poisson constraints, 0 fast group constraints, 
Warning! -- You haven't picked default values for the Parameters of Interest (either with --expectSignal or --setParameters) for generating toys. Combine will use the 'B-only' ModelConfig to generate, which may lead to undesired behaviour if not using the default Physics Model
SimNLL created with 4 channels, 0 generic constraints, 245 fast gaussian constraints, 0 fast poisson constraints, 0 fast group constraints, 

 --- MultiDimFit ---
Parameter impacts: 

 --- MultiDimFit ---
Parameter impacts: 
  Parameter           :   Best-fit               r            
  CMS_eff_t_vsMu_2017 :   +0.000  -0.994/+0.994  +0.000/-0.000
Done in 1.00 min (cpu), 1.01 min (real)
 <<< Combine >>> 
   Options for Robust Minimizer :: 
        Tolerance  0.1
        Strategy   0
        Type,Algo  Minuit2,Migrad
>>> method used is MultiDimFit
>>> random number generator seed is 123456

 --- MultiDimFit ---
Parameter impacts: 
  Parameter              :   Best-fit               r            
  CMS_scale_e_2016preVFP :   +0.000  -0.994/+0.994  -0.000/-0.000
Done in 0.94 min (cpu), 0.95 min (real)
 <<< Combine >>> 
   Options for Robust Minimizer :: 
        Tolerance  0.1
        Strategy   0
        Type,Algo  Minuit2,Migrad
>>> method used is MultiDimFit
>>> random number generator seed is 123456
Warning! -- You haven't picked default values for the Parameters of Interest (either with --expectSignal or --setParameters) for generating toys. Combine will use the 'B-only' ModelConfig to generate, which may lead to undesired behaviour if not using the default Physics Model
SimNLL created with 4 channels, 0 generic constraints, 245 fast gaussian constraints, 0 fast poisson constraints, 0 fast group constraints, 
  Parameter                      :   Best-fit               r            
  CMS_eff_t_vsJet_syst_dm11_2017 :   +0.000  -0.994/+0.994  +0.001/-0.002
Done in 0.98 min (cpu), 0.99 min (real)
 <<< Combine >>> 
   Options for Robust Minimizer :: 
        Tolerance  0.1
        Strategy   0
        Type,Algo  Minuit2,Migrad
>>> method used is MultiDimFit
>>> random number generator seed is 123456
Warning! -- You haven't picked default values for the Parameters of Interest (either with --expectSignal or --setParameters) for generating toys. Combine will use the 'B-only' ModelConfig to generate, which may lead to undesired behaviour if not using the default Physics Model
SimNLL created with 4 channels, 0 generic constraints, 245 fast gaussian constraints, 0 fast poisson constraints, 0 fast group constraints, 
Warning! -- You haven't picked default values for the Parameters of Interest (either with --expectSignal or --setParameters) for generating toys. Combine will use the 'B-only' ModelConfig to generate, which may lead to undesired behaviour if not using the default Physics Model
SimNLL created with 4 channels, 0 generic constraints, 245 fast gaussian constraints, 0 fast poisson constraints, 0 fast group constraints, 

 --- MultiDimFit ---
Parameter impacts: 

 --- MultiDimFit ---
Parameter impacts: 
  Parameter               :   Best-fit               r            
  CMS_scale_j_PileUpPtEC2 :   +0.000  -0.994/+0.994  -0.000/-0.000
Done in 0.98 min (cpu), 0.98 min (real)
 <<< Combine >>> 
   Options for Robust Minimizer :: 
        Tolerance  0.1
        Strategy   0
        Type,Algo  Minuit2,Migrad
>>> method used is MultiDimFit
>>> random number generator seed is 123456
  Parameter              :   Best-fit               r            
  CMS_scale_j_PileUpPtHF :   +0.000  -0.994/+0.994  -0.000/-0.000
Done in 1.01 min (cpu), 1.03 min (real)
 <<< Combine >>> 
   Options for Robust Minimizer :: 
        Tolerance  0.1
        Strategy   0
        Type,Algo  Minuit2,Migrad
>>> method used is MultiDimFit
>>> random number generator seed is 123456
Warning! -- You haven't picked default values for the Parameters of Interest (either with --expectSignal or --setParameters) for generating toys. Combine will use the 'B-only' ModelConfig to generate, which may lead to undesired behaviour if not using the default Physics Model
SimNLL created with 4 channels, 0 generic constraints, 245 fast gaussian constraints, 0 fast poisson constraints, 0 fast group constraints, 
Warning! -- You haven't picked default values for the Parameters of Interest (either with --expectSignal or --setParameters) for generating toys. Combine will use the 'B-only' ModelConfig to generate, which may lead to undesired behaviour if not using the default Physics Model
SimNLL created with 4 channels, 0 generic constraints, 245 fast gaussian constraints, 0 fast poisson constraints, 0 fast group constraints, 

 --- MultiDimFit ---
Parameter impacts: 

 --- MultiDimFit ---
Parameter impacts: 

 --- MultiDimFit ---
Parameter impacts: 
  Parameter                  :   Best-fit               r            
  CMS_l1_ecal_prefiring_2018 :   +0.000  -0.994/+0.994  -0.000/+0.000
Done in 0.95 min (cpu), 0.95 min (real)
 <<< Combine >>> 
   Options for Robust Minimizer :: 
        Tolerance  0.1
        Strategy   0
        Type,Algo  Minuit2,Migrad
>>> method used is MultiDimFit
>>> random number generator seed is 123456
  Parameter                    :   Best-fit               r            
  CMS_scale_j_FlavorPureBottom :   +0.000  -0.987/+0.985  -0.091/+0.136
Done in 1.12 min (cpu), 1.12 min (real)
 <<< Combine >>> 
   Options for Robust Minimizer :: 
        Tolerance  0.1
        Strategy   0
        Type,Algo  Minuit2,Migrad
>>> method used is MultiDimFit
>>> random number generator seed is 123456
  Parameter                              :   Best-fit               r            
  CMS_scale_j_RelativeJEREC2_2016postVFP :   +0.000  -0.994/+0.994  -0.000/-0.000
Done in 1.01 min (cpu), 1.02 min (real)
 <<< Combine >>> 
   Options for Robust Minimizer :: 
        Tolerance  0.1
        Strategy   0
        Type,Algo  Minuit2,Migrad
>>> method used is MultiDimFit
>>> random number generator seed is 123456
Warning! -- You haven't picked default values for the Parameters of Interest (either with --expectSignal or --setParameters) for generating toys. Combine will use the 'B-only' ModelConfig to generate, which may lead to undesired behaviour if not using the default Physics Model
Warning! -- You haven't picked default values for the Parameters of Interest (either with --expectSignal or --setParameters) for generating toys. Combine will use the 'B-only' ModelConfig to generate, which may lead to undesired behaviour if not using the default Physics Model
SimNLL created with 4 channels, 0 generic constraints, 245 fast gaussian constraints, 0 fast poisson constraints, 0 fast group constraints, 
SimNLL created with 4 channels, 0 generic constraints, 245 fast gaussian constraints, 0 fast poisson constraints, 0 fast group constraints, 
Warning! -- You haven't picked default values for the Parameters of Interest (either with --expectSignal or --setParameters) for generating toys. Combine will use the 'B-only' ModelConfig to generate, which may lead to undesired behaviour if not using the default Physics Model
SimNLL created with 4 channels, 0 generic constraints, 245 fast gaussian constraints, 0 fast poisson constraints, 0 fast group constraints, 

 --- MultiDimFit ---
Parameter impacts: 

 --- MultiDimFit ---
Parameter impacts: 

 --- MultiDimFit ---
Parameter impacts: 
  Parameter        :   Best-fit               r            
  CMS_scale_e_2017 :   +0.000  -0.994/+0.994  +0.003/-0.002
Done in 0.91 min (cpu), 0.92 min (real)
 <<< Combine >>> 
   Options for Robust Minimizer :: 
        Tolerance  0.1
        Strategy   0
        Type,Algo  Minuit2,Migrad
>>> method used is MultiDimFit
>>> random number generator seed is 123456
  Parameter                      :   Best-fit               r            
  CMS_scale_j_RelativePtEC1_2017 :   +0.000  -0.992/+0.994  +0.001/+0.000
Done in 0.70 min (cpu), 0.70 min (real)
 <<< Combine >>> 
   Options for Robust Minimizer :: 
        Tolerance  0.1
        Strategy   0
        Type,Algo  Minuit2,Migrad
>>> method used is MultiDimFit
>>> random number generator seed is 123456
  Parameter           :   Best-fit               r            
  CMS_eff_t_vsMu_2018 :   +0.000  -0.994/+0.994  +0.000/-0.000
Done in 0.99 min (cpu), 0.99 min (real)
Warning! -- You haven't picked default values for the Parameters of Interest (either with --expectSignal or --setParameters) for generating toys. Combine will use the 'B-only' ModelConfig to generate, which may lead to undesired behaviour if not using the default Physics Model
 <<< Combine >>> 
   Options for Robust Minimizer :: 
        Tolerance  0.1
        Strategy   0
        Type,Algo  Minuit2,Migrad
>>> method used is MultiDimFit
>>> random number generator seed is 123456
SimNLL created with 4 channels, 0 generic constraints, 245 fast gaussian constraints, 0 fast poisson constraints, 0 fast group constraints, 

 --- MultiDimFit ---
Parameter impacts: 
Warning! -- You haven't picked default values for the Parameters of Interest (either with --expectSignal or --setParameters) for generating toys. Combine will use the 'B-only' ModelConfig to generate, which may lead to undesired behaviour if not using the default Physics Model
Warning! -- You haven't picked default values for the Parameters of Interest (either with --expectSignal or --setParameters) for generating toys. Combine will use the 'B-only' ModelConfig to generate, which may lead to undesired behaviour if not using the default Physics Model
SimNLL created with 4 channels, 0 generic constraints, 245 fast gaussian constraints, 0 fast poisson constraints, 0 fast group constraints, 
SimNLL created with 4 channels, 0 generic constraints, 245 fast gaussian constraints, 0 fast poisson constraints, 0 fast group constraints, 
  Parameter                      :   Best-fit               r            
  CMS_eff_t_vsJet_syst_dm11_2018 :   +0.000  -0.994/+0.994  +0.002/-0.002
Done in 1.02 min (cpu), 1.02 min (real)
 <<< Combine >>> 
   Options for Robust Minimizer :: 
        Tolerance  0.1
        Strategy   0
        Type,Algo  Minuit2,Migrad
>>> method used is MultiDimFit
>>> random number generator seed is 123456
Warning! -- You haven't picked default values for the Parameters of Interest (either with --expectSignal or --setParameters) for generating toys. Combine will use the 'B-only' ModelConfig to generate, which may lead to undesired behaviour if not using the default Physics Model
SimNLL created with 4 channels, 0 generic constraints, 245 fast gaussian constraints, 0 fast poisson constraints, 0 fast group constraints, 

 --- MultiDimFit ---
Parameter impacts: 
  Parameter               :   Best-fit               r            
  CMS_scale_j_PileUpPtRef :   +0.000  -0.988/+0.984  +0.035/-0.029
Done in 0.96 min (cpu), 0.97 min (real)
 <<< Combine >>> 
   Options for Robust Minimizer :: 
        Tolerance  0.1
        Strategy   0
        Type,Algo  Minuit2,Migrad
>>> method used is MultiDimFit
>>> random number generator seed is 123456
Warning! -- You haven't picked default values for the Parameters of Interest (either with --expectSignal or --setParameters) for generating toys. Combine will use the 'B-only' ModelConfig to generate, which may lead to undesired behaviour if not using the default Physics Model
SimNLL created with 4 channels, 0 generic constraints, 245 fast gaussian constraints, 0 fast poisson constraints, 0 fast group constraints, 

 --- MultiDimFit ---
Parameter impacts: 
  Parameter                             :   Best-fit               r            
  CMS_scale_j_RelativeSample_2016preVFP :   +0.000  -0.978/+0.987  +0.017/-0.038
Done in 0.83 min (cpu), 0.83 min (real)
 <<< Combine >>> 
   Options for Robust Minimizer :: 
        Tolerance  0.1
        Strategy   0
        Type,Algo  Minuit2,Migrad
>>> method used is MultiDimFit
>>> random number generator seed is 123456

 --- MultiDimFit ---
Parameter impacts: 
Warning! -- You haven't picked default values for the Parameters of Interest (either with --expectSignal or --setParameters) for generating toys. Combine will use the 'B-only' ModelConfig to generate, which may lead to undesired behaviour if not using the default Physics Model
SimNLL created with 4 channels, 0 generic constraints, 245 fast gaussian constraints, 0 fast poisson constraints, 0 fast group constraints, 
  Parameter                              :   Best-fit               r            
  CMS_scale_j_RelativeStatFSR_2016preVFP :   +0.000  -0.994/+0.994  +0.000/+0.001
Done in 0.91 min (cpu), 0.92 min (real)
 <<< Combine >>> 
   Options for Robust Minimizer :: 
        Tolerance  0.1
        Strategy   0
        Type,Algo  Minuit2,Migrad
>>> method used is MultiDimFit
>>> random number generator seed is 123456
Warning! -- You haven't picked default values for the Parameters of Interest (either with --expectSignal or --setParameters) for generating toys. Combine will use the 'B-only' ModelConfig to generate, which may lead to undesired behaviour if not using the default Physics Model
SimNLL created with 4 channels, 0 generic constraints, 245 fast gaussian constraints, 0 fast poisson constraints, 0 fast group constraints, 

 --- MultiDimFit ---
Parameter impacts: 

 --- MultiDimFit ---
Parameter impacts: 
  Parameter                             :   Best-fit               r            
  CMS_scale_j_RelativeJEREC2_2016preVFP :   +0.000  -0.994/+0.994  -0.000/-0.000
Done in 1.02 min (cpu), 1.04 min (real)
 <<< Combine >>> 
   Options for Robust Minimizer :: 
        Tolerance  0.1
        Strategy   0
        Type,Algo  Minuit2,Migrad
>>> method used is MultiDimFit
>>> random number generator seed is 123456
  Parameter             :   Best-fit               r            
  CMS_scale_t_DM11_2017 :   +0.000  -0.992/+0.992  -0.016/-0.013
Done in 0.59 min (cpu), 0.59 min (real)
 <<< Combine >>> 
   Options for Robust Minimizer :: 
        Tolerance  0.1
        Strategy   0
        Type,Algo  Minuit2,Migrad
>>> method used is MultiDimFit
>>> random number generator seed is 123456
Warning! -- You haven't picked default values for the Parameters of Interest (either with --expectSignal or --setParameters) for generating toys. Combine will use the 'B-only' ModelConfig to generate, which may lead to undesired behaviour if not using the default Physics Model
SimNLL created with 4 channels, 0 generic constraints, 245 fast gaussian constraints, 0 fast poisson constraints, 0 fast group constraints, 
Warning! -- You haven't picked default values for the Parameters of Interest (either with --expectSignal or --setParameters) for generating toys. Combine will use the 'B-only' ModelConfig to generate, which may lead to undesired behaviour if not using the default Physics Model
SimNLL created with 4 channels, 0 generic constraints, 245 fast gaussian constraints, 0 fast poisson constraints, 0 fast group constraints, 

 --- MultiDimFit ---
Parameter impacts: 
  Parameter                      :   Best-fit               r            
  CMS_scale_j_RelativePtEC1_2018 :   +0.000  -0.993/+0.994  +0.009/+0.009
Done in 0.83 min (cpu), 0.84 min (real)
 <<< Combine >>> 
   Options for Robust Minimizer :: 
        Tolerance  0.1
        Strategy   0
        Type,Algo  Minuit2,Migrad
>>> method used is MultiDimFit
>>> random number generator seed is 123456

 --- MultiDimFit ---
Parameter impacts: 
Warning! -- You haven't picked default values for the Parameters of Interest (either with --expectSignal or --setParameters) for generating toys. Combine will use the 'B-only' ModelConfig to generate, which may lead to undesired behaviour if not using the default Physics Model
SimNLL created with 4 channels, 0 generic constraints, 245 fast gaussian constraints, 0 fast poisson constraints, 0 fast group constraints, 

 --- MultiDimFit ---
Parameter impacts: 
  Parameter            :   Best-fit               r            
  CMS_scale_t_DM0_2017 :   +0.000  -0.993/+0.994  +0.001/-0.005
Done in 0.92 min (cpu), 0.93 min (real)
 <<< Combine >>> 
   Options for Robust Minimizer :: 
        Tolerance  0.1
        Strategy   0
        Type,Algo  Minuit2,Migrad
>>> method used is MultiDimFit
>>> random number generator seed is 123456
  Parameter                  :   Best-fit               r            
  CMS_scale_j_SinglePionHCAL :   +0.000  -0.990/+0.991  -0.031/+0.036
Done in 1.01 min (cpu), 1.01 min (real)
 <<< Combine >>> 
   Options for Robust Minimizer :: 
        Tolerance  0.1
        Strategy   0
        Type,Algo  Minuit2,Migrad
>>> method used is MultiDimFit
>>> random number generator seed is 123456
Warning! -- You haven't picked default values for the Parameters of Interest (either with --expectSignal or --setParameters) for generating toys. Combine will use the 'B-only' ModelConfig to generate, which may lead to undesired behaviour if not using the default Physics Model
SimNLL created with 4 channels, 0 generic constraints, 245 fast gaussian constraints, 0 fast poisson constraints, 0 fast group constraints, 
Warning! -- You haven't picked default values for the Parameters of Interest (either with --expectSignal or --setParameters) for generating toys. Combine will use the 'B-only' ModelConfig to generate, which may lead to undesired behaviour if not using the default Physics Model
SimNLL created with 4 channels, 0 generic constraints, 245 fast gaussian constraints, 0 fast poisson constraints, 0 fast group constraints, 

 --- MultiDimFit ---
Parameter impacts: 

 --- MultiDimFit ---
Parameter impacts: 
  Parameter               :   Best-fit               r            
  CMS_scale_j_RelativeBal :   +0.000  -0.975/+0.982  -0.040/+0.012
Done in 0.96 min (cpu), 0.96 min (real)
 <<< Combine >>> 
   Options for Robust Minimizer :: 
        Tolerance  0.1
        Strategy   0
        Type,Algo  Minuit2,Migrad
>>> method used is MultiDimFit
>>> random number generator seed is 123456
  Parameter                       :   Best-fit               r            
  CMS_scale_j_RelativeSample_2017 :   +0.000  -0.992/+0.990  -0.005/+0.000
Done in 0.76 min (cpu), 0.76 min (real)
 <<< Combine >>> 
   Options for Robust Minimizer :: 
        Tolerance  0.1
        Strategy   0
        Type,Algo  Minuit2,Migrad
>>> method used is MultiDimFit
>>> random number generator seed is 123456
Warning! -- You haven't picked default values for the Parameters of Interest (either with --expectSignal or --setParameters) for generating toys. Combine will use the 'B-only' ModelConfig to generate, which may lead to undesired behaviour if not using the default Physics Model
Warning! -- You haven't picked default values for the Parameters of Interest (either with --expectSignal or --setParameters) for generating toys. Combine will use the 'B-only' ModelConfig to generate, which may lead to undesired behaviour if not using the default Physics Model
SimNLL created with 4 channels, 0 generic constraints, 245 fast gaussian constraints, 0 fast poisson constraints, 0 fast group constraints, 
SimNLL created with 4 channels, 0 generic constraints, 245 fast gaussian constraints, 0 fast poisson constraints, 0 fast group constraints, 

 --- MultiDimFit ---
Parameter impacts: 
  Parameter                        :   Best-fit               r            
  CMS_scale_j_RelativeStatFSR_2017 :   +0.000  -0.994/+0.994  +0.001/+0.000
Done in 0.90 min (cpu), 0.90 min (real)
 <<< Combine >>> 
   Options for Robust Minimizer :: 
        Tolerance  0.1
        Strategy   0
        Type,Algo  Minuit2,Migrad
>>> method used is MultiDimFit
>>> random number generator seed is 123456
Warning! -- You haven't picked default values for the Parameters of Interest (either with --expectSignal or --setParameters) for generating toys. Combine will use the 'B-only' ModelConfig to generate, which may lead to undesired behaviour if not using the default Physics Model
SimNLL created with 4 channels, 0 generic constraints, 245 fast gaussian constraints, 0 fast poisson constraints, 0 fast group constraints, 

 --- MultiDimFit ---
Parameter impacts: 
  Parameter             :   Best-fit               r            
  CMS_scale_t_DM11_2018 :   +0.000  -0.994/+0.994  -0.002/-0.003
Done in 0.86 min (cpu), 0.86 min (real)
 <<< Combine >>> 
   Options for Robust Minimizer :: 
        Tolerance  0.1
        Strategy   0
        Type,Algo  Minuit2,Migrad
>>> method used is MultiDimFit
>>> random number generator seed is 123456
Warning! -- You haven't picked default values for the Parameters of Interest (either with --expectSignal or --setParameters) for generating toys. Combine will use the 'B-only' ModelConfig to generate, which may lead to undesired behaviour if not using the default Physics Model
SimNLL created with 4 channels, 0 generic constraints, 245 fast gaussian constraints, 0 fast poisson constraints, 0 fast group constraints, 

 --- MultiDimFit ---
Parameter impacts: 
  Parameter                       :   Best-fit               r            
  CMS_scale_j_RelativeJEREC2_2017 :   +0.000  -0.994/+0.994  +0.000/+0.000
Done in 0.99 min (cpu), 0.99 min (real)
 <<< Combine >>> 
   Options for Robust Minimizer :: 
        Tolerance  0.1
        Strategy   0
        Type,Algo  Minuit2,Migrad
>>> method used is MultiDimFit
>>> random number generator seed is 123456
Warning! -- You haven't picked default values for the Parameters of Interest (either with --expectSignal or --setParameters) for generating toys. Combine will use the 'B-only' ModelConfig to generate, which may lead to undesired behaviour if not using the default Physics Model
SimNLL created with 4 channels, 0 generic constraints, 245 fast gaussian constraints, 0 fast poisson constraints, 0 fast group constraints, 

 --- MultiDimFit ---
Parameter impacts: 

 --- MultiDimFit ---
Parameter impacts: 
  Parameter            :   Best-fit               r            
  CMS_scale_t_DM0_2018 :   +0.000  -0.994/+0.994  +0.006/-0.002
Done in 0.86 min (cpu), 0.86 min (real)
 <<< Combine >>> 
   Options for Robust Minimizer :: 
        Tolerance  0.1
        Strategy   0
        Type,Algo  Minuit2,Migrad
>>> method used is MultiDimFit
>>> random number generator seed is 123456

 --- MultiDimFit ---
Parameter impacts: 
Warning! -- You haven't picked default values for the Parameters of Interest (either with --expectSignal or --setParameters) for generating toys. Combine will use the 'B-only' ModelConfig to generate, which may lead to undesired behaviour if not using the default Physics Model
SimNLL created with 4 channels, 0 generic constraints, 245 fast gaussian constraints, 0 fast poisson constraints, 0 fast group constraints, 
  Parameter                             :   Best-fit               r            
  CMS_scale_j_RelativePtEC2_2016postVFP :   +0.000  -0.994/+0.994  -0.000/-0.000
Done in 1.01 min (cpu), 1.02 min (real)
 <<< Combine >>> 
   Options for Robust Minimizer :: 
        Tolerance  0.1
        Strategy   0
        Type,Algo  Minuit2,Migrad
>>> method used is MultiDimFit
>>> random number generator seed is 123456
  Parameter             :   Best-fit               r            
  CMS_scale_j_TimePtEta :   +0.000  -0.974/+0.963  -0.015/+0.072
Done in 0.90 min (cpu), 0.90 min (real)
 <<< Combine >>> 
   Options for Robust Minimizer :: 
        Tolerance  0.1
        Strategy   0
        Type,Algo  Minuit2,Migrad
>>> method used is MultiDimFit
>>> random number generator seed is 123456
Warning! -- You haven't picked default values for the Parameters of Interest (either with --expectSignal or --setParameters) for generating toys. Combine will use the 'B-only' ModelConfig to generate, which may lead to undesired behaviour if not using the default Physics Model
SimNLL created with 4 channels, 0 generic constraints, 245 fast gaussian constraints, 0 fast poisson constraints, 0 fast group constraints, 
Warning! -- You haven't picked default values for the Parameters of Interest (either with --expectSignal or --setParameters) for generating toys. Combine will use the 'B-only' ModelConfig to generate, which may lead to undesired behaviour if not using the default Physics Model
SimNLL created with 4 channels, 0 generic constraints, 245 fast gaussian constraints, 0 fast poisson constraints, 0 fast group constraints, 

 --- MultiDimFit ---
Parameter impacts: 

 --- MultiDimFit ---
Parameter impacts: 
  Parameter                       :   Best-fit               r            
  CMS_scale_j_RelativeSample_2018 :   +0.000  -0.974/+0.969  -0.073/+0.100
Done in 0.88 min (cpu), 0.88 min (real)
 <<< Combine >>> 
   Options for Robust Minimizer :: 
        Tolerance  0.1
        Strategy   0
        Type,Algo  Minuit2,Migrad
>>> method used is MultiDimFit
>>> random number generator seed is 123456
  Parameter               :   Best-fit               r            
  CMS_scale_j_RelativeFSR :   +0.000  -0.981/+0.981  -0.033/+0.050
Done in 0.92 min (cpu), 0.92 min (real)
 <<< Combine >>> 
   Options for Robust Minimizer :: 
        Tolerance  0.1
        Strategy   0
        Type,Algo  Minuit2,Migrad
>>> method used is MultiDimFit
>>> random number generator seed is 123456
Warning! -- You haven't picked default values for the Parameters of Interest (either with --expectSignal or --setParameters) for generating toys. Combine will use the 'B-only' ModelConfig to generate, which may lead to undesired behaviour if not using the default Physics Model
SimNLL created with 4 channels, 0 generic constraints, 245 fast gaussian constraints, 0 fast poisson constraints, 0 fast group constraints, 
Warning! -- You haven't picked default values for the Parameters of Interest (either with --expectSignal or --setParameters) for generating toys. Combine will use the 'B-only' ModelConfig to generate, which may lead to undesired behaviour if not using the default Physics Model
SimNLL created with 4 channels, 0 generic constraints, 245 fast gaussian constraints, 0 fast poisson constraints, 0 fast group constraints, 

 --- MultiDimFit ---
Parameter impacts: 
  Parameter                        :   Best-fit               r            
  CMS_scale_j_RelativeStatFSR_2018 :   +0.000  -0.994/+0.994  +0.004/-0.002
Done in 0.86 min (cpu), 0.86 min (real)
 <<< Combine >>> 
   Options for Robust Minimizer :: 
        Tolerance  0.1
        Strategy   0
        Type,Algo  Minuit2,Migrad
>>> method used is MultiDimFit
>>> random number generator seed is 123456
Warning! -- You haven't picked default values for the Parameters of Interest (either with --expectSignal or --setParameters) for generating toys. Combine will use the 'B-only' ModelConfig to generate, which may lead to undesired behaviour if not using the default Physics Model
SimNLL created with 4 channels, 0 generic constraints, 245 fast gaussian constraints, 0 fast poisson constraints, 0 fast group constraints, 

 --- MultiDimFit ---
Parameter impacts: 
  Parameter                   :   Best-fit               r            
  CMS_scale_t_DM1_2016postVFP :   +0.000  -0.994/+0.989  -0.003/-0.005
Done in 0.95 min (cpu), 0.96 min (real)
 <<< Combine >>> 
   Options for Robust Minimizer :: 
        Tolerance  0.1
        Strategy   0
        Type,Algo  Minuit2,Migrad
>>> method used is MultiDimFit
>>> random number generator seed is 123456
Warning! -- You haven't picked default values for the Parameters of Interest (either with --expectSignal or --setParameters) for generating toys. Combine will use the 'B-only' ModelConfig to generate, which may lead to undesired behaviour if not using the default Physics Model
SimNLL created with 4 channels, 0 generic constraints, 245 fast gaussian constraints, 0 fast poisson constraints, 0 fast group constraints, 

 --- MultiDimFit ---
Parameter impacts: 

 --- MultiDimFit ---
Parameter impacts: 

 --- MultiDimFit ---
Parameter impacts: 
  Parameter                    :   Best-fit               r            
  CMS_scale_t_DM10_2016postVFP :   +0.000  -0.992/+0.991  -0.005/-0.003
Done in 0.86 min (cpu), 0.86 min (real)
 <<< Combine >>> 
   Options for Robust Minimizer :: 
        Tolerance  0.1
        Strategy   0
        Type,Algo  Minuit2,Migrad
>>> method used is MultiDimFit
>>> random number generator seed is 123456
  Parameter                       :   Best-fit               r            
  CMS_scale_j_RelativeJEREC2_2018 :   +0.000  -0.994/+0.994  +0.000/+0.000
Done in 1.00 min (cpu), 1.01 min (real)
 <<< Combine >>> 
   Options for Robust Minimizer :: 
        Tolerance  0.1
        Strategy   0
        Type,Algo  Minuit2,Migrad
>>> method used is MultiDimFit
>>> random number generator seed is 123456
Warning! -- You haven't picked default values for the Parameters of Interest (either with --expectSignal or --setParameters) for generating toys. Combine will use the 'B-only' ModelConfig to generate, which may lead to undesired behaviour if not using the default Physics Model
SimNLL created with 4 channels, 0 generic constraints, 245 fast gaussian constraints, 0 fast poisson constraints, 0 fast group constraints, 
  Parameter                                    :   Best-fit               r            
  CMS_scale_met_unclustered_energy_2016postVFP :   +0.000  -0.993/+0.993  +0.001/+0.005
Done in 0.83 min (cpu), 0.84 min (real)
 <<< Combine >>> 
   Options for Robust Minimizer :: 
        Tolerance  0.1
        Strategy   0
        Type,Algo  Minuit2,Migrad
>>> method used is MultiDimFit
>>> random number generator seed is 123456
Warning! -- You haven't picked default values for the Parameters of Interest (either with --expectSignal or --setParameters) for generating toys. Combine will use the 'B-only' ModelConfig to generate, which may lead to undesired behaviour if not using the default Physics Model
SimNLL created with 4 channels, 0 generic constraints, 245 fast gaussian constraints, 0 fast poisson constraints, 0 fast group constraints, 
Warning! -- You haven't picked default values for the Parameters of Interest (either with --expectSignal or --setParameters) for generating toys. Combine will use the 'B-only' ModelConfig to generate, which may lead to undesired behaviour if not using the default Physics Model
SimNLL created with 4 channels, 0 generic constraints, 245 fast gaussian constraints, 0 fast poisson constraints, 0 fast group constraints, 

 --- MultiDimFit ---
Parameter impacts: 
  Parameter                            :   Best-fit               r            
  CMS_scale_j_RelativePtEC2_2016preVFP :   +0.000  -0.994/+0.994  -0.000/-0.000
Done in 0.99 min (cpu), 1.00 min (real)
 <<< Combine >>> 
   Options for Robust Minimizer :: 
        Tolerance  0.1
        Strategy   0
        Type,Algo  Minuit2,Migrad
>>> method used is MultiDimFit
>>> random number generator seed is 123456
Warning! -- You haven't picked default values for the Parameters of Interest (either with --expectSignal or --setParameters) for generating toys. Combine will use the 'B-only' ModelConfig to generate, which may lead to undesired behaviour if not using the default Physics Model
SimNLL created with 4 channels, 0 generic constraints, 245 fast gaussian constraints, 0 fast poisson constraints, 0 fast group constraints, 

 --- MultiDimFit ---
Parameter impacts: 
  Parameter                              :   Best-fit               r            
  CMS_scale_j_RelativeStatEC_2016postVFP :   +0.000  -0.994/+0.994  +0.001/+0.001
Done in 0.86 min (cpu), 0.86 min (real)
 <<< Combine >>> 
   Options for Robust Minimizer :: 
        Tolerance  0.1
        Strategy   0
        Type,Algo  Minuit2,Migrad
>>> method used is MultiDimFit
>>> random number generator seed is 123456
Warning! -- You haven't picked default values for the Parameters of Interest (either with --expectSignal or --setParameters) for generating toys. Combine will use the 'B-only' ModelConfig to generate, which may lead to undesired behaviour if not using the default Physics Model
SimNLL created with 4 channels, 0 generic constraints, 245 fast gaussian constraints, 0 fast poisson constraints, 0 fast group constraints, 

 --- MultiDimFit ---
Parameter impacts: 
  Parameter                              :   Best-fit               r            
  CMS_scale_j_RelativeJEREC1_2016postVFP :   +0.000  -0.990/+0.989  +0.010/-0.002
Done in 0.94 min (cpu), 0.95 min (real)
 <<< Combine >>> 
   Options for Robust Minimizer :: 
        Tolerance  0.1
        Strategy   0
        Type,Algo  Minuit2,Migrad
>>> method used is MultiDimFit
>>> random number generator seed is 123456
Warning! -- You haven't picked default values for the Parameters of Interest (either with --expectSignal or --setParameters) for generating toys. Combine will use the 'B-only' ModelConfig to generate, which may lead to undesired behaviour if not using the default Physics Model
SimNLL created with 4 channels, 0 generic constraints, 245 fast gaussian constraints, 0 fast poisson constraints, 0 fast group constraints, 

 --- MultiDimFit ---
Parameter impacts: 
  Parameter                              :   Best-fit               r            
  CMS_scale_j_RelativeStatHF_2016postVFP :   +0.000  -0.994/+0.994  -0.000/-0.000
Done in 1.01 min (cpu), 1.02 min (real)
 <<< Combine >>> 
   Options for Robust Minimizer :: 
        Tolerance  0.1
        Strategy   0
        Type,Algo  Minuit2,Migrad
>>> method used is MultiDimFit
>>> random number generator seed is 123456

 --- MultiDimFit ---
Parameter impacts: 

 --- MultiDimFit ---
Parameter impacts: 
Warning! -- You haven't picked default values for the Parameters of Interest (either with --expectSignal or --setParameters) for generating toys. Combine will use the 'B-only' ModelConfig to generate, which may lead to undesired behaviour if not using the default Physics Model
SimNLL created with 4 channels, 0 generic constraints, 245 fast gaussian constraints, 0 fast poisson constraints, 0 fast group constraints, 
  Parameter                  :   Best-fit               r            
  CMS_scale_t_DM1_2016preVFP :   +0.000  -0.992/+0.991  +0.006/-0.019
Done in 0.85 min (cpu), 0.86 min (real)
 <<< Combine >>> 
   Options for Robust Minimizer :: 
        Tolerance  0.1
        Strategy   0
        Type,Algo  Minuit2,Migrad
>>> method used is MultiDimFit
>>> random number generator seed is 123456
  Parameter                   :   Best-fit               r            
  CMS_scale_t_DM10_2016preVFP :   +0.000  -0.994/+0.992  -0.006/-0.007
Done in 0.74 min (cpu), 0.75 min (real)
 <<< Combine >>> 
   Options for Robust Minimizer :: 
        Tolerance  0.1
        Strategy   0
        Type,Algo  Minuit2,Migrad
>>> method used is MultiDimFit
>>> random number generator seed is 123456
Warning! -- You haven't picked default values for the Parameters of Interest (either with --expectSignal or --setParameters) for generating toys. Combine will use the 'B-only' ModelConfig to generate, which may lead to undesired behaviour if not using the default Physics Model
Warning! -- You haven't picked default values for the Parameters of Interest (either with --expectSignal or --setParameters) for generating toys. Combine will use the 'B-only' ModelConfig to generate, which may lead to undesired behaviour if not using the default Physics Model
SimNLL created with 4 channels, 0 generic constraints, 245 fast gaussian constraints, 0 fast poisson constraints, 0 fast group constraints, 
SimNLL created with 4 channels, 0 generic constraints, 245 fast gaussian constraints, 0 fast poisson constraints, 0 fast group constraints, 

 --- MultiDimFit ---
Parameter impacts: 
  Parameter                 :   Best-fit               r            
  CMS_scale_j_RelativeJERHF :   +0.000  -0.994/+0.994  -0.000/-0.000
Done in 0.97 min (cpu), 0.97 min (real)
 <<< Combine >>> 
   Options for Robust Minimizer :: 
        Tolerance  0.1
        Strategy   0
        Type,Algo  Minuit2,Migrad
>>> method used is MultiDimFit
>>> random number generator seed is 123456
Warning! -- You haven't picked default values for the Parameters of Interest (either with --expectSignal or --setParameters) for generating toys. Combine will use the 'B-only' ModelConfig to generate, which may lead to undesired behaviour if not using the default Physics Model
SimNLL created with 4 channels, 0 generic constraints, 245 fast gaussian constraints, 0 fast poisson constraints, 0 fast group constraints, 

 --- MultiDimFit ---
Parameter impacts: 
  Parameter                                   :   Best-fit               r            
  CMS_scale_met_unclustered_energy_2016preVFP :   +0.000  -0.975/+0.986  +0.025/-0.008
Done in 1.08 min (cpu), 1.08 min (real)
 <<< Combine >>> 
   Options for Robust Minimizer :: 
        Tolerance  0.1
        Strategy   0
        Type,Algo  Minuit2,Migrad
>>> method used is MultiDimFit
>>> random number generator seed is 123456

 --- MultiDimFit ---
Parameter impacts: 
Warning! -- You haven't picked default values for the Parameters of Interest (either with --expectSignal or --setParameters) for generating toys. Combine will use the 'B-only' ModelConfig to generate, which may lead to undesired behaviour if not using the default Physics Model
SimNLL created with 4 channels, 0 generic constraints, 245 fast gaussian constraints, 0 fast poisson constraints, 0 fast group constraints, 

 --- MultiDimFit ---
Parameter impacts: 
  Parameter                      :   Best-fit               r            
  CMS_scale_j_RelativePtEC2_2017 :   +0.000  -0.994/+0.994  +0.000/+0.000
Done in 1.01 min (cpu), 1.03 min (real)
 <<< Combine >>> 
   Options for Robust Minimizer :: 
        Tolerance  0.1
        Strategy   0
        Type,Algo  Minuit2,Migrad
>>> method used is MultiDimFit
>>> random number generator seed is 123456

 --- MultiDimFit ---
Parameter impacts: 
Warning! -- You haven't picked default values for the Parameters of Interest (either with --expectSignal or --setParameters) for generating toys. Combine will use the 'B-only' ModelConfig to generate, which may lead to undesired behaviour if not using the default Physics Model
SimNLL created with 4 channels, 0 generic constraints, 245 fast gaussian constraints, 0 fast poisson constraints, 0 fast group constraints, 
  Parameter                             :   Best-fit               r            
  CMS_scale_j_RelativeStatEC_2016preVFP :   +0.000  -0.994/+0.991  +0.001/-0.004
Done in 0.92 min (cpu), 0.92 min (real)
 <<< Combine >>> 
   Options for Robust Minimizer :: 
        Tolerance  0.1
        Strategy   0
        Type,Algo  Minuit2,Migrad
>>> method used is MultiDimFit
>>> random number generator seed is 123456
Warning! -- You haven't picked default values for the Parameters of Interest (either with --expectSignal or --setParameters) for generating toys. Combine will use the 'B-only' ModelConfig to generate, which may lead to undesired behaviour if not using the default Physics Model
SimNLL created with 4 channels, 0 generic constraints, 245 fast gaussian constraints, 0 fast poisson constraints, 0 fast group constraints, 
  Parameter                             :   Best-fit               r            
  CMS_scale_j_RelativeJEREC1_2016preVFP :   +0.000  -0.993/+0.993  +0.002/-0.003
Done in 0.84 min (cpu), 0.84 min (real)
 <<< Combine >>> 
   Options for Robust Minimizer :: 
        Tolerance  0.1
        Strategy   0
        Type,Algo  Minuit2,Migrad
>>> method used is MultiDimFit
>>> random number generator seed is 123456
Warning! -- You haven't picked default values for the Parameters of Interest (either with --expectSignal or --setParameters) for generating toys. Combine will use the 'B-only' ModelConfig to generate, which may lead to undesired behaviour if not using the default Physics Model
SimNLL created with 4 channels, 0 generic constraints, 245 fast gaussian constraints, 0 fast poisson constraints, 0 fast group constraints, 

 --- MultiDimFit ---
Parameter impacts: 

 --- MultiDimFit ---
Parameter impacts: 
  Parameter                             :   Best-fit               r            
  CMS_scale_j_RelativeStatHF_2016preVFP :   +0.000  -0.994/+0.994  -0.000/-0.000
Done in 1.02 min (cpu), 1.03 min (real)
  Parameter            :   Best-fit               r            
  CMS_scale_t_DM1_2017 :   +0.000  -0.992/+0.991  -0.014/-0.009
Done in 0.94 min (cpu), 0.95 min (real)
 <<< Combine >>> 
   Options for Robust Minimizer :: 
        Tolerance  0.1
        Strategy   0
        Type,Algo  Minuit2,Migrad
>>> method used is MultiDimFit
>>> random number generator seed is 123456
 <<< Combine >>> 
   Options for Robust Minimizer :: 
        Tolerance  0.1
        Strategy   0
        Type,Algo  Minuit2,Migrad
>>> method used is MultiDimFit
>>> random number generator seed is 123456
Warning! -- You haven't picked default values for the Parameters of Interest (either with --expectSignal or --setParameters) for generating toys. Combine will use the 'B-only' ModelConfig to generate, which may lead to undesired behaviour if not using the default Physics Model
Warning! -- You haven't picked default values for the Parameters of Interest (either with --expectSignal or --setParameters) for generating toys. Combine will use the 'B-only' ModelConfig to generate, which may lead to undesired behaviour if not using the default Physics Model
SimNLL created with 4 channels, 0 generic constraints, 245 fast gaussian constraints, 0 fast poisson constraints, 0 fast group constraints, 
SimNLL created with 4 channels, 0 generic constraints, 245 fast gaussian constraints, 0 fast poisson constraints, 0 fast group constraints, 

 --- MultiDimFit ---
Parameter impacts: 
  Parameter             :   Best-fit               r            
  CMS_scale_t_DM10_2017 :   +0.000  -0.992/+0.991  -0.011/-0.015
Done in 1.07 min (cpu), 1.08 min (real)
 <<< Combine >>> 
   Options for Robust Minimizer :: 
        Tolerance  0.1
        Strategy   0
        Type,Algo  Minuit2,Migrad
>>> method used is MultiDimFit
>>> random number generator seed is 123456
Warning! -- You haven't picked default values for the Parameters of Interest (either with --expectSignal or --setParameters) for generating toys. Combine will use the 'B-only' ModelConfig to generate, which may lead to undesired behaviour if not using the default Physics Model
SimNLL created with 4 channels, 0 generic constraints, 245 fast gaussian constraints, 0 fast poisson constraints, 0 fast group constraints, 

 --- MultiDimFit ---
Parameter impacts: 

 --- MultiDimFit ---
Parameter impacts: 
  Parameter                             :   Best-fit               r            
  CMS_scale_met_unclustered_energy_2017 :   +0.000  -0.993/+0.989  -0.013/-0.007
Done in 0.85 min (cpu), 0.85 min (real)

 --- MultiDimFit ---
Parameter impacts: 
 <<< Combine >>> 
   Options for Robust Minimizer :: 
        Tolerance  0.1
        Strategy   0
        Type,Algo  Minuit2,Migrad
>>> method used is MultiDimFit
>>> random number generator seed is 123456
  Parameter                       :   Best-fit               r            
  CMS_scale_j_RelativeStatEC_2017 :   +0.000  -0.994/+0.992  +0.001/-0.005
Done in 0.72 min (cpu), 0.72 min (real)
 <<< Combine >>> 
   Options for Robust Minimizer :: 
        Tolerance  0.1
        Strategy   0
        Type,Algo  Minuit2,Migrad
>>> method used is MultiDimFit
>>> random number generator seed is 123456
Warning! -- You haven't picked default values for the Parameters of Interest (either with --expectSignal or --setParameters) for generating toys. Combine will use the 'B-only' ModelConfig to generate, which may lead to undesired behaviour if not using the default Physics Model
SimNLL created with 4 channels, 0 generic constraints, 245 fast gaussian constraints, 0 fast poisson constraints, 0 fast group constraints, 
Warning! -- You haven't picked default values for the Parameters of Interest (either with --expectSignal or --setParameters) for generating toys. Combine will use the 'B-only' ModelConfig to generate, which may lead to undesired behaviour if not using the default Physics Model
SimNLL created with 4 channels, 0 generic constraints, 245 fast gaussian constraints, 0 fast poisson constraints, 0 fast group constraints, 
  Parameter                :   Best-fit               r            
  CMS_scale_j_RelativePtBB :   +0.000  -0.992/+0.990  -0.016/+0.012
Done in 1.04 min (cpu), 1.05 min (real)
 <<< Combine >>> 
   Options for Robust Minimizer :: 
        Tolerance  0.1
        Strategy   0
        Type,Algo  Minuit2,Migrad
>>> method used is MultiDimFit
>>> random number generator seed is 123456

 --- MultiDimFit ---
Parameter impacts: 
Warning! -- You haven't picked default values for the Parameters of Interest (either with --expectSignal or --setParameters) for generating toys. Combine will use the 'B-only' ModelConfig to generate, which may lead to undesired behaviour if not using the default Physics Model
SimNLL created with 4 channels, 0 generic constraints, 245 fast gaussian constraints, 0 fast poisson constraints, 0 fast group constraints, 
  Parameter                       :   Best-fit               r            
  CMS_scale_j_RelativeJEREC1_2017 :   +0.000  -0.993/+0.993  -0.002/+0.001
Done in 0.80 min (cpu), 0.80 min (real)
 <<< Combine >>> 
   Options for Robust Minimizer :: 
        Tolerance  0.1
        Strategy   0
        Type,Algo  Minuit2,Migrad
>>> method used is MultiDimFit
>>> random number generator seed is 123456
Warning! -- You haven't picked default values for the Parameters of Interest (either with --expectSignal or --setParameters) for generating toys. Combine will use the 'B-only' ModelConfig to generate, which may lead to undesired behaviour if not using the default Physics Model
SimNLL created with 4 channels, 0 generic constraints, 245 fast gaussian constraints, 0 fast poisson constraints, 0 fast group constraints, 

 --- MultiDimFit ---
Parameter impacts: 
  Parameter                      :   Best-fit               r            
  CMS_scale_j_RelativePtEC2_2018 :   +0.000  -0.994/+0.994  +0.000/+0.000
Done in 1.02 min (cpu), 1.03 min (real)
 <<< Combine >>> 
   Options for Robust Minimizer :: 
        Tolerance  0.1
        Strategy   0
        Type,Algo  Minuit2,Migrad
>>> method used is MultiDimFit
>>> random number generator seed is 123456
Warning! -- You haven't picked default values for the Parameters of Interest (either with --expectSignal or --setParameters) for generating toys. Combine will use the 'B-only' ModelConfig to generate, which may lead to undesired behaviour if not using the default Physics Model
SimNLL created with 4 channels, 0 generic constraints, 245 fast gaussian constraints, 0 fast poisson constraints, 0 fast group constraints, 

 --- MultiDimFit ---
Parameter impacts: 
  Parameter            :   Best-fit               r            
  CMS_scale_t_DM1_2018 :   +0.000  -0.994/+0.993  +0.001/-0.006
Done in 0.83 min (cpu), 0.83 min (real)
 <<< Combine >>> 
   Options for Robust Minimizer :: 
        Tolerance  0.1
        Strategy   0
        Type,Algo  Minuit2,Migrad
>>> method used is MultiDimFit
>>> random number generator seed is 123456
Warning! -- You haven't picked default values for the Parameters of Interest (either with --expectSignal or --setParameters) for generating toys. Combine will use the 'B-only' ModelConfig to generate, which may lead to undesired behaviour if not using the default Physics Model
SimNLL created with 4 channels, 0 generic constraints, 245 fast gaussian constraints, 0 fast poisson constraints, 0 fast group constraints, 

 --- MultiDimFit ---
Parameter impacts: 

 --- MultiDimFit ---
Parameter impacts: 

 --- MultiDimFit ---
Parameter impacts: 
  Parameter                       :   Best-fit               r            
  CMS_scale_j_RelativeStatHF_2017 :   +0.000  -0.994/+0.994  +0.000/+0.000
Done in 0.96 min (cpu), 0.97 min (real)
 <<< Combine >>> 
   Options for Robust Minimizer :: 
        Tolerance  0.1
        Strategy   0
        Type,Algo  Minuit2,Migrad
>>> method used is MultiDimFit
>>> random number generator seed is 123456
  Parameter             :   Best-fit               r            
  CMS_scale_t_DM10_2018 :   +0.000  -0.994/+0.993  +0.002/+0.004
Done in 0.87 min (cpu), 0.87 min (real)
 <<< Combine >>> 
   Options for Robust Minimizer :: 
        Tolerance  0.1
        Strategy   0
        Type,Algo  Minuit2,Migrad
>>> method used is MultiDimFit
>>> random number generator seed is 123456
  Parameter                       :   Best-fit               r            
  CMS_scale_j_RelativeStatEC_2018 :   +0.000  -0.994/+0.992  +0.007/+0.000
Done in 0.71 min (cpu), 0.71 min (real)
 <<< Combine >>> 
   Options for Robust Minimizer :: 
        Tolerance  0.1
        Strategy   0
        Type,Algo  Minuit2,Migrad
>>> method used is MultiDimFit
>>> random number generator seed is 123456
Warning! -- You haven't picked default values for the Parameters of Interest (either with --expectSignal or --setParameters) for generating toys. Combine will use the 'B-only' ModelConfig to generate, which may lead to undesired behaviour if not using the default Physics Model
SimNLL created with 4 channels, 0 generic constraints, 245 fast gaussian constraints, 0 fast poisson constraints, 0 fast group constraints, 
Warning! -- You haven't picked default values for the Parameters of Interest (either with --expectSignal or --setParameters) for generating toys. Combine will use the 'B-only' ModelConfig to generate, which may lead to undesired behaviour if not using the default Physics Model
SimNLL created with 4 channels, 0 generic constraints, 245 fast gaussian constraints, 0 fast poisson constraints, 0 fast group constraints, 
Warning! -- You haven't picked default values for the Parameters of Interest (either with --expectSignal or --setParameters) for generating toys. Combine will use the 'B-only' ModelConfig to generate, which may lead to undesired behaviour if not using the default Physics Model
SimNLL created with 4 channels, 0 generic constraints, 245 fast gaussian constraints, 0 fast poisson constraints, 0 fast group constraints, 

 --- MultiDimFit ---
Parameter impacts: 
  Parameter                             :   Best-fit               r            
  CMS_scale_met_unclustered_energy_2018 :   +0.000  -0.992/+0.993  +0.007/+0.007
Done in 0.91 min (cpu), 0.92 min (real)
 <<< Combine >>> 
   Options for Robust Minimizer :: 
        Tolerance  0.1
        Strategy   0
        Type,Algo  Minuit2,Migrad
>>> method used is MultiDimFit
>>> random number generator seed is 123456

 --- MultiDimFit ---
Parameter impacts: 
Warning! -- You haven't picked default values for the Parameters of Interest (either with --expectSignal or --setParameters) for generating toys. Combine will use the 'B-only' ModelConfig to generate, which may lead to undesired behaviour if not using the default Physics Model
SimNLL created with 4 channels, 0 generic constraints, 245 fast gaussian constraints, 0 fast poisson constraints, 0 fast group constraints, 
  Parameter                       :   Best-fit               r            
  CMS_scale_j_RelativeJEREC1_2018 :   +0.000  -0.994/+0.993  +0.011/+0.007
Done in 0.85 min (cpu), 0.86 min (real)
 <<< Combine >>> 
   Options for Robust Minimizer :: 
        Tolerance  0.1
        Strategy   0
        Type,Algo  Minuit2,Migrad
>>> method used is MultiDimFit
>>> random number generator seed is 123456

 --- MultiDimFit ---
Parameter impacts: 
Warning! -- You haven't picked default values for the Parameters of Interest (either with --expectSignal or --setParameters) for generating toys. Combine will use the 'B-only' ModelConfig to generate, which may lead to undesired behaviour if not using the default Physics Model
SimNLL created with 4 channels, 0 generic constraints, 245 fast gaussian constraints, 0 fast poisson constraints, 0 fast group constraints, 
  Parameter                             :   Best-fit               r            
  CMS_scale_j_RelativePtEC1_2016postVFP :   +0.000  -0.994/+0.994  -0.000/+0.000
Done in 1.02 min (cpu), 1.03 min (real)
 <<< Combine >>> 
   Options for Robust Minimizer :: 
        Tolerance  0.1
        Strategy   0
        Type,Algo  Minuit2,Migrad
>>> method used is MultiDimFit
>>> random number generator seed is 123456
Warning! -- You haven't picked default values for the Parameters of Interest (either with --expectSignal or --setParameters) for generating toys. Combine will use the 'B-only' ModelConfig to generate, which may lead to undesired behaviour if not using the default Physics Model
SimNLL created with 4 channels, 0 generic constraints, 245 fast gaussian constraints, 0 fast poisson constraints, 0 fast group constraints, 

 --- MultiDimFit ---
Parameter impacts: 
  Parameter                :   Best-fit               r            
  CMS_scale_j_RelativePtHF :   +0.000  -0.994/+0.994  -0.000/-0.000
Done in 0.99 min (cpu), 1.00 min (real)
 <<< Combine >>> 
   Options for Robust Minimizer :: 
        Tolerance  0.1
        Strategy   0
        Type,Algo  Minuit2,Migrad
>>> method used is MultiDimFit
>>> random number generator seed is 123456
Warning! -- You haven't picked default values for the Parameters of Interest (either with --expectSignal or --setParameters) for generating toys. Combine will use the 'B-only' ModelConfig to generate, which may lead to undesired behaviour if not using the default Physics Model
SimNLL created with 4 channels, 0 generic constraints, 245 fast gaussian constraints, 0 fast poisson constraints, 0 fast group constraints, 

 --- MultiDimFit ---
Parameter impacts: 
  Parameter              :   Best-fit               r            
  QCDscale_fac_singleTop :   +0.000  -0.994/+0.994  -0.004/+0.003
Done in 0.85 min (cpu), 0.85 min (real)
 <<< Combine >>> 
   Options for Robust Minimizer :: 
        Tolerance  0.1
        Strategy   0
        Type,Algo  Minuit2,Migrad
>>> method used is MultiDimFit
>>> random number generator seed is 123456
Warning! -- You haven't picked default values for the Parameters of Interest (either with --expectSignal or --setParameters) for generating toys. Combine will use the 'B-only' ModelConfig to generate, which may lead to undesired behaviour if not using the default Physics Model
SimNLL created with 4 channels, 0 generic constraints, 245 fast gaussian constraints, 0 fast poisson constraints, 0 fast group constraints, 

 --- MultiDimFit ---
Parameter impacts: 

 --- MultiDimFit ---
Parameter impacts: 

 --- MultiDimFit ---
Parameter impacts: 
  Parameter                    :   Best-fit               r            
  CMS_scale_t_DM11_2016postVFP :   +0.000  -0.992/+0.991  -0.003/-0.003
Done in 0.95 min (cpu), 0.95 min (real)
 <<< Combine >>> 
   Options for Robust Minimizer :: 
        Tolerance  0.1
        Strategy   0
        Type,Algo  Minuit2,Migrad
>>> method used is MultiDimFit
>>> random number generator seed is 123456

 --- MultiDimFit ---
Parameter impacts: 
  Parameter                               :   Best-fit               r            
  CMS_scale_j_RelativeStatFSR_2016postVFP :   +0.000  -0.994/+0.994  +0.001/-0.001
Done in 0.98 min (cpu), 0.99 min (real)
  Parameter                       :   Best-fit               r            
  CMS_scale_j_RelativeStatHF_2018 :   +0.000  -0.994/+0.994  +0.000/+0.000
Done in 1.02 min (cpu), 1.03 min (real)
 <<< Combine >>> 
   Options for Robust Minimizer :: 
        Tolerance  0.1
        Strategy   0
        Type,Algo  Minuit2,Migrad
>>> method used is MultiDimFit
>>> random number generator seed is 123456
 <<< Combine >>> 
   Options for Robust Minimizer :: 
        Tolerance  0.1
        Strategy   0
        Type,Algo  Minuit2,Migrad
>>> method used is MultiDimFit
>>> random number generator seed is 123456
Warning! -- You haven't picked default values for the Parameters of Interest (either with --expectSignal or --setParameters) for generating toys. Combine will use the 'B-only' ModelConfig to generate, which may lead to undesired behaviour if not using the default Physics Model
SimNLL created with 4 channels, 0 generic constraints, 245 fast gaussian constraints, 0 fast poisson constraints, 0 fast group constraints, 
  Parameter                   :   Best-fit               r            
  CMS_scale_t_DM0_2016postVFP :   +0.000  -0.992/+0.992  +0.006/+0.002
Done in 0.81 min (cpu), 0.81 min (real)
 <<< Combine >>> 
   Options for Robust Minimizer :: 
        Tolerance  0.1
        Strategy   0
        Type,Algo  Minuit2,Migrad
>>> method used is MultiDimFit
>>> random number generator seed is 123456
Warning! -- You haven't picked default values for the Parameters of Interest (either with --expectSignal or --setParameters) for generating toys. Combine will use the 'B-only' ModelConfig to generate, which may lead to undesired behaviour if not using the default Physics Model
Warning! -- You haven't picked default values for the Parameters of Interest (either with --expectSignal or --setParameters) for generating toys. Combine will use the 'B-only' ModelConfig to generate, which may lead to undesired behaviour if not using the default Physics Model
SimNLL created with 4 channels, 0 generic constraints, 245 fast gaussian constraints, 0 fast poisson constraints, 0 fast group constraints, 
SimNLL created with 4 channels, 0 generic constraints, 245 fast gaussian constraints, 0 fast poisson constraints, 0 fast group constraints, 
Warning! -- You haven't picked default values for the Parameters of Interest (either with --expectSignal or --setParameters) for generating toys. Combine will use the 'B-only' ModelConfig to generate, which may lead to undesired behaviour if not using the default Physics Model
SimNLL created with 4 channels, 0 generic constraints, 245 fast gaussian constraints, 0 fast poisson constraints, 0 fast group constraints, 

 --- MultiDimFit ---
Parameter impacts: 

 --- MultiDimFit ---
Parameter impacts: 

 --- MultiDimFit ---
Parameter impacts: 

 --- MultiDimFit ---
Parameter impacts: 
  Parameter                              :   Best-fit               r            
  CMS_scale_j_RelativeSample_2016postVFP :   +0.000  -0.991/+0.993  +0.006/-0.008
Done in 0.87 min (cpu), 1.07 min (real)
  Parameter        :   Best-fit               r            
  QCDscale_fac_ttH :   +0.000  -0.993/+0.994  -0.001/+0.001
Done in 0.95 min (cpu), 1.33 min (real)
  Parameter                            :   Best-fit               r            
  CMS_scale_j_RelativePtEC1_2016preVFP :   +0.000  -0.994/+0.994  -0.000/+0.000
Done in 0.97 min (cpu), 1.24 min (real)
 <<< Combine >>> 
   Options for Robust Minimizer :: 
        Tolerance  0.1
        Strategy   0
        Type,Algo  Minuit2,Migrad
>>> method used is MultiDimFit
>>> random number generator seed is 123456
 <<< Combine >>> 
   Options for Robust Minimizer :: 
        Tolerance  0.1
        Strategy   0
        Type,Algo  Minuit2,Migrad
>>> method used is MultiDimFit
>>> random number generator seed is 123456
 <<< Combine >>> 
   Options for Robust Minimizer :: 
        Tolerance  0.1
        Strategy   0
        Type,Algo  Minuit2,Migrad
>>> method used is MultiDimFit
>>> random number generator seed is 123456
  Parameter       :   Best-fit               r            
  QCDscale_fac_tt :   +0.000  -0.978/+0.983  -0.156/+0.134
Done in 0.93 min (cpu), 0.94 min (real)
 <<< Combine >>> 
   Options for Robust Minimizer :: 
        Tolerance  0.1
        Strategy   0
        Type,Algo  Minuit2,Migrad
>>> method used is MultiDimFit
>>> random number generator seed is 123456
Warning! -- You haven't picked default values for the Parameters of Interest (either with --expectSignal or --setParameters) for generating toys. Combine will use the 'B-only' ModelConfig to generate, which may lead to undesired behaviour if not using the default Physics Model
Warning! -- You haven't picked default values for the Parameters of Interest (either with --expectSignal or --setParameters) for generating toys. Combine will use the 'B-only' ModelConfig to generate, which may lead to undesired behaviour if not using the default Physics Model
SimNLL created with 4 channels, 0 generic constraints, 245 fast gaussian constraints, 0 fast poisson constraints, 0 fast group constraints, 
SimNLL created with 4 channels, 0 generic constraints, 245 fast gaussian constraints, 0 fast poisson constraints, 0 fast group constraints, 
Warning! -- You haven't picked default values for the Parameters of Interest (either with --expectSignal or --setParameters) for generating toys. Combine will use the 'B-only' ModelConfig to generate, which may lead to undesired behaviour if not using the default Physics Model
SimNLL created with 4 channels, 0 generic constraints, 245 fast gaussian constraints, 0 fast poisson constraints, 0 fast group constraints, 
Warning! -- You haven't picked default values for the Parameters of Interest (either with --expectSignal or --setParameters) for generating toys. Combine will use the 'B-only' ModelConfig to generate, which may lead to undesired behaviour if not using the default Physics Model
SimNLL created with 4 channels, 0 generic constraints, 245 fast gaussian constraints, 0 fast poisson constraints, 0 fast group constraints, 

 --- MultiDimFit ---
Parameter impacts: 

 --- MultiDimFit ---
Parameter impacts: 
  Parameter                   :   Best-fit               r            
  CMS_scale_t_DM11_2016preVFP :   +0.000  -0.994/+0.994  -0.007/-0.007
Done in 0.89 min (cpu), 0.90 min (real)
 <<< Combine >>> 
   Options for Robust Minimizer :: 
        Tolerance  0.1
        Strategy   0
        Type,Algo  Minuit2,Migrad
>>> method used is MultiDimFit
>>> random number generator seed is 123456
Warning! -- You haven't picked default values for the Parameters of Interest (either with --expectSignal or --setParameters) for generating toys. Combine will use the 'B-only' ModelConfig to generate, which may lead to undesired behaviour if not using the default Physics Model
SimNLL created with 4 channels, 0 generic constraints, 245 fast gaussian constraints, 0 fast poisson constraints, 0 fast group constraints, 

 --- MultiDimFit ---
Parameter impacts: 
  Parameter                  :   Best-fit               r            
  CMS_scale_t_DM0_2016preVFP :   +0.000  -0.985/+0.992  +0.006/-0.010
Done in 0.89 min (cpu), 0.89 min (real)
 <<< Combine >>> 
   Options for Robust Minimizer :: 
        Tolerance  0.1
        Strategy   0
        Type,Algo  Minuit2,Migrad
>>> method used is MultiDimFit
>>> random number generator seed is 123456
  Parameter        :   Best-fit               r            
  QCDscale_ren_ttZ :   +0.000  -0.994/+0.994  +0.003/+0.000
Done in 0.97 min (cpu), 0.97 min (real)
 <<< Combine >>> 
   Options for Robust Minimizer :: 
        Tolerance  0.1
        Strategy   0
        Type,Algo  Minuit2,Migrad
>>> method used is MultiDimFit
>>> random number generator seed is 123456
Warning! -- You haven't picked default values for the Parameters of Interest (either with --expectSignal or --setParameters) for generating toys. Combine will use the 'B-only' ModelConfig to generate, which may lead to undesired behaviour if not using the default Physics Model
SimNLL created with 4 channels, 0 generic constraints, 245 fast gaussian constraints, 0 fast poisson constraints, 0 fast group constraints, 

 --- MultiDimFit ---
Parameter impacts: 
Warning! -- You haven't picked default values for the Parameters of Interest (either with --expectSignal or --setParameters) for generating toys. Combine will use the 'B-only' ModelConfig to generate, which may lead to undesired behaviour if not using the default Physics Model
SimNLL created with 4 channels, 0 generic constraints, 245 fast gaussian constraints, 0 fast poisson constraints, 0 fast group constraints, 
  Parameter                  :   Best-fit               r            
  CMS_scale_j_SinglePionECAL :   +0.000  -0.987/+0.989  -0.055/+0.050
Done in 1.04 min (cpu), 1.05 min (real)

 --- MultiDimFit ---
Parameter impacts: 
  Parameter                         :   Best-fit               r            
  prop_binSR1tau1l_2016postVFP_bin6 :   +0.000  -0.973/+0.976  +0.098/-0.057
Done in 0.75 min (cpu), 0.75 min (real)
 <<< Combine >>> 
   Options for Robust Minimizer :: 
        Tolerance  0.1
        Strategy   0
        Type,Algo  Minuit2,Migrad
>>> method used is MultiDimFit
>>> random number generator seed is 123456
Warning! -- You haven't picked default values for the Parameters of Interest (either with --expectSignal or --setParameters) for generating toys. Combine will use the 'B-only' ModelConfig to generate, which may lead to undesired behaviour if not using the default Physics Model
SimNLL created with 4 channels, 0 generic constraints, 245 fast gaussian constraints, 0 fast poisson constraints, 0 fast group constraints, 

 --- MultiDimFit ---
Parameter impacts: 

 --- MultiDimFit ---
Parameter impacts: 
  Parameter                  :   Best-fit               r            
  prop_binSR1tau1l_2017_bin0 :   +0.000  -0.946/+0.950  -0.017/+0.016
Done in 0.85 min (cpu), 0.86 min (real)
  Parameter :   Best-fit               r            
  pdf_00    :   +0.000  -0.993/+0.993  -0.011/+0.010
Done in 0.88 min (cpu), 0.89 min (real)
 <<< Combine >>> 
   Options for Robust Minimizer :: 
        Tolerance  0.1
        Strategy   0
        Type,Algo  Minuit2,Migrad
>>> method used is MultiDimFit
>>> random number generator seed is 123456
 <<< Combine >>> 
   Options for Robust Minimizer :: 
        Tolerance  0.1
        Strategy   0
        Type,Algo  Minuit2,Migrad
>>> method used is MultiDimFit
>>> random number generator seed is 123456

 --- MultiDimFit ---
Parameter impacts: 
Warning! -- You haven't picked default values for the Parameters of Interest (either with --expectSignal or --setParameters) for generating toys. Combine will use the 'B-only' ModelConfig to generate, which may lead to undesired behaviour if not using the default Physics Model
SimNLL created with 4 channels, 0 generic constraints, 245 fast gaussian constraints, 0 fast poisson constraints, 0 fast group constraints, 
Warning! -- You haven't picked default values for the Parameters of Interest (either with --expectSignal or --setParameters) for generating toys. Combine will use the 'B-only' ModelConfig to generate, which may lead to undesired behaviour if not using the default Physics Model
SimNLL created with 4 channels, 0 generic constraints, 245 fast gaussian constraints, 0 fast poisson constraints, 0 fast group constraints, 
  Parameter        :   Best-fit               r            
  QCDscale_fac_ttW :   +0.000  -0.994/+0.994  -0.002/+0.001
Done in 0.96 min (cpu), 0.96 min (real)
 <<< Combine >>> 
   Options for Robust Minimizer :: 
        Tolerance  0.1
        Strategy   0
        Type,Algo  Minuit2,Migrad
>>> method used is MultiDimFit
>>> random number generator seed is 123456
Warning! -- You haven't picked default values for the Parameters of Interest (either with --expectSignal or --setParameters) for generating toys. Combine will use the 'B-only' ModelConfig to generate, which may lead to undesired behaviour if not using the default Physics Model
SimNLL created with 4 channels, 0 generic constraints, 245 fast gaussian constraints, 0 fast poisson constraints, 0 fast group constraints, 

 --- MultiDimFit ---
Parameter impacts: 

 --- MultiDimFit ---
Parameter impacts: 
  Parameter :   Best-fit               r            
  ps_isr_tt :   +0.000  -0.933/+0.957  -0.308/+0.252
Done in 0.76 min (cpu), 0.76 min (real)
 <<< Combine >>> 
   Options for Robust Minimizer :: 
        Tolerance  0.1
        Strategy   0
        Type,Algo  Minuit2,Migrad
>>> method used is MultiDimFit
>>> random number generator seed is 123456
  Parameter                  :   Best-fit               r            
  prop_binSR1tau1l_2018_bin1 :   +0.000  -0.944/+0.947  -0.027/+0.025
Done in 0.85 min (cpu), 0.86 min (real)
 <<< Combine >>> 
   Options for Robust Minimizer :: 
        Tolerance  0.1
        Strategy   0
        Type,Algo  Minuit2,Migrad
>>> method used is MultiDimFit
>>> random number generator seed is 123456
Warning! -- You haven't picked default values for the Parameters of Interest (either with --expectSignal or --setParameters) for generating toys. Combine will use the 'B-only' ModelConfig to generate, which may lead to undesired behaviour if not using the default Physics Model
SimNLL created with 4 channels, 0 generic constraints, 245 fast gaussian constraints, 0 fast poisson constraints, 0 fast group constraints, 
Warning! -- You haven't picked default values for the Parameters of Interest (either with --expectSignal or --setParameters) for generating toys. Combine will use the 'B-only' ModelConfig to generate, which may lead to undesired behaviour if not using the default Physics Model
SimNLL created with 4 channels, 0 generic constraints, 245 fast gaussian constraints, 0 fast poisson constraints, 0 fast group constraints, 

 --- MultiDimFit ---
Parameter impacts: 
  Parameter         :   Best-fit               r            
  QCDscale_ren_tttt :   +0.000  -0.994/+0.994  +0.030/-0.010
Done in 1.02 min (cpu), 1.07 min (real)
 <<< Combine >>> 
   Options for Robust Minimizer :: 
        Tolerance  0.1
        Strategy   0
        Type,Algo  Minuit2,Migrad
>>> method used is MultiDimFit
>>> random number generator seed is 123456

 --- MultiDimFit ---
Parameter impacts: 
Warning! -- You haven't picked default values for the Parameters of Interest (either with --expectSignal or --setParameters) for generating toys. Combine will use the 'B-only' ModelConfig to generate, which may lead to undesired behaviour if not using the default Physics Model
SimNLL created with 4 channels, 0 generic constraints, 245 fast gaussian constraints, 0 fast poisson constraints, 0 fast group constraints, 
  Parameter                        :   Best-fit               r            
  prop_binSR1tau1l_2016preVFP_bin0 :   +0.000  -0.946/+0.951  -0.011/+0.023
Done in 0.76 min (cpu), 0.77 min (real)
 <<< Combine >>> 
   Options for Robust Minimizer :: 
        Tolerance  0.1
        Strategy   0
        Type,Algo  Minuit2,Migrad
>>> method used is MultiDimFit
>>> random number generator seed is 123456
Warning! -- You haven't picked default values for the Parameters of Interest (either with --expectSignal or --setParameters) for generating toys. Combine will use the 'B-only' ModelConfig to generate, which may lead to undesired behaviour if not using the default Physics Model
SimNLL created with 4 channels, 0 generic constraints, 245 fast gaussian constraints, 0 fast poisson constraints, 0 fast group constraints, 

 --- MultiDimFit ---
Parameter impacts: 

 --- MultiDimFit ---
Parameter impacts: 
  Parameter                  :   Best-fit               r            
  prop_binSR1tau1l_2017_bin1 :   +0.000  -0.955/+0.959  -0.011/+0.011
Done in 0.84 min (cpu), 0.85 min (real)
 <<< Combine >>> 
   Options for Robust Minimizer :: 
        Tolerance  0.1
        Strategy   0
        Type,Algo  Minuit2,Migrad
>>> method used is MultiDimFit
>>> random number generator seed is 123456
  Parameter  :   Best-fit               r            
  pdf_alphas :   +0.000  -0.994/+0.994  -0.017/+0.008
Done in 0.88 min (cpu), 0.89 min (real)
 <<< Combine >>> 
   Options for Robust Minimizer :: 
        Tolerance  0.1
        Strategy   0
        Type,Algo  Minuit2,Migrad
>>> method used is MultiDimFit
>>> random number generator seed is 123456
Warning! -- You haven't picked default values for the Parameters of Interest (either with --expectSignal or --setParameters) for generating toys. Combine will use the 'B-only' ModelConfig to generate, which may lead to undesired behaviour if not using the default Physics Model
SimNLL created with 4 channels, 0 generic constraints, 245 fast gaussian constraints, 0 fast poisson constraints, 0 fast group constraints, 
Warning! -- You haven't picked default values for the Parameters of Interest (either with --expectSignal or --setParameters) for generating toys. Combine will use the 'B-only' ModelConfig to generate, which may lead to undesired behaviour if not using the default Physics Model

 --- MultiDimFit ---
Parameter impacts: 
SimNLL created with 4 channels, 0 generic constraints, 245 fast gaussian constraints, 0 fast poisson constraints, 0 fast group constraints, 
  Parameter                  :   Best-fit               r            
  prop_binSR1tau1l_2018_bin2 :   +0.000  -0.948/+0.951  +0.010/-0.008
Done in 0.74 min (cpu), 0.74 min (real)
 <<< Combine >>> 
   Options for Robust Minimizer :: 
        Tolerance  0.1
        Strategy   0
        Type,Algo  Minuit2,Migrad
>>> method used is MultiDimFit
>>> random number generator seed is 123456
Warning! -- You haven't picked default values for the Parameters of Interest (either with --expectSignal or --setParameters) for generating toys. Combine will use the 'B-only' ModelConfig to generate, which may lead to undesired behaviour if not using the default Physics Model

 --- MultiDimFit ---
Parameter impacts: 
SimNLL created with 4 channels, 0 generic constraints, 245 fast gaussian constraints, 0 fast poisson constraints, 0 fast group constraints, 
  Parameter        :   Best-fit               r            
  QCDscale_fac_ttZ :   +0.000  -0.994/+0.994  -0.002/-0.001
Done in 1.02 min (cpu), 1.02 min (real)
 <<< Combine >>> 
   Options for Robust Minimizer :: 
        Tolerance  0.1
        Strategy   0
        Type,Algo  Minuit2,Migrad
>>> method used is MultiDimFit
>>> random number generator seed is 123456

 --- MultiDimFit ---
Parameter impacts: 
Warning! -- You haven't picked default values for the Parameters of Interest (either with --expectSignal or --setParameters) for generating toys. Combine will use the 'B-only' ModelConfig to generate, which may lead to undesired behaviour if not using the default Physics Model
SimNLL created with 4 channels, 0 generic constraints, 245 fast gaussian constraints, 0 fast poisson constraints, 0 fast group constraints, 
  Parameter  :   Best-fit               r            
  ps_isr_ttH :   +0.000  -0.993/+0.994  -0.008/+0.006
Done in 0.94 min (cpu), 0.94 min (real)
 <<< Combine >>> 
   Options for Robust Minimizer :: 
        Tolerance  0.1
        Strategy   0
        Type,Algo  Minuit2,Migrad
>>> method used is MultiDimFit
>>> random number generator seed is 123456
Warning! -- You haven't picked default values for the Parameters of Interest (either with --expectSignal or --setParameters) for generating toys. Combine will use the 'B-only' ModelConfig to generate, which may lead to undesired behaviour if not using the default Physics Model
SimNLL created with 4 channels, 0 generic constraints, 245 fast gaussian constraints, 0 fast poisson constraints, 0 fast group constraints, 

 --- MultiDimFit ---
Parameter impacts: 
  Parameter                        :   Best-fit               r            
  prop_binSR1tau1l_2016preVFP_bin1 :   +0.000  -0.929/+0.937  -0.007/+0.006
Done in 0.70 min (cpu), 0.70 min (real)
 <<< Combine >>> 
   Options for Robust Minimizer :: 
        Tolerance  0.1
        Strategy   0
        Type,Algo  Minuit2,Migrad
>>> method used is MultiDimFit
>>> random number generator seed is 123456
Warning! -- You haven't picked default values for the Parameters of Interest (either with --expectSignal or --setParameters) for generating toys. Combine will use the 'B-only' ModelConfig to generate, which may lead to undesired behaviour if not using the default Physics Model
SimNLL created with 4 channels, 0 generic constraints, 245 fast gaussian constraints, 0 fast poisson constraints, 0 fast group constraints, 

 --- MultiDimFit ---
Parameter impacts: 
  Parameter       :   Best-fit               r            
  lumi_13TeV_1718 :   +0.000  -0.994/+0.994  +0.008/-0.008
Done in 0.89 min (cpu), 0.90 min (real)
 <<< Combine >>> 
   Options for Robust Minimizer :: 
        Tolerance  0.1
        Strategy   0
        Type,Algo  Minuit2,Migrad
>>> method used is MultiDimFit
>>> random number generator seed is 123456
Warning! -- You haven't picked default values for the Parameters of Interest (either with --expectSignal or --setParameters) for generating toys. Combine will use the 'B-only' ModelConfig to generate, which may lead to undesired behaviour if not using the default Physics Model
SimNLL created with 4 channels, 0 generic constraints, 245 fast gaussian constraints, 0 fast poisson constraints, 0 fast group constraints, 

 --- MultiDimFit ---
Parameter impacts: 

 --- MultiDimFit ---
Parameter impacts: 
  Parameter                         :   Best-fit               r            
  prop_binSR1tau1l_2016postVFP_bin0 :   +0.000  -0.925/+0.936  -0.016/+0.015
Done in 0.86 min (cpu), 0.86 min (real)
 <<< Combine >>> 
   Options for Robust Minimizer :: 
        Tolerance  0.1
        Strategy   0
        Type,Algo  Minuit2,Migrad
>>> method used is MultiDimFit
>>> random number generator seed is 123456
  Parameter                  :   Best-fit               r            
  prop_binSR1tau1l_2017_bin2 :   +0.000  -0.942/+0.947  +0.003/+0.008
Done in 0.95 min (cpu), 0.96 min (real)
 <<< Combine >>> 
   Options for Robust Minimizer :: 
        Tolerance  0.1
        Strategy   0
        Type,Algo  Minuit2,Migrad
>>> method used is MultiDimFit
>>> random number generator seed is 123456
Warning! -- You haven't picked default values for the Parameters of Interest (either with --expectSignal or --setParameters) for generating toys. Combine will use the 'B-only' ModelConfig to generate, which may lead to undesired behaviour if not using the default Physics Model
SimNLL created with 4 channels, 0 generic constraints, 245 fast gaussian constraints, 0 fast poisson constraints, 0 fast group constraints, 

 --- MultiDimFit ---
Parameter impacts: 
Warning! -- You haven't picked default values for the Parameters of Interest (either with --expectSignal or --setParameters) for generating toys. Combine will use the 'B-only' ModelConfig to generate, which may lead to undesired behaviour if not using the default Physics Model
SimNLL created with 4 channels, 0 generic constraints, 245 fast gaussian constraints, 0 fast poisson constraints, 0 fast group constraints, 
  Parameter                  :   Best-fit               r            
  prop_binSR1tau1l_2018_bin3 :   +0.000  -0.951/+0.955  +0.026/-0.022
Done in 0.89 min (cpu), 0.90 min (real)
 <<< Combine >>> 
   Options for Robust Minimizer :: 
        Tolerance  0.1
        Strategy   0
        Type,Algo  Minuit2,Migrad
>>> method used is MultiDimFit
>>> random number generator seed is 123456
Warning! -- You haven't picked default values for the Parameters of Interest (either with --expectSignal or --setParameters) for generating toys. Combine will use the 'B-only' ModelConfig to generate, which may lead to undesired behaviour if not using the default Physics Model
SimNLL created with 4 channels, 0 generic constraints, 245 fast gaussian constraints, 0 fast poisson constraints, 0 fast group constraints, 

 --- MultiDimFit ---
Parameter impacts: 
  Parameter         :   Best-fit               r            
  QCDscale_fac_tttt :   +0.000  -0.994/+0.994  +0.005/-0.005
Done in 1.02 min (cpu), 1.02 min (real)
 <<< Combine >>> 
   Options for Robust Minimizer :: 
        Tolerance  0.1
        Strategy   0
        Type,Algo  Minuit2,Migrad
>>> method used is MultiDimFit
>>> random number generator seed is 123456

 --- MultiDimFit ---
Parameter impacts: 
Warning! -- You haven't picked default values for the Parameters of Interest (either with --expectSignal or --setParameters) for generating toys. Combine will use the 'B-only' ModelConfig to generate, which may lead to undesired behaviour if not using the default Physics Model
SimNLL created with 4 channels, 0 generic constraints, 245 fast gaussian constraints, 0 fast poisson constraints, 0 fast group constraints, 

 --- MultiDimFit ---
Parameter impacts: 
  Parameter  :   Best-fit               r            
  ps_isr_ttW :   +0.000  -0.994/+0.994  -0.002/+0.001
Done in 1.02 min (cpu), 1.02 min (real)
 <<< Combine >>> 
   Options for Robust Minimizer :: 
        Tolerance  0.1
        Strategy   0
        Type,Algo  Minuit2,Migrad
>>> method used is MultiDimFit
>>> random number generator seed is 123456
Warning! -- You haven't picked default values for the Parameters of Interest (either with --expectSignal or --setParameters) for generating toys. Combine will use the 'B-only' ModelConfig to generate, which may lead to undesired behaviour if not using the default Physics Model
  Parameter                        :   Best-fit               r            
  prop_binSR1tau1l_2016preVFP_bin2 :   +0.000  -0.935/+0.942  -0.002/+0.005
Done in 0.85 min (cpu), 0.86 min (real)
SimNLL created with 4 channels, 0 generic constraints, 245 fast gaussian constraints, 0 fast poisson constraints, 0 fast group constraints, 
 <<< Combine >>> 
   Options for Robust Minimizer :: 
        Tolerance  0.1
        Strategy   0
        Type,Algo  Minuit2,Migrad
>>> method used is MultiDimFit
>>> random number generator seed is 123456
Warning! -- You haven't picked default values for the Parameters of Interest (either with --expectSignal or --setParameters) for generating toys. Combine will use the 'B-only' ModelConfig to generate, which may lead to undesired behaviour if not using the default Physics Model
SimNLL created with 4 channels, 0 generic constraints, 245 fast gaussian constraints, 0 fast poisson constraints, 0 fast group constraints, 

 --- MultiDimFit ---
Parameter impacts: 
  Parameter              :   Best-fit               r            
  lumi_13TeV_2016postVFP :   +0.000  -0.994/+0.994  +0.004/-0.005
Done in 0.90 min (cpu), 0.91 min (real)
 <<< Combine >>> 
   Options for Robust Minimizer :: 
        Tolerance  0.1
        Strategy   0
        Type,Algo  Minuit2,Migrad
>>> method used is MultiDimFit
>>> random number generator seed is 123456
Warning! -- You haven't picked default values for the Parameters of Interest (either with --expectSignal or --setParameters) for generating toys. Combine will use the 'B-only' ModelConfig to generate, which may lead to undesired behaviour if not using the default Physics Model
SimNLL created with 4 channels, 0 generic constraints, 245 fast gaussian constraints, 0 fast poisson constraints, 0 fast group constraints, 

 --- MultiDimFit ---
Parameter impacts: 

 --- MultiDimFit ---
Parameter impacts: 
  Parameter                         :   Best-fit               r            
  prop_binSR1tau1l_2016postVFP_bin1 :   +0.000  -0.932/+0.941  -0.006/+0.006
Done in 0.79 min (cpu), 0.79 min (real)
 <<< Combine >>> 
   Options for Robust Minimizer :: 
        Tolerance  0.1
        Strategy   0
        Type,Algo  Minuit2,Migrad
>>> method used is MultiDimFit
>>> random number generator seed is 123456
  Parameter                  :   Best-fit               r            
  prop_binSR1tau1l_2017_bin3 :   +0.000  -0.964/+0.966  +0.022/-0.017
Done in 0.80 min (cpu), 0.80 min (real)
 <<< Combine >>> 
   Options for Robust Minimizer :: 
        Tolerance  0.1
        Strategy   0
        Type,Algo  Minuit2,Migrad
>>> method used is MultiDimFit
>>> random number generator seed is 123456
Warning! -- You haven't picked default values for the Parameters of Interest (either with --expectSignal or --setParameters) for generating toys. Combine will use the 'B-only' ModelConfig to generate, which may lead to undesired behaviour if not using the default Physics Model
SimNLL created with 4 channels, 0 generic constraints, 245 fast gaussian constraints, 0 fast poisson constraints, 0 fast group constraints, 
Warning! -- You haven't picked default values for the Parameters of Interest (either with --expectSignal or --setParameters) for generating toys. Combine will use the 'B-only' ModelConfig to generate, which may lead to undesired behaviour if not using the default Physics Model
SimNLL created with 4 channels, 0 generic constraints, 245 fast gaussian constraints, 0 fast poisson constraints, 0 fast group constraints, 

 --- MultiDimFit ---
Parameter impacts: 
  Parameter                  :   Best-fit               r            
  prop_binSR1tau1l_2018_bin4 :   +0.000  -0.938/+0.944  +0.092/-0.072
Done in 0.83 min (cpu), 0.84 min (real)
 <<< Combine >>> 
   Options for Robust Minimizer :: 
        Tolerance  0.1
        Strategy   0
        Type,Algo  Minuit2,Migrad
>>> method used is MultiDimFit
>>> random number generator seed is 123456
Warning! -- You haven't picked default values for the Parameters of Interest (either with --expectSignal or --setParameters) for generating toys. Combine will use the 'B-only' ModelConfig to generate, which may lead to undesired behaviour if not using the default Physics Model
SimNLL created with 4 channels, 0 generic constraints, 245 fast gaussian constraints, 0 fast poisson constraints, 0 fast group constraints, 

 --- MultiDimFit ---
Parameter impacts: 

 --- MultiDimFit ---
Parameter impacts: 
  Parameter              :   Best-fit               r            
  QCDscale_ren_singleTop :   +0.000  -0.994/+0.994  -0.004/+0.003
Done in 0.86 min (cpu), 0.87 min (real)
 <<< Combine >>> 
   Options for Robust Minimizer :: 
        Tolerance  0.1
        Strategy   0
        Type,Algo  Minuit2,Migrad
>>> method used is MultiDimFit
>>> random number generator seed is 123456
  Parameter                        :   Best-fit               r            
  prop_binSR1tau1l_2016preVFP_bin3 :   +0.000  -0.925/+0.935  +0.018/-0.012
Done in 0.78 min (cpu), 0.79 min (real)
>> combine -M MultiDimFit -n _paramFit_Test_CMS_TOP24017_eff_trigger_stats_2016postVFP --algo impact --redefineSignalPOIs r -P CMS_TOP24017_eff_trigger_stats_2016postVFP --floatOtherPOIs 1 --saveInactivePOI 1 --robustFit 1 -m 125 -d combinationV18/run2_1tau1l_smoothed/workspace/datacard.root
>> combine -M MultiDimFit -n _paramFit_Test_CMS_TOP24017_eff_trigger_stats_2016preVFP --algo impact --redefineSignalPOIs r -P CMS_TOP24017_eff_trigger_stats_2016preVFP --floatOtherPOIs 1 --saveInactivePOI 1 --robustFit 1 -m 125 -d combinationV18/run2_1tau1l_smoothed/workspace/datacard.root
>> combine -M MultiDimFit -n _paramFit_Test_CMS_TOP24017_eff_trigger_stats_2017 --algo impact --redefineSignalPOIs r -P CMS_TOP24017_eff_trigger_stats_2017 --floatOtherPOIs 1 --saveInactivePOI 1 --robustFit 1 -m 125 -d combinationV18/run2_1tau1l_smoothed/workspace/datacard.root
>> combine -M MultiDimFit -n _paramFit_Test_CMS_TOP24017_eff_trigger_stats_2018 --algo impact --redefineSignalPOIs r -P CMS_TOP24017_eff_trigger_stats_2018 --floatOtherPOIs 1 --saveInactivePOI 1 --robustFit 1 -m 125 -d combinationV18/run2_1tau1l_smoothed/workspace/datacard.root
>> combine -M MultiDimFit -n _paramFit_Test_CMS_TOP24017_norm_fakeLepton_stats --algo impact --redefineSignalPOIs r -P CMS_TOP24017_norm_fakeLepton_stats --floatOtherPOIs 1 --saveInactivePOI 1 --robustFit 1 -m 125 -d combinationV18/run2_1tau1l_smoothed/workspace/datacard.root
>> combine -M MultiDimFit -n _paramFit_Test_CMS_TOP24017_norm_fakeLepton_sys --algo impact --redefineSignalPOIs r -P CMS_TOP24017_norm_fakeLepton_sys --floatOtherPOIs 1 --saveInactivePOI 1 --robustFit 1 -m 125 -d combinationV18/run2_1tau1l_smoothed/workspace/datacard.root
>> combine -M MultiDimFit -n _paramFit_Test_CMS_TOP24017_norm_singleTop --algo impact --redefineSignalPOIs r -P CMS_TOP24017_norm_singleTop --floatOtherPOIs 1 --saveInactivePOI 1 --robustFit 1 -m 125 -d combinationV18/run2_1tau1l_smoothed/workspace/datacard.root
>> combine -M MultiDimFit -n _paramFit_Test_CMS_TOP24017_norm_tt --algo impact --redefineSignalPOIs r -P CMS_TOP24017_norm_tt --floatOtherPOIs 1 --saveInactivePOI 1 --robustFit 1 -m 125 -d combinationV18/run2_1tau1l_smoothed/workspace/datacard.root
>> combine -M MultiDimFit -n _paramFit_Test_CMS_eff_t_vsJet_stat2_dm11_2016preVFP --algo impact --redefineSignalPOIs r -P CMS_eff_t_vsJet_stat2_dm11_2016preVFP --floatOtherPOIs 1 --saveInactivePOI 1 --robustFit 1 -m 125 -d combinationV18/run2_1tau1l_smoothed/workspace/datacard.root
>> combine -M MultiDimFit -n _paramFit_Test_CMS_eff_t_vsJet_stat2_dm11_2017 --algo impact --redefineSignalPOIs r -P CMS_eff_t_vsJet_stat2_dm11_2017 --floatOtherPOIs 1 --saveInactivePOI 1 --robustFit 1 -m 125 -d combinationV18/run2_1tau1l_smoothed/workspace/datacard.root
>> combine -M MultiDimFit -n _paramFit_Test_CMS_eff_t_vsJet_stat2_dm11_2018 --algo impact --redefineSignalPOIs r -P CMS_eff_t_vsJet_stat2_dm11_2018 --floatOtherPOIs 1 --saveInactivePOI 1 --robustFit 1 -m 125 -d combinationV18/run2_1tau1l_smoothed/workspace/datacard.root
>> combine -M MultiDimFit -n _paramFit_Test_CMS_eff_t_vsJet_stat2_dm1_2016postVFP --algo impact --redefineSignalPOIs r -P CMS_eff_t_vsJet_stat2_dm1_2016postVFP --floatOtherPOIs 1 --saveInactivePOI 1 --robustFit 1 -m 125 -d combinationV18/run2_1tau1l_smoothed/workspace/datacard.root
>> combine -M MultiDimFit -n _paramFit_Test_CMS_eff_t_vsJet_stat2_dm1_2016preVFP --algo impact --redefineSignalPOIs r -P CMS_eff_t_vsJet_stat2_dm1_2016preVFP --floatOtherPOIs 1 --saveInactivePOI 1 --robustFit 1 -m 125 -d combinationV18/run2_1tau1l_smoothed/workspace/datacard.root
>> combine -M MultiDimFit -n _paramFit_Test_CMS_eff_t_vsJet_stat2_dm1_2017 --algo impact --redefineSignalPOIs r -P CMS_eff_t_vsJet_stat2_dm1_2017 --floatOtherPOIs 1 --saveInactivePOI 1 --robustFit 1 -m 125 -d combinationV18/run2_1tau1l_smoothed/workspace/datacard.root
>> combine -M MultiDimFit -n _paramFit_Test_CMS_eff_t_vsJet_stat2_dm1_2018 --algo impact --redefineSignalPOIs r -P CMS_eff_t_vsJet_stat2_dm1_2018 --floatOtherPOIs 1 --saveInactivePOI 1 --robustFit 1 -m 125 -d combinationV18/run2_1tau1l_smoothed/workspace/datacard.root
>> combine -M MultiDimFit -n _paramFit_Test_CMS_eff_t_vsJet_syst_2016postVFP --algo impact --redefineSignalPOIs r -P CMS_eff_t_vsJet_syst_2016postVFP --floatOtherPOIs 1 --saveInactivePOI 1 --robustFit 1 -m 125 -d combinationV18/run2_1tau1l_smoothed/workspace/datacard.root
>> combine -M MultiDimFit -n _paramFit_Test_CMS_scale_j_RelativeJEREC2_2016postVFP --algo impact --redefineSignalPOIs r -P CMS_scale_j_RelativeJEREC2_2016postVFP --floatOtherPOIs 1 --saveInactivePOI 1 --robustFit 1 -m 125 -d combinationV18/run2_1tau1l_smoothed/workspace/datacard.root
>> combine -M MultiDimFit -n _paramFit_Test_CMS_scale_j_RelativeJEREC2_2016preVFP --algo impact --redefineSignalPOIs r -P CMS_scale_j_RelativeJEREC2_2016preVFP --floatOtherPOIs 1 --saveInactivePOI 1 --robustFit 1 -m 125 -d combinationV18/run2_1tau1l_smoothed/workspace/datacard.root
>> combine -M MultiDimFit -n _paramFit_Test_CMS_scale_j_RelativeJEREC2_2017 --algo impact --redefineSignalPOIs r -P CMS_scale_j_RelativeJEREC2_2017 --floatOtherPOIs 1 --saveInactivePOI 1 --robustFit 1 -m 125 -d combinationV18/run2_1tau1l_smoothed/workspace/datacard.root
>> combine -M MultiDimFit -n _paramFit_Test_CMS_scale_j_RelativeJEREC2_2018 --algo impact --redefineSignalPOIs r -P CMS_scale_j_RelativeJEREC2_2018 --floatOtherPOIs 1 --saveInactivePOI 1 --robustFit 1 -m 125 -d combinationV18/run2_1tau1l_smoothed/workspace/datacard.root
>> combine -M MultiDimFit -n _paramFit_Test_CMS_scale_j_RelativeJERHF --algo impact --redefineSignalPOIs r -P CMS_scale_j_RelativeJERHF --floatOtherPOIs 1 --saveInactivePOI 1 --robustFit 1 -m 125 -d combinationV18/run2_1tau1l_smoothed/workspace/datacard.root
>> combine -M MultiDimFit -n _paramFit_Test_CMS_scale_j_RelativePtBB --algo impact --redefineSignalPOIs r -P CMS_scale_j_RelativePtBB --floatOtherPOIs 1 --saveInactivePOI 1 --robustFit 1 -m 125 -d combinationV18/run2_1tau1l_smoothed/workspace/datacard.root
>> combine -M MultiDimFit -n _paramFit_Test_CMS_scale_j_RelativePtEC1_2016postVFP --algo impact --redefineSignalPOIs r -P CMS_scale_j_RelativePtEC1_2016postVFP --floatOtherPOIs 1 --saveInactivePOI 1 --robustFit 1 -m 125 -d combinationV18/run2_1tau1l_smoothed/workspace/datacard.root
>> combine -M MultiDimFit -n _paramFit_Test_CMS_scale_j_RelativePtEC1_2016preVFP --algo impact --redefineSignalPOIs r -P CMS_scale_j_RelativePtEC1_2016preVFP --floatOtherPOIs 1 --saveInactivePOI 1 --robustFit 1 -m 125 -d combinationV18/run2_1tau1l_smoothed/workspace/datacard.root
>> combine -M MultiDimFit -n _paramFit_Test_prop_binSR1tau1l_2016postVFP_bin6 --algo impact --redefineSignalPOIs r -P prop_binSR1tau1l_2016postVFP_bin6 --floatOtherPOIs 1 --saveInactivePOI 1 --robustFit 1 -m 125 -d combinationV18/run2_1tau1l_smoothed/workspace/datacard.root
>> combine -M MultiDimFit -n _paramFit_Test_prop_binSR1tau1l_2016preVFP_bin0 --algo impact --redefineSignalPOIs r -P prop_binSR1tau1l_2016preVFP_bin0 --floatOtherPOIs 1 --saveInactivePOI 1 --robustFit 1 -m 125 -d combinationV18/run2_1tau1l_smoothed/workspace/datacard.root
>> combine -M MultiDimFit -n _paramFit_Test_prop_binSR1tau1l_2016preVFP_bin1 --algo impact --redefineSignalPOIs r -P prop_binSR1tau1l_2016preVFP_bin1 --floatOtherPOIs 1 --saveInactivePOI 1 --robustFit 1 -m 125 -d combinationV18/run2_1tau1l_smoothed/workspace/datacard.root
>> combine -M MultiDimFit -n _paramFit_Test_prop_binSR1tau1l_2016preVFP_bin2 --algo impact --redefineSignalPOIs r -P prop_binSR1tau1l_2016preVFP_bin2 --floatOtherPOIs 1 --saveInactivePOI 1 --robustFit 1 -m 125 -d combinationV18/run2_1tau1l_smoothed/workspace/datacard.root
>> combine -M MultiDimFit -n _paramFit_Test_prop_binSR1tau1l_2016preVFP_bin3 --algo impact --redefineSignalPOIs r -P prop_binSR1tau1l_2016preVFP_bin3 --floatOtherPOIs 1 --saveInactivePOI 1 --robustFit 1 -m 125 -d combinationV18/run2_1tau1l_smoothed/workspace/datacard.root
>> combine -M MultiDimFit -n _paramFit_Test_prop_binSR1tau1l_2016preVFP_bin4 --algo impact --redefineSignalPOIs r -P prop_binSR1tau1l_2016preVFP_bin4 --floatOtherPOIs 1 --saveInactivePOI 1 --robustFit 1 -m 125 -d combinationV18/run <<< Combine >>> 
   Options for Robust Minimizer :: 
        Tolerance  0.1
        Strategy   0
        Type,Algo  Minuit2,Migrad
>>> method used is MultiDimFit
>>> random number generator seed is 123456
Warning! -- You haven't picked default values for the Parameters of Interest (either with --expectSignal or --setParameters) for generating toys. Combine will use the 'B-only' ModelConfig to generate, which may lead to undesired behaviour if not using the default Physics Model
SimNLL created with 4 channels, 0 generic constraints, 245 fast gaussian constraints, 0 fast poisson constraints, 0 fast group constraints, 
Warning! -- You haven't picked default values for the Parameters of Interest (either with --expectSignal or --setParameters) for generating toys. Combine will use the 'B-only' ModelConfig to generate, which may lead to undesired behaviour if not using the default Physics Model
SimNLL created with 4 channels, 0 generic constraints, 245 fast gaussian constraints, 0 fast poisson constraints, 0 fast group constraints, 

 --- MultiDimFit ---
Parameter impacts: 
  Parameter  :   Best-fit               r            
  ps_isr_ttZ :   +0.000  -0.994/+0.994  -0.007/+0.005
Done in 1.00 min (cpu), 1.00 min (real)
 <<< Combine >>> 
   Options for Robust Minimizer :: 
        Tolerance  0.1
        Strategy   0
        Type,Algo  Minuit2,Migrad
>>> method used is MultiDimFit
>>> random number generator seed is 123456

 --- MultiDimFit ---
Parameter impacts: 
Warning! -- You haven't picked default values for the Parameters of Interest (either with --expectSignal or --setParameters) for generating toys. Combine will use the 'B-only' ModelConfig to generate, which may lead to undesired behaviour if not using the default Physics Model
SimNLL created with 4 channels, 0 generic constraints, 245 fast gaussian constraints, 0 fast poisson constraints, 0 fast group constraints, 
  Parameter             :   Best-fit               r            
  lumi_13TeV_2016preVFP :   +0.000  -0.994/+0.994  +0.005/-0.006
Done in 0.88 min (cpu), 0.88 min (real)
 <<< Combine >>> 
   Options for Robust Minimizer :: 
        Tolerance  0.1
        Strategy   0
        Type,Algo  Minuit2,Migrad
>>> method used is MultiDimFit
>>> random number generator seed is 123456
Warning! -- You haven't picked default values for the Parameters of Interest (either with --expectSignal or --setParameters) for generating toys. Combine will use the 'B-only' ModelConfig to generate, which may lead to undesired behaviour if not using the default Physics Model
SimNLL created with 4 channels, 0 generic constraints, 245 fast gaussian constraints, 0 fast poisson constraints, 0 fast group constraints, 

 --- MultiDimFit ---
Parameter impacts: 
  Parameter                  :   Best-fit               r            
  prop_binSR1tau1l_2017_bin4 :   +0.000  -0.948/+0.952  +0.050/-0.038
Done in 0.77 min (cpu), 0.77 min (real)
 <<< Combine >>> 
   Options for Robust Minimizer :: 
        Tolerance  0.1
        Strategy   0
        Type,Algo  Minuit2,Migrad
>>> method used is MultiDimFit
>>> random number generator seed is 123456

 --- MultiDimFit ---
Parameter impacts: 
Warning! -- You haven't picked default values for the Parameters of Interest (either with --expectSignal or --setParameters) for generating toys. Combine will use the 'B-only' ModelConfig to generate, which may lead to undesired behaviour if not using the default Physics Model
SimNLL created with 4 channels, 0 generic constraints, 245 fast gaussian constraints, 0 fast poisson constraints, 0 fast group constraints, 
  Parameter                         :   Best-fit               r            
  prop_binSR1tau1l_2016postVFP_bin2 :   +0.000  -0.959/+0.963  +0.002/-0.000
Done in 0.87 min (cpu), 0.88 min (real)
 <<< Combine >>> 
   Options for Robust Minimizer :: 
        Tolerance  0.1
        Strategy   0
        Type,Algo  Minuit2,Migrad
>>> method used is MultiDimFit
>>> random number generator seed is 123456
Warning! -- You haven't picked default values for the Parameters of Interest (either with --expectSignal or --setParameters) for generating toys. Combine will use the 'B-only' ModelConfig to generate, which may lead to undesired behaviour if not using the default Physics Model
SimNLL created with 4 channels, 0 generic constraints, 245 fast gaussian constraints, 0 fast poisson constraints, 0 fast group constraints, 

 --- MultiDimFit ---
Parameter impacts: 
  Parameter                  :   Best-fit               r            
  prop_binSR1tau1l_2018_bin5 :   +0.000  -0.956/+0.960  +0.128/-0.103
Done in 0.94 min (cpu), 0.94 min (real)
 <<< Combine >>> 
   Options for Robust Minimizer :: 
        Tolerance  0.1
        Strategy   0
        Type,Algo  Minuit2,Migrad
>>> method used is MultiDimFit
>>> random number generator seed is 123456

 --- MultiDimFit ---
Parameter impacts: 
Warning! -- You haven't picked default values for the Parameters of Interest (either with --expectSignal or --setParameters) for generating toys. Combine will use the 'B-only' ModelConfig to generate, which may lead to undesired behaviour if not using the default Physics Model
SimNLL created with 4 channels, 0 generic constraints, 245 fast gaussian constraints, 0 fast poisson constraints, 0 fast group constraints, 
  Parameter                        :   Best-fit               r            
  prop_binSR1tau1l_2016preVFP_bin4 :   +0.000  -0.946/+0.953  +0.044/-0.030
Done in 0.77 min (cpu), 0.78 min (real)
 <<< Combine >>> 
   Options for Robust Minimizer :: 
        Tolerance  0.1
        Strategy   0
        Type,Algo  Minuit2,Migrad
>>> method used is MultiDimFit
>>> random number generator seed is 123456
Warning! -- You haven't picked default values for the Parameters of Interest (either with --expectSignal or --setParameters) for generating toys. Combine will use the 'B-only' ModelConfig to generate, which may lead to undesired behaviour if not using the default Physics Model
SimNLL created with 4 channels, 0 generic constraints, 245 fast gaussian constraints, 0 fast poisson constraints, 0 fast group constraints, 

 --- MultiDimFit ---
Parameter impacts: 
  Parameter       :   Best-fit               r            
  QCDscale_ren_tt :   +0.000  -0.946/+0.967  -0.263/+0.198
Done in 0.92 min (cpu), 0.92 min (real)
>> combine -M MultiDimFit -n _paramFit_Test_CMS_btag_fixedWP_comb_bc_uncorrelated_2016preVFP --algo impact --redefineSignalPOIs r -P CMS_btag_fixedWP_comb_bc_uncorrelated_2016preVFP --floatOtherPOIs 1 --saveInactivePOI 1 --robustFit 1 -m 125 -d combinationV18/run2_1tau1l_smoothed/workspace/datacard.root
>> combine -M MultiDimFit -n _paramFit_Test_CMS_btag_fixedWP_comb_bc_uncorrelated_2017 --algo impact --redefineSignalPOIs r -P CMS_btag_fixedWP_comb_bc_uncorrelated_2017 --floatOtherPOIs 1 --saveInactivePOI 1 --robustFit 1 -m 125 -d combinationV18/run2_1tau1l_smoothed/workspace/datacard.root
>> combine -M MultiDimFit -n _paramFit_Test_CMS_btag_fixedWP_comb_bc_uncorrelated_2018 --algo impact --redefineSignalPOIs r -P CMS_btag_fixedWP_comb_bc_uncorrelated_2018 --floatOtherPOIs 1 --saveInactivePOI 1 --robustFit 1 -m 125 -d combinationV18/run2_1tau1l_smoothed/workspace/datacard.root
>> combine -M MultiDimFit -n _paramFit_Test_CMS_btag_fixedWP_incl_light_correlated --algo impact --redefineSignalPOIs r -P CMS_btag_fixedWP_incl_light_correlated --floatOtherPOIs 1 --saveInactivePOI 1 --robustFit 1 -m 125 -d combinationV18/run2_1tau1l_smoothed/workspace/datacard.root
>> combine -M MultiDimFit -n _paramFit_Test_CMS_btag_fixedWP_incl_light_uncorrelated_2016postVFP --algo impact --redefineSignalPOIs r -P CMS_btag_fixedWP_incl_light_uncorrelated_2016postVFP --floatOtherPOIs 1 --saveInactivePOI 1 --robustFit 1 -m 125 -d combinationV18/run2_1tau1l_smoothed/workspace/datacard.root
>> combine -M MultiDimFit -n _paramFit_Test_CMS_btag_fixedWP_incl_light_uncorrelated_2016preVFP --algo impact --redefineSignalPOIs r -P CMS_btag_fixedWP_incl_light_uncorrelated_2016preVFP --floatOtherPOIs 1 --saveInactivePOI 1 --robustFit 1 -m 125 -d combinationV18/run2_1tau1l_smoothed/workspace/datacard.root
>> combine -M MultiDimFit -n _paramFit_Test_CMS_btag_fixedWP_incl_light_uncorrelated_2017 --algo impact --redefineSignalPOIs r -P CMS_btag_fixedWP_incl_light_uncorrelated_2017 --floatOtherPOIs 1 --saveInactivePOI 1 --robustFit 1 -m 125 -d combinationV18/run2_1tau1l_smoothed/workspace/datacard.root
>> combine -M MultiDimFit -n _paramFit_Test_CMS_btag_fixedWP_incl_light_uncorrelated_2018 --algo impact --redefineSignalPOIs r -P CMS_btag_fixedWP_incl_light_uncorrelated_2018 --floatOtherPOIs 1 --saveInactivePOI 1 --robustFit 1 -m 125 -d combinationV18/run2_1tau1l_smoothed/workspace/datacard.root
>> combine -M MultiDimFit -n _paramFit_Test_CMS_eff_t_vsJet_syst_2016preVFP --algo impact --redefineSignalPOIs r -P CMS_eff_t_vsJet_syst_2016preVFP --floatOtherPOIs 1 --saveInactivePOI 1 --robustFit 1 -m 125 -d combinationV18/run2_1tau1l_smoothed/workspace/datacard.root
>> combine -M MultiDimFit -n _paramFit_Test_CMS_eff_t_vsJet_syst_2017 --algo impact --redefineSignalPOIs r -P CMS_eff_t_vsJet_syst_2017 --floatOtherPOIs 1 --saveInactivePOI 1 --robustFit 1 -m 125 -d combinationV18/run2_1tau1l_smoothed/workspace/datacard.root
>> combine -M MultiDimFit -n _paramFit_Test_CMS_eff_t_vsJet_syst_2018 --algo impact --redefineSignalPOIs r -P CMS_eff_t_vsJet_syst_2018 --floatOtherPOIs 1 --saveInactivePOI 1 --robustFit 1 -m 125 -d combinationV18/run2_1tau1l_smoothed/workspace/datacard.root
>> combine -M MultiDimFit -n _paramFit_Test_CMS_eff_t_vsJet_syst_alleras --algo impact --redefineSignalPOIs r -P CMS_eff_t_vsJet_syst_alleras --floatOtherPOIs 1 --saveInactivePOI 1 --robustFit 1 -m 125 -d combinationV18/run2_1tau1l_smoothed/workspace/datacard.root
>> combine -M MultiDimFit -n _paramFit_Test_CMS_eff_t_vsJet_syst_dm0_2016postVFP --algo impact --redefineSignalPOIs r -P CMS_eff_t_vsJet_syst_dm0_2016postVFP --floatOtherPOIs 1 --saveInactivePOI 1 --robustFit 1 -m 125 -d combinationV18/run2_1tau1l_smoothed/workspace/datacard.root
>> combine -M MultiDimFit -n _paramFit_Test_CMS_eff_t_vsJet_syst_dm0_2016preVFP --algo impact --redefineSignalPOIs r -P CMS_eff_t_vsJet_syst_dm0_2016preVFP --floatOtherPOIs 1 --saveInactivePOI 1 --robustFit 1 -m 125 -d combinationV18/run2_1tau1l_smoothed/workspace/datacard.root
>> combine -M MultiDimFit -n _paramFit_Test_CMS_eff_t_vsJet_syst_dm0_2017 --algo impact --redefineSignalPOIs r -P CMS_eff_t_vsJet_syst_dm0_2017 --floatOtherPOIs 1 --saveInactivePOI 1 --robustFit 1 -m 125 -d combinationV18/run2_1tau1l_smoothed/workspace/datacard.root
>> combine -M MultiDimFit -n _paramFit_Test_CMS_eff_t_vsJet_syst_dm0_2018 --algo impact --redefineSignalPOIs r -P CMS_eff_t_vsJet_syst_dm0_2018 --floatOtherPOIs 1 --saveInactivePOI 1 --robustFit 1 -m 125 -d combinationV18/run2_1tau1l_smoothed/workspace/datacard.root
>> combine -M MultiDimFit -n _paramFit_Test_CMS_scale_j_PileUpPtHF --algo impact --redefineSignalPOIs r -P CMS_scale_j_PileUpPtHF --floatOtherPOIs 1 --saveInactivePOI 1 --robustFit 1 -m 125 -d combinationV18/run2_1tau1l_smoothed/workspace/datacard.root
>> combine -M MultiDimFit -n _paramFit_Test_CMS_scale_j_PileUpPtRef --algo impact --redefineSignalPOIs r -P CMS_scale_j_PileUpPtRef --floatOtherPOIs 1 --saveInactivePOI 1 --robustFit 1 -m 125 -d combinationV18/run2_1tau1l_smoothed/workspace/datacard.root
>> combine -M MultiDimFit -n _paramFit_Test_CMS_scale_j_RelativeBal --algo impact --redefineSignalPOIs r -P CMS_scale_j_RelativeBal --floatOtherPOIs 1 --saveInactivePOI 1 --robustFit 1 -m 125 -d combinationV18/run2_1tau1l_smoothed/workspace/datacard.root
>> combine -M MultiDimFit -n _paramFit_Test_CMS_scale_j_RelativeFSR --algo impact --redefineSignalPOIs r -P CMS_scale_j_RelativeFSR --floatOtherPOIs 1 --saveInactivePOI 1 --robustFit 1 -m 125 -d combinationV18/run2_1tau1l_smoothed/workspace/datacard.root
>> combine -M MultiDimFit -n _paramFit_Test_CMS_scale_j_RelativeJEREC1_2016postVFP --algo impact --redefineSignalPOIs r -P CMS_scale_j_RelativeJEREC1_2016postVFP --floatOtherPOIs 1 --saveInactivePOI 1 --robustFit 1 -m 125 -d combinationV18/run2_1tau1l_smoothed/workspace/datacard.root
>> combine -M MultiDimFit -n _paramFit_Test_CMS_scale_j_RelativeJEREC1_2016preVFP --algo impact --redefineSignalPOIs r -P CMS_scale_j_RelativeJEREC1_2016preVFP --floatOtherPOIs 1 --saveInactivePOI 1 --robustFit 1 -m 125 -d combinationV18/run2_1tau1l_smoothed/workspace/datacard.root
>> combine -M MultiDimFit -n _paramFit_Test_CMS_scale_j_RelativeJEREC1_2017 --algo impact --redefineSignalPOIs r -P CMS_scale_j_RelativeJEREC1_2017 --floatOtherPOIs 1 --saveInactivePOI 1 --robustFit 1 -m 125 -d combinationV18/run2_1tau1l_smoothed/workspace/datacard.root
>> combine -M MultiDimFit -n _paramFit_Test_CMS_scale_j_RelativeJEREC1_2018 --algo impact --redefineSignalPOIs r -P CMS_scale_j_RelativeJEREC1_2018 --floatOtherPOIs 1 --saveInactivePOI 1 --robustFit 1 -m 125 -d combinationV18/run2_1tau1l_smoothed/workspace/datacard.root
>> combine -M MultiDimFit -n _paramFit_Test_QCDscale_fac_ttH --algo impact --redefineSignalPOIs r -P QCDscale_fac_ttH --floatOtherPOIs 1 --saveInactivePOI 1 --robustFit 1 -m 125 -d combinationV18/run2_1tau1l_smoothed/workspace/datacard.root
>> combine -M MultiDimFit -n _paramFit_Test_QCDscale_fac_ttW --algo impact --redefineSignalPOIs r -P QCDscale_fac_ttW --floatOtherPOIs 1 --saveInactivePOI 1 --robustFit 1 -m 125 -d combinationV18/run2_1tau1l_smoothed/workspace/datacard.root
>> combine -M MultiDimFit -n _paramFit_Test_QCDscale_fac_ttZ --algo impact --redefineSignalPOIs r -P QCDscale_fac_ttZ --floatOtherPOIs 1 --saveInactivePOI 1 --robustFit 1 -m 125 -d combinationV18/run2_1tau1l_smoothed/workspace/datacard.root
>> combine -M MultiDimFit -n _paramFit_Test_QCDscale_fac_tttt --algo impact --redefineSignalPOIs r -P QCDscale_fac_tttt --floatOtherPOIs 1 --saveInactivePOI 1 --robustFit 1 -m 125 -d combinationV18/run2_1tau1l_smoothed/workspace/datacard.root
>> combine -M MultiDimFit -n _paramFit_Test_QCDscale_ren_singleTop --algo impact --redefineSignalPOIs r -P QCDscale_ren_singleTop --floatOtherPOIs 1 --saveInactivePOI 1 --robustFit 1 -m 125 -d combinationV18/run2_1tau1l_smoothed/workspace/datacard.root
>> combine -M MultiDimFit -n _paramFit_Test_QCDscale_ren_tt --algo impact --redefineSignalPOIs r -P QCDscale_ren_tt --floatOtherPOIs 1 --saveInactivePOI 1 --robustFit 1 -m 125 -d combinationV18/run2_1tau1l_smoothed/workspace/datacard.root
>> combine -M MultiDimFit -n _paramFit_Test_QCDscale_ren_ttH <<< Combine >>> 
   Options for Robust Minimizer :: 
        Tolerance  0.1
        Strategy   0
        Type,Algo  Minuit2,Migrad
>>> method used is MultiDimFit
>>> random number generator seed is 123456
Warning! -- You haven't picked default values for the Parameters of Interest (either with --expectSignal or --setParameters) for generating toys. Combine will use the 'B-only' ModelConfig to generate, which may lead to undesired behaviour if not using the default Physics Model
SimNLL created with 4 channels, 0 generic constraints, 245 fast gaussian constraints, 0 fast poisson constraints, 0 fast group constraints, 

 --- MultiDimFit ---
Parameter impacts: 
  Parameter       :   Best-fit               r            
  lumi_13TeV_2017 :   +0.000  -0.992/+0.992  +0.021/-0.021
Done in 0.84 min (cpu), 0.84 min (real)
 <<< Combine >>> 
   Options for Robust Minimizer :: 
        Tolerance  0.1
        Strategy   0
        Type,Algo  Minuit2,Migrad
>>> method used is MultiDimFit
>>> random number generator seed is 123456

 --- MultiDimFit ---
Parameter impacts: 
Warning! -- You haven't picked default values for the Parameters of Interest (either with --expectSignal or --setParameters) for generating toys. Combine will use the 'B-only' ModelConfig to generate, which may lead to undesired behaviour if not using the default Physics Model
SimNLL created with 4 channels, 0 generic constraints, 245 fast gaussian constraints, 0 fast poisson constraints, 0 fast group constraints, 
  Parameter   :   Best-fit               r            
  ps_isr_tttt :   +0.000  -0.994/+0.994  -0.026/+0.010
Done in 1.01 min (cpu), 1.02 min (real)

 --- MultiDimFit ---
Parameter impacts: 
  Parameter                  :   Best-fit               r            
  prop_binSR1tau1l_2017_bin5 :   +0.000  -0.955/+0.960  +0.122/-0.095
Done in 0.96 min (cpu), 0.97 min (real)
>> combine -M MultiDimFit -n _paramFit_Test_CMS_TOP24017_norm_ttH --algo impact --redefineSignalPOIs r -P CMS_TOP24017_norm_ttH --floatOtherPOIs 1 --saveInactivePOI 1 --robustFit 1 -m 125 -d combinationV18/run2_1tau1l_smoothed/workspace/datacard.root
>> combine -M MultiDimFit -n _paramFit_Test_CMS_TOP24017_norm_ttW --algo impact --redefineSignalPOIs r -P CMS_TOP24017_norm_ttW --floatOtherPOIs 1 --saveInactivePOI 1 --robustFit 1 -m 125 -d combinationV18/run2_1tau1l_smoothed/workspace/datacard.root
>> combine -M MultiDimFit -n _paramFit_Test_CMS_TOP24017_norm_ttZ --algo impact --redefineSignalPOIs r -P CMS_TOP24017_norm_ttZ --floatOtherPOIs 1 --saveInactivePOI 1 --robustFit 1 -m 125 -d combinationV18/run2_1tau1l_smoothed/workspace/datacard.root
>> combine -M MultiDimFit -n _paramFit_Test_CMS_TOP24017_norm_tttt --algo impact --redefineSignalPOIs r -P CMS_TOP24017_norm_tttt --floatOtherPOIs 1 --saveInactivePOI 1 --robustFit 1 -m 125 -d combinationV18/run2_1tau1l_smoothed/workspace/datacard.root
>> combine -M MultiDimFit -n _paramFit_Test_CMS_TOP24017_ttttSS_eff_e_stat_2016postVFP --algo impact --redefineSignalPOIs r -P CMS_TOP24017_ttttSS_eff_e_stat_2016postVFP --floatOtherPOIs 1 --saveInactivePOI 1 --robustFit 1 -m 125 -d combinationV18/run2_1tau1l_smoothed/workspace/datacard.root
>> combine -M MultiDimFit -n _paramFit_Test_CMS_TOP24017_ttttSS_eff_e_stat_2016preVFP --algo impact --redefineSignalPOIs r -P CMS_TOP24017_ttttSS_eff_e_stat_2016preVFP --floatOtherPOIs 1 --saveInactivePOI 1 --robustFit 1 -m 125 -d combinationV18/run2_1tau1l_smoothed/workspace/datacard.root
>> combine -M MultiDimFit -n _paramFit_Test_CMS_TOP24017_ttttSS_eff_e_stat_2017 --algo impact --redefineSignalPOIs r -P CMS_TOP24017_ttttSS_eff_e_stat_2017 --floatOtherPOIs 1 --saveInactivePOI 1 --robustFit 1 -m 125 -d combinationV18/run2_1tau1l_smoothed/workspace/datacard.root
>> combine -M MultiDimFit -n _paramFit_Test_CMS_TOP24017_ttttSS_eff_e_stat_2018 --algo impact --redefineSignalPOIs r -P CMS_TOP24017_ttttSS_eff_e_stat_2018 --floatOtherPOIs 1 --saveInactivePOI 1 --robustFit 1 -m 125 -d combinationV18/run2_1tau1l_smoothed/workspace/datacard.root
>> combine -M MultiDimFit -n _paramFit_Test_CMS_eff_t_vsJet_syst_dm10_2016postVFP --algo impact --redefineSignalPOIs r -P CMS_eff_t_vsJet_syst_dm10_2016postVFP --floatOtherPOIs 1 --saveInactivePOI 1 --robustFit 1 -m 125 -d combinationV18/run2_1tau1l_smoothed/workspace/datacard.root
>> combine -M MultiDimFit -n _paramFit_Test_CMS_eff_t_vsJet_syst_dm10_2016preVFP --algo impact --redefineSignalPOIs r -P CMS_eff_t_vsJet_syst_dm10_2016preVFP --floatOtherPOIs 1 --saveInactivePOI 1 --robustFit 1 -m 125 -d combinationV18/run2_1tau1l_smoothed/workspace/datacard.root
>> combine -M MultiDimFit -n _paramFit_Test_CMS_eff_t_vsJet_syst_dm10_2017 --algo impact --redefineSignalPOIs r -P CMS_eff_t_vsJet_syst_dm10_2017 --floatOtherPOIs 1 --saveInactivePOI 1 --robustFit 1 -m 125 -d combinationV18/run2_1tau1l_smoothed/workspace/datacard.root
>> combine -M MultiDimFit -n _paramFit_Test_CMS_eff_t_vsJet_syst_dm10_2018 --algo impact --redefineSignalPOIs r -P CMS_eff_t_vsJet_syst_dm10_2018 --floatOtherPOIs 1 --saveInactivePOI 1 --robustFit 1 -m 125 -d combinationV18/run2_1tau1l_smoothed/workspace/datacard.root
>> combine -M MultiDimFit -n _paramFit_Test_CMS_eff_t_vsJet_syst_dm11_2016postVFP --algo impact --redefineSignalPOIs r -P CMS_eff_t_vsJet_syst_dm11_2016postVFP --floatOtherPOIs 1 --saveInactivePOI 1 --robustFit 1 -m 125 -d combinationV18/run2_1tau1l_smoothed/workspace/datacard.root
>> combine -M MultiDimFit -n _paramFit_Test_CMS_eff_t_vsJet_syst_dm11_2016preVFP --algo impact --redefineSignalPOIs r -P CMS_eff_t_vsJet_syst_dm11_2016preVFP --floatOtherPOIs 1 --saveInactivePOI 1 --robustFit 1 -m 125 -d combinationV18/run2_1tau1l_smoothed/workspace/datacard.root
>> combine -M MultiDimFit -n _paramFit_Test_CMS_eff_t_vsJet_syst_dm11_2017 --algo impact --redefineSignalPOIs r -P CMS_eff_t_vsJet_syst_dm11_2017 --floatOtherPOIs 1 --saveInactivePOI 1 --robustFit 1 -m 125 -d combinationV18/run2_1tau1l_smoothed/workspace/datacard.root
>> combine -M MultiDimFit -n _paramFit_Test_CMS_eff_t_vsJet_syst_dm11_2018 --algo impact --redefineSignalPOIs r -P CMS_eff_t_vsJet_syst_dm11_2018 --floatOtherPOIs 1 --saveInactivePOI 1 --robustFit 1 -m 125 -d combinationV18/run2_1tau1l_smoothed/workspace/datacard.root
>> combine -M MultiDimFit -n _paramFit_Test_CMS_scale_t_DM11_2017 --algo impact --redefineSignalPOIs r -P CMS_scale_t_DM11_2017 --floatOtherPOIs 1 --saveInactivePOI 1 --robustFit 1 -m 125 -d combinationV18/run2_1tau1l_smoothed/workspace/datacard.root
>> combine -M MultiDimFit -n _paramFit_Test_CMS_scale_t_DM11_2018 --algo impact --redefineSignalPOIs r -P CMS_scale_t_DM11_2018 --floatOtherPOIs 1 --saveInactivePOI 1 --robustFit 1 -m 125 -d combinationV18/run2_1tau1l_smoothed/workspace/datacard.root
>> combine -M MultiDimFit -n _paramFit_Test_CMS_scale_t_DM1_2016postVFP --algo impact --redefineSignalPOIs r -P CMS_scale_t_DM1_2016postVFP --floatOtherPOIs 1 --saveInactivePOI 1 --robustFit 1 -m 125 -d combinationV18/run2_1tau1l_smoothed/workspace/datacard.root
>> combine -M MultiDimFit -n _paramFit_Test_CMS_scale_t_DM1_2016preVFP --algo impact --redefineSignalPOIs r -P CMS_scale_t_DM1_2016preVFP --floatOtherPOIs 1 --saveInactivePOI 1 --robustFit 1 -m 125 -d combinationV18/run2_1tau1l_smoothed/workspace/datacard.root
>> combine -M MultiDimFit -n _paramFit_Test_CMS_scale_t_DM1_2017 --algo impact --redefineSignalPOIs r -P CMS_scale_t_DM1_2017 --floatOtherPOIs 1 --saveInactivePOI 1 --robustFit 1 -m 125 -d combinationV18/run2_1tau1l_smoothed/workspace/datacard.root
>> combine -M MultiDimFit -n _paramFit_Test_CMS_scale_t_DM1_2018 --algo impact --redefineSignalPOIs r -P CMS_scale_t_DM1_2018 --floatOtherPOIs 1 --saveInactivePOI 1 --robustFit 1 -m 125 -d combinationV18/run2_1tau1l_smoothed/workspace/datacard.root
>> combine -M MultiDimFit -n _paramFit_Test_QCDscale_fac_singleTop --algo impact --redefineSignalPOIs r -P QCDscale_fac_singleTop --floatOtherPOIs 1 --saveInactivePOI 1 --robustFit 1 -m 125 -d combinationV18/run2_1tau1l_smoothed/workspace/datacard.root
>> combine -M MultiDimFit -n _paramFit_Test_QCDscale_fac_tt --algo impact --redefineSignalPOIs r -P QCDscale_fac_tt --floatOtherPOIs 1 --saveInactivePOI 1 --robustFit 1 -m 125 -d combinationV18/run2_1tau1l_smoothed/workspace/datacard.root
>> combine -M MultiDimFit -n _paramFit_Test_prop_binSR1tau1l_2017_bin0 --algo impact --redefineSignalPOIs r -P prop_binSR1tau1l_2017_bin0 --floatOtherPOIs 1 --saveInactivePOI 1 --robustFit 1 -m 125 -d combinationV18/run2_1tau1l_smoothed/workspace/datacard.root
>> combine -M MultiDimFit -n _paramFit_Test_prop_binSR1tau1l_2017_bin1 --algo impact --redefineSignalPOIs r -P prop_binSR1tau1l_2017_bin1 --floatOtherPOIs 1 --saveInactivePOI 1 --robustFit 1 -m 125 -d combinationV18/run2_1tau1l_smoothed/workspace/datacard.root
>> combine -M MultiDimFit -n _paramFit_Test_prop_binSR1tau1l_2017_bin2 --algo impact --redefineSignalPOIs r -P prop_binSR1tau1l_2017_bin2 --floatOtherPOIs 1 --saveInactivePOI 1 --robustFit 1 -m 125 -d combinationV18/run2_1tau1l_smoothed/workspace/datacard.root
>> combine -M MultiDimFit -n _paramFit_Test_prop_binSR1tau1l_2017_bin3 --algo impact --redefineSignalPOIs r -P prop_binSR1tau1l_2017_bin3 --floatOtherPOIs 1 --saveInactivePOI 1 --robustFit 1 -m 125 -d combinationV18/run2_1tau1l_smoothed/workspace/datacard.root
>> combine -M MultiDimFit -n _paramFit_Test_prop_binSR1tau1l_2017_bin4 --algo impact --redefineSignalPOIs r -P prop_binSR1tau1l_2017_bin4 --floatOtherPOIs 1 --saveInactivePOI 1 --robustFit 1 -m 125 -d combinationV18/run2_1tau1l_smoothed/workspace/datacard.root
>> combine -M MultiDimFit -n _paramFit_Test_prop_binSR1tau1l_2017_bin5 --algo impact --redefineSignalPOIs r -P prop_binSR1tau1l_2017_bin5 --floatOtherPOIs 1 --saveInactivePOI 1 --robustFit 1 -m 125 -d combinationV18/run2_1tau1l_smoothed/workspace/datacard.root
>> combine -M MultiDimFit -n _paramFit_Test_prop_binSR1tau1l_2017_bin6 --algo impact --redefineSignalPOIs r -P prop_binSR1tau1l_2017_bin6 --floatOtherPOIs 1 --saveInactivePOI 1 --robustFit 1 -m 125 -d combinationV18/run2_1tau1l_smoothed/workspace/datacard.ro <<< Combine >>> 
   Options for Robust Minimizer :: 
        Tolerance  0.1
        Strategy   0
        Type,Algo  Minuit2,Migrad
>>> method used is MultiDimFit
>>> random number generator seed is 123456
Warning! -- You haven't picked default values for the Parameters of Interest (either with --expectSignal or --setParameters) for generating toys. Combine will use the 'B-only' ModelConfig to generate, which may lead to undesired behaviour if not using the default Physics Model
SimNLL created with 4 channels, 0 generic constraints, 245 fast gaussian constraints, 0 fast poisson constraints, 0 fast group constraints, 

 --- MultiDimFit ---
Parameter impacts: 

 --- MultiDimFit ---
Parameter impacts: 
  Parameter                         :   Best-fit               r            
  prop_binSR1tau1l_2016postVFP_bin3 :   +0.000  -0.961/+0.966  +0.022/-0.022
Done in 1.01 min (cpu), 1.01 min (real)
>> combine -M MultiDimFit -n _paramFit_Test_CMS_eff_t_vsJet_stat2_dm0_2016preVFP --algo impact --redefineSignalPOIs r -P CMS_eff_t_vsJet_stat2_dm0_2016preVFP --floatOtherPOIs 1 --saveInactivePOI 1 --robustFit 1 -m 125 -d combinationV18/run2_1tau1l_smoothed/workspace/datacard.root
>> combine -M MultiDimFit -n _paramFit_Test_CMS_eff_t_vsJet_stat2_dm0_2017 --algo impact --redefineSignalPOIs r -P CMS_eff_t_vsJet_stat2_dm0_2017 --floatOtherPOIs 1 --saveInactivePOI 1 --robustFit 1 -m 125 -d combinationV18/run2_1tau1l_smoothed/workspace/datacard.root
>> combine -M MultiDimFit -n _paramFit_Test_CMS_eff_t_vsJet_stat2_dm0_2018 --algo impact --redefineSignalPOIs r -P CMS_eff_t_vsJet_stat2_dm0_2018 --floatOtherPOIs 1 --saveInactivePOI 1 --robustFit 1 -m 125 -d combinationV18/run2_1tau1l_smoothed/workspace/datacard.root
>> combine -M MultiDimFit -n _paramFit_Test_CMS_eff_t_vsJet_stat2_dm10_2016postVFP --algo impact --redefineSignalPOIs r -P CMS_eff_t_vsJet_stat2_dm10_2016postVFP --floatOtherPOIs 1 --saveInactivePOI 1 --robustFit 1 -m 125 -d combinationV18/run2_1tau1l_smoothed/workspace/datacard.root
>> combine -M MultiDimFit -n _paramFit_Test_CMS_eff_t_vsJet_stat2_dm10_2016preVFP --algo impact --redefineSignalPOIs r -P CMS_eff_t_vsJet_stat2_dm10_2016preVFP --floatOtherPOIs 1 --saveInactivePOI 1 --robustFit 1 -m 125 -d combinationV18/run2_1tau1l_smoothed/workspace/datacard.root
>> combine -M MultiDimFit -n _paramFit_Test_CMS_eff_t_vsJet_stat2_dm10_2017 --algo impact --redefineSignalPOIs r -P CMS_eff_t_vsJet_stat2_dm10_2017 --floatOtherPOIs 1 --saveInactivePOI 1 --robustFit 1 -m 125 -d combinationV18/run2_1tau1l_smoothed/workspace/datacard.root
>> combine -M MultiDimFit -n _paramFit_Test_CMS_eff_t_vsJet_stat2_dm10_2018 --algo impact --redefineSignalPOIs r -P CMS_eff_t_vsJet_stat2_dm10_2018 --floatOtherPOIs 1 --saveInactivePOI 1 --robustFit 1 -m 125 -d combinationV18/run2_1tau1l_smoothed/workspace/datacard.root
>> combine -M MultiDimFit -n _paramFit_Test_CMS_eff_t_vsJet_stat2_dm11_2016postVFP --algo impact --redefineSignalPOIs r -P CMS_eff_t_vsJet_stat2_dm11_2016postVFP --floatOtherPOIs 1 --saveInactivePOI 1 --robustFit 1 -m 125 -d combinationV18/run2_1tau1l_smoothed/workspace/datacard.root
>> combine -M MultiDimFit -n _paramFit_Test_CMS_scale_j_FlavorPureCharm --algo impact --redefineSignalPOIs r -P CMS_scale_j_FlavorPureCharm --floatOtherPOIs 1 --saveInactivePOI 1 --robustFit 1 -m 125 -d combinationV18/run2_1tau1l_smoothed/workspace/datacard.root
>> combine -M MultiDimFit -n _paramFit_Test_CMS_scale_j_FlavorPureGluon --algo impact --redefineSignalPOIs r -P CMS_scale_j_FlavorPureGluon --floatOtherPOIs 1 --saveInactivePOI 1 --robustFit 1 -m 125 -d combinationV18/run2_1tau1l_smoothed/workspace/datacard.root
>> combine -M MultiDimFit -n _paramFit_Test_CMS_scale_j_FlavorPureQuark --algo impact --redefineSignalPOIs r -P CMS_scale_j_FlavorPureQuark --floatOtherPOIs 1 --saveInactivePOI 1 --robustFit 1 -m 125 -d combinationV18/run2_1tau1l_smoothed/workspace/datacard.root
>> combine -M MultiDimFit -n _paramFit_Test_CMS_scale_j_Fragmentation --algo impact --redefineSignalPOIs r -P CMS_scale_j_Fragmentation --floatOtherPOIs 1 --saveInactivePOI 1 --robustFit 1 -m 125 -d combinationV18/run2_1tau1l_smoothed/workspace/datacard.root
>> combine -M MultiDimFit -n _paramFit_Test_CMS_scale_j_PileUpDataMC --algo impact --redefineSignalPOIs r -P CMS_scale_j_PileUpDataMC --floatOtherPOIs 1 --saveInactivePOI 1 --robustFit 1 -m 125 -d combinationV18/run2_1tau1l_smoothed/workspace/datacard.root
>> combine -M MultiDimFit -n _paramFit_Test_CMS_scale_j_PileUpPtBB --algo impact --redefineSignalPOIs r -P CMS_scale_j_PileUpPtBB --floatOtherPOIs 1 --saveInactivePOI 1 --robustFit 1 -m 125 -d combinationV18/run2_1tau1l_smoothed/workspace/datacard.root
>> combine -M MultiDimFit -n _paramFit_Test_CMS_scale_j_PileUpPtEC1 --algo impact --redefineSignalPOIs r -P CMS_scale_j_PileUpPtEC1 --floatOtherPOIs 1 --saveInactivePOI 1 --robustFit 1 -m 125 -d combinationV18/run2_1tau1l_smoothed/workspace/datacard.root
>> combine -M MultiDimFit -n _paramFit_Test_CMS_scale_j_PileUpPtEC2 --algo impact --redefineSignalPOIs r -P CMS_scale_j_PileUpPtEC2 --floatOtherPOIs 1 --saveInactivePOI 1 --robustFit 1 -m 125 -d combinationV18/run2_1tau1l_smoothed/workspace/datacard.root
>> combine -M MultiDimFit -n _paramFit_Test_CMS_scale_j_RelativePtEC1_2017 --algo impact --redefineSignalPOIs r -P CMS_scale_j_RelativePtEC1_2017 --floatOtherPOIs 1 --saveInactivePOI 1 --robustFit 1 -m 125 -d combinationV18/run2_1tau1l_smoothed/workspace/datacard.root
>> combine -M MultiDimFit -n _paramFit_Test_CMS_scale_j_RelativePtEC1_2018 --algo impact --redefineSignalPOIs r -P CMS_scale_j_RelativePtEC1_2018 --floatOtherPOIs 1 --saveInactivePOI 1 --robustFit 1 -m 125 -d combinationV18/run2_1tau1l_smoothed/workspace/datacard.root
>> combine -M MultiDimFit -n _paramFit_Test_CMS_scale_j_RelativePtEC2_2016postVFP --algo impact --redefineSignalPOIs r -P CMS_scale_j_RelativePtEC2_2016postVFP --floatOtherPOIs 1 --saveInactivePOI 1 --robustFit 1 -m 125 -d combinationV18/run2_1tau1l_smoothed/workspace/datacard.root
>> combine -M MultiDimFit -n _paramFit_Test_CMS_scale_j_RelativePtEC2_2016preVFP --algo impact --redefineSignalPOIs r -P CMS_scale_j_RelativePtEC2_2016preVFP --floatOtherPOIs 1 --saveInactivePOI 1 --robustFit 1 -m 125 -d combinationV18/run2_1tau1l_smoothed/workspace/datacard.root
>> combine -M MultiDimFit -n _paramFit_Test_CMS_scale_j_RelativePtEC2_2017 --algo impact --redefineSignalPOIs r -P CMS_scale_j_RelativePtEC2_2017 --floatOtherPOIs 1 --saveInactivePOI 1 --robustFit 1 -m 125 -d combinationV18/run2_1tau1l_smoothed/workspace/datacard.root
>> combine -M MultiDimFit -n _paramFit_Test_CMS_scale_j_RelativePtEC2_2018 --algo impact --redefineSignalPOIs r -P CMS_scale_j_RelativePtEC2_2018 --floatOtherPOIs 1 --saveInactivePOI 1 --robustFit 1 -m 125 -d combinationV18/run2_1tau1l_smoothed/workspace/datacard.root
>> combine -M MultiDimFit -n _paramFit_Test_CMS_scale_j_RelativePtHF --algo impact --redefineSignalPOIs r -P CMS_scale_j_RelativePtHF --floatOtherPOIs 1 --saveInactivePOI 1 --robustFit 1 -m 125 -d combinationV18/run2_1tau1l_smoothed/workspace/datacard.root
>> combine -M MultiDimFit -n _paramFit_Test_CMS_scale_j_RelativeSample_2016postVFP --algo impact --redefineSignalPOIs r -P CMS_scale_j_RelativeSample_2016postVFP --floatOtherPOIs 1 --saveInactivePOI 1 --robustFit 1 -m 125 -d combinationV18/run2_1tau1l_smoothed/workspace/datacard.root
>> combine -M MultiDimFit -n _paramFit_Test_pdf_00 --algo impact --redefineSignalPOIs r -P pdf_00 --floatOtherPOIs 1 --saveInactivePOI 1 --robustFit 1 -m 125 -d combinationV18/run2_1tau1l_smoothed/workspace/datacard.root
>> combine -M MultiDimFit -n _paramFit_Test_pdf_alphas --algo impact --redefineSignalPOIs r -P pdf_alphas --floatOtherPOIs 1 --saveInactivePOI 1 --robustFit 1 -m 125 -d combinationV18/run2_1tau1l_smoothed/workspace/datacard.root
>> combine -M MultiDimFit -n _paramFit_Test_prop_binSR1tau1l_2016postVFP_bin0 --algo impact --redefineSignalPOIs r -P prop_binSR1tau1l_2016postVFP_bin0 --floatOtherPOIs 1 --saveInactivePOI 1 --robustFit 1 -m 125 -d combinationV18/run2_1tau1l_smoothed/workspace/datacard.root
>> combine -M MultiDimFit -n _paramFit_Test_prop_binSR1tau1l_2016postVFP_bin1 --algo impact --redefineSignalPOIs r -P prop_binSR1tau1l_2016postVFP_bin1 --floatOtherPOIs 1 --saveInactivePOI 1 --robustFit 1 -m 125 -d combinationV18/run2_1tau1l_smoothed/workspace/datacard.root
>> combine -M MultiDimFit -n _paramFit_Test_prop_binSR1tau1l_2016postVFP_bin2 --algo impact --redefineSignalPOIs r -P prop_binSR1tau1l_2016postVFP_bin2 --floatOtherPOIs 1 --saveInactivePOI 1 --robustFit 1 -m 125 -d combinationV18/run2_1tau1l_smoothed/workspace/datacard.root
>> combine -M MultiDimFit -n _paramFit_Test_prop_binSR1tau1l_2016postVFP_bin3 --algo impact --redefineSignalPOIs r -P prop_binSR1tau1l_2016postVFP_bin3 --floatOtherPOIs 1 --saveInactivePOI 1 --robustFit 1 -m 125 -d combinationV18/run2_1tau1l_smoothed/workspace/datacard.root
>> combine -M MultiDimFit -n _paramFit_Test_prop_binSR1tau1l_2016postVFP_bin4 --algo impact --redefineSignalPOIs r -P prop_binSR1tau1l_2016postVFP_bin4 --floatOtherPOIs 1 --saveI <<< Combine >>> 
   Options for Robust Minimizer :: 
        Tolerance  0.1
        Strategy   0
        Type,Algo  Minuit2,Migrad
>>> method used is MultiDimFit
>>> random number generator seed is 123456
  Parameter                  :   Best-fit               r            
  prop_binSR1tau1l_2018_bin6 :   +0.000  -0.972/+0.974  +0.228/-0.194
Done in 0.78 min (cpu), 0.79 min (real)
>> combine -M MultiDimFit -n _paramFit_Test_CMS_TOP24017_ttttSS_eff_e_syst --algo impact --redefineSignalPOIs r -P CMS_TOP24017_ttttSS_eff_e_syst --floatOtherPOIs 1 --saveInactivePOI 1 --robustFit 1 -m 125 -d combinationV18/run2_1tau1l_smoothed/workspace/datacard.root
>> combine -M MultiDimFit -n _paramFit_Test_CMS_TOP24017_ttttSS_eff_m_stat_2016postVFP --algo impact --redefineSignalPOIs r -P CMS_TOP24017_ttttSS_eff_m_stat_2016postVFP --floatOtherPOIs 1 --saveInactivePOI 1 --robustFit 1 -m 125 -d combinationV18/run2_1tau1l_smoothed/workspace/datacard.root
>> combine -M MultiDimFit -n _paramFit_Test_CMS_TOP24017_ttttSS_eff_m_stat_2016preVFP --algo impact --redefineSignalPOIs r -P CMS_TOP24017_ttttSS_eff_m_stat_2016preVFP --floatOtherPOIs 1 --saveInactivePOI 1 --robustFit 1 -m 125 -d combinationV18/run2_1tau1l_smoothed/workspace/datacard.root
>> combine -M MultiDimFit -n _paramFit_Test_CMS_TOP24017_ttttSS_eff_m_stat_2017 --algo impact --redefineSignalPOIs r -P CMS_TOP24017_ttttSS_eff_m_stat_2017 --floatOtherPOIs 1 --saveInactivePOI 1 --robustFit 1 -m 125 -d combinationV18/run2_1tau1l_smoothed/workspace/datacard.root
>> combine -M MultiDimFit -n _paramFit_Test_CMS_TOP24017_ttttSS_eff_m_stat_2018 --algo impact --redefineSignalPOIs r -P CMS_TOP24017_ttttSS_eff_m_stat_2018 --floatOtherPOIs 1 --saveInactivePOI 1 --robustFit 1 -m 125 -d combinationV18/run2_1tau1l_smoothed/workspace/datacard.root
>> combine -M MultiDimFit -n _paramFit_Test_CMS_TOP24017_ttttSS_eff_m_syst --algo impact --redefineSignalPOIs r -P CMS_TOP24017_ttttSS_eff_m_syst --floatOtherPOIs 1 --saveInactivePOI 1 --robustFit 1 -m 125 -d combinationV18/run2_1tau1l_smoothed/workspace/datacard.root
>> combine -M MultiDimFit -n _paramFit_Test_CMS_btag_fixedWP_comb_bc_correlated --algo impact --redefineSignalPOIs r -P CMS_btag_fixedWP_comb_bc_correlated --floatOtherPOIs 1 --saveInactivePOI 1 --robustFit 1 -m 125 -d combinationV18/run2_1tau1l_smoothed/workspace/datacard.root
>> combine -M MultiDimFit -n _paramFit_Test_CMS_btag_fixedWP_comb_bc_uncorrelated_2016postVFP --algo impact --redefineSignalPOIs r -P CMS_btag_fixedWP_comb_bc_uncorrelated_2016postVFP --floatOtherPOIs 1 --saveInactivePOI 1 --robustFit 1 -m 125 -d combinationV18/run2_1tau1l_smoothed/workspace/datacard.root
>> combine -M MultiDimFit -n _paramFit_Test_CMS_eff_t_vsJet_syst_dm1_2016postVFP --algo impact --redefineSignalPOIs r -P CMS_eff_t_vsJet_syst_dm1_2016postVFP --floatOtherPOIs 1 --saveInactivePOI 1 --robustFit 1 -m 125 -d combinationV18/run2_1tau1l_smoothed/workspace/datacard.root
>> combine -M MultiDimFit -n _paramFit_Test_CMS_eff_t_vsJet_syst_dm1_2016preVFP --algo impact --redefineSignalPOIs r -P CMS_eff_t_vsJet_syst_dm1_2016preVFP --floatOtherPOIs 1 --saveInactivePOI 1 --robustFit 1 -m 125 -d combinationV18/run2_1tau1l_smoothed/workspace/datacard.root
>> combine -M MultiDimFit -n _paramFit_Test_CMS_eff_t_vsJet_syst_dm1_2017 --algo impact --redefineSignalPOIs r -P CMS_eff_t_vsJet_syst_dm1_2017 --floatOtherPOIs 1 --saveInactivePOI 1 --robustFit 1 -m 125 -d combinationV18/run2_1tau1l_smoothed/workspace/datacard.root
>> combine -M MultiDimFit -n _paramFit_Test_CMS_eff_t_vsJet_syst_dm1_2018 --algo impact --redefineSignalPOIs r -P CMS_eff_t_vsJet_syst_dm1_2018 --floatOtherPOIs 1 --saveInactivePOI 1 --robustFit 1 -m 125 -d combinationV18/run2_1tau1l_smoothed/workspace/datacard.root
>> combine -M MultiDimFit -n _paramFit_Test_CMS_eff_t_vsMu_2016postVFP --algo impact --redefineSignalPOIs r -P CMS_eff_t_vsMu_2016postVFP --floatOtherPOIs 1 --saveInactivePOI 1 --robustFit 1 -m 125 -d combinationV18/run2_1tau1l_smoothed/workspace/datacard.root
>> combine -M MultiDimFit -n _paramFit_Test_CMS_eff_t_vsMu_2016preVFP --algo impact --redefineSignalPOIs r -P CMS_eff_t_vsMu_2016preVFP --floatOtherPOIs 1 --saveInactivePOI 1 --robustFit 1 -m 125 -d combinationV18/run2_1tau1l_smoothed/workspace/datacard.root
>> combine -M MultiDimFit -n _paramFit_Test_CMS_eff_t_vsMu_2017 --algo impact --redefineSignalPOIs r -P CMS_eff_t_vsMu_2017 --floatOtherPOIs 1 --saveInactivePOI 1 --robustFit 1 -m 125 -d combinationV18/run2_1tau1l_smoothed/workspace/datacard.root
>> combine -M MultiDimFit -n _paramFit_Test_CMS_eff_t_vsMu_2018 --algo impact --redefineSignalPOIs r -P CMS_eff_t_vsMu_2018 --floatOtherPOIs 1 --saveInactivePOI 1 --robustFit 1 -m 125 -d combinationV18/run2_1tau1l_smoothed/workspace/datacard.root
>> combine -M MultiDimFit -n _paramFit_Test_CMS_scale_t_DM0_2017 --algo impact --redefineSignalPOIs r -P CMS_scale_t_DM0_2017 --floatOtherPOIs 1 --saveInactivePOI 1 --robustFit 1 -m 125 -d combinationV18/run2_1tau1l_smoothed/workspace/datacard.root
>> combine -M MultiDimFit -n _paramFit_Test_CMS_scale_t_DM0_2018 --algo impact --redefineSignalPOIs r -P CMS_scale_t_DM0_2018 --floatOtherPOIs 1 --saveInactivePOI 1 --robustFit 1 -m 125 -d combinationV18/run2_1tau1l_smoothed/workspace/datacard.root
>> combine -M MultiDimFit -n _paramFit_Test_CMS_scale_t_DM10_2016postVFP --algo impact --redefineSignalPOIs r -P CMS_scale_t_DM10_2016postVFP --floatOtherPOIs 1 --saveInactivePOI 1 --robustFit 1 -m 125 -d combinationV18/run2_1tau1l_smoothed/workspace/datacard.root
>> combine -M MultiDimFit -n _paramFit_Test_CMS_scale_t_DM10_2016preVFP --algo impact --redefineSignalPOIs r -P CMS_scale_t_DM10_2016preVFP --floatOtherPOIs 1 --saveInactivePOI 1 --robustFit 1 -m 125 -d combinationV18/run2_1tau1l_smoothed/workspace/datacard.root
>> combine -M MultiDimFit -n _paramFit_Test_CMS_scale_t_DM10_2017 --algo impact --redefineSignalPOIs r -P CMS_scale_t_DM10_2017 --floatOtherPOIs 1 --saveInactivePOI 1 --robustFit 1 -m 125 -d combinationV18/run2_1tau1l_smoothed/workspace/datacard.root
>> combine -M MultiDimFit -n _paramFit_Test_CMS_scale_t_DM10_2018 --algo impact --redefineSignalPOIs r -P CMS_scale_t_DM10_2018 --floatOtherPOIs 1 --saveInactivePOI 1 --robustFit 1 -m 125 -d combinationV18/run2_1tau1l_smoothed/workspace/datacard.root
>> combine -M MultiDimFit -n _paramFit_Test_CMS_scale_t_DM11_2016postVFP --algo impact --redefineSignalPOIs r -P CMS_scale_t_DM11_2016postVFP --floatOtherPOIs 1 --saveInactivePOI 1 --robustFit 1 -m 125 -d combinationV18/run2_1tau1l_smoothed/workspace/datacard.root
>> combine -M MultiDimFit -n _paramFit_Test_CMS_scale_t_DM11_2016preVFP --algo impact --redefineSignalPOIs r -P CMS_scale_t_DM11_2016preVFP --floatOtherPOIs 1 --saveInactivePOI 1 --robustFit 1 -m 125 -d combinationV18/run2_1tau1l_smoothed/workspace/datacard.root
>> combine -M MultiDimFit -n _paramFit_Test_prop_binSR1tau1l_2018_bin1 --algo impact --redefineSignalPOIs r -P prop_binSR1tau1l_2018_bin1 --floatOtherPOIs 1 --saveInactivePOI 1 --robustFit 1 -m 125 -d combinationV18/run2_1tau1l_smoothed/workspace/datacard.root
>> combine -M MultiDimFit -n _paramFit_Test_prop_binSR1tau1l_2018_bin2 --algo impact --redefineSignalPOIs r -P prop_binSR1tau1l_2018_bin2 --floatOtherPOIs 1 --saveInactivePOI 1 --robustFit 1 -m 125 -d combinationV18/run2_1tau1l_smoothed/workspace/datacard.root
>> combine -M MultiDimFit -n _paramFit_Test_prop_binSR1tau1l_2018_bin3 --algo impact --redefineSignalPOIs r -P prop_binSR1tau1l_2018_bin3 --floatOtherPOIs 1 --saveInactivePOI 1 --robustFit 1 -m 125 -d combinationV18/run2_1tau1l_smoothed/workspace/datacard.root
>> combine -M MultiDimFit -n _paramFit_Test_prop_binSR1tau1l_2018_bin4 --algo impact --redefineSignalPOIs r -P prop_binSR1tau1l_2018_bin4 --floatOtherPOIs 1 --saveInactivePOI 1 --robustFit 1 -m 125 -d combinationV18/run2_1tau1l_smoothed/workspace/datacard.root
>> combine -M MultiDimFit -n _paramFit_Test_prop_binSR1tau1l_2018_bin5 --algo impact --redefineSignalPOIs r -P prop_binSR1tau1l_2018_bin5 --floatOtherPOIs 1 --saveInactivePOI 1 --robustFit 1 -m 125 -d combinationV18/run2_1tau1l_smoothed/workspace/datacard.root
>> combine -M MultiDimFit -n _paramFit_Test_prop_binSR1tau1l_2018_bin6 --algo impact --redefineSignalPOIs r -P prop_binSR1tau1l_2018_bin6 --floatOtherPOIs 1 --saveInactivePOI 1 --robustFit 1 -m 125 -d combinationV18/run2_1tau1l_smoothed/workspace/datacard.root
>> combine -M MultiDimFit -n _paramFit_Test_ps_fsr --algo impact --redefineSignalPOIs r -P ps_fsr --floatOtherPOIs 1 --saveInactivePOI 1 --robustFit 1 -m 125 -d combinationV18/run2_1tau1l_smoothed <<< Combine >>> 
   Options for Robust Minimizer :: 
        Tolerance  0.1
        Strategy   0
        Type,Algo  Minuit2,Migrad
>>> method used is MultiDimFit
>>> random number generator seed is 123456
Warning! -- You haven't picked default values for the Parameters of Interest (either with --expectSignal or --setParameters) for generating toys. Combine will use the 'B-only' ModelConfig to generate, which may lead to undesired behaviour if not using the default Physics Model
SimNLL created with 4 channels, 0 generic constraints, 245 fast gaussian constraints, 0 fast poisson constraints, 0 fast group constraints, 
Warning! -- You haven't picked default values for the Parameters of Interest (either with --expectSignal or --setParameters) for generating toys. Combine will use the 'B-only' ModelConfig to generate, which may lead to undesired behaviour if not using the default Physics Model
SimNLL created with 4 channels, 0 generic constraints, 245 fast gaussian constraints, 0 fast poisson constraints, 0 fast group constraints, 

 --- MultiDimFit ---
Parameter impacts: 
  Parameter                        :   Best-fit               r            
  prop_binSR1tau1l_2016preVFP_bin5 :   +0.000  -0.939/+0.949  +0.102/-0.067
Done in 0.84 min (cpu), 0.84 min (real)
 <<< Combine >>> 
   Options for Robust Minimizer :: 
        Tolerance  0.1
        Strategy   0
        Type,Algo  Minuit2,Migrad
>>> method used is MultiDimFit
>>> random number generator seed is 123456
Warning! -- You haven't picked default values for the Parameters of Interest (either with --expectSignal or --setParameters) for generating toys. Combine will use the 'B-only' ModelConfig to generate, which may lead to undesired behaviour if not using the default Physics Model
SimNLL created with 4 channels, 0 generic constraints, 245 fast gaussian constraints, 0 fast poisson constraints, 0 fast group constraints, 

 --- MultiDimFit ---
Parameter impacts: 
  Parameter        :   Best-fit               r            
  QCDscale_ren_ttH :   +0.000  -0.994/+0.994  -0.000/-0.001
Done in 0.90 min (cpu), 0.96 min (real)
 <<< Combine >>> 
   Options for Robust Minimizer :: 
        Tolerance  0.1
        Strategy   0
        Type,Algo  Minuit2,Migrad
>>> method used is MultiDimFit
>>> random number generator seed is 123456
Warning! -- You haven't picked default values for the Parameters of Interest (either with --expectSignal or --setParameters) for generating toys. Combine will use the 'B-only' ModelConfig to generate, which may lead to undesired behaviour if not using the default Physics Model
SimNLL created with 4 channels, 0 generic constraints, 245 fast gaussian constraints, 0 fast poisson constraints, 0 fast group constraints, 

 --- MultiDimFit ---
Parameter impacts: 

 --- MultiDimFit ---
Parameter impacts: 

 --- MultiDimFit ---
Parameter impacts: 

 --- MultiDimFit ---
Parameter impacts: 
  Parameter                         :   Best-fit               r            
  prop_binSR1tau1l_2016postVFP_bin4 :   +0.000  -0.962/+0.967  +0.030/-0.020
Done in 0.87 min (cpu), 0.87 min (real)
 <<< Combine >>> 
   Options for Robust Minimizer :: 
        Tolerance  0.1
        Strategy   0
        Type,Algo  Minuit2,Migrad
>>> method used is MultiDimFit
>>> random number generator seed is 123456

 --- MultiDimFit ---
Parameter impacts: 
Warning! -- You haven't picked default values for the Parameters of Interest (either with --expectSignal or --setParameters) for generating toys. Combine will use the 'B-only' ModelConfig to generate, which may lead to undesired behaviour if not using the default Physics Model
SimNLL created with 4 channels, 0 generic constraints, 245 fast gaussian constraints, 0 fast poisson constraints, 0 fast group constraints, 
  Parameter                        :   Best-fit               r            
  prop_binSR1tau1l_2016preVFP_bin6 :   +0.000  -0.975/+0.978  +0.129/-0.091
Done in 0.76 min (cpu), 0.76 min (real)
  Parameter :   Best-fit               r            
  ps_fsr    :   +0.000  -0.944/+0.958  -0.437/+0.368
Done in 0.86 min (cpu), 0.87 min (real)
  Parameter       :   Best-fit               r            
  lumi_13TeV_2018 :   +0.000  -0.993/+0.993  +0.020/-0.020
Done in 0.91 min (cpu), 0.91 min (real)
  Parameter                  :   Best-fit               r            
  prop_binSR1tau1l_2017_bin6 :   +0.000  -0.977/+0.979  +0.155/-0.128
Done in 0.74 min (cpu), 0.74 min (real)
>> combine -M MultiDimFit -n _paramFit_Test_CMS_eff_e_reco_2016 --algo impact --redefineSignalPOIs r -P CMS_eff_e_reco_2016 --floatOtherPOIs 1 --saveInactivePOI 1 --robustFit 1 -m 125 -d combinationV18/run2_1tau1l_smoothed/workspace/datacard.root
>> combine -M MultiDimFit -n _paramFit_Test_CMS_eff_e_reco_2017 --algo impact --redefineSignalPOIs r -P CMS_eff_e_reco_2017 --floatOtherPOIs 1 --saveInactivePOI 1 --robustFit 1 -m 125 -d combinationV18/run2_1tau1l_smoothed/workspace/datacard.root
>> combine -M MultiDimFit -n _paramFit_Test_CMS_eff_e_reco_2018 --algo impact --redefineSignalPOIs r -P CMS_eff_e_reco_2018 --floatOtherPOIs 1 --saveInactivePOI 1 --robustFit 1 -m 125 -d combinationV18/run2_1tau1l_smoothed/workspace/datacard.root
>> combine -M MultiDimFit -n _paramFit_Test_CMS_eff_t_vsEle_2016postVFP --algo impact --redefineSignalPOIs r -P CMS_eff_t_vsEle_2016postVFP --floatOtherPOIs 1 --saveInactivePOI 1 --robustFit 1 -m 125 -d combinationV18/run2_1tau1l_smoothed/workspace/datacard.root
>> combine -M MultiDimFit -n _paramFit_Test_CMS_eff_t_vsEle_2016preVFP --algo impact --redefineSignalPOIs r -P CMS_eff_t_vsEle_2016preVFP --floatOtherPOIs 1 --saveInactivePOI 1 --robustFit 1 -m 125 -d combinationV18/run2_1tau1l_smoothed/workspace/datacard.root
>> combine -M MultiDimFit -n _paramFit_Test_CMS_eff_t_vsEle_2017 --algo impact --redefineSignalPOIs r -P CMS_eff_t_vsEle_2017 --floatOtherPOIs 1 --saveInactivePOI 1 --robustFit 1 -m 125 -d combinationV18/run2_1tau1l_smoothed/workspace/datacard.root
>> combine -M MultiDimFit -n _paramFit_Test_CMS_eff_t_vsEle_2018 --algo impact --redefineSignalPOIs r -P CMS_eff_t_vsEle_2018 --floatOtherPOIs 1 --saveInactivePOI 1 --robustFit 1 -m 125 -d combinationV18/run2_1tau1l_smoothed/workspace/datacard.root
>> combine -M MultiDimFit -n _paramFit_Test_CMS_eff_t_vsJet_stat1_dm0_2016postVFP --algo impact --redefineSignalPOIs r -P CMS_eff_t_vsJet_stat1_dm0_2016postVFP --floatOtherPOIs 1 --saveInactivePOI 1 --robustFit 1 -m 125 -d combinationV18/run2_1tau1l_smoothed/workspace/datacard.root
>> combine -M MultiDimFit -n _paramFit_Test_CMS_fake_t_2016postVFP --algo impact --redefineSignalPOIs r -P CMS_fake_t_2016postVFP --floatOtherPOIs 1 --saveInactivePOI 1 --robustFit 1 -m 125 -d combinationV18/run2_1tau1l_smoothed/workspace/datacard.root
>> combine -M MultiDimFit -n _paramFit_Test_CMS_fake_t_2016preVFP --algo impact --redefineSignalPOIs r -P CMS_fake_t_2016preVFP --floatOtherPOIs 1 --saveInactivePOI 1 --robustFit 1 -m 125 -d combinationV18/run2_1tau1l_smoothed/workspace/datacard.root
>> combine -M MultiDimFit -n _paramFit_Test_CMS_fake_t_2017 --algo impact --redefineSignalPOIs r -P CMS_fake_t_2017 --floatOtherPOIs 1 --saveInactivePOI 1 --robustFit 1 -m 125 -d combinationV18/run2_1tau1l_smoothed/workspace/datacard.root
>> combine -M MultiDimFit -n _paramFit_Test_CMS_fake_t_2018 --algo impact --redefineSignalPOIs r -P CMS_fake_t_2018 --floatOtherPOIs 1 --saveInactivePOI 1 --robustFit 1 -m 125 -d combinationV18/run2_1tau1l_smoothed/workspace/datacard.root
>> combine -M MultiDimFit -n _paramFit_Test_CMS_l1_ecal_prefiring_2016postVFP --algo impact --redefineSignalPOIs r -P CMS_l1_ecal_prefiring_2016postVFP --floatOtherPOIs 1 --saveInactivePOI 1 --robustFit 1 -m 125 -d combinationV18/run2_1tau1l_smoothed/workspace/datacard.root
>> combine -M MultiDimFit -n _paramFit_Test_CMS_l1_ecal_prefiring_2016preVFP --algo impact --redefineSignalPOIs r -P CMS_l1_ecal_prefiring_2016preVFP --floatOtherPOIs 1 --saveInactivePOI 1 --robustFit 1 -m 125 -d combinationV18/run2_1tau1l_smoothed/workspace/datacard.root
>> combine -M MultiDimFit -n _paramFit_Test_CMS_l1_ecal_prefiring_2017 --algo impact --redefineSignalPOIs r -P CMS_l1_ecal_prefiring_2017 --floatOtherPOIs 1 --saveInactivePOI 1 --robustFit 1 -m 125 -d combinationV18/run2_1tau1l_smoothed/workspace/datacard.root
>> combine -M MultiDimFit -n _paramFit_Test_CMS_l1_ecal_prefiring_2018 --algo impact --redefineSignalPOIs r -P CMS_l1_ecal_prefiring_2018 --floatOtherPOIs 1 --saveInactivePOI 1 --robustFit 1 -m 125 -d combinationV18/run2_1tau1l_smoothed/workspace/datacard.root
>> combine -M MultiDimFit -n _paramFit_Test_CMS_scale_j_RelativeSample_2016preVFP --algo impact --redefineSignalPOIs r -P CMS_scale_j_RelativeSample_2016preVFP --floatOtherPOIs 1 --saveInactivePOI 1 --robustFit 1 -m 125 -d combinationV18/run2_1tau1l_smoothed/workspace/datacard.root
>> combine -M MultiDimFit -n _paramFit_Test_CMS_scale_j_RelativeSample_2017 --algo impact --redefineSignalPOIs r -P CMS_scale_j_RelativeSample_2017 --floatOtherPOIs 1 --saveInactivePOI 1 --robustFit 1 -m 125 -d combinationV18/run2_1tau1l_smoothed/workspace/datacard.root
>> combine -M MultiDimFit -n _paramFit_Test_CMS_scale_j_RelativeSample_2018 --algo impact --redefineSignalPOIs r -P CMS_scale_j_RelativeSample_2018 --floatOtherPOIs 1 --saveInactivePOI 1 --robustFit 1 -m 125 -d combinationV18/run2_1tau1l_smoothed/workspace/datacard.root
>> combine -M MultiDimFit -n _paramFit_Test_CMS_scale_j_RelativeStatEC_2016postVFP --algo impact --redefineSignalPOIs r -P CMS_scale_j_RelativeStatEC_2016postVFP --floatOtherPOIs 1 --saveInactivePOI 1 --robustFit 1 -m 125 -d combinationV18/run2_1tau1l_smoothed/workspace/datacard.root
>> combine -M MultiDimFit -n _paramFit_Test_CMS_scale_j_RelativeStatEC_2016preVFP --algo impact --redefineSignalPOIs r -P CMS_scale_j_RelativeStatEC_2016preVFP --floatOtherPOIs 1 --saveInactivePOI 1 --robustFit 1 -m 125 -d combinationV18/run2_1tau1l_smoothed/workspace/datacard.root
>> combine -M MultiDimFit -n _paramFit_Test_CMS_scale_j_RelativeStatEC_2017 --algo impact --redefineSignalPOIs r -P CMS_scale_j_RelativeStatEC_2017 --floatOtherPOIs 1 --saveInactivePOI 1 --robustFit 1 -m 125 -d combinationV18/run2_1tau1l_smoothed/workspace/datacard.root
>> combine -M MultiDimFit -n _paramFit_Test_CMS_scale_j_RelativeStatEC_2018 --algo impact --redefineSignalPOIs r -P CMS_scale_j_RelativeStatEC_2018 --floatOtherPOIs 1 --saveInactivePOI 1 --robustFit 1 -m 125 -d combinationV18/run2_1tau1l_smoothed/workspace/datacard.root
>> combine -M MultiDimFit -n _paramFit_Test_CMS_scale_j_RelativeStatFSR_2016postVFP --algo impact --redefineSignalPOIs r -P CMS_scale_j_RelativeStatFSR_2016postVFP --floatOtherPOIs 1 --saveInactivePOI 1 --robustFit 1 -m 125 -d combinationV18/run2_1tau1l_smoothed/workspace/datacard.root
>> combine -M MultiDimFit -n _paramFit_Test_QCDscale_ren_ttZ --algo impact --redefineSignalPOIs r -P QCDscale_ren_ttZ --floatOtherPOIs 1 --saveInactivePOI 1 --robustFit 1 -m 125 -d combinationV18/run2_1tau1l_smoothed/workspace/datacard.root
>> combine -M MultiDimFit -n _paramFit_Test_QCDscale_ren_tttt --algo impact --redefineSignalPOIs r -P QCDscale_ren_tttt --floatOtherPOIs 1 --saveInactivePOI 1 --robustFit 1 -m 125 -d combinationV18/run2_1tau1l_smoothed/workspace/datacard.root
>> combine -M MultiDimFit -n _paramFit_Test_lumi_13TeV_1718 --algo impact --redefineSignalPOIs r -P lumi_13TeV_1718 --floatOtherPOIs 1 --saveInactivePOI 1 --robustFit 1 -m 125 -d combinationV18/run2_1tau1l_smoothed/workspace/datacard.root
>> combine -M MultiDimFit -n _paramFit_Test_lumi_13TeV_2016postVFP --algo impact --redefineSignalPOIs r -P lumi_13TeV_2016postVFP --floatOtherPOIs 1 --saveInactivePOI 1 --robustFit 1 -m 125 -d combinationV18/run2_1tau1l_smoothed/workspace/datacard.root
>> combine -M MultiDimFit -n _paramFit_Test_lumi_13TeV_2016preVFP --algo impact --redefineSignalPOIs r -P lumi_13TeV_2016preVFP --floatOtherPOIs 1 --saveInactivePOI 1 --robustFit 1 -m 125 -d combinationV18/run2_1tau1l_smoothed/workspace/datacard.root
>> combine -M MultiDimFit -n _paramFit_Test_lumi_13TeV_2017 --algo impact --redefineSignalPOIs r -P lumi_13TeV_2017 --floatOtherPOIs 1 --saveInactivePOI 1 --robustFit 1 -m 125 -d combinationV18/run2_1tau1l_smoothed/workspace/datacard.root
>> combine -M MultiDimFit -n _paramFit_Test_lumi_13TeV_2018 --algo impact --redefineSignalPOIs r -P lumi_13TeV_2018 --floatOtherPOIs 1 --saveInactivePOI 1 --robustFit 1 -m 125 -d combinationV18/run2_1tau1l_smoothed/workspace/datacard.root
>> combine -M MultiDimFit -n _paramFit_Test_lumi_13TeV_correlated --algo impact --redefineSignalPOIs r -P lumi_13TeV_correlated --floatOtherPOIs 1 --saveInactivePOI 1  <<< Combine >>> 
   Options for Robust Minimizer :: 
        Tolerance  0.1
        Strategy   0
        Type,Algo  Minuit2,Migrad
>>> method used is MultiDimFit
>>> random number generator seed is 123456
 <<< Combine >>> 
 <<< Combine >>> 
   Options for Robust Minimizer :: 
   Options for Robust Minimizer :: 
        Tolerance  0.1
        Tolerance  0.1
        Strategy   0
        Strategy   0
        Type,Algo  Minuit2,Migrad
        Type,Algo  Minuit2,Migrad
>>> method used is MultiDimFit
>>> method used is MultiDimFit
>>> random number generator seed is 123456
>>> random number generator seed is 123456
Warning! -- You haven't picked default values for the Parameters of Interest (either with --expectSignal or --setParameters) for generating toys. Combine will use the 'B-only' ModelConfig to generate, which may lead to undesired behaviour if not using the default Physics Model
SimNLL created with 4 channels, 0 generic constraints, 245 fast gaussian constraints, 0 fast poisson constraints, 0 fast group constraints, 
Warning! -- You haven't picked default values for the Parameters of Interest (either with --expectSignal or --setParameters) for generating toys. Combine will use the 'B-only' ModelConfig to generate, which may lead to undesired behaviour if not using the default Physics Model
SimNLL created with 4 channels, 0 generic constraints, 245 fast gaussian constraints, 0 fast poisson constraints, 0 fast group constraints, 
Warning! -- You haven't picked default values for the Parameters of Interest (either with --expectSignal or --setParameters) for generating toys. Combine will use the 'B-only' ModelConfig to generate, which may lead to undesired behaviour if not using the default Physics Model
SimNLL created with 4 channels, 0 generic constraints, 245 fast gaussian constraints, 0 fast poisson constraints, 0 fast group constraints, 

 --- MultiDimFit ---
Parameter impacts: 
  Parameter        :   Best-fit               r            
  QCDscale_ren_ttW :   +0.000  -0.994/+0.994  -0.004/+0.002
Done in 0.96 min (cpu), 0.96 min (real)

 --- MultiDimFit ---
Parameter impacts: 

 --- MultiDimFit ---
Parameter impacts: 

 --- MultiDimFit ---
Parameter impacts: 
  Parameter             :   Best-fit               r            
  lumi_13TeV_correlated :   +0.000  -0.992/+0.992  +0.043/-0.043
Done in 0.80 min (cpu), 0.82 min (real)
  Parameter        :   Best-fit               r            
  ps_isr_singleTop :   +0.000  -0.993/+0.994  -0.004/+0.003
Done in 0.82 min (cpu), 0.84 min (real)
  Parameter                  :   Best-fit               r            
  prop_binSR1tau1l_2018_bin0 :   +0.000  -0.944/+0.948  -0.043/+0.040
Done in 0.82 min (cpu), 0.85 min (real)

 --- MultiDimFit ---
Parameter impacts: 
  Parameter                         :   Best-fit               r            
  prop_binSR1tau1l_2016postVFP_bin5 :   +0.000  -0.966/+0.971  +0.049/-0.031
Done in 1.03 min (cpu), 1.14 min (real)
>> combine -M MultiDimFit -n _paramFit_Test_CMS_eff_t_vsJet_stat1_dm11_2016preVFP --algo impact --redefineSignalPOIs r -P CMS_eff_t_vsJet_stat1_dm11_2016preVFP --floatOtherPOIs 1 --saveInactivePOI 1 --robustFit 1 -m 125 -d combinationV18/run2_1tau1l_smoothed/workspace/datacard.root
>> combine -M MultiDimFit -n _paramFit_Test_CMS_eff_t_vsJet_stat1_dm11_2017 --algo impact --redefineSignalPOIs r -P CMS_eff_t_vsJet_stat1_dm11_2017 --floatOtherPOIs 1 --saveInactivePOI 1 --robustFit 1 -m 125 -d combinationV18/run2_1tau1l_smoothed/workspace/datacard.root
>> combine -M MultiDimFit -n _paramFit_Test_CMS_eff_t_vsJet_stat1_dm11_2018 --algo impact --redefineSignalPOIs r -P CMS_eff_t_vsJet_stat1_dm11_2018 --floatOtherPOIs 1 --saveInactivePOI 1 --robustFit 1 -m 125 -d combinationV18/run2_1tau1l_smoothed/workspace/datacard.root
>> combine -M MultiDimFit -n _paramFit_Test_CMS_eff_t_vsJet_stat1_dm1_2016postVFP --algo impact --redefineSignalPOIs r -P CMS_eff_t_vsJet_stat1_dm1_2016postVFP --floatOtherPOIs 1 --saveInactivePOI 1 --robustFit 1 -m 125 -d combinationV18/run2_1tau1l_smoothed/workspace/datacard.root
>> combine -M MultiDimFit -n _paramFit_Test_CMS_eff_t_vsJet_stat1_dm1_2016preVFP --algo impact --redefineSignalPOIs r -P CMS_eff_t_vsJet_stat1_dm1_2016preVFP --floatOtherPOIs 1 --saveInactivePOI 1 --robustFit 1 -m 125 -d combinationV18/run2_1tau1l_smoothed/workspace/datacard.root
>> combine -M MultiDimFit -n _paramFit_Test_CMS_eff_t_vsJet_stat1_dm1_2017 --algo impact --redefineSignalPOIs r -P CMS_eff_t_vsJet_stat1_dm1_2017 --floatOtherPOIs 1 --saveInactivePOI 1 --robustFit 1 -m 125 -d combinationV18/run2_1tau1l_smoothed/workspace/datacard.root
>> combine -M MultiDimFit -n _paramFit_Test_CMS_eff_t_vsJet_stat1_dm1_2018 --algo impact --redefineSignalPOIs r -P CMS_eff_t_vsJet_stat1_dm1_2018 --floatOtherPOIs 1 --saveInactivePOI 1 --robustFit 1 -m 125 -d combinationV18/run2_1tau1l_smoothed/workspace/datacard.root
>> combine -M MultiDimFit -n _paramFit_Test_CMS_eff_t_vsJet_stat2_dm0_2016postVFP --algo impact --redefineSignalPOIs r -P CMS_eff_t_vsJet_stat2_dm0_2016postVFP --floatOtherPOIs 1 --saveInactivePOI 1 --robustFit 1 -m 125 -d combinationV18/run2_1tau1l_smoothed/workspace/datacard.root
>> combine -M MultiDimFit -n _paramFit_Test_CMS_scale_e_2018 --algo impact --redefineSignalPOIs r -P CMS_scale_e_2018 --floatOtherPOIs 1 --saveInactivePOI 1 --robustFit 1 -m 125 -d combinationV18/run2_1tau1l_smoothed/workspace/datacard.root
>> combine -M MultiDimFit -n _paramFit_Test_CMS_scale_j_AbsoluteMPFBias --algo impact --redefineSignalPOIs r -P CMS_scale_j_AbsoluteMPFBias --floatOtherPOIs 1 --saveInactivePOI 1 --robustFit 1 -m 125 -d combinationV18/run2_1tau1l_smoothed/workspace/datacard.root
>> combine -M MultiDimFit -n _paramFit_Test_CMS_scale_j_AbsoluteScale --algo impact --redefineSignalPOIs r -P CMS_scale_j_AbsoluteScale --floatOtherPOIs 1 --saveInactivePOI 1 --robustFit 1 -m 125 -d combinationV18/run2_1tau1l_smoothed/workspace/datacard.root
>> combine -M MultiDimFit -n _paramFit_Test_CMS_scale_j_AbsoluteStat_2016postVFP --algo impact --redefineSignalPOIs r -P CMS_scale_j_AbsoluteStat_2016postVFP --floatOtherPOIs 1 --saveInactivePOI 1 --robustFit 1 -m 125 -d combinationV18/run2_1tau1l_smoothed/workspace/datacard.root
>> combine -M MultiDimFit -n _paramFit_Test_CMS_scale_j_AbsoluteStat_2016preVFP --algo impact --redefineSignalPOIs r -P CMS_scale_j_AbsoluteStat_2016preVFP --floatOtherPOIs 1 --saveInactivePOI 1 --robustFit 1 -m 125 -d combinationV18/run2_1tau1l_smoothed/workspace/datacard.root
>> combine -M MultiDimFit -n _paramFit_Test_CMS_scale_j_AbsoluteStat_2017 --algo impact --redefineSignalPOIs r -P CMS_scale_j_AbsoluteStat_2017 --floatOtherPOIs 1 --saveInactivePOI 1 --robustFit 1 -m 125 -d combinationV18/run2_1tau1l_smoothed/workspace/datacard.root
>> combine -M MultiDimFit -n _paramFit_Test_CMS_scale_j_AbsoluteStat_2018 --algo impact --redefineSignalPOIs r -P CMS_scale_j_AbsoluteStat_2018 --floatOtherPOIs 1 --saveInactivePOI 1 --robustFit 1 -m 125 -d combinationV18/run2_1tau1l_smoothed/workspace/datacard.root
>> combine -M MultiDimFit -n _paramFit_Test_CMS_scale_j_FlavorPureBottom --algo impact --redefineSignalPOIs r -P CMS_scale_j_FlavorPureBottom --floatOtherPOIs 1 --saveInactivePOI 1 --robustFit 1 -m 125 -d combinationV18/run2_1tau1l_smoothed/workspace/datacard.root
>> combine -M MultiDimFit -n _paramFit_Test_CMS_scale_j_RelativeStatFSR_2016preVFP --algo impact --redefineSignalPOIs r -P CMS_scale_j_RelativeStatFSR_2016preVFP --floatOtherPOIs 1 --saveInactivePOI 1 --robustFit 1 -m 125 -d combinationV18/run2_1tau1l_smoothed/workspace/datacard.root
>> combine -M MultiDimFit -n _paramFit_Test_CMS_scale_j_RelativeStatFSR_2017 --algo impact --redefineSignalPOIs r -P CMS_scale_j_RelativeStatFSR_2017 --floatOtherPOIs 1 --saveInactivePOI 1 --robustFit 1 -m 125 -d combinationV18/run2_1tau1l_smoothed/workspace/datacard.root
>> combine -M MultiDimFit -n _paramFit_Test_CMS_scale_j_RelativeStatFSR_2018 --algo impact --redefineSignalPOIs r -P CMS_scale_j_RelativeStatFSR_2018 --floatOtherPOIs 1 --saveInactivePOI 1 --robustFit 1 -m 125 -d combinationV18/run2_1tau1l_smoothed/workspace/datacard.root
>> combine -M MultiDimFit -n _paramFit_Test_CMS_scale_j_RelativeStatHF_2016postVFP --algo impact --redefineSignalPOIs r -P CMS_scale_j_RelativeStatHF_2016postVFP --floatOtherPOIs 1 --saveInactivePOI 1 --robustFit 1 -m 125 -d combinationV18/run2_1tau1l_smoothed/workspace/datacard.root
>> combine -M MultiDimFit -n _paramFit_Test_CMS_scale_j_RelativeStatHF_2016preVFP --algo impact --redefineSignalPOIs r -P CMS_scale_j_RelativeStatHF_2016preVFP --floatOtherPOIs 1 --saveInactivePOI 1 --robustFit 1 -m 125 -d combinationV18/run2_1tau1l_smoothed/workspace/datacard.root
>> combine -M MultiDimFit -n _paramFit_Test_CMS_scale_j_RelativeStatHF_2017 --algo impact --redefineSignalPOIs r -P CMS_scale_j_RelativeStatHF_2017 --floatOtherPOIs 1 --saveInactivePOI 1 --robustFit 1 -m 125 -d combinationV18/run2_1tau1l_smoothed/workspace/datacard.root
>> combine -M MultiDimFit -n _paramFit_Test_CMS_scale_j_RelativeStatHF_2018 --algo impact --redefineSignalPOIs r -P CMS_scale_j_RelativeStatHF_2018 --floatOtherPOIs 1 --saveInactivePOI 1 --robustFit 1 -m 125 -d combinationV18/run2_1tau1l_smoothed/workspace/datacard.root
>> combine -M MultiDimFit -n _paramFit_Test_CMS_scale_j_SinglePionECAL --algo impact --redefineSignalPOIs r -P CMS_scale_j_SinglePionECAL --floatOtherPOIs 1 --saveInactivePOI 1 --robustFit 1 -m 125 -d combinationV18/run2_1tau1l_smoothed/workspace/datacard.root
>> combine -M MultiDimFit -n _paramFit_Test_CMS_eff_t_vsJet_stat1_dm0_2016preVFP --algo impact --redefineSignalPOIs r -P CMS_eff_t_vsJet_stat1_dm0_2016preVFP --floatOtherPOIs 1 --saveInactivePOI 1 --robustFit 1 -m 125 -d combinationV18/run2_1tau1l_smoothed/workspace/datacard.root
>> combine -M MultiDimFit -n _paramFit_Test_CMS_eff_t_vsJet_stat1_dm0_2017 --algo impact --redefineSignalPOIs r -P CMS_eff_t_vsJet_stat1_dm0_2017 --floatOtherPOIs 1 --saveInactivePOI 1 --robustFit 1 -m 125 -d combinationV18/run2_1tau1l_smoothed/workspace/datacard.root
>> combine -M MultiDimFit -n _paramFit_Test_CMS_eff_t_vsJet_stat1_dm0_2018 --algo impact --redefineSignalPOIs r -P CMS_eff_t_vsJet_stat1_dm0_2018 --floatOtherPOIs 1 --saveInactivePOI 1 --robustFit 1 -m 125 -d combinationV18/run2_1tau1l_smoothed/workspace/datacard.root
>> combine -M MultiDimFit -n _paramFit_Test_CMS_eff_t_vsJet_stat1_dm10_2016postVFP --algo impact --redefineSignalPOIs r -P CMS_eff_t_vsJet_stat1_dm10_2016postVFP --floatOtherPOIs 1 --saveInactivePOI 1 --robustFit 1 -m 125 -d combinationV18/run2_1tau1l_smoothed/workspace/datacard.root
>> combine -M MultiDimFit -n _paramFit_Test_CMS_eff_t_vsJet_stat1_dm10_2016preVFP --algo impact --redefineSignalPOIs r -P CMS_eff_t_vsJet_stat1_dm10_2016preVFP --floatOtherPOIs 1 --saveInactivePOI 1 --robustFit 1 -m 125 -d combinationV18/run2_1tau1l_smoothed/workspace/datacard.root
>> combine -M MultiDimFit -n _paramFit_Test_CMS_eff_t_vsJet_stat1_dm10_2017 --algo impact --redefineSignalPOIs r -P CMS_eff_t_vsJet_stat1_dm10_2017 --floatOtherPOIs 1 --saveInactivePOI 1 --robustFit 1 -m 125 -d combinationV18/run2_1tau1l_smoothed/workspace/datacard.root
>> combine -M MultiDimFit -n _paramFit_Test_CMS_eff_t_vsJet_stat1_dm10_2018 --algo impact --redefineSignalPOIs r -P CMS_eff_t_vsJet_stat1_dm10_2018 --floatOtherPOIs 1 --saveInactivePOI 1 --robustFit 1 -m 125 -d combinationV18/run2_1tau1l_smoothed/workspace/datacard.root
>> combine -M MultiDimFit -n _paramFit_Test_CMS_eff_t_vsJet_stat1_dm11_2016postVFP --algo impact --redefineSignalPOIs r -P CMS_eff_t_vsJet_stat1_dm11_2016postVFP --floatOtherPOIs 1 --saveInactivePOI 1 --robustFit 1 -m 125 -d combinationV18/run2_1tau1l_smoothed/workspace/datacard.root
>> combine -M MultiDimFit -n _paramFit_Test_CMS_pileup --algo impact --redefineSignalPOIs r -P CMS_pileup --floatOtherPOIs 1 --saveInactivePOI 1 --robustFit 1 -m 125 -d combinationV18/run2_1tau1l_smoothed/workspace/datacard.root
>> combine -M MultiDimFit -n _paramFit_Test_CMS_res_j_2016postVFP --algo impact --redefineSignalPOIs r -P CMS_res_j_2016postVFP --floatOtherPOIs 1 --saveInactivePOI 1 --robustFit 1 -m 125 -d combinationV18/run2_1tau1l_smoothed/workspace/datacard.root
>> combine -M MultiDimFit -n _paramFit_Test_CMS_res_j_2016preVFP --algo impact --redefineSignalPOIs r -P CMS_res_j_2016preVFP --floatOtherPOIs 1 --saveInactivePOI 1 --robustFit 1 -m 125 -d combinationV18/run2_1tau1l_smoothed/workspace/datacard.root
>> combine -M MultiDimFit -n _paramFit_Test_CMS_res_j_2017 --algo impact --redefineSignalPOIs r -P CMS_res_j_2017 --floatOtherPOIs 1 --saveInactivePOI 1 --robustFit 1 -m 125 -d combinationV18/run2_1tau1l_smoothed/workspace/datacard.root
>> combine -M MultiDimFit -n _paramFit_Test_CMS_res_j_2018 --algo impact --redefineSignalPOIs r -P CMS_res_j_2018 --floatOtherPOIs 1 --saveInactivePOI 1 --robustFit 1 -m 125 -d combinationV18/run2_1tau1l_smoothed/workspace/datacard.root
>> combine -M MultiDimFit -n _paramFit_Test_CMS_scale_e_2016postVFP --algo impact --redefineSignalPOIs r -P CMS_scale_e_2016postVFP --floatOtherPOIs 1 --saveInactivePOI 1 --robustFit 1 -m 125 -d combinationV18/run2_1tau1l_smoothed/workspace/datacard.root
>> combine -M MultiDimFit -n _paramFit_Test_CMS_scale_e_2016preVFP --algo impact --redefineSignalPOIs r -P CMS_scale_e_2016preVFP --floatOtherPOIs 1 --saveInactivePOI 1 --robustFit 1 -m 125 -d combinationV18/run2_1tau1l_smoothed/workspace/datacard.root
>> combine -M MultiDimFit -n _paramFit_Test_CMS_scale_e_2017 --algo impact --redefineSignalPOIs r -P CMS_scale_e_2017 --floatOtherPOIs 1 --saveInactivePOI 1 --robustFit 1 -m 125 -d combinationV18/run2_1tau1l_smoothed/workspace/datacard.root
>> combine -M MultiDimFit -n _paramFit_Test_CMS_scale_j_SinglePionHCAL --algo impact --redefineSignalPOIs r -P CMS_scale_j_SinglePionHCAL --floatOtherPOIs 1 --saveInactivePOI 1 --robustFit 1 -m 125 -d combinationV18/run2_1tau1l_smoothed/workspace/datacard.root
>> combine -M MultiDimFit -n _paramFit_Test_CMS_scale_j_TimePtEta --algo impact --redefineSignalPOIs r -P CMS_scale_j_TimePtEta --floatOtherPOIs 1 --saveInactivePOI 1 --robustFit 1 -m 125 -d combinationV18/run2_1tau1l_smoothed/workspace/datacard.root
>> combine -M MultiDimFit -n _paramFit_Test_CMS_scale_met_unclustered_energy_2016postVFP --algo impact --redefineSignalPOIs r -P CMS_scale_met_unclustered_energy_2016postVFP --floatOtherPOIs 1 --saveInactivePOI 1 --robustFit 1 -m 125 -d combinationV18/run2_1tau1l_smoothed/workspace/datacard.root
>> combine -M MultiDimFit -n _paramFit_Test_CMS_scale_met_unclustered_energy_2016preVFP --algo impact --redefineSignalPOIs r -P CMS_scale_met_unclustered_energy_2016preVFP --floatOtherPOIs 1 --saveInactivePOI 1 --robustFit 1 -m 125 -d combinationV18/run2_1tau1l_smoothed/workspace/datacard.root
>> combine -M MultiDimFit -n _paramFit_Test_CMS_scale_met_unclustered_energy_2017 --algo impact --redefineSignalPOIs r -P CMS_scale_met_unclustered_energy_2017 --floatOtherPOIs 1 --saveInactivePOI 1 --robustFit 1 -m 125 -d combinationV18/run2_1tau1l_smoothed/workspace/datacard.root
>> combine -M MultiDimFit -n _paramFit_Test_CMS_scale_met_unclustered_energy_2018 --algo impact --redefineSignalPOIs r -P CMS_scale_met_unclustered_energy_2018 --floatOtherPOIs 1 --saveInactivePOI 1 --robustFit 1 -m 125 -d combinationV18/run2_1tau1l_smoothed/workspace/datacard.root
>> combine -M MultiDimFit -n _paramFit_Test_CMS_scale_t_DM0_2016postVFP --algo impact --redefineSignalPOIs r -P CMS_scale_t_DM0_2016postVFP --floatOtherPOIs 1 --saveInactivePOI 1 --robustFit 1 -m 125 -d combinationV18/run2_1tau1l_smoothed/workspace/datacard.root
>> combine -M MultiDimFit -n _paramFit_Test_CMS_scale_t_DM0_2016preVFP --algo impact --redefineSignalPOIs r -P CMS_scale_t_DM0_2016preVFP --floatOtherPOIs 1 --saveInactivePOI 1 --robustFit 1 -m 125 -d combinationV18/run2_1tau1l_smoothed/workspace/datacard.root
>> combine -M MultiDimFit -n _paramFit_Test_ps_isr_tt --algo impact --redefineSignalPOIs r -P ps_isr_tt --floatOtherPOIs 1 --saveInactivePOI 1 --robustFit 1 -m 125 -d combinationV18/run2_1tau1l_smoothed/workspace/datacard.root
>> combine -M MultiDimFit -n _paramFit_Test_ps_isr_ttH --algo impact --redefineSignalPOIs r -P ps_isr_ttH --floatOtherPOIs 1 --saveInactivePOI 1 --robustFit 1 -m 125 -d combinationV18/run2_1tau1l_smoothed/workspace/datacard.root
>> combine -M MultiDimFit -n _paramFit_Test_ps_isr_ttW --algo impact --redefineSignalPOIs r -P ps_isr_ttW --floatOtherPOIs 1 --saveInactivePOI 1 --robustFit 1 -m 125 -d combinationV18/run2_1tau1l_smoothed/workspace/datacard.root
>> combine -M MultiDimFit -n _paramFit_Test_ps_isr_ttZ --algo impact --redefineSignalPOIs r -P ps_isr_ttZ --floatOtherPOIs 1 --saveInactivePOI 1 --robustFit 1 -m 125 -d combinationV18/run2_1tau1l_smoothed/workspace/datacard.root
>> combine -M MultiDimFit -n _paramFit_Test_ps_isr_tttt --algo impact --redefineSignalPOIs r -P ps_isr_tttt --floatOtherPOIs 1 --saveInactivePOI 1 --robustFit 1 -m 125 -d combinationV18/run2_1tau1l_smoothed/workspace/datacard.root
2_1tau1l_smoothed/workspace/datacard.root
>> combine -M MultiDimFit -n _paramFit_Test_prop_binSR1tau1l_2016preVFP_bin5 --algo impact --redefineSignalPOIs r -P prop_binSR1tau1l_2016preVFP_bin5 --floatOtherPOIs 1 --saveInactivePOI 1 --robustFit 1 -m 125 -d combinationV18/run2_1tau1l_smoothed/workspace/datacard.root
>> combine -M MultiDimFit -n _paramFit_Test_prop_binSR1tau1l_2016preVFP_bin6 --algo impact --redefineSignalPOIs r -P prop_binSR1tau1l_2016preVFP_bin6 --floatOtherPOIs 1 --saveInactivePOI 1 --robustFit 1 -m 125 -d combinationV18/run2_1tau1l_smoothed/workspace/datacard.root
 --algo impact --redefineSignalPOIs r -P QCDscale_ren_ttH --floatOtherPOIs 1 --saveInactivePOI 1 --robustFit 1 -m 125 -d combinationV18/run2_1tau1l_smoothed/workspace/datacard.root
>> combine -M MultiDimFit -n _paramFit_Test_QCDscale_ren_ttW --algo impact --redefineSignalPOIs r -P QCDscale_ren_ttW --floatOtherPOIs 1 --saveInactivePOI 1 --robustFit 1 -m 125 -d combinationV18/run2_1tau1l_smoothed/workspace/datacard.root
--robustFit 1 -m 125 -d combinationV18/run2_1tau1l_smoothed/workspace/datacard.root
/workspace/datacard.root
>> combine -M MultiDimFit -n _paramFit_Test_ps_isr_singleTop --algo impact --redefineSignalPOIs r -P ps_isr_singleTop --floatOtherPOIs 1 --saveInactivePOI 1 --robustFit 1 -m 125 -d combinationV18/run2_1tau1l_smoothed/workspace/datacard.root
nactivePOI 1 --robustFit 1 -m 125 -d combinationV18/run2_1tau1l_smoothed/workspace/datacard.root
>> combine -M MultiDimFit -n _paramFit_Test_prop_binSR1tau1l_2016postVFP_bin5 --algo impact --redefineSignalPOIs r -P prop_binSR1tau1l_2016postVFP_bin5 --floatOtherPOIs 1 --saveInactivePOI 1 --robustFit 1 -m 125 -d combinationV18/run2_1tau1l_smoothed/workspace/datacard.root
ot
>> combine -M MultiDimFit -n _paramFit_Test_prop_binSR1tau1l_2018_bin0 --algo impact --redefineSignalPOIs r -P prop_binSR1tau1l_2018_bin0 --floatOtherPOIs 1 --saveInactivePOI 1 --robustFit 1 -m 125 -d combinationV18/run2_1tau1l_smoothed/workspace/datacard.root
Have POIs: ['r']
Have parameters: 245
Info in <TCanvas::Print>: pdf file ./impacts.pdf has been created using the current canvas
TCanvas::Constructor:0: RuntimeWarning: Deleting canvas with same name: impacts
Info in <TCanvas::Print>: Current canvas added to pdf file ./impacts.pdf
TCanvas::Constructor:0: RuntimeWarning: Deleting canvas with same name: impacts
Info in <TCanvas::Print>: Current canvas added to pdf file ./impacts.pdf
TCanvas::Constructor:0: RuntimeWarning: Deleting canvas with same name: impacts
Info in <TCanvas::Print>: Current canvas added to pdf file ./impacts.pdf
TCanvas::Constructor:0: RuntimeWarning: Deleting canvas with same name: impacts
Info in <TCanvas::Print>: Current canvas added to pdf file ./impacts.pdf
TCanvas::Constructor:0: RuntimeWarning: Deleting canvas with same name: impacts
Info in <TCanvas::Print>: Current canvas added to pdf file ./impacts.pdf
TCanvas::Constructor:0: RuntimeWarning: Deleting canvas with same name: impacts
Info in <TCanvas::Print>: Current canvas added to pdf file ./impacts.pdf
TCanvas::Constructor:0: RuntimeWarning: Deleting canvas with same name: impacts
Info in <TCanvas::Print>: Current canvas added to pdf file ./impacts.pdf
TCanvas::Constructor:0: RuntimeWarning: Deleting canvas with same name: impacts
Info in <TCanvas::Print>: Current canvas added to pdf file ./impacts.pdf and file closed
>> Doing page 0, have 30 parameters
>> Doing page 1, have 30 parameters
>> Doing page 2, have 30 parameters
>> Doing page 3, have 30 parameters
>> Doing page 4, have 30 parameters
>> Doing page 5, have 30 parameters
>> Doing page 6, have 30 parameters
>> Doing page 7, have 30 parameters
>> Doing page 8, have 5 parameters
start to turn datacard into workspace.........................

('idatacard: ', 'combinationV18/run2_1tau1l_smoothed/datacard.txt')
('iworkspaceName; ', 'datacard.root')
('command: ', 'text2workspace.py combinationV18/run2_1tau1l_smoothed/datacard.txt -o combinationV18/run2_1tau1l_smoothed/workspace/datacard.root')
None
workpace transformation done!...............................





('iname: ', '_datacard')
combine -M AsymptoticLimits combinationV18/run2_1tau1l_smoothed/workspace/datacard.root --run blind --name _datacard
None
('iname: ', '_datacard')
combine -M Significance combinationV18/run2_1tau1l_smoothed/workspace/datacard.root -t -1 --expectSignal=1 --name _datacard
None
('combineResultsDir', 'combinationV18/run2_1tau1l_smoothed/combineResults/')
('ifile: ', 'datacard.root')
('run command: ', 'combineTool.py -M Impacts -d combinationV18/run2_1tau1l_smoothed/workspace/datacard.root -m 125 --doInitialFit --robustFit 1  ')
(None, None)


('run command: ', 'combineTool.py -M Impacts -d combinationV18/run2_1tau1l_smoothed/workspace/datacard.root -m 125 --robustFit 1 --doFits --parallel 8 --job-mode "interactive"')
(None, None)


('run command: ', 'combineTool.py -M Impacts -d combinationV18/run2_1tau1l_smoothed/workspace/datacard.root -m 125 -robustFit 1 -o combinationV18/run2_1tau1l_smoothed/combineResults/impactResult//impacts.json ')
(None, None)


('run command: ', 'plotImpacts.py -i combinationV18/run2_1tau1l_smoothed/combineResults/impactResult/impacts.json -o impacts')
(None, None)


('run command: ', 'mv higgsCombine_paramFit*.root impacts.pdf combine_logger.out combinationV18/run2_1tau1l_smoothed/combineResults/impactResult/')
(None, None)


('impactPlot here: ', 'combinationV18/run2_1tau1l_smoothed/combineResults/impactResult/impacts.pdf')
