{
    "abseta:[1.20,2.10]": {
        "value": 1.0017078354002376, 
        "error": 0.001548084474929216
    }, 
    "abseta:[2.10,2.40]": {
        "value": 1.0010471644913335, 
        "error": 0.0064889109492196305
    }, 
    "abseta:[0.90,1.20]": {
        "value": 1.006925587240835, 
        "error": 0.003951240278578127
    }, 
    "abseta:[0.00,0.90]": {
        "value": 0.9999810838238845, 
        "error": 0.0025055019358647275
    }
}