{
    "NUM_TrackerMuons_DEN_genTracks": {
        "abseta_pt": {
            "abseta:[0.0,0.9]": {
                "pt:[40,60]": {
                    "NominalOld": 0.0001911993684311497,
                    "massBin": 0.0001911993684311497,
                    "massRange": 0.0001911993684311497,
                    "stat": 6.498845788247257e-05,
                    "syst": 0.0003823987368622994,
                    "tagIso": 0.0001911993684311497,
                    "value": 0.9998088006315689
                }
            },
            "abseta:[0.9,1.2]": {
                "pt:[40,60]": {
                    "NominalOld": 0.0003034600911097085,
                    "massBin": 0.00024529801973105503,
                    "massRange": 0.00024529801973105503,
                    "stat": 0.00011054079511271507,
                    "syst": 0.0005221124230931915,
                    "tagIso": 0.00024529801973105503,
                    "value": 0.999754701980269
                }
            },
            "abseta:[1.2,2.1]": {
                "pt:[40,60]": {
                    "NominalOld": 0.0004157208137882673,
                    "massBin": 0.0004157208137882673,
                    "massRange": 0.0004157208137882673,
                    "stat": 7.574443994874554e-05,
                    "syst": 0.0008314416275765346,
                    "tagIso": 0.0004157208137882673,
                    "value": 0.9995842791862117
                }
            },
            "abseta:[2.1,2.4]": {
                "pt:[40,60]": {
                    "NominalOld": 0.0004157208137882673,
                    "massBin": 0.0009658258385711882,
                    "massRange": 0.0009658258385711882,
                    "stat": 0.00019911479235592246,
                    "syst": 0.0017237408292350668,
                    "tagIso": 0.0009658258385711882,
                    "value": 0.9990341741614288
                }
            },
            "binning": [
                {
                    "binning": [
                        0.0,
                        0.9,
                        1.2,
                        2.1,
                        2.4
                    ],
                    "variable": "abseta"
                },
                {
                    "binning": [
                        40,
                        60
                    ],
                    "variable": "pt"
                }
            ]
        }
    }
}
