Channel SR1tau1l_2018 will use autoMCStats with settings: event-threshold=10, include-signal=0, hist-mode=1
============================================================
Analysing bin errors for: prop_binSR1tau1l_2018
Poisson cut-off: 10
Processes excluded for sums: tttt
============================================================
Bin        Contents        Error           Notes                         
0          25.158119       1.690326        total sum                     
0          25.069829       1.690318        excluding marked processes    
0          220.000000      14.832397       Unweighted events, alpha=0.114355
  => Total parameter prop_binSR1tau1l_2018_bin0[0.00,-7.00,7.00] to be gaussian constrained
------------------------------------------------------------
1          24.087630       1.670497        total sum                     
1          23.864370       1.670478        excluding marked processes    
1          204.000000      14.282857       Unweighted events, alpha=0.118077
  => Total parameter prop_binSR1tau1l_2018_bin1[0.00,-7.00,7.00] to be gaussian constrained
------------------------------------------------------------
2          29.132962       1.754304        total sum                     
2          28.700848       1.754270        excluding marked processes    
2          268.000000      16.370706       Unweighted events, alpha=0.108705
  => Total parameter prop_binSR1tau1l_2018_bin2[0.00,-7.00,7.00] to be gaussian constrained
------------------------------------------------------------
3          22.955037       1.510519        total sum                     
3          22.332762       1.510458        excluding marked processes    
3          219.000000      14.798649       Unweighted events, alpha=0.104818
  => Total parameter prop_binSR1tau1l_2018_bin3[0.00,-7.00,7.00] to be gaussian constrained
------------------------------------------------------------
4          17.336149       1.498855        total sum                     
4          16.632822       1.498786        excluding marked processes    
4          123.000000      11.090537       Unweighted events, alpha=0.140944
  => Total parameter prop_binSR1tau1l_2018_bin4[0.00,-7.00,7.00] to be gaussian constrained
------------------------------------------------------------
5          9.483206        0.914807        total sum                     
5          8.803914        0.914688        excluding marked processes    
5          93.000000       9.643651        Unweighted events, alpha=0.101970
  => Total parameter prop_binSR1tau1l_2018_bin5[0.00,-7.00,7.00] to be gaussian constrained
------------------------------------------------------------
6          4.375000        0.534423        total sum                     
6          3.597107        0.534181        excluding marked processes    
6          45.000000       6.708204        Unweighted events, alpha=0.097222
  => Total parameter prop_binSR1tau1l_2018_bin6[0.00,-7.00,7.00] to be gaussian constrained
------------------------------------------------------------
Channel SR1tau1l_2016postVFP will use autoMCStats with settings: event-threshold=10, include-signal=0, hist-mode=1
============================================================
Analysing bin errors for: prop_binSR1tau1l_2016postVFP
Poisson cut-off: 10
Processes excluded for sums: tttt
============================================================
Bin        Contents        Error           Notes                         
0          8.441246        1.131831        total sum                     
0          8.411501        1.131828        excluding marked processes    
0          55.000000       7.416198        Unweighted events, alpha=0.153477
  => Total parameter prop_binSR1tau1l_2016postVFP_bin0[0.00,-7.00,7.00] to be gaussian constrained
------------------------------------------------------------
1          8.136708        1.051611        total sum                     
1          8.068937        1.051604        excluding marked processes    
1          59.000000       7.681146        Unweighted events, alpha=0.137910
  => Total parameter prop_binSR1tau1l_2016postVFP_bin1[0.00,-7.00,7.00] to be gaussian constrained
------------------------------------------------------------
2          7.007197        0.719670        total sum                     
2          6.895591        0.719648        excluding marked processes    
2          92.000000       9.591663        Unweighted events, alpha=0.076165
  => Total parameter prop_binSR1tau1l_2016postVFP_bin2[0.00,-7.00,7.00] to be gaussian constrained
------------------------------------------------------------
3          4.683833        0.574185        total sum                     
3          4.505935        0.574145        excluding marked processes    
3          62.000000       7.874008        Unweighted events, alpha=0.075546
  => Total parameter prop_binSR1tau1l_2016postVFP_bin3[0.00,-7.00,7.00] to be gaussian constrained
------------------------------------------------------------
4          3.506792        0.475237        total sum                     
4          3.333957        0.475182        excluding marked processes    
4          49.000000       7.000000        Unweighted events, alpha=0.071567
  => Total parameter prop_binSR1tau1l_2016postVFP_bin4[0.00,-7.00,7.00] to be gaussian constrained
------------------------------------------------------------
5          2.075642        0.342096        total sum                     
5          1.909969        0.342020        excluding marked processes    
5          31.000000       5.567764        Unweighted events, alpha=0.066956
  => Total parameter prop_binSR1tau1l_2016postVFP_bin5[0.00,-7.00,7.00] to be gaussian constrained
------------------------------------------------------------
6          1.229256        0.234321        total sum                     
6          1.040333        0.234184        excluding marked processes    
6          20.000000       4.472136        Unweighted events, alpha=0.061463
  => Total parameter prop_binSR1tau1l_2016postVFP_bin6[0.00,-7.00,7.00] to be gaussian constrained
------------------------------------------------------------
Channel SR1tau1l_2016preVFP will use autoMCStats with settings: event-threshold=10, include-signal=0, hist-mode=1
============================================================
Analysing bin errors for: prop_binSR1tau1l_2016preVFP
Poisson cut-off: 10
Processes excluded for sums: tttt
============================================================
Bin        Contents        Error           Notes                         
0          9.106992        0.996993        total sum                     
0          9.074128        0.996988        excluding marked processes    
0          83.000000       9.110434        Unweighted events, alpha=0.109723
  => Total parameter prop_binSR1tau1l_2016preVFP_bin0[0.00,-7.00,7.00] to be gaussian constrained
------------------------------------------------------------
1          10.724828       1.243942        total sum                     
1          10.650392       1.243932        excluding marked processes    
1          73.000000       8.544004        Unweighted events, alpha=0.146915
  => Total parameter prop_binSR1tau1l_2016preVFP_bin1[0.00,-7.00,7.00] to be gaussian constrained
------------------------------------------------------------
2          10.245212       1.160572        total sum                     
2          10.106108       1.160551        excluding marked processes    
2          76.000000       8.717798        Unweighted events, alpha=0.134805
  => Total parameter prop_binSR1tau1l_2016preVFP_bin2[0.00,-7.00,7.00] to be gaussian constrained
------------------------------------------------------------
3          9.100587        1.186233        total sum                     
3          8.903645        1.186202        excluding marked processes    
3          56.000000       7.483315        Unweighted events, alpha=0.162510
  => Total parameter prop_binSR1tau1l_2016preVFP_bin3[0.00,-7.00,7.00] to be gaussian constrained
------------------------------------------------------------
4          4.857140        0.705479        total sum                     
4          4.625107        0.705417        excluding marked processes    
4          43.000000       6.557439        Unweighted events, alpha=0.112957
  => Total parameter prop_binSR1tau1l_2016preVFP_bin4[0.00,-7.00,7.00] to be gaussian constrained
------------------------------------------------------------
5          3.061633        0.589674        total sum                     
5          2.834171        0.589596        excluding marked processes    
5          23.000000       4.795832        Unweighted events, alpha=0.133114
  => Total parameter prop_binSR1tau1l_2016preVFP_bin5[0.00,-7.00,7.00] to be gaussian constrained
------------------------------------------------------------
6          1.176343        0.227780        total sum                     
6          0.916182        0.227537        excluding marked processes    
6          16.000000       4.000000        Unweighted events, alpha=0.073521
  => Total parameter prop_binSR1tau1l_2016preVFP_bin6[0.00,-7.00,7.00] to be gaussian constrained
------------------------------------------------------------
Channel SR1tau1l_2017 will use autoMCStats with settings: event-threshold=10, include-signal=0, hist-mode=1
============================================================
Analysing bin errors for: prop_binSR1tau1l_2017
Poisson cut-off: 10
Processes excluded for sums: tttt
============================================================
Bin        Contents        Error           Notes                         
0          15.725452       1.302272        total sum                     
0          15.657854       1.302266        excluding marked processes    
0          145.000000      12.041595       Unweighted events, alpha=0.108451
  => Total parameter prop_binSR1tau1l_2017_bin0[0.00,-7.00,7.00] to be gaussian constrained
------------------------------------------------------------
1          15.055530       1.145950        total sum                     
1          14.891147       1.145934        excluding marked processes    
1          169.000000      13.000000       Unweighted events, alpha=0.089086
  => Total parameter prop_binSR1tau1l_2017_bin1[0.00,-7.00,7.00] to be gaussian constrained
------------------------------------------------------------
2          19.931040       1.537798        total sum                     
2          19.637005       1.537775        excluding marked processes    
2          163.000000      12.767145       Unweighted events, alpha=0.122276
  => Total parameter prop_binSR1tau1l_2017_bin2[0.00,-7.00,7.00] to be gaussian constrained
------------------------------------------------------------
3          13.350463       0.951040        total sum                     
3          12.925452       0.950985        excluding marked processes    
3          185.000000      13.601471       Unweighted events, alpha=0.072165
  => Total parameter prop_binSR1tau1l_2017_bin3[0.00,-7.00,7.00] to be gaussian constrained
------------------------------------------------------------
4          10.429548       1.040010        total sum                     
4          9.960347        1.039953        excluding marked processes    
4          92.000000       9.591663        Unweighted events, alpha=0.113365
  => Total parameter prop_binSR1tau1l_2017_bin4[0.00,-7.00,7.00] to be gaussian constrained
------------------------------------------------------------
5          5.830061        0.705943        total sum                     
5          5.349064        0.705854        excluding marked processes    
5          57.000000       7.549834        Unweighted events, alpha=0.102282
  => Total parameter prop_binSR1tau1l_2017_bin5[0.00,-7.00,7.00] to be gaussian constrained
------------------------------------------------------------
6          2.849900        0.346752        total sum                     
6          2.353183        0.346543        excluding marked processes    
6          46.000000       6.782330        Unweighted events, alpha=0.061954
  => Total parameter prop_binSR1tau1l_2017_bin6[0.00,-7.00,7.00] to be gaussian constrained
------------------------------------------------------------
 <<< Combine >>> 
Will use a-priori expected background instead of a-posteriori one.
>>> method used is AsymptoticLimits
>>> random number generator seed is 123456
Warning! -- You haven't picked default values for the Parameters of Interest (either with --expectSignal or --setParameters) for generating toys. Combine will use the 'B-only' ModelConfig to generate, which may lead to undesired behaviour if not using the default Physics Model
SimNLL created with 4 channels, 0 generic constraints, 245 fast gaussian constraints, 0 fast poisson constraints, 0 fast group constraints, 

 -- AsymptoticLimits ( CLs ) --
Expected  2.5%: r < 1.7377
Expected 16.0%: r < 2.3692
Expected 50.0%: r < 3.4219
Expected 84.0%: r < 5.0450
Expected 97.5%: r < 7.2017

Done in 0.72 min (cpu), 0.73 min (real)
 <<< Combine >>> 
>>> method used is Significance
>>> random number generator seed is 123456

 -- Significance -- 
Significance: 0.619291
Done in 0.05 min (cpu), 0.05 min (real)
Have POIs: ['r']
 <<< Combine >>> 
   Options for Robust Minimizer :: 
        Tolerance  0.1
        Strategy   0
        Type,Algo  Minuit2,Migrad
>>> method used is MultiDimFit
>>> random number generator seed is 123456
Warning! -- You haven't picked default values for the Parameters of Interest (either with --expectSignal or --setParameters) for generating toys. Combine will use the 'B-only' ModelConfig to generate, which may lead to undesired behaviour if not using the default Physics Model
SimNLL created with 4 channels, 0 generic constraints, 245 fast gaussian constraints, 0 fast poisson constraints, 0 fast group constraints, 

 --- MultiDimFit ---
best fit parameter values and profile-likelihood uncertainties: 
   r :    +2.114   -1.881/+2.072 (68%)
Done in 0.56 min (cpu), 0.57 min (real)
>> combine -M MultiDimFit -n _initialFit_Test --algo singles --redefineSignalPOIs r --robustFit 1 -m 125 -d /workfs2/cms/huahuil/CMSSW_10_6_20/src/FourTop/hua/combine/combinationV18/run2_1tau1l_v4_unblind/workspace/datacard.root
Have POIs: ['r']
Have parameters: 245
 <<< Combine >>> 
 <<< Combine >>> 
   Options for Robust Minimizer :: 
   Options for Robust Minimizer :: 
        Tolerance  0.1
        Strategy   0
        Type,Algo  Minuit2,Migrad
        Tolerance  0.1
        Strategy   0
>>> method used is MultiDimFit
        Type,Algo  Minuit2,Migrad
>>> random number generator seed is 123456
>>> method used is MultiDimFit
>>> random number generator seed is 123456
 <<< Combine >>> 
 <<< Combine >>> 
 <<< Combine >>> 
 <<< Combine >>> 
   Options for Robust Minimizer :: 
   Options for Robust Minimizer :: 
   Options for Robust Minimizer :: 
        Tolerance  0.1
        Tolerance  0.1
        Tolerance  0.1
        Strategy   0
        Strategy   0
        Strategy   0
        Type,Algo  Minuit2,Migrad
        Type,Algo  Minuit2,Migrad
        Type,Algo  Minuit2,Migrad
>>> method used is MultiDimFit
>>> method used is MultiDimFit
>>> method used is MultiDimFit
>>> random number generator seed is 123456
>>> random number generator seed is 123456
>>> random number generator seed is 123456
   Options for Robust Minimizer :: 
        Tolerance  0.1
        Strategy   0
        Type,Algo  Minuit2,Migrad
>>> method used is MultiDimFit
>>> random number generator seed is 123456
 <<< Combine >>> 
   Options for Robust Minimizer :: 
        Tolerance  0.1
        Strategy   0
        Type,Algo  Minuit2,Migrad
>>> method used is MultiDimFit
>>> random number generator seed is 123456
 <<< Combine >>> 
   Options for Robust Minimizer :: 
        Tolerance  0.1
        Strategy   0
        Type,Algo  Minuit2,Migrad
>>> method used is MultiDimFit
>>> random number generator seed is 123456
Warning! -- You haven't picked default values for the Parameters of Interest (either with --expectSignal or --setParameters) for generating toys. Combine will use the 'B-only' ModelConfig to generate, which may lead to undesired behaviour if not using the default Physics Model
SimNLL created with 4 channels, 0 generic constraints, 245 fast gaussian constraints, 0 fast poisson constraints, 0 fast group constraints, 
Warning! -- You haven't picked default values for the Parameters of Interest (either with --expectSignal or --setParameters) for generating toys. Combine will use the 'B-only' ModelConfig to generate, which may lead to undesired behaviour if not using the default Physics Model
Warning! -- You haven't picked default values for the Parameters of Interest (either with --expectSignal or --setParameters) for generating toys. Combine will use the 'B-only' ModelConfig to generate, which may lead to undesired behaviour if not using the default Physics Model
SimNLL created with 4 channels, 0 generic constraints, 245 fast gaussian constraints, 0 fast poisson constraints, 0 fast group constraints, 
Warning! -- You haven't picked default values for the Parameters of Interest (either with --expectSignal or --setParameters) for generating toys. Combine will use the 'B-only' ModelConfig to generate, which may lead to undesired behaviour if not using the default Physics Model
SimNLL created with 4 channels, 0 generic constraints, 245 fast gaussian constraints, 0 fast poisson constraints, 0 fast group constraints, 
Warning! -- You haven't picked default values for the Parameters of Interest (either with --expectSignal or --setParameters) for generating toys. Combine will use the 'B-only' ModelConfig to generate, which may lead to undesired behaviour if not using the default Physics Model
Warning! -- You haven't picked default values for the Parameters of Interest (either with --expectSignal or --setParameters) for generating toys. Combine will use the 'B-only' ModelConfig to generate, which may lead to undesired behaviour if not using the default Physics Model
SimNLL created with 4 channels, 0 generic constraints, 245 fast gaussian constraints, 0 fast poisson constraints, 0 fast group constraints, 
Warning! -- You haven't picked default values for the Parameters of Interest (either with --expectSignal or --setParameters) for generating toys. Combine will use the 'B-only' ModelConfig to generate, which may lead to undesired behaviour if not using the default Physics Model
SimNLL created with 4 channels, 0 generic constraints, 245 fast gaussian constraints, 0 fast poisson constraints, 0 fast group constraints, 
Warning! -- You haven't picked default values for the Parameters of Interest (either with --expectSignal or --setParameters) for generating toys. Combine will use the 'B-only' ModelConfig to generate, which may lead to undesired behaviour if not using the default Physics Model
SimNLL created with 4 channels, 0 generic constraints, 245 fast gaussian constraints, 0 fast poisson constraints, 0 fast group constraints, 
SimNLL created with 4 channels, 0 generic constraints, 245 fast gaussian constraints, 0 fast poisson constraints, 0 fast group constraints, 
SimNLL created with 4 channels, 0 generic constraints, 245 fast gaussian constraints, 0 fast poisson constraints, 0 fast group constraints, 

 --- MultiDimFit ---
Parameter impacts: 

 --- MultiDimFit ---
Parameter impacts: 

 --- MultiDimFit ---
Parameter impacts: 

 --- MultiDimFit ---
Parameter impacts: 
  Parameter                            :   Best-fit               r            
  CMS_eff_t_vsJet_stat2_dm0_2016preVFP :   +0.004  -0.994/+0.994  +0.008/-0.006
Done in 0.51 min (cpu), 0.52 min (real)
 <<< Combine >>> 
   Options for Robust Minimizer :: 
        Tolerance  0.1
        Strategy   0
        Type,Algo  Minuit2,Migrad
>>> method used is MultiDimFit
>>> random number generator seed is 123456

 --- MultiDimFit ---
Parameter impacts: 
  Parameter                            :   Best-fit               r            
  CMS_eff_t_vsJet_stat1_dm0_2016preVFP :   -0.005  -0.995/+0.994  -0.003/+0.004
Done in 0.53 min (cpu), 0.53 min (real)
 <<< Combine >>> 
   Options for Robust Minimizer :: 
        Tolerance  0.1
        Strategy   0
        Type,Algo  Minuit2,Migrad
>>> method used is MultiDimFit
>>> random number generator seed is 123456
  Parameter             :   Best-fit               r            
  CMS_TOP24017_norm_ttH :   +0.009  -0.995/+0.995  +0.010/-0.009
Done in 0.53 min (cpu), 0.54 min (real)
 <<< Combine >>> 
   Options for Robust Minimizer :: 
        Tolerance  0.1
        Strategy   0
        Type,Algo  Minuit2,Migrad
>>> method used is MultiDimFit
>>> random number generator seed is 123456
  Parameter                             :   Best-fit               r            
  CMS_eff_t_vsJet_stat1_dm11_2016preVFP :   +0.007  -0.995/+0.995  +0.000/+0.001
Done in 0.54 min (cpu), 0.54 min (real)
 <<< Combine >>> 
   Options for Robust Minimizer :: 
        Tolerance  0.1
        Strategy   0
        Type,Algo  Minuit2,Migrad
>>> method used is MultiDimFit
>>> random number generator seed is 123456
Warning! -- You haven't picked default values for the Parameters of Interest (either with --expectSignal or --setParameters) for generating toys. Combine will use the 'B-only' ModelConfig to generate, which may lead to undesired behaviour if not using the default Physics Model
SimNLL created with 4 channels, 0 generic constraints, 245 fast gaussian constraints, 0 fast poisson constraints, 0 fast group constraints, 

 --- MultiDimFit ---
Parameter impacts: 

 --- MultiDimFit ---
Parameter impacts: 
Warning! -- You haven't picked default values for the Parameters of Interest (either with --expectSignal or --setParameters) for generating toys. Combine will use the 'B-only' ModelConfig to generate, which may lead to undesired behaviour if not using the default Physics Model
SimNLL created with 4 channels, 0 generic constraints, 245 fast gaussian constraints, 0 fast poisson constraints, 0 fast group constraints, 
Warning! -- You haven't picked default values for the Parameters of Interest (either with --expectSignal or --setParameters) for generating toys. Combine will use the 'B-only' ModelConfig to generate, which may lead to undesired behaviour if not using the default Physics Model
SimNLL created with 4 channels, 0 generic constraints, 245 fast gaussian constraints, 0 fast poisson constraints, 0 fast group constraints, 
  Parameter           :   Best-fit               r            
  CMS_eff_e_reco_2016 :   +0.008  -0.994/+0.994  +0.008/-0.006
Done in 0.57 min (cpu), 0.57 min (real)
 <<< Combine >>> 
   Options for Robust Minimizer :: 
        Tolerance  0.1
        Strategy   0
        Type,Algo  Minuit2,Migrad
>>> method used is MultiDimFit
>>> random number generator seed is 123456
Warning! -- You haven't picked default values for the Parameters of Interest (either with --expectSignal or --setParameters) for generating toys. Combine will use the 'B-only' ModelConfig to generate, which may lead to undesired behaviour if not using the default Physics Model
SimNLL created with 4 channels, 0 generic constraints, 245 fast gaussian constraints, 0 fast poisson constraints, 0 fast group constraints, 
  Parameter                                  :   Best-fit               r            
  CMS_TOP24017_eff_trigger_stats_2016postVFP :   +0.179  -0.968/+0.981  +0.031/-0.031
Done in 0.59 min (cpu), 0.60 min (real)
 <<< Combine >>> 
   Options for Robust Minimizer :: 
        Tolerance  0.1
        Strategy   0
        Type,Algo  Minuit2,Migrad
>>> method used is MultiDimFit
>>> random number generator seed is 123456
  Parameter                                        :   Best-fit               r            
  CMS_btag_fixedWP_comb_bc_uncorrelated_2016preVFP :   -0.002  -0.995/+0.994  +0.009/-0.007
Done in 0.60 min (cpu), 0.60 min (real)
 <<< Combine >>> 
   Options for Robust Minimizer :: 
        Tolerance  0.1
        Strategy   0
        Type,Algo  Minuit2,Migrad
>>> method used is MultiDimFit
>>> random number generator seed is 123456
Warning! -- You haven't picked default values for the Parameters of Interest (either with --expectSignal or --setParameters) for generating toys. Combine will use the 'B-only' ModelConfig to generate, which may lead to undesired behaviour if not using the default Physics Model
SimNLL created with 4 channels, 0 generic constraints, 245 fast gaussian constraints, 0 fast poisson constraints, 0 fast group constraints, 
Warning! -- You haven't picked default values for the Parameters of Interest (either with --expectSignal or --setParameters) for generating toys. Combine will use the 'B-only' ModelConfig to generate, which may lead to undesired behaviour if not using the default Physics Model
SimNLL created with 4 channels, 0 generic constraints, 245 fast gaussian constraints, 0 fast poisson constraints, 0 fast group constraints, 
Warning! -- You haven't picked default values for the Parameters of Interest (either with --expectSignal or --setParameters) for generating toys. Combine will use the 'B-only' ModelConfig to generate, which may lead to undesired behaviour if not using the default Physics Model
SimNLL created with 4 channels, 0 generic constraints, 245 fast gaussian constraints, 0 fast poisson constraints, 0 fast group constraints, 

 --- MultiDimFit ---
Parameter impacts: 
  Parameter                      :   Best-fit               r            
  CMS_TOP24017_ttttSS_eff_e_syst :   +0.031  -0.995/+0.994  +0.019/-0.016
Done in 0.73 min (cpu), 0.73 min (real)
 <<< Combine >>> 
   Options for Robust Minimizer :: 
        Tolerance  0.1
        Strategy   0
        Type,Algo  Minuit2,Migrad
>>> method used is MultiDimFit
>>> random number generator seed is 123456
Warning! -- You haven't picked default values for the Parameters of Interest (either with --expectSignal or --setParameters) for generating toys. Combine will use the 'B-only' ModelConfig to generate, which may lead to undesired behaviour if not using the default Physics Model
SimNLL created with 4 channels, 0 generic constraints, 245 fast gaussian constraints, 0 fast poisson constraints, 0 fast group constraints, 

 --- MultiDimFit ---
Parameter impacts: 

 --- MultiDimFit ---
Parameter impacts: 

 --- MultiDimFit ---
Parameter impacts: 
  Parameter                       :   Best-fit               r            
  CMS_eff_t_vsJet_stat1_dm11_2017 :   +0.003  -0.995/+0.995  -0.002/+0.000
Done in 0.52 min (cpu), 0.53 min (real)
 <<< Combine >>> 
   Options for Robust Minimizer :: 
        Tolerance  0.1
        Strategy   0
        Type,Algo  Minuit2,Migrad
>>> method used is MultiDimFit
>>> random number generator seed is 123456

 --- MultiDimFit ---
Parameter impacts: 
  Parameter             :   Best-fit               r            
  CMS_TOP24017_norm_ttW :   +0.004  -0.995/+0.995  +0.005/-0.003
Done in 0.55 min (cpu), 0.56 min (real)
 <<< Combine >>> 
   Options for Robust Minimizer :: 
        Tolerance  0.1
        Strategy   0
        Type,Algo  Minuit2,Migrad
>>> method used is MultiDimFit
>>> random number generator seed is 123456
Warning! -- You haven't picked default values for the Parameters of Interest (either with --expectSignal or --setParameters) for generating toys. Combine will use the 'B-only' ModelConfig to generate, which may lead to undesired behaviour if not using the default Physics Model

 --- MultiDimFit ---
Parameter impacts: 
SimNLL created with 4 channels, 0 generic constraints, 245 fast gaussian constraints, 0 fast poisson constraints, 0 fast group constraints, 

 --- MultiDimFit ---
Parameter impacts: 
  Parameter                      :   Best-fit               r            
  CMS_eff_t_vsJet_stat2_dm0_2017 :   +0.015  -0.993/+0.995  +0.010/-0.007
Done in 0.59 min (cpu), 0.60 min (real)
  Parameter                      :   Best-fit               r            
  CMS_eff_t_vsJet_stat1_dm0_2017 :   +0.006  -0.995/+0.995  -0.003/+0.004
Done in 0.58 min (cpu), 0.58 min (real)
 <<< Combine >>> 
   Options for Robust Minimizer :: 
        Tolerance  0.1
        Strategy   0
        Type,Algo  Minuit2,Migrad
>>> method used is MultiDimFit
>>> random number generator seed is 123456
 <<< Combine >>> 
   Options for Robust Minimizer :: 
        Tolerance  0.1
        Strategy   0
        Type,Algo  Minuit2,Migrad
>>> method used is MultiDimFit
>>> random number generator seed is 123456
Warning! -- You haven't picked default values for the Parameters of Interest (either with --expectSignal or --setParameters) for generating toys. Combine will use the 'B-only' ModelConfig to generate, which may lead to undesired behaviour if not using the default Physics Model
SimNLL created with 4 channels, 0 generic constraints, 245 fast gaussian constraints, 0 fast poisson constraints, 0 fast group constraints, 
  Parameter           :   Best-fit               r            
  CMS_eff_e_reco_2017 :   +0.024  -0.994/+0.995  +0.006/-0.004
Done in 0.56 min (cpu), 0.57 min (real)
 <<< Combine >>> 
   Options for Robust Minimizer :: 
        Tolerance  0.1
        Strategy   0
        Type,Algo  Minuit2,Migrad
>>> method used is MultiDimFit
>>> random number generator seed is 123456
  Parameter                                 :   Best-fit               r            
  CMS_TOP24017_eff_trigger_stats_2016preVFP :   +0.020  -0.975/+0.977  +0.044/-0.042
Done in 0.54 min (cpu), 0.55 min (real)
 <<< Combine >>> 
   Options for Robust Minimizer :: 
        Tolerance  0.1
        Strategy   0
        Type,Algo  Minuit2,Migrad
>>> method used is MultiDimFit
>>> random number generator seed is 123456
Warning! -- You haven't picked default values for the Parameters of Interest (either with --expectSignal or --setParameters) for generating toys. Combine will use the 'B-only' ModelConfig to generate, which may lead to undesired behaviour if not using the default Physics Model
Warning! -- You haven't picked default values for the Parameters of Interest (either with --expectSignal or --setParameters) for generating toys. Combine will use the 'B-only' ModelConfig to generate, which may lead to undesired behaviour if not using the default Physics Model
SimNLL created with 4 channels, 0 generic constraints, 245 fast gaussian constraints, 0 fast poisson constraints, 0 fast group constraints, 
SimNLL created with 4 channels, 0 generic constraints, 245 fast gaussian constraints, 0 fast poisson constraints, 0 fast group constraints, 
Warning! -- You haven't picked default values for the Parameters of Interest (either with --expectSignal or --setParameters) for generating toys. Combine will use the 'B-only' ModelConfig to generate, which may lead to undesired behaviour if not using the default Physics Model
SimNLL created with 4 channels, 0 generic constraints, 245 fast gaussian constraints, 0 fast poisson constraints, 0 fast group constraints, 
Warning! -- You haven't picked default values for the Parameters of Interest (either with --expectSignal or --setParameters) for generating toys. Combine will use the 'B-only' ModelConfig to generate, which may lead to undesired behaviour if not using the default Physics Model
SimNLL created with 4 channels, 0 generic constraints, 245 fast gaussian constraints, 0 fast poisson constraints, 0 fast group constraints, 

 --- MultiDimFit ---

 --- MultiDimFit ---
Parameter impacts: 

 --- MultiDimFit ---
Parameter impacts: 

 --- MultiDimFit ---
Parameter impacts: 

 --- MultiDimFit ---
Parameter impacts: 

 --- MultiDimFit ---
Parameter impacts: 

 --- MultiDimFit ---
Parameter impacts: 
Parameter impacts: 

 --- MultiDimFit ---
Parameter impacts: 
  Parameter                      :   Best-fit               r            
  CMS_eff_t_vsJet_stat1_dm0_2018 :   +0.011  -0.995/+0.995  -0.006/+0.008
Done in 0.47 min (cpu), 0.62 min (real)
  Parameter                       :   Best-fit               r            
  CMS_eff_t_vsJet_stat1_dm11_2018 :   +0.020  -0.994/+0.995  -0.006/+0.008
Done in 0.59 min (cpu), 0.67 min (real)
  Parameter           :   Best-fit               r            
  CMS_eff_e_reco_2018 :   -0.011  -0.994/+0.994  +0.008/-0.006
Done in 0.47 min (cpu), 0.60 min (real)
 <<< Combine >>> 
   Options for Robust Minimizer :: 
        Tolerance  0.1
        Strategy   0
        Type,Algo  Minuit2,Migrad
>>> method used is MultiDimFit
>>> random number generator seed is 123456
 <<< Combine >>> 
   Options for Robust Minimizer :: 
        Tolerance  0.1
        Strategy   0
        Type,Algo  Minuit2,Migrad
>>> method used is MultiDimFit
>>> random number generator seed is 123456
  Parameter                           :   Best-fit               r            
  CMS_TOP24017_eff_trigger_stats_2017 :   +0.378  -0.960/+0.976  +0.110/-0.104
Done in 0.56 min (cpu), 0.60 min (real)
 <<< Combine >>> 
   Options for Robust Minimizer :: 
        Tolerance  0.1
        Strategy   0
        Type,Algo  Minuit2,Migrad
>>> method used is MultiDimFit
>>> random number generator seed is 123456
 <<< Combine >>> 
   Options for Robust Minimizer :: 
        Tolerance  0.1
        Strategy   0
        Type,Algo  Minuit2,Migrad
>>> method used is MultiDimFit
>>> random number generator seed is 123456
  Parameter                                  :   Best-fit               r            
  CMS_TOP24017_ttttSS_eff_m_stat_2016postVFP :   +0.000  -0.995/+0.995  -0.001/-0.001
Done in 0.60 min (cpu), 1.05 min (real)
  Parameter             :   Best-fit               r            
  CMS_TOP24017_norm_ttZ :   +0.004  -0.995/+0.995  +0.010/-0.009
Done in 0.53 min (cpu), 0.66 min (real)
  Parameter                                  :   Best-fit               r            
  CMS_btag_fixedWP_comb_bc_uncorrelated_2017 :   +0.112  -0.993/+0.993  +0.040/-0.037
Done in 0.70 min (cpu), 1.18 min (real)
 <<< Combine >>> 
   Options for Robust Minimizer :: 
        Tolerance  0.1
        Strategy   0
        Type,Algo  Minuit2,Migrad
>>> method used is MultiDimFit
>>> random number generator seed is 123456
 <<< Combine >>> 
   Options for Robust Minimizer :: 
        Tolerance  0.1
        Strategy   0
        Type,Algo  Minuit2,Migrad
>>> method used is MultiDimFit
>>> random number generator seed is 123456
 <<< Combine >>> 
   Options for Robust Minimizer :: 
        Tolerance  0.1
        Strategy   0
        Type,Algo  Minuit2,Migrad
>>> method used is MultiDimFit
>>> random number generator seed is 123456
Warning! -- You haven't picked default values for the Parameters of Interest (either with --expectSignal or --setParameters) for generating toys. Combine will use the 'B-only' ModelConfig to generate, which may lead to undesired behaviour if not using the default Physics Model
Warning! -- You haven't picked default values for the Parameters of Interest (either with --expectSignal or --setParameters) for generating toys. Combine will use the 'B-only' ModelConfig to generate, which may lead to undesired behaviour if not using the default Physics Model
Warning! -- You haven't picked default values for the Parameters of Interest (either with --expectSignal or --setParameters) for generating toys. Combine will use the 'B-only' ModelConfig to generate, which may lead to undesired behaviour if not using the default Physics Model
Warning! -- You haven't picked default values for the Parameters of Interest (either with --expectSignal or --setParameters) for generating toys. Combine will use the 'B-only' ModelConfig to generate, which may lead to undesired behaviour if not using the default Physics Model
SimNLL created with 4 channels, 0 generic constraints, 245 fast gaussian constraints, 0 fast poisson constraints, 0 fast group constraints, 
SimNLL created with 4 channels, 0 generic constraints, 245 fast gaussian constraints, 0 fast poisson constraints, 0 fast group constraints, 
SimNLL created with 4 channels, 0 generic constraints, 245 fast gaussian constraints, 0 fast poisson constraints, 0 fast group constraints, 
SimNLL created with 4 channels, 0 generic constraints, 245 fast gaussian constraints, 0 fast poisson constraints, 0 fast group constraints, 
  Parameter                      :   Best-fit               r            
  CMS_eff_t_vsJet_stat2_dm0_2018 :   -0.017  -0.994/+0.994  +0.014/-0.011
Done in 0.66 min (cpu), 0.66 min (real)
 <<< Combine >>> 
   Options for Robust Minimizer :: 
        Tolerance  0.1
        Strategy   0
        Type,Algo  Minuit2,Migrad
>>> method used is MultiDimFit
>>> random number generator seed is 123456
Warning! -- You haven't picked default values for the Parameters of Interest (either with --expectSignal or --setParameters) for generating toys. Combine will use the 'B-only' ModelConfig to generate, which may lead to undesired behaviour if not using the default Physics Model
Warning! -- You haven't picked default values for the Parameters of Interest (either with --expectSignal or --setParameters) for generating toys. Combine will use the 'B-only' ModelConfig to generate, which may lead to undesired behaviour if not using the default Physics Model
Warning! -- You haven't picked default values for the Parameters of Interest (either with --expectSignal or --setParameters) for generating toys. Combine will use the 'B-only' ModelConfig to generate, which may lead to undesired behaviour if not using the default Physics Model
SimNLL created with 4 channels, 0 generic constraints, 245 fast gaussian constraints, 0 fast poisson constraints, 0 fast group constraints, 
SimNLL created with 4 channels, 0 generic constraints, 245 fast gaussian constraints, 0 fast poisson constraints, 0 fast group constraints, 
SimNLL created with 4 channels, 0 generic constraints, 245 fast gaussian constraints, 0 fast poisson constraints, 0 fast group constraints, 
Warning! -- You haven't picked default values for the Parameters of Interest (either with --expectSignal or --setParameters) for generating toys. Combine will use the 'B-only' ModelConfig to generate, which may lead to undesired behaviour if not using the default Physics Model
SimNLL created with 4 channels, 0 generic constraints, 245 fast gaussian constraints, 0 fast poisson constraints, 0 fast group constraints, 

 --- MultiDimFit ---
Parameter impacts: 
  Parameter                              :   Best-fit               r            
  CMS_eff_t_vsJet_stat1_dm10_2016postVFP :   -0.002  -0.995/+0.995  +0.001/+0.001
Done in 0.50 min (cpu), 0.50 min (real)
 <<< Combine >>> 
   Options for Robust Minimizer :: 
        Tolerance  0.1
        Strategy   0
        Type,Algo  Minuit2,Migrad
>>> method used is MultiDimFit
>>> random number generator seed is 123456

 --- MultiDimFit ---
Parameter impacts: 
Warning! -- You haven't picked default values for the Parameters of Interest (either with --expectSignal or --setParameters) for generating toys. Combine will use the 'B-only' ModelConfig to generate, which may lead to undesired behaviour if not using the default Physics Model
SimNLL created with 4 channels, 0 generic constraints, 245 fast gaussian constraints, 0 fast poisson constraints, 0 fast group constraints, 

 --- MultiDimFit ---
Parameter impacts: 
  Parameter                           :   Best-fit               r            
  CMS_TOP24017_eff_trigger_stats_2018 :   -0.146  -0.976/+0.981  +0.129/-0.114
Done in 0.55 min (cpu), 0.56 min (real)
 <<< Combine >>> 
   Options for Robust Minimizer :: 
        Tolerance  0.1
        Strategy   0
        Type,Algo  Minuit2,Migrad
>>> method used is MultiDimFit
>>> random number generator seed is 123456

 --- MultiDimFit ---
Parameter impacts: 

 --- MultiDimFit ---
Parameter impacts: 

 --- MultiDimFit ---
Parameter impacts: 

 --- MultiDimFit ---
Parameter impacts: 
  Parameter                             :   Best-fit               r            
  CMS_eff_t_vsJet_stat1_dm1_2016postVFP :   -0.021  -0.994/+0.994  -0.003/+0.006
Done in 0.59 min (cpu), 0.59 min (real)
 <<< Combine >>> 
   Options for Robust Minimizer :: 
        Tolerance  0.1
        Strategy   0
        Type,Algo  Minuit2,Migrad
>>> method used is MultiDimFit
>>> random number generator seed is 123456
Warning! -- You haven't picked default values for the Parameters of Interest (either with --expectSignal or --setParameters) for generating toys. Combine will use the 'B-only' ModelConfig to generate, which may lead to undesired behaviour if not using the default Physics Model
SimNLL created with 4 channels, 0 generic constraints, 245 fast gaussian constraints, 0 fast poisson constraints, 0 fast group constraints, 
  Parameter              :   Best-fit               r            
  CMS_TOP24017_norm_tttt :   +0.000  -0.994/+0.994  +0.214/-0.186
Done in 0.59 min (cpu), 0.59 min (real)
 <<< Combine >>> 
   Options for Robust Minimizer :: 
        Tolerance  0.1
        Strategy   0
        Type,Algo  Minuit2,Migrad
>>> method used is MultiDimFit
>>> random number generator seed is 123456

 --- MultiDimFit ---
Parameter impacts: 
  Parameter                                 :   Best-fit               r            
  CMS_TOP24017_ttttSS_eff_m_stat_2016preVFP :   +0.000  -0.995/+0.995  -0.001/-0.001
Done in 0.60 min (cpu), 0.60 min (real)
Warning! -- You haven't picked default values for the Parameters of Interest (either with --expectSignal or --setParameters) for generating toys. Combine will use the 'B-only' ModelConfig to generate, which may lead to undesired behaviour if not using the default Physics Model
 <<< Combine >>> 
   Options for Robust Minimizer :: 
        Tolerance  0.1
        Strategy   0
        Type,Algo  Minuit2,Migrad
>>> method used is MultiDimFit
>>> random number generator seed is 123456
SimNLL created with 4 channels, 0 generic constraints, 245 fast gaussian constraints, 0 fast poisson constraints, 0 fast group constraints, 
  Parameter                              :   Best-fit               r            
  CMS_eff_t_vsJet_stat2_dm10_2016postVFP :   +0.004  -0.994/+0.994  +0.002/+0.000
Done in 0.58 min (cpu), 0.58 min (real)
 <<< Combine >>> 
   Options for Robust Minimizer :: 
        Tolerance  0.1
        Strategy   0
        Type,Algo  Minuit2,Migrad
>>> method used is MultiDimFit
>>> random number generator seed is 123456
  Parameter                   :   Best-fit               r            
  CMS_eff_t_vsEle_2016postVFP :   -0.000  -0.995/+0.994  +0.001/+0.001
Done in 0.62 min (cpu), 0.63 min (real)
 <<< Combine >>> 
   Options for Robust Minimizer :: 
        Tolerance  0.1
        Strategy   0
        Type,Algo  Minuit2,Migrad
>>> method used is MultiDimFit
>>> random number generator seed is 123456
Warning! -- You haven't picked default values for the Parameters of Interest (either with --expectSignal or --setParameters) for generating toys. Combine will use the 'B-only' ModelConfig to generate, which may lead to undesired behaviour if not using the default Physics Model
SimNLL created with 4 channels, 0 generic constraints, 245 fast gaussian constraints, 0 fast poisson constraints, 0 fast group constraints, 
Warning! -- You haven't picked default values for the Parameters of Interest (either with --expectSignal or --setParameters) for generating toys. Combine will use the 'B-only' ModelConfig to generate, which may lead to undesired behaviour if not using the default Physics Model
SimNLL created with 4 channels, 0 generic constraints, 245 fast gaussian constraints, 0 fast poisson constraints, 0 fast group constraints, 
Warning! -- You haven't picked default values for the Parameters of Interest (either with --expectSignal or --setParameters) for generating toys. Combine will use the 'B-only' ModelConfig to generate, which may lead to undesired behaviour if not using the default Physics Model
  Parameter                                  :   Best-fit               r            
  CMS_btag_fixedWP_comb_bc_uncorrelated_2018 :   -0.029  -0.994/+0.994  +0.023/-0.020
Done in 0.64 min (cpu), 0.64 min (real)
SimNLL created with 4 channels, 0 generic constraints, 245 fast gaussian constraints, 0 fast poisson constraints, 0 fast group constraints, 
 <<< Combine >>> 
   Options for Robust Minimizer :: 
        Tolerance  0.1
        Strategy   0
        Type,Algo  Minuit2,Migrad
>>> method used is MultiDimFit
>>> random number generator seed is 123456
Warning! -- You haven't picked default values for the Parameters of Interest (either with --expectSignal or --setParameters) for generating toys. Combine will use the 'B-only' ModelConfig to generate, which may lead to undesired behaviour if not using the default Physics Model
SimNLL created with 4 channels, 0 generic constraints, 245 fast gaussian constraints, 0 fast poisson constraints, 0 fast group constraints, 
Warning! -- You haven't picked default values for the Parameters of Interest (either with --expectSignal or --setParameters) for generating toys. Combine will use the 'B-only' ModelConfig to generate, which may lead to undesired behaviour if not using the default Physics Model
SimNLL created with 4 channels, 0 generic constraints, 245 fast gaussian constraints, 0 fast poisson constraints, 0 fast group constraints, 

 --- MultiDimFit ---
Parameter impacts: 
  Parameter                             :   Best-fit               r            
  CMS_eff_t_vsJet_stat1_dm10_2016preVFP :   -0.004  -0.994/+0.995  -0.001/-0.001
Done in 0.53 min (cpu), 0.53 min (real)
 <<< Combine >>> 
   Options for Robust Minimizer :: 
        Tolerance  0.1
        Strategy   0
        Type,Algo  Minuit2,Migrad
>>> method used is MultiDimFit
>>> random number generator seed is 123456
Warning! -- You haven't picked default values for the Parameters of Interest (either with --expectSignal or --setParameters) for generating toys. Combine will use the 'B-only' ModelConfig to generate, which may lead to undesired behaviour if not using the default Physics Model
SimNLL created with 4 channels, 0 generic constraints, 245 fast gaussian constraints, 0 fast poisson constraints, 0 fast group constraints, 

 --- MultiDimFit ---
Parameter impacts: 

 --- MultiDimFit ---
Parameter impacts: 

 --- MultiDimFit ---
Parameter impacts: 

 --- MultiDimFit ---
Parameter impacts: 

 --- MultiDimFit ---
Parameter impacts: 

 --- MultiDimFit ---
Parameter impacts: 

 --- MultiDimFit ---
Parameter impacts: 
  Parameter                           :   Best-fit               r            
  CMS_TOP24017_ttttSS_eff_m_stat_2017 :   +0.000  -0.994/+0.995  -0.001/-0.001
Done in 0.62 min (cpu), 0.62 min (real)
  Parameter                            :   Best-fit               r            
  CMS_eff_t_vsJet_stat1_dm1_2016preVFP :   +0.001  -0.994/+0.995  -0.002/+0.004
Done in 0.63 min (cpu), 0.64 min (real)
  Parameter                             :   Best-fit               r            
  CMS_eff_t_vsJet_stat2_dm10_2016preVFP :   +0.004  -0.994/+0.994  +0.004/-0.001
Done in 0.54 min (cpu), 0.55 min (real)
  Parameter                          :   Best-fit               r            
  CMS_TOP24017_norm_fakeLepton_stats :   +0.015  -0.990/+0.989  +0.018/-0.018
Done in 0.61 min (cpu), 0.62 min (real)
  Parameter                                  :   Best-fit               r            
  CMS_TOP24017_ttttSS_eff_e_stat_2016postVFP :   +0.003  -0.995/+0.995  +0.000/+0.001
Done in 0.51 min (cpu), 0.51 min (real)
  Parameter                  :   Best-fit               r            
  CMS_eff_t_vsEle_2016preVFP :   -0.001  -0.995/+0.995  +0.002/+0.000
Done in 0.56 min (cpu), 0.56 min (real)
  Parameter                              :   Best-fit               r            
  CMS_btag_fixedWP_incl_light_correlated :   +0.222  -0.966/+0.982  +0.044/-0.038
Done in 0.45 min (cpu), 0.45 min (real)
 <<< Combine >>> 
   Options for Robust Minimizer :: 
        Tolerance  0.1
        Strategy   0
        Type,Algo  Minuit2,Migrad
>>> method used is MultiDimFit
>>> random number generator seed is 123456
 <<< Combine >>> 
   Options for Robust Minimizer :: 
        Tolerance  0.1
        Strategy   0
        Type,Algo  Minuit2,Migrad
>>> method used is MultiDimFit
>>> random number generator seed is 123456
 <<< Combine >>> 
   Options for Robust Minimizer :: 
        Tolerance  0.1
        Strategy   0
        Type,Algo  Minuit2,Migrad
>>> method used is MultiDimFit
>>> random number generator seed is 123456
 <<< Combine >>> 
   Options for Robust Minimizer :: 
        Tolerance  0.1
        Strategy   0
        Type,Algo  Minuit2,Migrad
>>> method used is MultiDimFit
>>> random number generator seed is 123456
 <<< Combine >>> 
 <<< Combine >>> 
   Options for Robust Minimizer :: 
        Tolerance  0.1
        Strategy   0
        Type,Algo  Minuit2,Migrad
>>> method used is MultiDimFit
>>> random number generator seed is 123456
   Options for Robust Minimizer :: 
        Tolerance  0.1
        Strategy   0
        Type,Algo  Minuit2,Migrad
>>> method used is MultiDimFit
>>> random number generator seed is 123456
 <<< Combine >>> 
   Options for Robust Minimizer :: 
        Tolerance  0.1
        Strategy   0
        Type,Algo  Minuit2,Migrad
>>> method used is MultiDimFit
>>> random number generator seed is 123456
Warning! -- You haven't picked default values for the Parameters of Interest (either with --expectSignal or --setParameters) for generating toys. Combine will use the 'B-only' ModelConfig to generate, which may lead to undesired behaviour if not using the default Physics Model
Warning! -- You haven't picked default values for the Parameters of Interest (either with --expectSignal or --setParameters) for generating toys. Combine will use the 'B-only' ModelConfig to generate, which may lead to undesired behaviour if not using the default Physics Model
Warning! -- You haven't picked default values for the Parameters of Interest (either with --expectSignal or --setParameters) for generating toys. Combine will use the 'B-only' ModelConfig to generate, which may lead to undesired behaviour if not using the default Physics Model
Warning! -- You haven't picked default values for the Parameters of Interest (either with --expectSignal or --setParameters) for generating toys. Combine will use the 'B-only' ModelConfig to generate, which may lead to undesired behaviour if not using the default Physics Model
Warning! -- You haven't picked default values for the Parameters of Interest (either with --expectSignal or --setParameters) for generating toys. Combine will use the 'B-only' ModelConfig to generate, which may lead to undesired behaviour if not using the default Physics Model
SimNLL created with 4 channels, 0 generic constraints, 245 fast gaussian constraints, 0 fast poisson constraints, 0 fast group constraints, 
SimNLL created with 4 channels, 0 generic constraints, 245 fast gaussian constraints, 0 fast poisson constraints, 0 fast group constraints, 
Warning! -- You haven't picked default values for the Parameters of Interest (either with --expectSignal or --setParameters) for generating toys. Combine will use the 'B-only' ModelConfig to generate, which may lead to undesired behaviour if not using the default Physics Model
SimNLL created with 4 channels, 0 generic constraints, 245 fast gaussian constraints, 0 fast poisson constraints, 0 fast group constraints, 
Warning! -- You haven't picked default values for the Parameters of Interest (either with --expectSignal or --setParameters) for generating toys. Combine will use the 'B-only' ModelConfig to generate, which may lead to undesired behaviour if not using the default Physics Model
SimNLL created with 4 channels, 0 generic constraints, 245 fast gaussian constraints, 0 fast poisson constraints, 0 fast group constraints, 
SimNLL created with 4 channels, 0 generic constraints, 245 fast gaussian constraints, 0 fast poisson constraints, 0 fast group constraints, 
SimNLL created with 4 channels, 0 generic constraints, 245 fast gaussian constraints, 0 fast poisson constraints, 0 fast group constraints, 
SimNLL created with 4 channels, 0 generic constraints, 245 fast gaussian constraints, 0 fast poisson constraints, 0 fast group constraints, 

 --- MultiDimFit ---
Parameter impacts: 

 --- MultiDimFit ---
Parameter impacts: 

 --- MultiDimFit ---
Parameter impacts: 
  Parameter                                 :   Best-fit               r            
  CMS_TOP24017_ttttSS_eff_e_stat_2016preVFP :   +0.002  -0.994/+0.995  +0.002/-0.001
Done in 0.51 min (cpu), 0.51 min (real)
 <<< Combine >>> 
   Options for Robust Minimizer :: 
        Tolerance  0.1
        Strategy   0
        Type,Algo  Minuit2,Migrad
>>> method used is MultiDimFit
>>> random number generator seed is 123456
Warning! -- You haven't picked default values for the Parameters of Interest (either with --expectSignal or --setParameters) for generating toys. Combine will use the 'B-only' ModelConfig to generate, which may lead to undesired behaviour if not using the default Physics Model
SimNLL created with 4 channels, 0 generic constraints, 245 fast gaussian constraints, 0 fast poisson constraints, 0 fast group constraints, 

 --- MultiDimFit ---
Parameter impacts: 
  Parameter                                            :   Best-fit               r            
  CMS_btag_fixedWP_incl_light_uncorrelated_2016postVFP :   +0.023  -0.994/+0.994  +0.007/-0.005
Done in 0.55 min (cpu), 0.55 min (real)
 <<< Combine >>> 
   Options for Robust Minimizer :: 
        Tolerance  0.1
        Strategy   0
        Type,Algo  Minuit2,Migrad
>>> method used is MultiDimFit
>>> random number generator seed is 123456

 --- MultiDimFit ---
Parameter impacts: 
  Parameter                       :   Best-fit               r            
  CMS_eff_t_vsJet_stat2_dm10_2017 :   +0.023  -0.994/+0.995  +0.006/-0.004
Done in 0.55 min (cpu), 0.56 min (real)
 <<< Combine >>> 
   Options for Robust Minimizer :: 
        Tolerance  0.1
        Strategy   0
        Type,Algo  Minuit2,Migrad
>>> method used is MultiDimFit
>>> random number generator seed is 123456

 --- MultiDimFit ---
Parameter impacts: 
Warning! -- You haven't picked default values for the Parameters of Interest (either with --expectSignal or --setParameters) for generating toys. Combine will use the 'B-only' ModelConfig to generate, which may lead to undesired behaviour if not using the default Physics Model
SimNLL created with 4 channels, 0 generic constraints, 245 fast gaussian constraints, 0 fast poisson constraints, 0 fast group constraints, 
Warning! -- You haven't picked default values for the Parameters of Interest (either with --expectSignal or --setParameters) for generating toys. Combine will use the 'B-only' ModelConfig to generate, which may lead to undesired behaviour if not using the default Physics Model
  Parameter                       :   Best-fit               r            
  CMS_eff_t_vsJet_stat1_dm10_2017 :   -0.005  -0.994/+0.994  -0.003/+0.006
Done in 0.62 min (cpu), 0.81 min (real)
SimNLL created with 4 channels, 0 generic constraints, 245 fast gaussian constraints, 0 fast poisson constraints, 0 fast group constraints, 
 <<< Combine >>> 
   Options for Robust Minimizer :: 
        Tolerance  0.1
        Strategy   0
        Type,Algo  Minuit2,Migrad
>>> method used is MultiDimFit
>>> random number generator seed is 123456
  Parameter                      :   Best-fit               r            
  CMS_eff_t_vsJet_stat1_dm1_2017 :   +0.016  -0.994/+0.994  -0.008/+0.010
Done in 0.59 min (cpu), 0.59 min (real)

 --- MultiDimFit ---
Parameter impacts: 
 <<< Combine >>> 
   Options for Robust Minimizer :: 
        Tolerance  0.1
        Strategy   0
        Type,Algo  Minuit2,Migrad
>>> method used is MultiDimFit
>>> random number generator seed is 123456

 --- MultiDimFit ---
Parameter impacts: 
  Parameter            :   Best-fit               r            
  CMS_eff_t_vsEle_2017 :   +0.012  -0.995/+0.995  +0.007/-0.005
Done in 0.60 min (cpu), 0.60 min (real)
 <<< Combine >>> 
   Options for Robust Minimizer :: 
        Tolerance  0.1
        Strategy   0
        Type,Algo  Minuit2,Migrad
>>> method used is MultiDimFit
>>> random number generator seed is 123456
Warning! -- You haven't picked default values for the Parameters of Interest (either with --expectSignal or --setParameters) for generating toys. Combine will use the 'B-only' ModelConfig to generate, which may lead to undesired behaviour if not using the default Physics Model
SimNLL created with 4 channels, 0 generic constraints, 245 fast gaussian constraints, 0 fast poisson constraints, 0 fast group constraints, 
Warning! -- You haven't picked default values for the Parameters of Interest (either with --expectSignal or --setParameters) for generating toys. Combine will use the 'B-only' ModelConfig to generate, which may lead to undesired behaviour if not using the default Physics Model
SimNLL created with 4 channels, 0 generic constraints, 245 fast gaussian constraints, 0 fast poisson constraints, 0 fast group constraints, 
  Parameter                        :   Best-fit               r            
  CMS_TOP24017_norm_fakeLepton_sys :   +0.015  -0.990/+0.989  +0.018/-0.018
Done in 0.63 min (cpu), 0.63 min (real)
 <<< Combine >>> 
   Options for Robust Minimizer :: 
        Tolerance  0.1
        Strategy   0
        Type,Algo  Minuit2,Migrad
>>> method used is MultiDimFit
>>> random number generator seed is 123456
Warning! -- You haven't picked default values for the Parameters of Interest (either with --expectSignal or --setParameters) for generating toys. Combine will use the 'B-only' ModelConfig to generate, which may lead to undesired behaviour if not using the default Physics Model
SimNLL created with 4 channels, 0 generic constraints, 245 fast gaussian constraints, 0 fast poisson constraints, 0 fast group constraints, 
  Parameter                           :   Best-fit               r            
  CMS_TOP24017_ttttSS_eff_m_stat_2018 :   -0.000  -0.995/+0.995  -0.001/-0.001
Done in 0.63 min (cpu), 0.64 min (real)
 <<< Combine >>> 
   Options for Robust Minimizer :: 
        Tolerance  0.1
        Strategy   0
        Type,Algo  Minuit2,Migrad
>>> method used is MultiDimFit
>>> random number generator seed is 123456
Warning! -- You haven't picked default values for the Parameters of Interest (either with --expectSignal or --setParameters) for generating toys. Combine will use the 'B-only' ModelConfig to generate, which may lead to undesired behaviour if not using the default Physics Model
SimNLL created with 4 channels, 0 generic constraints, 245 fast gaussian constraints, 0 fast poisson constraints, 0 fast group constraints, 
Warning! -- You haven't picked default values for the Parameters of Interest (either with --expectSignal or --setParameters) for generating toys. Combine will use the 'B-only' ModelConfig to generate, which may lead to undesired behaviour if not using the default Physics Model
SimNLL created with 4 channels, 0 generic constraints, 245 fast gaussian constraints, 0 fast poisson constraints, 0 fast group constraints, 

 --- MultiDimFit ---
Parameter impacts: 

 --- MultiDimFit ---
Parameter impacts: 

 --- MultiDimFit ---
Parameter impacts: 

 --- MultiDimFit ---
Parameter impacts: 

 --- MultiDimFit ---
Parameter impacts: 
  Parameter                       :   Best-fit               r            
  CMS_eff_t_vsJet_stat2_dm10_2018 :   -0.010  -0.995/+0.994  +0.008/-0.006
Done in 0.52 min (cpu), 0.52 min (real)
 <<< Combine >>> 
   Options for Robust Minimizer :: 
        Tolerance  0.1
        Strategy   0
        Type,Algo  Minuit2,Migrad
>>> method used is MultiDimFit
>>> random number generator seed is 123456
  Parameter                                           :   Best-fit               r            
  CMS_btag_fixedWP_incl_light_uncorrelated_2016preVFP :   -0.037  -0.994/+0.993  +0.005/-0.002
Done in 0.52 min (cpu), 0.53 min (real)
 <<< Combine >>> 
   Options for Robust Minimizer :: 
        Tolerance  0.1
        Strategy   0
        Type,Algo  Minuit2,Migrad
>>> method used is MultiDimFit
>>> random number generator seed is 123456

 --- MultiDimFit ---
Parameter impacts: 
Warning! -- You haven't picked default values for the Parameters of Interest (either with --expectSignal or --setParameters) for generating toys. Combine will use the 'B-only' ModelConfig to generate, which may lead to undesired behaviour if not using the default Physics Model
  Parameter                       :   Best-fit               r            
  CMS_eff_t_vsJet_stat1_dm10_2018 :   +0.009  -0.994/+0.995  -0.004/+0.006
Done in 0.51 min (cpu), 0.51 min (real)
SimNLL created with 4 channels, 0 generic constraints, 245 fast gaussian constraints, 0 fast poisson constraints, 0 fast group constraints, 
Warning! -- You haven't picked default values for the Parameters of Interest (either with --expectSignal or --setParameters) for generating toys. Combine will use the 'B-only' ModelConfig to generate, which may lead to undesired behaviour if not using the default Physics Model
 <<< Combine >>> 
   Options for Robust Minimizer :: 
        Tolerance  0.1
        Strategy   0
        Type,Algo  Minuit2,Migrad
>>> method used is MultiDimFit
>>> random number generator seed is 123456
SimNLL created with 4 channels, 0 generic constraints, 245 fast gaussian constraints, 0 fast poisson constraints, 0 fast group constraints, 
  Parameter                           :   Best-fit               r            
  CMS_TOP24017_ttttSS_eff_e_stat_2017 :   +0.009  -0.994/+0.995  +0.003/-0.000
Done in 0.59 min (cpu), 0.59 min (real)
  Parameter                      :   Best-fit               r            
  CMS_eff_t_vsJet_stat1_dm1_2018 :   +0.009  -0.994/+0.995  -0.007/+0.009
Done in 0.51 min (cpu), 0.51 min (real)
 <<< Combine >>> 
   Options for Robust Minimizer :: 
        Tolerance  0.1
        Strategy   0
        Type,Algo  Minuit2,Migrad
>>> method used is MultiDimFit
>>> random number generator seed is 123456
 <<< Combine >>> 
   Options for Robust Minimizer :: 
        Tolerance  0.1
        Strategy   0
        Type,Algo  Minuit2,Migrad
>>> method used is MultiDimFit
>>> random number generator seed is 123456
  Parameter            :   Best-fit               r            
  CMS_eff_t_vsEle_2018 :   -0.009  -0.994/+0.994  +0.006/-0.003
Done in 0.51 min (cpu), 0.51 min (real)
 <<< Combine >>> 
   Options for Robust Minimizer :: 
        Tolerance  0.1
        Strategy   0
        Type,Algo  Minuit2,Migrad
>>> method used is MultiDimFit
>>> random number generator seed is 123456
Warning! -- You haven't picked default values for the Parameters of Interest (either with --expectSignal or --setParameters) for generating toys. Combine will use the 'B-only' ModelConfig to generate, which may lead to undesired behaviour if not using the default Physics Model
Warning! -- You haven't picked default values for the Parameters of Interest (either with --expectSignal or --setParameters) for generating toys. Combine will use the 'B-only' ModelConfig to generate, which may lead to undesired behaviour if not using the default Physics Model
SimNLL created with 4 channels, 0 generic constraints, 245 fast gaussian constraints, 0 fast poisson constraints, 0 fast group constraints, 
SimNLL created with 4 channels, 0 generic constraints, 245 fast gaussian constraints, 0 fast poisson constraints, 0 fast group constraints, 
Warning! -- You haven't picked default values for the Parameters of Interest (either with --expectSignal or --setParameters) for generating toys. Combine will use the 'B-only' ModelConfig to generate, which may lead to undesired behaviour if not using the default Physics Model
SimNLL created with 4 channels, 0 generic constraints, 245 fast gaussian constraints, 0 fast poisson constraints, 0 fast group constraints, 
Warning! -- You haven't picked default values for the Parameters of Interest (either with --expectSignal or --setParameters) for generating toys. Combine will use the 'B-only' ModelConfig to generate, which may lead to undesired behaviour if not using the default Physics Model
SimNLL created with 4 channels, 0 generic constraints, 245 fast gaussian constraints, 0 fast poisson constraints, 0 fast group constraints, 

 --- MultiDimFit ---
Parameter impacts: 
  Parameter                      :   Best-fit               r            
  CMS_TOP24017_ttttSS_eff_m_syst :   +0.001  -0.994/+0.995  -0.000/-0.001
Done in 0.59 min (cpu), 0.59 min (real)
 <<< Combine >>> 
   Options for Robust Minimizer :: 
        Tolerance  0.1
        Strategy   0
        Type,Algo  Minuit2,Migrad
>>> method used is MultiDimFit
>>> random number generator seed is 123456

 --- MultiDimFit ---
Parameter impacts: 
Warning! -- You haven't picked default values for the Parameters of Interest (either with --expectSignal or --setParameters) for generating toys. Combine will use the 'B-only' ModelConfig to generate, which may lead to undesired behaviour if not using the default Physics Model
SimNLL created with 4 channels, 0 generic constraints, 245 fast gaussian constraints, 0 fast poisson constraints, 0 fast group constraints, 
  Parameter                   :   Best-fit               r            
  CMS_TOP24017_norm_singleTop :   +0.103  -1.004/+1.006  +0.002/+0.001
Done in 0.65 min (cpu), 0.66 min (real)
 <<< Combine >>> 
   Options for Robust Minimizer :: 
        Tolerance  0.1
        Strategy   0
        Type,Algo  Minuit2,Migrad
>>> method used is MultiDimFit
>>> random number generator seed is 123456
Warning! -- You haven't picked default values for the Parameters of Interest (either with --expectSignal or --setParameters) for generating toys. Combine will use the 'B-only' ModelConfig to generate, which may lead to undesired behaviour if not using the default Physics Model
SimNLL created with 4 channels, 0 generic constraints, 245 fast gaussian constraints, 0 fast poisson constraints, 0 fast group constraints, 

 --- MultiDimFit ---
Parameter impacts: 
  Parameter                              :   Best-fit               r            
  CMS_eff_t_vsJet_stat1_dm11_2016postVFP :   -0.012  -0.994/+0.995  -0.002/+0.000
Done in 0.46 min (cpu), 0.46 min (real)
 <<< Combine >>> 
   Options for Robust Minimizer :: 
        Tolerance  0.1
        Strategy   0
        Type,Algo  Minuit2,Migrad
>>> method used is MultiDimFit
>>> random number generator seed is 123456

 --- MultiDimFit ---
Parameter impacts: 
Warning! -- You haven't picked default values for the Parameters of Interest (either with --expectSignal or --setParameters) for generating toys. Combine will use the 'B-only' ModelConfig to generate, which may lead to undesired behaviour if not using the default Physics Model
SimNLL created with 4 channels, 0 generic constraints, 245 fast gaussian constraints, 0 fast poisson constraints, 0 fast group constraints, 

 --- MultiDimFit ---
Parameter impacts: 
  Parameter                              :   Best-fit               r            
  CMS_eff_t_vsJet_stat2_dm11_2016postVFP :   +0.008  -0.994/+0.994  +0.001/+0.000
Done in 0.55 min (cpu), 0.55 min (real)
 <<< Combine >>> 
   Options for Robust Minimizer :: 
        Tolerance  0.1
        Strategy   0
        Type,Algo  Minuit2,Migrad
>>> method used is MultiDimFit
>>> random number generator seed is 123456
  Parameter                           :   Best-fit               r            
  CMS_TOP24017_ttttSS_eff_e_stat_2018 :   -0.003  -0.994/+0.995  +0.004/-0.001
Done in 0.54 min (cpu), 0.54 min (real)
 <<< Combine >>> 
   Options for Robust Minimizer :: 
        Tolerance  0.1
        Strategy   0
        Type,Algo  Minuit2,Migrad
>>> method used is MultiDimFit
>>> random number generator seed is 123456

 --- MultiDimFit ---
Parameter impacts: 

 --- MultiDimFit ---
Parameter impacts: 
Warning! -- You haven't picked default values for the Parameters of Interest (either with --expectSignal or --setParameters) for generating toys. Combine will use the 'B-only' ModelConfig to generate, which may lead to undesired behaviour if not using the default Physics Model
SimNLL created with 4 channels, 0 generic constraints, 245 fast gaussian constraints, 0 fast poisson constraints, 0 fast group constraints, 
Warning! -- You haven't picked default values for the Parameters of Interest (either with --expectSignal or --setParameters) for generating toys. Combine will use the 'B-only' ModelConfig to generate, which may lead to undesired behaviour if not using the default Physics Model
SimNLL created with 4 channels, 0 generic constraints, 245 fast gaussian constraints, 0 fast poisson constraints, 0 fast group constraints, 
  Parameter                                     :   Best-fit               r            
  CMS_btag_fixedWP_incl_light_uncorrelated_2017 :   +0.074  -0.993/+0.994  +0.008/-0.006
Done in 0.62 min (cpu), 0.62 min (real)
 <<< Combine >>> 
   Options for Robust Minimizer :: 
        Tolerance  0.1
        Strategy   0
        Type,Algo  Minuit2,Migrad
>>> method used is MultiDimFit
>>> random number generator seed is 123456
  Parameter                             :   Best-fit               r            
  CMS_eff_t_vsJet_stat2_dm0_2016postVFP :   +0.022  -0.995/+0.994  +0.006/-0.004
Done in 0.59 min (cpu), 0.59 min (real)
 <<< Combine >>> 
   Options for Robust Minimizer :: 
        Tolerance  0.1
        Strategy   0
        Type,Algo  Minuit2,Migrad
>>> method used is MultiDimFit
>>> random number generator seed is 123456

 --- MultiDimFit ---
Parameter impacts: 

 --- MultiDimFit ---
Parameter impacts: 
Warning! -- You haven't picked default values for the Parameters of Interest (either with --expectSignal or --setParameters) for generating toys. Combine will use the 'B-only' ModelConfig to generate, which may lead to undesired behaviour if not using the default Physics Model
SimNLL created with 4 channels, 0 generic constraints, 245 fast gaussian constraints, 0 fast poisson constraints, 0 fast group constraints, 
Warning! -- You haven't picked default values for the Parameters of Interest (either with --expectSignal or --setParameters) for generating toys. Combine will use the 'B-only' ModelConfig to generate, which may lead to undesired behaviour if not using the default Physics Model
SimNLL created with 4 channels, 0 generic constraints, 245 fast gaussian constraints, 0 fast poisson constraints, 0 fast group constraints, 
  Parameter                           :   Best-fit               r            
  CMS_btag_fixedWP_comb_bc_correlated :   -0.002  -0.995/+0.994  +0.034/-0.028
Done in 0.53 min (cpu), 0.53 min (real)
 <<< Combine >>> 
   Options for Robust Minimizer :: 
        Tolerance  0.1
        Strategy   0
        Type,Algo  Minuit2,Migrad
>>> method used is MultiDimFit
>>> random number generator seed is 123456
  Parameter                             :   Best-fit               r            
  CMS_eff_t_vsJet_stat1_dm0_2016postVFP :   -0.014  -0.995/+0.995  -0.003/+0.004
Done in 0.64 min (cpu), 0.64 min (real)
 <<< Combine >>> 
   Options for Robust Minimizer :: 
        Tolerance  0.1
        Strategy   0
        Type,Algo  Minuit2,Migrad
>>> method used is MultiDimFit
>>> random number generator seed is 123456
Warning! -- You haven't picked default values for the Parameters of Interest (either with --expectSignal or --setParameters) for generating toys. Combine will use the 'B-only' ModelConfig to generate, which may lead to undesired behaviour if not using the default Physics Model
SimNLL created with 4 channels, 0 generic constraints, 245 fast gaussian constraints, 0 fast poisson constraints, 0 fast group constraints, 
Warning! -- You haven't picked default values for the Parameters of Interest (either with --expectSignal or --setParameters) for generating toys. Combine will use the 'B-only' ModelConfig to generate, which may lead to undesired behaviour if not using the default Physics Model
SimNLL created with 4 channels, 0 generic constraints, 245 fast gaussian constraints, 0 fast poisson constraints, 0 fast group constraints, 

 --- MultiDimFit ---
Parameter impacts: 
  Parameter            :   Best-fit               r            
  CMS_TOP24017_norm_tt :   +0.273  -0.980/+0.979  +0.197/-0.182
Done in 0.60 min (cpu), 0.61 min (real)
 <<< Combine >>> 
   Options for Robust Minimizer :: 
        Tolerance  0.1
        Strategy   0
        Type,Algo  Minuit2,Migrad
>>> method used is MultiDimFit
>>> random number generator seed is 123456
Warning! -- You haven't picked default values for the Parameters of Interest (either with --expectSignal or --setParameters) for generating toys. Combine will use the 'B-only' ModelConfig to generate, which may lead to undesired behaviour if not using the default Physics Model
SimNLL created with 4 channels, 0 generic constraints, 245 fast gaussian constraints, 0 fast poisson constraints, 0 fast group constraints, 

 --- MultiDimFit ---
Parameter impacts: 
  Parameter                             :   Best-fit               r            
  CMS_eff_t_vsJet_stat2_dm11_2016preVFP :   -0.005  -0.995/+0.995  +0.001/+0.001
Done in 0.55 min (cpu), 0.55 min (real)
 <<< Combine >>> 
   Options for Robust Minimizer :: 
        Tolerance  0.1
        Strategy   0
        Type,Algo  Minuit2,Migrad
>>> method used is MultiDimFit
>>> random number generator seed is 123456
Warning! -- You haven't picked default values for the Parameters of Interest (either with --expectSignal or --setParameters) for generating toys. Combine will use the 'B-only' ModelConfig to generate, which may lead to undesired behaviour if not using the default Physics Model
SimNLL created with 4 channels, 0 generic constraints, 245 fast gaussian constraints, 0 fast poisson constraints, 0 fast group constraints, 

 --- MultiDimFit ---
Parameter impacts: 

 --- MultiDimFit ---
Parameter impacts: 

 --- MultiDimFit ---
Parameter impacts: 
  Parameter                                     :   Best-fit               r            
  CMS_btag_fixedWP_incl_light_uncorrelated_2018 :   +0.004  -0.994/+0.994  +0.002/-0.000
Done in 0.51 min (cpu), 0.51 min (real)
 <<< Combine >>> 
   Options for Robust Minimizer :: 
        Tolerance  0.1
        Strategy   0
        Type,Algo  Minuit2,Migrad
>>> method used is MultiDimFit
>>> random number generator seed is 123456
  Parameter                       :   Best-fit               r            
  CMS_eff_t_vsJet_syst_2016preVFP :   +0.000  -0.995/+0.995  -0.001/-0.001
Done in 0.59 min (cpu), 0.59 min (real)
 <<< Combine >>> 
   Options for Robust Minimizer :: 
        Tolerance  0.1
        Strategy   0
        Type,Algo  Minuit2,Migrad
>>> method used is MultiDimFit
>>> random number generator seed is 123456
  Parameter                             :   Best-fit               r            
  CMS_eff_t_vsJet_syst_dm10_2016postVFP :   +0.000  -0.995/+0.995  -0.001/-0.001
Done in 0.59 min (cpu), 0.59 min (real)
 <<< Combine >>> 
   Options for Robust Minimizer :: 
        Tolerance  0.1
        Strategy   0
        Type,Algo  Minuit2,Migrad
>>> method used is MultiDimFit
>>> random number generator seed is 123456

 --- MultiDimFit ---
Parameter impacts: 
Warning! -- You haven't picked default values for the Parameters of Interest (either with --expectSignal or --setParameters) for generating toys. Combine will use the 'B-only' ModelConfig to generate, which may lead to undesired behaviour if not using the default Physics Model
SimNLL created with 4 channels, 0 generic constraints, 245 fast gaussian constraints, 0 fast poisson constraints, 0 fast group constraints, 
Warning! -- You haven't picked default values for the Parameters of Interest (either with --expectSignal or --setParameters) for generating toys. Combine will use the 'B-only' ModelConfig to generate, which may lead to undesired behaviour if not using the default Physics Model
SimNLL created with 4 channels, 0 generic constraints, 245 fast gaussian constraints, 0 fast poisson constraints, 0 fast group constraints, 

 --- MultiDimFit ---
Parameter impacts: 
Warning! -- You haven't picked default values for the Parameters of Interest (either with --expectSignal or --setParameters) for generating toys. Combine will use the 'B-only' ModelConfig to generate, which may lead to undesired behaviour if not using the default Physics Model
SimNLL created with 4 channels, 0 generic constraints, 245 fast gaussian constraints, 0 fast poisson constraints, 0 fast group constraints, 
  Parameter              :   Best-fit               r            
  CMS_fake_t_2016postVFP :   +0.026  -0.964/+0.964  +0.038/-0.033
Done in 0.52 min (cpu), 0.52 min (real)
 <<< Combine >>> 
   Options for Robust Minimizer :: 
        Tolerance  0.1
        Strategy   0
        Type,Algo  Minuit2,Migrad
>>> method used is MultiDimFit
>>> random number generator seed is 123456
  Parameter                            :   Best-fit               r            
  CMS_eff_t_vsJet_syst_dm1_2016postVFP :   +0.000  -0.995/+0.995  -0.001/-0.001
Done in 0.60 min (cpu), 0.60 min (real)
 <<< Combine >>> 
   Options for Robust Minimizer :: 
        Tolerance  0.1
        Strategy   0
        Type,Algo  Minuit2,Migrad
>>> method used is MultiDimFit
>>> random number generator seed is 123456
Warning! -- You haven't picked default values for the Parameters of Interest (either with --expectSignal or --setParameters) for generating toys. Combine will use the 'B-only' ModelConfig to generate, which may lead to undesired behaviour if not using the default Physics Model
SimNLL created with 4 channels, 0 generic constraints, 245 fast gaussian constraints, 0 fast poisson constraints, 0 fast group constraints, 
Warning! -- You haven't picked default values for the Parameters of Interest (either with --expectSignal or --setParameters) for generating toys. Combine will use the 'B-only' ModelConfig to generate, which may lead to undesired behaviour if not using the default Physics Model
SimNLL created with 4 channels, 0 generic constraints, 245 fast gaussian constraints, 0 fast poisson constraints, 0 fast group constraints, 

 --- MultiDimFit ---
Parameter impacts: 
  Parameter                                         :   Best-fit               r            
  CMS_btag_fixedWP_comb_bc_uncorrelated_2016postVFP :   +0.045  -0.993/+0.994  +0.008/-0.006
Done in 0.64 min (cpu), 0.64 min (real)
 <<< Combine >>> 
   Options for Robust Minimizer :: 
        Tolerance  0.1
        Strategy   0
        Type,Algo  Minuit2,Migrad
>>> method used is MultiDimFit
>>> random number generator seed is 123456
Warning! -- You haven't picked default values for the Parameters of Interest (either with --expectSignal or --setParameters) for generating toys. Combine will use the 'B-only' ModelConfig to generate, which may lead to undesired behaviour if not using the default Physics Model
SimNLL created with 4 channels, 0 generic constraints, 245 fast gaussian constraints, 0 fast poisson constraints, 0 fast group constraints, 

 --- MultiDimFit ---
Parameter impacts: 
  Parameter  :   Best-fit               r            
  CMS_pileup :   +0.078  -0.976/+0.988  -0.028/+0.087
Done in 0.58 min (cpu), 0.59 min (real)
 <<< Combine >>> 
   Options for Robust Minimizer :: 
        Tolerance  0.1
        Strategy   0
        Type,Algo  Minuit2,Migrad
>>> method used is MultiDimFit
>>> random number generator seed is 123456
Warning! -- You haven't picked default values for the Parameters of Interest (either with --expectSignal or --setParameters) for generating toys. Combine will use the 'B-only' ModelConfig to generate, which may lead to undesired behaviour if not using the default Physics Model
SimNLL created with 4 channels, 0 generic constraints, 245 fast gaussian constraints, 0 fast poisson constraints, 0 fast group constraints, 

 --- MultiDimFit ---
Parameter impacts: 
  Parameter                       :   Best-fit               r            
  CMS_eff_t_vsJet_stat2_dm11_2017 :   +0.012  -0.995/+0.995  +0.004/-0.001
Done in 0.59 min (cpu), 0.59 min (real)
 <<< Combine >>> 
   Options for Robust Minimizer :: 
        Tolerance  0.1
        Strategy   0
        Type,Algo  Minuit2,Migrad
>>> method used is MultiDimFit
>>> random number generator seed is 123456

 --- MultiDimFit ---
Parameter impacts: 

 --- MultiDimFit ---
Parameter impacts: 
Warning! -- You haven't picked default values for the Parameters of Interest (either with --expectSignal or --setParameters) for generating toys. Combine will use the 'B-only' ModelConfig to generate, which may lead to undesired behaviour if not using the default Physics Model
SimNLL created with 4 channels, 0 generic constraints, 245 fast gaussian constraints, 0 fast poisson constraints, 0 fast group constraints, 
  Parameter                 :   Best-fit               r            
  CMS_eff_t_vsJet_syst_2017 :   +0.078  -0.997/+0.995  +0.014/-0.013
Done in 0.53 min (cpu), 0.54 min (real)
 <<< Combine >>> 
   Options for Robust Minimizer :: 
        Tolerance  0.1
        Strategy   0
        Type,Algo  Minuit2,Migrad
>>> method used is MultiDimFit
>>> random number generator seed is 123456
  Parameter        :   Best-fit               r            
  CMS_scale_e_2018 :   -0.003  -0.998/+0.998  -0.000/-0.001
Done in 0.55 min (cpu), 0.55 min (real)
 <<< Combine >>> 
   Options for Robust Minimizer :: 
        Tolerance  0.1
        Strategy   0
        Type,Algo  Minuit2,Migrad
>>> method used is MultiDimFit
>>> random number generator seed is 123456

 --- MultiDimFit ---
Parameter impacts: 
Warning! -- You haven't picked default values for the Parameters of Interest (either with --expectSignal or --setParameters) for generating toys. Combine will use the 'B-only' ModelConfig to generate, which may lead to undesired behaviour if not using the default Physics Model
SimNLL created with 4 channels, 0 generic constraints, 245 fast gaussian constraints, 0 fast poisson constraints, 0 fast group constraints, 
Warning! -- You haven't picked default values for the Parameters of Interest (either with --expectSignal or --setParameters) for generating toys. Combine will use the 'B-only' ModelConfig to generate, which may lead to undesired behaviour if not using the default Physics Model
SimNLL created with 4 channels, 0 generic constraints, 245 fast gaussian constraints, 0 fast poisson constraints, 0 fast group constraints, 

 --- MultiDimFit ---
Parameter impacts: 
  Parameter             :   Best-fit               r            
  CMS_fake_t_2016preVFP :   -0.121  -0.957/+0.947  +0.032/-0.030
Done in 0.53 min (cpu), 0.53 min (real)
 <<< Combine >>> 
   Options for Robust Minimizer :: 
        Tolerance  0.1
        Strategy   0
        Type,Algo  Minuit2,Migrad
>>> method used is MultiDimFit
>>> random number generator seed is 123456

 --- MultiDimFit ---
Parameter impacts: 
  Parameter                            :   Best-fit               r            
  CMS_eff_t_vsJet_syst_dm10_2016preVFP :   +0.000  -0.995/+0.995  -0.001/-0.001
Done in 0.60 min (cpu), 0.61 min (real)
 <<< Combine >>> 
   Options for Robust Minimizer :: 
        Tolerance  0.1
        Strategy   0
        Type,Algo  Minuit2,Migrad
>>> method used is MultiDimFit
>>> random number generator seed is 123456
Warning! -- You haven't picked default values for the Parameters of Interest (either with --expectSignal or --setParameters) for generating toys. Combine will use the 'B-only' ModelConfig to generate, which may lead to undesired behaviour if not using the default Physics Model
SimNLL created with 4 channels, 0 generic constraints, 245 fast gaussian constraints, 0 fast poisson constraints, 0 fast group constraints, 

 --- MultiDimFit ---
Parameter impacts: 
  Parameter                   :   Best-fit               r            
  CMS_scale_j_FlavorPureCharm :   -0.034  -0.864/+0.851  -0.115/+0.126
Done in 0.47 min (cpu), 0.48 min (real)
 <<< Combine >>> 
   Options for Robust Minimizer :: 
        Tolerance  0.1
        Strategy   0
        Type,Algo  Minuit2,Migrad
>>> method used is MultiDimFit
>>> random number generator seed is 123456
Warning! -- You haven't picked default values for the Parameters of Interest (either with --expectSignal or --setParameters) for generating toys. Combine will use the 'B-only' ModelConfig to generate, which may lead to undesired behaviour if not using the default Physics Model
SimNLL created with 4 channels, 0 generic constraints, 245 fast gaussian constraints, 0 fast poisson constraints, 0 fast group constraints, 
  Parameter                           :   Best-fit               r            
  CMS_eff_t_vsJet_syst_dm1_2016preVFP :   +0.000  -0.995/+0.995  -0.001/-0.001
Done in 0.61 min (cpu), 0.61 min (real)
Warning! -- You haven't picked default values for the Parameters of Interest (either with --expectSignal or --setParameters) for generating toys. Combine will use the 'B-only' ModelConfig to generate, which may lead to undesired behaviour if not using the default Physics Model
 <<< Combine >>> 
   Options for Robust Minimizer :: 
        Tolerance  0.1
        Strategy   0
        Type,Algo  Minuit2,Migrad
>>> method used is MultiDimFit
>>> random number generator seed is 123456
SimNLL created with 4 channels, 0 generic constraints, 245 fast gaussian constraints, 0 fast poisson constraints, 0 fast group constraints, 
Warning! -- You haven't picked default values for the Parameters of Interest (either with --expectSignal or --setParameters) for generating toys. Combine will use the 'B-only' ModelConfig to generate, which may lead to undesired behaviour if not using the default Physics Model
SimNLL created with 4 channels, 0 generic constraints, 245 fast gaussian constraints, 0 fast poisson constraints, 0 fast group constraints, 

 --- MultiDimFit ---
Parameter impacts: 
  Parameter             :   Best-fit               r            
  CMS_res_j_2016postVFP :   -0.085  -0.897/+0.936  -0.010/+0.004
Done in 0.68 min (cpu), 0.68 min (real)
 <<< Combine >>> 
   Options for Robust Minimizer :: 
        Tolerance  0.1
        Strategy   0
        Type,Algo  Minuit2,Migrad
>>> method used is MultiDimFit
>>> random number generator seed is 123456

 --- MultiDimFit ---
Parameter impacts: 
Warning! -- You haven't picked default values for the Parameters of Interest (either with --expectSignal or --setParameters) for generating toys. Combine will use the 'B-only' ModelConfig to generate, which may lead to undesired behaviour if not using the default Physics Model
SimNLL created with 4 channels, 0 generic constraints, 245 fast gaussian constraints, 0 fast poisson constraints, 0 fast group constraints, 
  Parameter                       :   Best-fit               r            
  CMS_eff_t_vsJet_stat2_dm11_2018 :   -0.011  -0.994/+0.995  +0.006/-0.003
Done in 0.48 min (cpu), 0.48 min (real)
 <<< Combine >>> 
   Options for Robust Minimizer :: 
        Tolerance  0.1
        Strategy   0
        Type,Algo  Minuit2,Migrad
>>> method used is MultiDimFit
>>> random number generator seed is 123456
Warning! -- You haven't picked default values for the Parameters of Interest (either with --expectSignal or --setParameters) for generating toys. Combine will use the 'B-only' ModelConfig to generate, which may lead to undesired behaviour if not using the default Physics Model
SimNLL created with 4 channels, 0 generic constraints, 245 fast gaussian constraints, 0 fast poisson constraints, 0 fast group constraints, 

 --- MultiDimFit ---
Parameter impacts: 
  Parameter                   :   Best-fit               r            
  CMS_scale_j_AbsoluteMPFBias :   -0.054  -0.953/+0.948  +0.139/-0.127
Done in 0.51 min (cpu), 0.51 min (real)
 <<< Combine >>> 
   Options for Robust Minimizer :: 
        Tolerance  0.1
        Strategy   0
        Type,Algo  Minuit2,Migrad
>>> method used is MultiDimFit
>>> random number generator seed is 123456
Warning! -- You haven't picked default values for the Parameters of Interest (either with --expectSignal or --setParameters) for generating toys. Combine will use the 'B-only' ModelConfig to generate, which may lead to undesired behaviour if not using the default Physics Model
SimNLL created with 4 channels, 0 generic constraints, 245 fast gaussian constraints, 0 fast poisson constraints, 0 fast group constraints, 

 --- MultiDimFit ---
Parameter impacts: 

 --- MultiDimFit ---
Parameter impacts: 

 --- MultiDimFit ---
Parameter impacts: 
  Parameter                 :   Best-fit               r            
  CMS_eff_t_vsJet_syst_2018 :   -0.018  -0.992/+0.990  +0.011/-0.013
Done in 0.62 min (cpu), 0.62 min (real)
 <<< Combine >>> 
   Options for Robust Minimizer :: 
        Tolerance  0.1
        Strategy   0
        Type,Algo  Minuit2,Migrad
>>> method used is MultiDimFit
>>> random number generator seed is 123456
  Parameter       :   Best-fit               r            
  CMS_fake_t_2017 :   +0.412  -0.958/+0.975  +0.035/-0.035
Done in 0.57 min (cpu), 0.57 min (real)
  Parameter                     :   Best-fit               r            
  CMS_eff_t_vsJet_syst_dm1_2017 :   +0.031  -0.996/+0.995  +0.010/-0.009
Done in 0.48 min (cpu), 0.48 min (real)
 <<< Combine >>> 
   Options for Robust Minimizer :: 
        Tolerance  0.1
        Strategy   0
        Type,Algo  Minuit2,Migrad
>>> method used is MultiDimFit
>>> random number generator seed is 123456
 <<< Combine >>> 
   Options for Robust Minimizer :: 
        Tolerance  0.1
        Strategy   0
        Type,Algo  Minuit2,Migrad
>>> method used is MultiDimFit
>>> random number generator seed is 123456

 --- MultiDimFit ---
Parameter impacts: 
Warning! -- You haven't picked default values for the Parameters of Interest (either with --expectSignal or --setParameters) for generating toys. Combine will use the 'B-only' ModelConfig to generate, which may lead to undesired behaviour if not using the default Physics Model
SimNLL created with 4 channels, 0 generic constraints, 245 fast gaussian constraints, 0 fast poisson constraints, 0 fast group constraints, 
Warning! -- You haven't picked default values for the Parameters of Interest (either with --expectSignal or --setParameters) for generating toys. Combine will use the 'B-only' ModelConfig to generate, which may lead to undesired behaviour if not using the default Physics Model
Warning! -- You haven't picked default values for the Parameters of Interest (either with --expectSignal or --setParameters) for generating toys. Combine will use the 'B-only' ModelConfig to generate, which may lead to undesired behaviour if not using the default Physics Model
SimNLL created with 4 channels, 0 generic constraints, 245 fast gaussian constraints, 0 fast poisson constraints, 0 fast group constraints, 
SimNLL created with 4 channels, 0 generic constraints, 245 fast gaussian constraints, 0 fast poisson constraints, 0 fast group constraints, 
  Parameter                      :   Best-fit               r            
  CMS_eff_t_vsJet_syst_dm10_2017 :   +0.016  -0.994/+0.995  +0.005/-0.002
Done in 0.59 min (cpu), 0.59 min (real)
 <<< Combine >>> 
   Options for Robust Minimizer :: 
        Tolerance  0.1
        Strategy   0
        Type,Algo  Minuit2,Migrad
>>> method used is MultiDimFit
>>> random number generator seed is 123456
Warning! -- You haven't picked default values for the Parameters of Interest (either with --expectSignal or --setParameters) for generating toys. Combine will use the 'B-only' ModelConfig to generate, which may lead to undesired behaviour if not using the default Physics Model
SimNLL created with 4 channels, 0 generic constraints, 245 fast gaussian constraints, 0 fast poisson constraints, 0 fast group constraints, 

 --- MultiDimFit ---
Parameter impacts: 
  Parameter                   :   Best-fit               r            
  CMS_scale_j_FlavorPureGluon :   +0.061  -1.003/+0.991  +0.416/-0.365
Done in 0.68 min (cpu), 0.68 min (real)
 <<< Combine >>> 
   Options for Robust Minimizer :: 
        Tolerance  0.1
        Strategy   0
        Type,Algo  Minuit2,Migrad
>>> method used is MultiDimFit
>>> random number generator seed is 123456
Warning! -- You haven't picked default values for the Parameters of Interest (either with --expectSignal or --setParameters) for generating toys. Combine will use the 'B-only' ModelConfig to generate, which may lead to undesired behaviour if not using the default Physics Model
SimNLL created with 4 channels, 0 generic constraints, 245 fast gaussian constraints, 0 fast poisson constraints, 0 fast group constraints, 

 --- MultiDimFit ---
Parameter impacts: 
  Parameter            :   Best-fit               r            
  CMS_res_j_2016preVFP :   -0.091  -0.897/+0.953  -0.032/-0.014
Done in 0.55 min (cpu), 0.55 min (real)
 <<< Combine >>> 
   Options for Robust Minimizer :: 
        Tolerance  0.1
        Strategy   0
        Type,Algo  Minuit2,Migrad
>>> method used is MultiDimFit
>>> random number generator seed is 123456
Warning! -- You haven't picked default values for the Parameters of Interest (either with --expectSignal or --setParameters) for generating toys. Combine will use the 'B-only' ModelConfig to generate, which may lead to undesired behaviour if not using the default Physics Model
SimNLL created with 4 channels, 0 generic constraints, 245 fast gaussian constraints, 0 fast poisson constraints, 0 fast group constraints, 

 --- MultiDimFit ---
Parameter impacts: 

 --- MultiDimFit ---
Parameter impacts: 
  Parameter                             :   Best-fit               r            
  CMS_eff_t_vsJet_stat2_dm1_2016postVFP :   +0.030  -0.995/+0.994  +0.006/-0.004
Done in 0.66 min (cpu), 0.66 min (real)
 <<< Combine >>> 
   Options for Robust Minimizer :: 
        Tolerance  0.1
        Strategy   0
        Type,Algo  Minuit2,Migrad
>>> method used is MultiDimFit
>>> random number generator seed is 123456
  Parameter                 :   Best-fit               r            
  CMS_scale_j_AbsoluteScale :   -0.019  -0.831/+0.816  +0.073/-0.035
Done in 0.58 min (cpu), 0.58 min (real)
 <<< Combine >>> 
   Options for Robust Minimizer :: 
        Tolerance  0.1
        Strategy   0
        Type,Algo  Minuit2,Migrad
>>> method used is MultiDimFit
>>> random number generator seed is 123456
Warning! -- You haven't picked default values for the Parameters of Interest (either with --expectSignal or --setParameters) for generating toys. Combine will use the 'B-only' ModelConfig to generate, which may lead to undesired behaviour if not using the default Physics Model

 --- MultiDimFit ---
Parameter impacts: 
SimNLL created with 4 channels, 0 generic constraints, 245 fast gaussian constraints, 0 fast poisson constraints, 0 fast group constraints, 
Warning! -- You haven't picked default values for the Parameters of Interest (either with --expectSignal or --setParameters) for generating toys. Combine will use the 'B-only' ModelConfig to generate, which may lead to undesired behaviour if not using the default Physics Model
SimNLL created with 4 channels, 0 generic constraints, 245 fast gaussian constraints, 0 fast poisson constraints, 0 fast group constraints, 
  Parameter       :   Best-fit               r            
  CMS_fake_t_2018 :   -0.122  -0.966/+0.967  +0.031/-0.015
Done in 0.55 min (cpu), 0.55 min (real)
 <<< Combine >>> 
   Options for Robust Minimizer :: 
        Tolerance  0.1
        Strategy   0
        Type,Algo  Minuit2,Migrad
>>> method used is MultiDimFit
>>> random number generator seed is 123456

 --- MultiDimFit ---
Parameter impacts: 

 --- MultiDimFit ---
Parameter impacts: 
Warning! -- You haven't picked default values for the Parameters of Interest (either with --expectSignal or --setParameters) for generating toys. Combine will use the 'B-only' ModelConfig to generate, which may lead to undesired behaviour if not using the default Physics Model
SimNLL created with 4 channels, 0 generic constraints, 245 fast gaussian constraints, 0 fast poisson constraints, 0 fast group constraints, 
  Parameter                      :   Best-fit               r            
  CMS_eff_t_vsJet_syst_dm10_2018 :   -0.005  -0.994/+0.994  +0.005/-0.003
Done in 0.53 min (cpu), 0.53 min (real)
  Parameter                    :   Best-fit               r            
  CMS_eff_t_vsJet_syst_alleras :   +0.129  -0.999/+0.992  +0.134/-0.128
Done in 0.60 min (cpu), 0.60 min (real)
 <<< Combine >>> 
   Options for Robust Minimizer :: 
        Tolerance  0.1
        Strategy   0
        Type,Algo  Minuit2,Migrad
>>> method used is MultiDimFit
>>> random number generator seed is 123456
 <<< Combine >>> 
   Options for Robust Minimizer :: 
        Tolerance  0.1
        Strategy   0
        Type,Algo  Minuit2,Migrad
>>> method used is MultiDimFit
>>> random number generator seed is 123456

 --- MultiDimFit ---
Parameter impacts: 
Warning! -- You haven't picked default values for the Parameters of Interest (either with --expectSignal or --setParameters) for generating toys. Combine will use the 'B-only' ModelConfig to generate, which may lead to undesired behaviour if not using the default Physics Model
SimNLL created with 4 channels, 0 generic constraints, 245 fast gaussian constraints, 0 fast poisson constraints, 0 fast group constraints, 
Warning! -- You haven't picked default values for the Parameters of Interest (either with --expectSignal or --setParameters) for generating toys. Combine will use the 'B-only' ModelConfig to generate, which may lead to undesired behaviour if not using the default Physics Model
SimNLL created with 4 channels, 0 generic constraints, 245 fast gaussian constraints, 0 fast poisson constraints, 0 fast group constraints, 
  Parameter                     :   Best-fit               r            
  CMS_eff_t_vsJet_syst_dm1_2018 :   -0.014  -0.995/+0.994  +0.011/-0.008
Done in 0.64 min (cpu), 0.64 min (real)
 <<< Combine >>> 
   Options for Robust Minimizer :: 
        Tolerance  0.1
        Strategy   0
        Type,Algo  Minuit2,Migrad
>>> method used is MultiDimFit
>>> random number generator seed is 123456
Warning! -- You haven't picked default values for the Parameters of Interest (either with --expectSignal or --setParameters) for generating toys. Combine will use the 'B-only' ModelConfig to generate, which may lead to undesired behaviour if not using the default Physics Model
SimNLL created with 4 channels, 0 generic constraints, 245 fast gaussian constraints, 0 fast poisson constraints, 0 fast group constraints, 

 --- MultiDimFit ---
Parameter impacts: 
  Parameter                   :   Best-fit               r            
  CMS_scale_j_FlavorPureQuark :   +0.078  -0.996/+0.998  -0.015/+0.030
Done in 0.57 min (cpu), 0.57 min (real)
 <<< Combine >>> 
   Options for Robust Minimizer :: 
        Tolerance  0.1
        Strategy   0
        Type,Algo  Minuit2,Migrad
>>> method used is MultiDimFit
>>> random number generator seed is 123456
Warning! -- You haven't picked default values for the Parameters of Interest (either with --expectSignal or --setParameters) for generating toys. Combine will use the 'B-only' ModelConfig to generate, which may lead to undesired behaviour if not using the default Physics Model
SimNLL created with 4 channels, 0 generic constraints, 245 fast gaussian constraints, 0 fast poisson constraints, 0 fast group constraints, 

 --- MultiDimFit ---
Parameter impacts: 
  Parameter      :   Best-fit               r            
  CMS_res_j_2017 :   +0.120  -0.594/+0.795  +0.025/-0.001
Done in 0.55 min (cpu), 0.55 min (real)
 <<< Combine >>> 
   Options for Robust Minimizer :: 
        Tolerance  0.1
        Strategy   0
        Type,Algo  Minuit2,Migrad
>>> method used is MultiDimFit
>>> random number generator seed is 123456
Warning! -- You haven't picked default values for the Parameters of Interest (either with --expectSignal or --setParameters) for generating toys. Combine will use the 'B-only' ModelConfig to generate, which may lead to undesired behaviour if not using the default Physics Model
SimNLL created with 4 channels, 0 generic constraints, 245 fast gaussian constraints, 0 fast poisson constraints, 0 fast group constraints, 

 --- MultiDimFit ---
Parameter impacts: 

 --- MultiDimFit ---
Parameter impacts: 
  Parameter                            :   Best-fit               r            
  CMS_eff_t_vsJet_stat2_dm1_2016preVFP :   +0.000  -0.994/+0.994  +0.007/-0.005
Done in 0.55 min (cpu), 0.56 min (real)
 <<< Combine >>> 
   Options for Robust Minimizer :: 
        Tolerance  0.1
        Strategy   0
        Type,Algo  Minuit2,Migrad
>>> method used is MultiDimFit
>>> random number generator seed is 123456
  Parameter                            :   Best-fit               r            
  CMS_scale_j_AbsoluteStat_2016postVFP :   +0.064  -0.909/+0.964  +0.008/-0.005
Done in 0.58 min (cpu), 0.58 min (real)
 <<< Combine >>> 
   Options for Robust Minimizer :: 
        Tolerance  0.1
        Strategy   0
        Type,Algo  Minuit2,Migrad
>>> method used is MultiDimFit
>>> random number generator seed is 123456

 --- MultiDimFit ---
Parameter impacts: 
Warning! -- You haven't picked default values for the Parameters of Interest (either with --expectSignal or --setParameters) for generating toys. Combine will use the 'B-only' ModelConfig to generate, which may lead to undesired behaviour if not using the default Physics Model
SimNLL created with 4 channels, 0 generic constraints, 245 fast gaussian constraints, 0 fast poisson constraints, 0 fast group constraints, 
Warning! -- You haven't picked default values for the Parameters of Interest (either with --expectSignal or --setParameters) for generating toys. Combine will use the 'B-only' ModelConfig to generate, which may lead to undesired behaviour if not using the default Physics Model
SimNLL created with 4 channels, 0 generic constraints, 245 fast gaussian constraints, 0 fast poisson constraints, 0 fast group constraints, 
  Parameter                         :   Best-fit               r            
  CMS_l1_ecal_prefiring_2016postVFP :   -0.023  -0.994/+0.994  -0.005/+0.007
Done in 0.55 min (cpu), 0.55 min (real)
 <<< Combine >>> 
   Options for Robust Minimizer :: 
        Tolerance  0.1
        Strategy   0
        Type,Algo  Minuit2,Migrad
>>> method used is MultiDimFit
>>> random number generator seed is 123456
Warning! -- You haven't picked default values for the Parameters of Interest (either with --expectSignal or --setParameters) for generating toys. Combine will use the 'B-only' ModelConfig to generate, which may lead to undesired behaviour if not using the default Physics Model
SimNLL created with 4 channels, 0 generic constraints, 245 fast gaussian constraints, 0 fast poisson constraints, 0 fast group constraints, 

 --- MultiDimFit ---
Parameter impacts: 

 --- MultiDimFit ---
Parameter impacts: 
  Parameter                            :   Best-fit               r            
  CMS_eff_t_vsJet_syst_dm0_2016postVFP :   +0.000  -0.995/+0.995  -0.001/-0.001
Done in 0.58 min (cpu), 0.59 min (real)
 <<< Combine >>> 
   Options for Robust Minimizer :: 
        Tolerance  0.1
        Strategy   0
        Type,Algo  Minuit2,Migrad
>>> method used is MultiDimFit
>>> random number generator seed is 123456
  Parameter                             :   Best-fit               r            
  CMS_eff_t_vsJet_syst_dm11_2016postVFP :   +0.000  -0.995/+0.995  -0.001/-0.001
Done in 0.58 min (cpu), 0.60 min (real)
 <<< Combine >>> 
   Options for Robust Minimizer :: 
        Tolerance  0.1
        Strategy   0
        Type,Algo  Minuit2,Migrad
>>> method used is MultiDimFit
>>> random number generator seed is 123456

 --- MultiDimFit ---
Parameter impacts: 
Warning! -- You haven't picked default values for the Parameters of Interest (either with --expectSignal or --setParameters) for generating toys. Combine will use the 'B-only' ModelConfig to generate, which may lead to undesired behaviour if not using the default Physics Model
SimNLL created with 4 channels, 0 generic constraints, 245 fast gaussian constraints, 0 fast poisson constraints, 0 fast group constraints, 
Warning! -- You haven't picked default values for the Parameters of Interest (either with --expectSignal or --setParameters) for generating toys. Combine will use the 'B-only' ModelConfig to generate, which may lead to undesired behaviour if not using the default Physics Model
SimNLL created with 4 channels, 0 generic constraints, 245 fast gaussian constraints, 0 fast poisson constraints, 0 fast group constraints, 
  Parameter                  :   Best-fit               r            
  CMS_eff_t_vsMu_2016postVFP :   +0.000  -0.995/+0.995  -0.001/-0.001
Done in 0.59 min (cpu), 0.60 min (real)
 <<< Combine >>> 
   Options for Robust Minimizer :: 
        Tolerance  0.1
        Strategy   0
        Type,Algo  Minuit2,Migrad
>>> method used is MultiDimFit
>>> random number generator seed is 123456
Warning! -- You haven't picked default values for the Parameters of Interest (either with --expectSignal or --setParameters) for generating toys. Combine will use the 'B-only' ModelConfig to generate, which may lead to undesired behaviour if not using the default Physics Model
SimNLL created with 4 channels, 0 generic constraints, 245 fast gaussian constraints, 0 fast poisson constraints, 0 fast group constraints, 

 --- MultiDimFit ---
Parameter impacts: 
  Parameter                 :   Best-fit               r            
  CMS_scale_j_Fragmentation :   +0.025  -1.013/+1.008  +0.009/+0.009
Done in 0.60 min (cpu), 0.60 min (real)
 <<< Combine >>> 
   Options for Robust Minimizer :: 
        Tolerance  0.1
        Strategy   0
        Type,Algo  Minuit2,Migrad
>>> method used is MultiDimFit
>>> random number generator seed is 123456
Warning! -- You haven't picked default values for the Parameters of Interest (either with --expectSignal or --setParameters) for generating toys. Combine will use the 'B-only' ModelConfig to generate, which may lead to undesired behaviour if not using the default Physics Model
SimNLL created with 4 channels, 0 generic constraints, 245 fast gaussian constraints, 0 fast poisson constraints, 0 fast group constraints, 

 --- MultiDimFit ---
Parameter impacts: 
  Parameter      :   Best-fit               r            
  CMS_res_j_2018 :   +0.055  -0.963/+0.970  +0.028/-0.025
Done in 0.65 min (cpu), 0.66 min (real)
 <<< Combine >>> 
   Options for Robust Minimizer :: 
        Tolerance  0.1
        Strategy   0
        Type,Algo  Minuit2,Migrad
>>> method used is MultiDimFit
>>> random number generator seed is 123456
Warning! -- You haven't picked default values for the Parameters of Interest (either with --expectSignal or --setParameters) for generating toys. Combine will use the 'B-only' ModelConfig to generate, which may lead to undesired behaviour if not using the default Physics Model
SimNLL created with 4 channels, 0 generic constraints, 245 fast gaussian constraints, 0 fast poisson constraints, 0 fast group constraints, 

 --- MultiDimFit ---
Parameter impacts: 

 --- MultiDimFit ---
Parameter impacts: 
  Parameter                           :   Best-fit               r            
  CMS_scale_j_AbsoluteStat_2016preVFP :   +0.028  -0.932/+0.938  +0.028/-0.025
Done in 0.54 min (cpu), 0.54 min (real)
 <<< Combine >>> 
   Options for Robust Minimizer :: 
        Tolerance  0.1
        Strategy   0
        Type,Algo  Minuit2,Migrad
>>> method used is MultiDimFit
>>> random number generator seed is 123456
  Parameter                      :   Best-fit               r            
  CMS_eff_t_vsJet_stat2_dm1_2017 :   +0.046  -0.993/+0.994  +0.017/-0.014
Done in 0.59 min (cpu), 0.59 min (real)
 <<< Combine >>> 
   Options for Robust Minimizer :: 
        Tolerance  0.1
        Strategy   0
        Type,Algo  Minuit2,Migrad
>>> method used is MultiDimFit
>>> random number generator seed is 123456
Warning! -- You haven't picked default values for the Parameters of Interest (either with --expectSignal or --setParameters) for generating toys. Combine will use the 'B-only' ModelConfig to generate, which may lead to undesired behaviour if not using the default Physics Model
SimNLL created with 4 channels, 0 generic constraints, 245 fast gaussian constraints, 0 fast poisson constraints, 0 fast group constraints, 

 --- MultiDimFit ---
Parameter impacts: 
Warning! -- You haven't picked default values for the Parameters of Interest (either with --expectSignal or --setParameters) for generating toys. Combine will use the 'B-only' ModelConfig to generate, which may lead to undesired behaviour if not using the default Physics Model
SimNLL created with 4 channels, 0 generic constraints, 245 fast gaussian constraints, 0 fast poisson constraints, 0 fast group constraints, 
  Parameter                        :   Best-fit               r            
  CMS_l1_ecal_prefiring_2016preVFP :   -0.001  -0.994/+0.994  -0.006/+0.008
Done in 0.60 min (cpu), 0.60 min (real)
 <<< Combine >>> 
   Options for Robust Minimizer :: 
        Tolerance  0.1
        Strategy   0
        Type,Algo  Minuit2,Migrad
>>> method used is MultiDimFit
>>> random number generator seed is 123456
Warning! -- You haven't picked default values for the Parameters of Interest (either with --expectSignal or --setParameters) for generating toys. Combine will use the 'B-only' ModelConfig to generate, which may lead to undesired behaviour if not using the default Physics Model
SimNLL created with 4 channels, 0 generic constraints, 245 fast gaussian constraints, 0 fast poisson constraints, 0 fast group constraints, 

 --- MultiDimFit ---
Parameter impacts: 

 --- MultiDimFit ---
Parameter impacts: 
  Parameter                            :   Best-fit               r            
  CMS_eff_t_vsJet_syst_dm11_2016preVFP :   +0.000  -0.995/+0.995  -0.001/-0.001
Done in 0.58 min (cpu), 0.59 min (real)
 <<< Combine >>> 
   Options for Robust Minimizer :: 
        Tolerance  0.1
        Strategy   0
        Type,Algo  Minuit2,Migrad
>>> method used is MultiDimFit
>>> random number generator seed is 123456
  Parameter                           :   Best-fit               r            
  CMS_eff_t_vsJet_syst_dm0_2016preVFP :   +0.000  -0.995/+0.995  -0.001/-0.001
Done in 0.61 min (cpu), 0.61 min (real)
 <<< Combine >>> 
   Options for Robust Minimizer :: 
        Tolerance  0.1
        Strategy   0
        Type,Algo  Minuit2,Migrad
>>> method used is MultiDimFit
>>> random number generator seed is 123456

 --- MultiDimFit ---
Parameter impacts: 
Warning! -- You haven't picked default values for the Parameters of Interest (either with --expectSignal or --setParameters) for generating toys. Combine will use the 'B-only' ModelConfig to generate, which may lead to undesired behaviour if not using the default Physics Model
SimNLL created with 4 channels, 0 generic constraints, 245 fast gaussian constraints, 0 fast poisson constraints, 0 fast group constraints, 
Warning! -- You haven't picked default values for the Parameters of Interest (either with --expectSignal or --setParameters) for generating toys. Combine will use the 'B-only' ModelConfig to generate, which may lead to undesired behaviour if not using the default Physics Model
SimNLL created with 4 channels, 0 generic constraints, 245 fast gaussian constraints, 0 fast poisson constraints, 0 fast group constraints, 
  Parameter                :   Best-fit               r            
  CMS_scale_j_PileUpDataMC :   +0.127  -0.795/+0.856  +0.203/-0.189
Done in 0.49 min (cpu), 0.49 min (real)

 --- MultiDimFit ---
Parameter impacts: 
 <<< Combine >>> 
   Options for Robust Minimizer :: 
        Tolerance  0.1
        Strategy   0
        Type,Algo  Minuit2,Migrad
>>> method used is MultiDimFit
>>> random number generator seed is 123456
Warning! -- You haven't picked default values for the Parameters of Interest (either with --expectSignal or --setParameters) for generating toys. Combine will use the 'B-only' ModelConfig to generate, which may lead to undesired behaviour if not using the default Physics Model
SimNLL created with 4 channels, 0 generic constraints, 245 fast gaussian constraints, 0 fast poisson constraints, 0 fast group constraints, 
  Parameter                 :   Best-fit               r            
  CMS_eff_t_vsMu_2016preVFP :   -0.000  -0.995/+0.995  -0.001/-0.001
Done in 0.64 min (cpu), 0.65 min (real)
 <<< Combine >>> 
   Options for Robust Minimizer :: 
        Tolerance  0.1
        Strategy   0
        Type,Algo  Minuit2,Migrad
>>> method used is MultiDimFit
>>> random number generator seed is 123456
Warning! -- You haven't picked default values for the Parameters of Interest (either with --expectSignal or --setParameters) for generating toys. Combine will use the 'B-only' ModelConfig to generate, which may lead to undesired behaviour if not using the default Physics Model
SimNLL created with 4 channels, 0 generic constraints, 245 fast gaussian constraints, 0 fast poisson constraints, 0 fast group constraints, 

 --- MultiDimFit ---
Parameter impacts: 

 --- MultiDimFit ---
Parameter impacts: 

 --- MultiDimFit ---
Parameter impacts: 
  Parameter               :   Best-fit               r            
  CMS_scale_e_2016postVFP :   -0.012  -1.007/+1.008  -0.001/-0.000
Done in 0.65 min (cpu), 0.65 min (real)
 <<< Combine >>> 
   Options for Robust Minimizer :: 
        Tolerance  0.1
        Strategy   0
        Type,Algo  Minuit2,Migrad
>>> method used is MultiDimFit
>>> random number generator seed is 123456
  Parameter                  :   Best-fit               r            
  CMS_l1_ecal_prefiring_2017 :   -0.079  -0.993/+0.993  -0.013/+0.015
Done in 0.48 min (cpu), 0.48 min (real)
 <<< Combine >>> 
   Options for Robust Minimizer :: 
        Tolerance  0.1
        Strategy   0
        Type,Algo  Minuit2,Migrad
>>> method used is MultiDimFit
>>> random number generator seed is 123456

 --- MultiDimFit ---
Parameter impacts: 
Warning! -- You haven't picked default values for the Parameters of Interest (either with --expectSignal or --setParameters) for generating toys. Combine will use the 'B-only' ModelConfig to generate, which may lead to undesired behaviour if not using the default Physics Model
SimNLL created with 4 channels, 0 generic constraints, 245 fast gaussian constraints, 0 fast poisson constraints, 0 fast group constraints, 
  Parameter                      :   Best-fit               r            
  CMS_eff_t_vsJet_stat2_dm1_2018 :   -0.024  -0.994/+0.994  +0.017/-0.015
Done in 0.58 min (cpu), 0.58 min (real)
 <<< Combine >>> 
   Options for Robust Minimizer :: 
        Tolerance  0.1
        Strategy   0
        Type,Algo  Minuit2,Migrad
>>> method used is MultiDimFit
>>> random number generator seed is 123456
Warning! -- You haven't picked default values for the Parameters of Interest (either with --expectSignal or --setParameters) for generating toys. Combine will use the 'B-only' ModelConfig to generate, which may lead to undesired behaviour if not using the default Physics Model
SimNLL created with 4 channels, 0 generic constraints, 245 fast gaussian constraints, 0 fast poisson constraints, 0 fast group constraints, 

 --- MultiDimFit ---
Parameter impacts: 
  Parameter                     :   Best-fit               r            
  CMS_scale_j_AbsoluteStat_2017 :   -0.010  -0.999/+1.000  -0.003/-0.002
Done in 0.64 min (cpu), 0.64 min (real)
Warning! -- You haven't picked default values for the Parameters of Interest (either with --expectSignal or --setParameters) for generating toys. Combine will use the 'B-only' ModelConfig to generate, which may lead to undesired behaviour if not using the default Physics Model
SimNLL created with 4 channels, 0 generic constraints, 245 fast gaussian constraints, 0 fast poisson constraints, 0 fast group constraints, 
 <<< Combine >>> 
   Options for Robust Minimizer :: 
        Tolerance  0.1
        Strategy   0
        Type,Algo  Minuit2,Migrad
>>> method used is MultiDimFit
>>> random number generator seed is 123456
  Parameter              :   Best-fit               r            
  CMS_scale_j_PileUpPtBB :   +0.068  -0.865/+0.893  -0.004/-0.019
Done in 0.43 min (cpu), 0.43 min (real)
 <<< Combine >>> 
   Options for Robust Minimizer :: 
        Tolerance  0.1
        Strategy   0
        Type,Algo  Minuit2,Migrad
>>> method used is MultiDimFit
>>> random number generator seed is 123456
Warning! -- You haven't picked default values for the Parameters of Interest (either with --expectSignal or --setParameters) for generating toys. Combine will use the 'B-only' ModelConfig to generate, which may lead to undesired behaviour if not using the default Physics Model
SimNLL created with 4 channels, 0 generic constraints, 245 fast gaussian constraints, 0 fast poisson constraints, 0 fast group constraints, 

 --- MultiDimFit ---
Parameter impacts: 
Warning! -- You haven't picked default values for the Parameters of Interest (either with --expectSignal or --setParameters) for generating toys. Combine will use the 'B-only' ModelConfig to generate, which may lead to undesired behaviour if not using the default Physics Model
SimNLL created with 4 channels, 0 generic constraints, 245 fast gaussian constraints, 0 fast poisson constraints, 0 fast group constraints, 

 --- MultiDimFit ---
Parameter impacts: 
  Parameter                      :   Best-fit               r            
  CMS_eff_t_vsJet_syst_dm11_2017 :   +0.013  -0.996/+0.996  +0.003/-0.001
Done in 0.56 min (cpu), 0.56 min (real)
 <<< Combine >>> 
   Options for Robust Minimizer :: 
        Tolerance  0.1
        Strategy   0
        Type,Algo  Minuit2,Migrad
>>> method used is MultiDimFit
>>> random number generator seed is 123456

 --- MultiDimFit ---
Parameter impacts: 
  Parameter                     :   Best-fit               r            
  CMS_eff_t_vsJet_syst_dm0_2017 :   +0.011  -0.994/+0.994  +0.006/-0.004
Done in 0.58 min (cpu), 0.58 min (real)
Warning! -- You haven't picked default values for the Parameters of Interest (either with --expectSignal or --setParameters) for generating toys. Combine will use the 'B-only' ModelConfig to generate, which may lead to undesired behaviour if not using the default Physics Model
 <<< Combine >>> 
   Options for Robust Minimizer :: 
        Tolerance  0.1
        Strategy   0
        Type,Algo  Minuit2,Migrad
>>> method used is MultiDimFit
>>> random number generator seed is 123456
SimNLL created with 4 channels, 0 generic constraints, 245 fast gaussian constraints, 0 fast poisson constraints, 0 fast group constraints, 
  Parameter           :   Best-fit               r            
  CMS_eff_t_vsMu_2017 :   +0.010  -0.995/+0.995  -0.000/+0.001
Done in 0.51 min (cpu), 0.52 min (real)
 <<< Combine >>> 
   Options for Robust Minimizer :: 
        Tolerance  0.1
        Strategy   0
        Type,Algo  Minuit2,Migrad
>>> method used is MultiDimFit
>>> random number generator seed is 123456
Warning! -- You haven't picked default values for the Parameters of Interest (either with --expectSignal or --setParameters) for generating toys. Combine will use the 'B-only' ModelConfig to generate, which may lead to undesired behaviour if not using the default Physics Model
SimNLL created with 4 channels, 0 generic constraints, 245 fast gaussian constraints, 0 fast poisson constraints, 0 fast group constraints, 
Warning! -- You haven't picked default values for the Parameters of Interest (either with --expectSignal or --setParameters) for generating toys. Combine will use the 'B-only' ModelConfig to generate, which may lead to undesired behaviour if not using the default Physics Model
SimNLL created with 4 channels, 0 generic constraints, 245 fast gaussian constraints, 0 fast poisson constraints, 0 fast group constraints, 

 --- MultiDimFit ---
Parameter impacts: 
  Parameter              :   Best-fit               r            
  CMS_scale_e_2016preVFP :   -0.005  -0.991/+0.990  -0.001/-0.001
Done in 0.47 min (cpu), 0.47 min (real)
 <<< Combine >>> 
   Options for Robust Minimizer :: 
        Tolerance  0.1
        Strategy   0
        Type,Algo  Minuit2,Migrad
>>> method used is MultiDimFit
>>> random number generator seed is 123456
Warning! -- You haven't picked default values for the Parameters of Interest (either with --expectSignal or --setParameters) for generating toys. Combine will use the 'B-only' ModelConfig to generate, which may lead to undesired behaviour if not using the default Physics Model
SimNLL created with 4 channels, 0 generic constraints, 245 fast gaussian constraints, 0 fast poisson constraints, 0 fast group constraints, 

 --- MultiDimFit ---
Parameter impacts: 

 --- MultiDimFit ---
Parameter impacts: 

 --- MultiDimFit ---
Parameter impacts: 
  Parameter                     :   Best-fit               r            
  CMS_scale_j_AbsoluteStat_2018 :   -0.018  -0.994/+0.996  +0.044/-0.019
Done in 0.54 min (cpu), 0.54 min (real)

 --- MultiDimFit ---
Parameter impacts: 
 <<< Combine >>> 
   Options for Robust Minimizer :: 
        Tolerance  0.1
        Strategy   0
        Type,Algo  Minuit2,Migrad
>>> method used is MultiDimFit
>>> random number generator seed is 123456
  Parameter               :   Best-fit               r            
  CMS_scale_j_PileUpPtEC1 :   +0.214  -0.830/+0.911  +0.081/-0.031
Done in 0.53 min (cpu), 0.53 min (real)
 <<< Combine >>> 
   Options for Robust Minimizer :: 
        Tolerance  0.1
        Strategy   0
        Type,Algo  Minuit2,Migrad
>>> method used is MultiDimFit
>>> random number generator seed is 123456
  Parameter                  :   Best-fit               r            
  CMS_l1_ecal_prefiring_2018 :   +0.000  -0.995/+0.995  -0.001/-0.001
Done in 0.63 min (cpu), 0.63 min (real)
 <<< Combine >>> 
   Options for Robust Minimizer :: 
        Tolerance  0.1
        Strategy   0
        Type,Algo  Minuit2,Migrad
>>> method used is MultiDimFit
>>> random number generator seed is 123456
Warning! -- You haven't picked default values for the Parameters of Interest (either with --expectSignal or --setParameters) for generating toys. Combine will use the 'B-only' ModelConfig to generate, which may lead to undesired behaviour if not using the default Physics Model
SimNLL created with 4 channels, 0 generic constraints, 245 fast gaussian constraints, 0 fast poisson constraints, 0 fast group constraints, 
  Parameter                        :   Best-fit               r            
  CMS_eff_t_vsJet_syst_2016postVFP :   +0.000  -0.995/+0.995  -0.001/-0.001
Done in 0.61 min (cpu), 0.62 min (real)
 <<< Combine >>> 
   Options for Robust Minimizer :: 
        Tolerance  0.1
        Strategy   0
        Type,Algo  Minuit2,Migrad
>>> method used is MultiDimFit
>>> random number generator seed is 123456
Warning! -- You haven't picked default values for the Parameters of Interest (either with --expectSignal or --setParameters) for generating toys. Combine will use the 'B-only' ModelConfig to generate, which may lead to undesired behaviour if not using the default Physics Model
SimNLL created with 4 channels, 0 generic constraints, 245 fast gaussian constraints, 0 fast poisson constraints, 0 fast group constraints, 

 --- MultiDimFit ---
Parameter impacts: 
Warning! -- You haven't picked default values for the Parameters of Interest (either with --expectSignal or --setParameters) for generating toys. Combine will use the 'B-only' ModelConfig to generate, which may lead to undesired behaviour if not using the default Physics Model
SimNLL created with 4 channels, 0 generic constraints, 245 fast gaussian constraints, 0 fast poisson constraints, 0 fast group constraints, 
Warning! -- You haven't picked default values for the Parameters of Interest (either with --expectSignal or --setParameters) for generating toys. Combine will use the 'B-only' ModelConfig to generate, which may lead to undesired behaviour if not using the default Physics Model
SimNLL created with 4 channels, 0 generic constraints, 245 fast gaussian constraints, 0 fast poisson constraints, 0 fast group constraints, 
  Parameter                     :   Best-fit               r            
  CMS_eff_t_vsJet_syst_dm0_2018 :   -0.010  -0.994/+0.994  +0.008/-0.006
Done in 0.51 min (cpu), 0.51 min (real)
 <<< Combine >>> 
   Options for Robust Minimizer :: 
        Tolerance  0.1
        Strategy   0
        Type,Algo  Minuit2,Migrad
>>> method used is MultiDimFit
>>> random number generator seed is 123456

 --- MultiDimFit ---
Parameter impacts: 
Warning! -- You haven't picked default values for the Parameters of Interest (either with --expectSignal or --setParameters) for generating toys. Combine will use the 'B-only' ModelConfig to generate, which may lead to undesired behaviour if not using the default Physics Model
SimNLL created with 4 channels, 0 generic constraints, 245 fast gaussian constraints, 0 fast poisson constraints, 0 fast group constraints, 
  Parameter                      :   Best-fit               r            
  CMS_eff_t_vsJet_syst_dm11_2018 :   -0.007  -0.994/+0.995  +0.005/-0.002
Done in 0.58 min (cpu), 0.59 min (real)
 <<< Combine >>> 
   Options for Robust Minimizer :: 
        Tolerance  0.1
        Strategy   0
        Type,Algo  Minuit2,Migrad
>>> method used is MultiDimFit
>>> random number generator seed is 123456
Warning! -- You haven't picked default values for the Parameters of Interest (either with --expectSignal or --setParameters) for generating toys. Combine will use the 'B-only' ModelConfig to generate, which may lead to undesired behaviour if not using the default Physics Model
SimNLL created with 4 channels, 0 generic constraints, 245 fast gaussian constraints, 0 fast poisson constraints, 0 fast group constraints, 

 --- MultiDimFit ---
Parameter impacts: 
  Parameter           :   Best-fit               r            
  CMS_eff_t_vsMu_2018 :   -0.000  -0.995/+0.995  -0.001/-0.001
Done in 0.60 min (cpu), 0.61 min (real)
 <<< Combine >>> 
   Options for Robust Minimizer :: 
        Tolerance  0.1
        Strategy   0
        Type,Algo  Minuit2,Migrad
>>> method used is MultiDimFit
>>> random number generator seed is 123456
Warning! -- You haven't picked default values for the Parameters of Interest (either with --expectSignal or --setParameters) for generating toys. Combine will use the 'B-only' ModelConfig to generate, which may lead to undesired behaviour if not using the default Physics Model
SimNLL created with 4 channels, 0 generic constraints, 245 fast gaussian constraints, 0 fast poisson constraints, 0 fast group constraints, 

 --- MultiDimFit ---
Parameter impacts: 
  Parameter        :   Best-fit               r            
  CMS_scale_e_2017 :   -0.011  -0.990/+0.990  +0.015/-0.001
Done in 0.57 min (cpu), 0.57 min (real)
 <<< Combine >>> 
   Options for Robust Minimizer :: 
        Tolerance  0.1
        Strategy   0
        Type,Algo  Minuit2,Migrad
>>> method used is MultiDimFit
>>> random number generator seed is 123456
Warning! -- You haven't picked default values for the Parameters of Interest (either with --expectSignal or --setParameters) for generating toys. Combine will use the 'B-only' ModelConfig to generate, which may lead to undesired behaviour if not using the default Physics Model
SimNLL created with 4 channels, 0 generic constraints, 245 fast gaussian constraints, 0 fast poisson constraints, 0 fast group constraints, 

 --- MultiDimFit ---
Parameter impacts: 

 --- MultiDimFit ---
Parameter impacts: 

 --- MultiDimFit ---
Parameter impacts: 
  Parameter               :   Best-fit               r            
  CMS_scale_j_PileUpPtEC2 :   +0.000  -0.997/+0.997  -0.001/-0.001
Done in 0.58 min (cpu), 0.58 min (real)
 <<< Combine >>> 
   Options for Robust Minimizer :: 
        Tolerance  0.1
        Strategy   0
        Type,Algo  Minuit2,Migrad
>>> method used is MultiDimFit
>>> random number generator seed is 123456

 --- MultiDimFit ---
Parameter impacts: 
Warning! -- You haven't picked default values for the Parameters of Interest (either with --expectSignal or --setParameters) for generating toys. Combine will use the 'B-only' ModelConfig to generate, which may lead to undesired behaviour if not using the default Physics Model
SimNLL created with 4 channels, 0 generic constraints, 245 fast gaussian constraints, 0 fast poisson constraints, 0 fast group constraints, 
  Parameter                    :   Best-fit               r            
  CMS_scale_j_FlavorPureBottom :   -0.024  -0.883/+0.872  -0.093/+0.196
Done in 0.64 min (cpu), 0.64 min (real)
  Parameter                              :   Best-fit               r            
  CMS_scale_j_RelativeJEREC2_2016postVFP :   +0.000  -0.995/+0.995  -0.001/-0.001
Done in 0.59 min (cpu), 0.60 min (real)
 <<< Combine >>> 
   Options for Robust Minimizer :: 
        Tolerance  0.1
        Strategy   0
        Type,Algo  Minuit2,Migrad
>>> method used is MultiDimFit
>>> random number generator seed is 123456
 <<< Combine >>> 
   Options for Robust Minimizer :: 
        Tolerance  0.1
        Strategy   0
        Type,Algo  Minuit2,Migrad
>>> method used is MultiDimFit
>>> random number generator seed is 123456
  Parameter              :   Best-fit               r            
  CMS_scale_j_PileUpPtHF :   +0.000  -0.997/+0.997  -0.001/-0.001
Done in 0.62 min (cpu), 0.62 min (real)
 <<< Combine >>> 
   Options for Robust Minimizer :: 
        Tolerance  0.1
        Strategy   0
        Type,Algo  Minuit2,Migrad
>>> method used is MultiDimFit
>>> random number generator seed is 123456
Warning! -- You haven't picked default values for the Parameters of Interest (either with --expectSignal or --setParameters) for generating toys. Combine will use the 'B-only' ModelConfig to generate, which may lead to undesired behaviour if not using the default Physics Model
SimNLL created with 4 channels, 0 generic constraints, 245 fast gaussian constraints, 0 fast poisson constraints, 0 fast group constraints, 
Warning! -- You haven't picked default values for the Parameters of Interest (either with --expectSignal or --setParameters) for generating toys. Combine will use the 'B-only' ModelConfig to generate, which may lead to undesired behaviour if not using the default Physics Model
Warning! -- You haven't picked default values for the Parameters of Interest (either with --expectSignal or --setParameters) for generating toys. Combine will use the 'B-only' ModelConfig to generate, which may lead to undesired behaviour if not using the default Physics Model
SimNLL created with 4 channels, 0 generic constraints, 245 fast gaussian constraints, 0 fast poisson constraints, 0 fast group constraints, 
SimNLL created with 4 channels, 0 generic constraints, 245 fast gaussian constraints, 0 fast poisson constraints, 0 fast group constraints, 

 --- MultiDimFit ---
Parameter impacts: 
  Parameter                             :   Best-fit               r            
  CMS_scale_j_RelativeSample_2016preVFP :   +0.131  -0.799/+0.904  +0.068/-0.077
Done in 0.59 min (cpu), 0.59 min (real)
 <<< Combine >>> 
   Options for Robust Minimizer :: 
        Tolerance  0.1
        Strategy   0
        Type,Algo  Minuit2,Migrad
>>> method used is MultiDimFit
>>> random number generator seed is 123456
Warning! -- You haven't picked default values for the Parameters of Interest (either with --expectSignal or --setParameters) for generating toys. Combine will use the 'B-only' ModelConfig to generate, which may lead to undesired behaviour if not using the default Physics Model

 --- MultiDimFit ---
Parameter impacts: 
SimNLL created with 4 channels, 0 generic constraints, 245 fast gaussian constraints, 0 fast poisson constraints, 0 fast group constraints, 

 --- MultiDimFit ---
Parameter impacts: 
  Parameter                      :   Best-fit               r            
  CMS_scale_j_RelativePtEC1_2017 :   +0.067  -1.038/+1.020  +0.007/-0.002
Done in 0.70 min (cpu), 0.71 min (real)
 <<< Combine >>> 
   Options for Robust Minimizer :: 
        Tolerance  0.1
        Strategy   0
        Type,Algo  Minuit2,Migrad
>>> method used is MultiDimFit
>>> random number generator seed is 123456
  Parameter                              :   Best-fit               r            
  CMS_scale_j_RelativeStatFSR_2016preVFP :   +0.005  -0.993/+0.992  -0.003/-0.001
Done in 0.60 min (cpu), 0.60 min (real)
 <<< Combine >>> 
   Options for Robust Minimizer :: 
        Tolerance  0.1
        Strategy   0
        Type,Algo  Minuit2,Migrad
>>> method used is MultiDimFit
>>> random number generator seed is 123456
Warning! -- You haven't picked default values for the Parameters of Interest (either with --expectSignal or --setParameters) for generating toys. Combine will use the 'B-only' ModelConfig to generate, which may lead to undesired behaviour if not using the default Physics Model
SimNLL created with 4 channels, 0 generic constraints, 245 fast gaussian constraints, 0 fast poisson constraints, 0 fast group constraints, 
Warning! -- You haven't picked default values for the Parameters of Interest (either with --expectSignal or --setParameters) for generating toys. Combine will use the 'B-only' ModelConfig to generate, which may lead to undesired behaviour if not using the default Physics Model
SimNLL created with 4 channels, 0 generic constraints, 245 fast gaussian constraints, 0 fast poisson constraints, 0 fast group constraints, 

 --- MultiDimFit ---
Parameter impacts: 
  Parameter                  :   Best-fit               r            
  CMS_scale_j_SinglePionHCAL :   -0.012  -0.934/+0.932  -0.035/+0.053
Done in 0.51 min (cpu), 0.52 min (real)
 <<< Combine >>> 
   Options for Robust Minimizer :: 
        Tolerance  0.1
        Strategy   0
        Type,Algo  Minuit2,Migrad
>>> method used is MultiDimFit
>>> random number generator seed is 123456
Warning! -- You haven't picked default values for the Parameters of Interest (either with --expectSignal or --setParameters) for generating toys. Combine will use the 'B-only' ModelConfig to generate, which may lead to undesired behaviour if not using the default Physics Model
SimNLL created with 4 channels, 0 generic constraints, 245 fast gaussian constraints, 0 fast poisson constraints, 0 fast group constraints, 

 --- MultiDimFit ---
Parameter impacts: 

 --- MultiDimFit ---
Parameter impacts: 

 --- MultiDimFit ---
Parameter impacts: 
  Parameter                             :   Best-fit               r            
  CMS_scale_j_RelativeJEREC2_2016preVFP :   +0.000  -0.995/+0.995  -0.001/-0.001
Done in 0.47 min (cpu), 0.47 min (real)
 <<< Combine >>> 
   Options for Robust Minimizer :: 
        Tolerance  0.1
        Strategy   0
        Type,Algo  Minuit2,Migrad
>>> method used is MultiDimFit
>>> random number generator seed is 123456
  Parameter               :   Best-fit               r            
  CMS_scale_j_PileUpPtRef :   +0.048  -0.955/+0.948  +0.035/-0.020
Done in 0.48 min (cpu), 0.48 min (real)
 <<< Combine >>> 
   Options for Robust Minimizer :: 
        Tolerance  0.1
        Strategy   0
        Type,Algo  Minuit2,Migrad
>>> method used is MultiDimFit
>>> random number generator seed is 123456
  Parameter             :   Best-fit               r            
  CMS_scale_t_DM11_2017 :   +0.001  -0.867/+0.868  -0.005/-0.003
Done in 0.50 min (cpu), 0.50 min (real)
 <<< Combine >>> 
   Options for Robust Minimizer :: 
        Tolerance  0.1
        Strategy   0
        Type,Algo  Minuit2,Migrad
>>> method used is MultiDimFit
>>> random number generator seed is 123456

 --- MultiDimFit ---
Parameter impacts: 
Warning! -- You haven't picked default values for the Parameters of Interest (either with --expectSignal or --setParameters) for generating toys. Combine will use the 'B-only' ModelConfig to generate, which may lead to undesired behaviour if not using the default Physics Model
SimNLL created with 4 channels, 0 generic constraints, 245 fast gaussian constraints, 0 fast poisson constraints, 0 fast group constraints, 
Warning! -- You haven't picked default values for the Parameters of Interest (either with --expectSignal or --setParameters) for generating toys. Combine will use the 'B-only' ModelConfig to generate, which may lead to undesired behaviour if not using the default Physics Model
SimNLL created with 4 channels, 0 generic constraints, 245 fast gaussian constraints, 0 fast poisson constraints, 0 fast group constraints, 
Warning! -- You haven't picked default values for the Parameters of Interest (either with --expectSignal or --setParameters) for generating toys. Combine will use the 'B-only' ModelConfig to generate, which may lead to undesired behaviour if not using the default Physics Model
SimNLL created with 4 channels, 0 generic constraints, 245 fast gaussian constraints, 0 fast poisson constraints, 0 fast group constraints, 
  Parameter            :   Best-fit               r            
  CMS_scale_t_DM0_2017 :   +0.013  -0.931/+0.936  +0.003/-0.003
Done in 0.58 min (cpu), 0.59 min (real)
 <<< Combine >>> 
   Options for Robust Minimizer :: 
        Tolerance  0.1
        Strategy   0
        Type,Algo  Minuit2,Migrad
>>> method used is MultiDimFit
>>> random number generator seed is 123456
Warning! -- You haven't picked default values for the Parameters of Interest (either with --expectSignal or --setParameters) for generating toys. Combine will use the 'B-only' ModelConfig to generate, which may lead to undesired behaviour if not using the default Physics Model
SimNLL created with 4 channels, 0 generic constraints, 245 fast gaussian constraints, 0 fast poisson constraints, 0 fast group constraints, 

 --- MultiDimFit ---
Parameter impacts: 
  Parameter                       :   Best-fit               r            
  CMS_scale_j_RelativeSample_2017 :   -0.082  -0.923/+0.900  -0.001/+0.013
Done in 0.57 min (cpu), 0.58 min (real)
 <<< Combine >>> 
   Options for Robust Minimizer :: 
        Tolerance  0.1
        Strategy   0
        Type,Algo  Minuit2,Migrad
>>> method used is MultiDimFit
>>> random number generator seed is 123456
Warning! -- You haven't picked default values for the Parameters of Interest (either with --expectSignal or --setParameters) for generating toys. Combine will use the 'B-only' ModelConfig to generate, which may lead to undesired behaviour if not using the default Physics Model
SimNLL created with 4 channels, 0 generic constraints, 245 fast gaussian constraints, 0 fast poisson constraints, 0 fast group constraints, 

 --- MultiDimFit ---
Parameter impacts: 
  Parameter                      :   Best-fit               r            
  CMS_scale_j_RelativePtEC1_2018 :   -0.024  -0.989/+0.990  +0.010/+0.009
Done in 0.58 min (cpu), 0.59 min (real)
 <<< Combine >>> 
   Options for Robust Minimizer :: 
        Tolerance  0.1
        Strategy   0
        Type,Algo  Minuit2,Migrad
>>> method used is MultiDimFit
>>> random number generator seed is 123456
Warning! -- You haven't picked default values for the Parameters of Interest (either with --expectSignal or --setParameters) for generating toys. Combine will use the 'B-only' ModelConfig to generate, which may lead to undesired behaviour if not using the default Physics Model
SimNLL created with 4 channels, 0 generic constraints, 245 fast gaussian constraints, 0 fast poisson constraints, 0 fast group constraints, 

 --- MultiDimFit ---
Parameter impacts: 
  Parameter                        :   Best-fit               r            
  CMS_scale_j_RelativeStatFSR_2017 :   -0.015  -0.985/+0.983  +0.001/+0.003
Done in 0.66 min (cpu), 0.66 min (real)
 <<< Combine >>> 
   Options for Robust Minimizer :: 
        Tolerance  0.1
        Strategy   0
        Type,Algo  Minuit2,Migrad
>>> method used is MultiDimFit
>>> random number generator seed is 123456
Warning! -- You haven't picked default values for the Parameters of Interest (either with --expectSignal or --setParameters) for generating toys. Combine will use the 'B-only' ModelConfig to generate, which may lead to undesired behaviour if not using the default Physics Model
SimNLL created with 4 channels, 0 generic constraints, 245 fast gaussian constraints, 0 fast poisson constraints, 0 fast group constraints, 

 --- MultiDimFit ---
Parameter impacts: 

 --- MultiDimFit ---
Parameter impacts: 
  Parameter             :   Best-fit               r            
  CMS_scale_j_TimePtEta :   -0.020  -0.803/+0.760  -0.007/+0.067
Done in 0.60 min (cpu), 0.60 min (real)
 <<< Combine >>> 
   Options for Robust Minimizer :: 
        Tolerance  0.1
        Strategy   0
        Type,Algo  Minuit2,Migrad
>>> method used is MultiDimFit
>>> random number generator seed is 123456
  Parameter             :   Best-fit               r            
  CMS_scale_t_DM11_2018 :   -0.009  -0.961/+0.958  +0.003/+0.002
Done in 0.43 min (cpu), 0.44 min (real)
 <<< Combine >>> 
   Options for Robust Minimizer :: 
        Tolerance  0.1
        Strategy   0
        Type,Algo  Minuit2,Migrad
>>> method used is MultiDimFit
>>> random number generator seed is 123456
Warning! -- You haven't picked default values for the Parameters of Interest (either with --expectSignal or --setParameters) for generating toys. Combine will use the 'B-only' ModelConfig to generate, which may lead to undesired behaviour if not using the default Physics Model
SimNLL created with 4 channels, 0 generic constraints, 245 fast gaussian constraints, 0 fast poisson constraints, 0 fast group constraints, 
Warning! -- You haven't picked default values for the Parameters of Interest (either with --expectSignal or --setParameters) for generating toys. Combine will use the 'B-only' ModelConfig to generate, which may lead to undesired behaviour if not using the default Physics Model
SimNLL created with 4 channels, 0 generic constraints, 245 fast gaussian constraints, 0 fast poisson constraints, 0 fast group constraints, 

 --- MultiDimFit ---
Parameter impacts: 

 --- MultiDimFit ---
Parameter impacts: 
  Parameter                       :   Best-fit               r            
  CMS_scale_j_RelativeJEREC2_2017 :   +0.000  -0.996/+0.996  -0.001/-0.001
Done in 0.57 min (cpu), 0.58 min (real)
 <<< Combine >>> 
   Options for Robust Minimizer :: 
        Tolerance  0.1
        Strategy   0
        Type,Algo  Minuit2,Migrad
>>> method used is MultiDimFit
>>> random number generator seed is 123456
Warning! -- You haven't picked default values for the Parameters of Interest (either with --expectSignal or --setParameters) for generating toys. Combine will use the 'B-only' ModelConfig to generate, which may lead to undesired behaviour if not using the default Physics Model
SimNLL created with 4 channels, 0 generic constraints, 245 fast gaussian constraints, 0 fast poisson constraints, 0 fast group constraints, 
  Parameter               :   Best-fit               r            
  CMS_scale_j_RelativeBal :   -0.003  -0.724/+0.744  -0.024/+0.037
Done in 0.61 min (cpu), 0.61 min (real)
 <<< Combine >>> 
   Options for Robust Minimizer :: 
        Tolerance  0.1
        Strategy   0
        Type,Algo  Minuit2,Migrad
>>> method used is MultiDimFit
>>> random number generator seed is 123456
Warning! -- You haven't picked default values for the Parameters of Interest (either with --expectSignal or --setParameters) for generating toys. Combine will use the 'B-only' ModelConfig to generate, which may lead to undesired behaviour if not using the default Physics Model
SimNLL created with 4 channels, 0 generic constraints, 245 fast gaussian constraints, 0 fast poisson constraints, 0 fast group constraints, 

 --- MultiDimFit ---
Parameter impacts: 

 --- MultiDimFit ---
Parameter impacts: 
  Parameter            :   Best-fit               r            
  CMS_scale_t_DM0_2018 :   -0.035  -1.008/+1.012  +0.010/+0.001
Done in 0.65 min (cpu), 0.66 min (real)
 <<< Combine >>> 
   Options for Robust Minimizer :: 
        Tolerance  0.1
        Strategy   0
        Type,Algo  Minuit2,Migrad
>>> method used is MultiDimFit
>>> random number generator seed is 123456
Warning! -- You haven't picked default values for the Parameters of Interest (either with --expectSignal or --setParameters) for generating toys. Combine will use the 'B-only' ModelConfig to generate, which may lead to undesired behaviour if not using the default Physics Model
SimNLL created with 4 channels, 0 generic constraints, 245 fast gaussian constraints, 0 fast poisson constraints, 0 fast group constraints, 
  Parameter                       :   Best-fit               r            
  CMS_scale_j_RelativeSample_2018 :   +0.061  -0.883/+0.906  -0.053/+0.133
Done in 0.57 min (cpu), 0.58 min (real)
 <<< Combine >>> 
   Options for Robust Minimizer :: 
        Tolerance  0.1
        Strategy   0
        Type,Algo  Minuit2,Migrad
>>> method used is MultiDimFit
>>> random number generator seed is 123456
Warning! -- You haven't picked default values for the Parameters of Interest (either with --expectSignal or --setParameters) for generating toys. Combine will use the 'B-only' ModelConfig to generate, which may lead to undesired behaviour if not using the default Physics Model
SimNLL created with 4 channels, 0 generic constraints, 245 fast gaussian constraints, 0 fast poisson constraints, 0 fast group constraints, 

 --- MultiDimFit ---
Parameter impacts: 
  Parameter                             :   Best-fit               r            
  CMS_scale_j_RelativePtEC2_2016postVFP :   +0.000  -0.995/+0.995  -0.001/-0.001
Done in 0.60 min (cpu), 0.60 min (real)
 <<< Combine >>> 
   Options for Robust Minimizer :: 
        Tolerance  0.1
        Strategy   0
        Type,Algo  Minuit2,Migrad
>>> method used is MultiDimFit
>>> random number generator seed is 123456
Warning! -- You haven't picked default values for the Parameters of Interest (either with --expectSignal or --setParameters) for generating toys. Combine will use the 'B-only' ModelConfig to generate, which may lead to undesired behaviour if not using the default Physics Model
SimNLL created with 4 channels, 0 generic constraints, 245 fast gaussian constraints, 0 fast poisson constraints, 0 fast group constraints, 

 --- MultiDimFit ---
Parameter impacts: 
  Parameter                                    :   Best-fit               r            
  CMS_scale_met_unclustered_energy_2016postVFP :   -0.062  -1.001/+1.004  +0.005/+0.017
Done in 0.53 min (cpu), 0.53 min (real)
 <<< Combine >>> 
   Options for Robust Minimizer :: 
        Tolerance  0.1
        Strategy   0
        Type,Algo  Minuit2,Migrad
>>> method used is MultiDimFit
>>> random number generator seed is 123456

 --- MultiDimFit ---
Parameter impacts: 
Warning! -- You haven't picked default values for the Parameters of Interest (either with --expectSignal or --setParameters) for generating toys. Combine will use the 'B-only' ModelConfig to generate, which may lead to undesired behaviour if not using the default Physics Model
SimNLL created with 4 channels, 0 generic constraints, 245 fast gaussian constraints, 0 fast poisson constraints, 0 fast group constraints, 

 --- MultiDimFit ---
Parameter impacts: 
  Parameter                        :   Best-fit               r            
  CMS_scale_j_RelativeStatFSR_2018 :   -0.019  -0.978/+0.976  +0.004/+0.001
Done in 0.66 min (cpu), 0.67 min (real)
 <<< Combine >>> 
   Options for Robust Minimizer :: 
        Tolerance  0.1
        Strategy   0
        Type,Algo  Minuit2,Migrad
>>> method used is MultiDimFit
>>> random number generator seed is 123456
Warning! -- You haven't picked default values for the Parameters of Interest (either with --expectSignal or --setParameters) for generating toys. Combine will use the 'B-only' ModelConfig to generate, which may lead to undesired behaviour if not using the default Physics Model
SimNLL created with 4 channels, 0 generic constraints, 245 fast gaussian constraints, 0 fast poisson constraints, 0 fast group constraints, 
  Parameter                   :   Best-fit               r            
  CMS_scale_t_DM1_2016postVFP :   -0.059  -0.915/+0.863  +0.003/+0.004
Done in 0.57 min (cpu), 0.58 min (real)
 <<< Combine >>> 
   Options for Robust Minimizer :: 
        Tolerance  0.1
        Strategy   0
        Type,Algo  Minuit2,Migrad
>>> method used is MultiDimFit
>>> random number generator seed is 123456
Warning! -- You haven't picked default values for the Parameters of Interest (either with --expectSignal or --setParameters) for generating toys. Combine will use the 'B-only' ModelConfig to generate, which may lead to undesired behaviour if not using the default Physics Model
SimNLL created with 4 channels, 0 generic constraints, 245 fast gaussian constraints, 0 fast poisson constraints, 0 fast group constraints, 

 --- MultiDimFit ---
Parameter impacts: 
  Parameter               :   Best-fit               r            
  CMS_scale_j_RelativeFSR :   -0.024  -0.808/+0.768  -0.018/+0.092
Done in 0.50 min (cpu), 0.50 min (real)
 <<< Combine >>> 
   Options for Robust Minimizer :: 
        Tolerance  0.1
        Strategy   0
        Type,Algo  Minuit2,Migrad
>>> method used is MultiDimFit
>>> random number generator seed is 123456

 --- MultiDimFit ---
Parameter impacts: 

 --- MultiDimFit ---
Parameter impacts: 
Warning! -- You haven't picked default values for the Parameters of Interest (either with --expectSignal or --setParameters) for generating toys. Combine will use the 'B-only' ModelConfig to generate, which may lead to undesired behaviour if not using the default Physics Model
SimNLL created with 4 channels, 0 generic constraints, 245 fast gaussian constraints, 0 fast poisson constraints, 0 fast group constraints, 
  Parameter                    :   Best-fit               r            
  CMS_scale_t_DM10_2016postVFP :   +0.000  -0.843/+0.842  +0.002/+0.003
Done in 0.46 min (cpu), 0.46 min (real)
 <<< Combine >>> 
   Options for Robust Minimizer :: 
        Tolerance  0.1
        Strategy   0
        Type,Algo  Minuit2,Migrad
>>> method used is MultiDimFit
>>> random number generator seed is 123456
  Parameter                       :   Best-fit               r            
  CMS_scale_j_RelativeJEREC2_2018 :   +0.000  -0.995/+0.995  -0.001/-0.001
Done in 0.61 min (cpu), 0.61 min (real)
 <<< Combine >>> 
   Options for Robust Minimizer :: 
        Tolerance  0.1
        Strategy   0
        Type,Algo  Minuit2,Migrad
>>> method used is MultiDimFit
>>> random number generator seed is 123456
Warning! -- You haven't picked default values for the Parameters of Interest (either with --expectSignal or --setParameters) for generating toys. Combine will use the 'B-only' ModelConfig to generate, which may lead to undesired behaviour if not using the default Physics Model
SimNLL created with 4 channels, 0 generic constraints, 245 fast gaussian constraints, 0 fast poisson constraints, 0 fast group constraints, 
Warning! -- You haven't picked default values for the Parameters of Interest (either with --expectSignal or --setParameters) for generating toys. Combine will use the 'B-only' ModelConfig to generate, which may lead to undesired behaviour if not using the default Physics Model
SimNLL created with 4 channels, 0 generic constraints, 245 fast gaussian constraints, 0 fast poisson constraints, 0 fast group constraints, 

 --- MultiDimFit ---
Parameter impacts: 

 --- MultiDimFit ---
Parameter impacts: 
  Parameter                              :   Best-fit               r            
  CMS_scale_j_RelativeStatEC_2016postVFP :   +0.004  -0.989/+0.989  +0.000/-0.005
Done in 0.58 min (cpu), 0.59 min (real)
 <<< Combine >>> 
   Options for Robust Minimizer :: 
        Tolerance  0.1
        Strategy   0
        Type,Algo  Minuit2,Migrad
>>> method used is MultiDimFit
>>> random number generator seed is 123456
  Parameter                            :   Best-fit               r            
  CMS_scale_j_RelativePtEC2_2016preVFP :   +0.000  -0.995/+0.995  -0.001/-0.001
Done in 0.48 min (cpu), 0.49 min (real)
 <<< Combine >>> 
   Options for Robust Minimizer :: 
        Tolerance  0.1
        Strategy   0
        Type,Algo  Minuit2,Migrad
>>> method used is MultiDimFit
>>> random number generator seed is 123456
Warning! -- You haven't picked default values for the Parameters of Interest (either with --expectSignal or --setParameters) for generating toys. Combine will use the 'B-only' ModelConfig to generate, which may lead to undesired behaviour if not using the default Physics Model
SimNLL created with 4 channels, 0 generic constraints, 245 fast gaussian constraints, 0 fast poisson constraints, 0 fast group constraints, 
Warning! -- You haven't picked default values for the Parameters of Interest (either with --expectSignal or --setParameters) for generating toys. Combine will use the 'B-only' ModelConfig to generate, which may lead to undesired behaviour if not using the default Physics Model
SimNLL created with 4 channels, 0 generic constraints, 245 fast gaussian constraints, 0 fast poisson constraints, 0 fast group constraints, 

 --- MultiDimFit ---
Parameter impacts: 

 --- MultiDimFit ---
Parameter impacts: 
  Parameter                                   :   Best-fit               r            
  CMS_scale_met_unclustered_energy_2016preVFP :   +0.074  -0.741/+0.804  +0.071/-0.002
Done in 0.60 min (cpu), 0.61 min (real)
  Parameter                              :   Best-fit               r            
  CMS_scale_j_RelativeJEREC1_2016postVFP :   +0.025  -0.786/+0.802  +0.026/+0.002
Done in 0.44 min (cpu), 0.45 min (real)
 <<< Combine >>> 
   Options for Robust Minimizer :: 
        Tolerance  0.1
        Strategy   0
        Type,Algo  Minuit2,Migrad
>>> method used is MultiDimFit
>>> random number generator seed is 123456
 <<< Combine >>> 
   Options for Robust Minimizer :: 
        Tolerance  0.1
        Strategy   0
        Type,Algo  Minuit2,Migrad
>>> method used is MultiDimFit
>>> random number generator seed is 123456

 --- MultiDimFit ---
Parameter impacts: 

 --- MultiDimFit ---
Parameter impacts: 
Warning! -- You haven't picked default values for the Parameters of Interest (either with --expectSignal or --setParameters) for generating toys. Combine will use the 'B-only' ModelConfig to generate, which may lead to undesired behaviour if not using the default Physics Model
SimNLL created with 4 channels, 0 generic constraints, 245 fast gaussian constraints, 0 fast poisson constraints, 0 fast group constraints, 
Warning! -- You haven't picked default values for the Parameters of Interest (either with --expectSignal or --setParameters) for generating toys. Combine will use the 'B-only' ModelConfig to generate, which may lead to undesired behaviour if not using the default Physics Model
SimNLL created with 4 channels, 0 generic constraints, 245 fast gaussian constraints, 0 fast poisson constraints, 0 fast group constraints, 
  Parameter                              :   Best-fit               r            
  CMS_scale_j_RelativeStatHF_2016postVFP :   +0.000  -0.995/+0.995  -0.001/-0.001
Done in 0.61 min (cpu), 0.62 min (real)
 <<< Combine >>> 
   Options for Robust Minimizer :: 
        Tolerance  0.1
        Strategy   0
        Type,Algo  Minuit2,Migrad
>>> method used is MultiDimFit
>>> random number generator seed is 123456
  Parameter                  :   Best-fit               r            
  CMS_scale_t_DM1_2016preVFP :   +0.074  -0.941/+0.956  +0.029/-0.025
Done in 0.58 min (cpu), 0.58 min (real)
 <<< Combine >>> 
   Options for Robust Minimizer :: 
        Tolerance  0.1
        Strategy   0
        Type,Algo  Minuit2,Migrad
>>> method used is MultiDimFit
>>> random number generator seed is 123456
Warning! -- You haven't picked default values for the Parameters of Interest (either with --expectSignal or --setParameters) for generating toys. Combine will use the 'B-only' ModelConfig to generate, which may lead to undesired behaviour if not using the default Physics Model
SimNLL created with 4 channels, 0 generic constraints, 245 fast gaussian constraints, 0 fast poisson constraints, 0 fast group constraints, 
Warning! -- You haven't picked default values for the Parameters of Interest (either with --expectSignal or --setParameters) for generating toys. Combine will use the 'B-only' ModelConfig to generate, which may lead to undesired behaviour if not using the default Physics Model
SimNLL created with 4 channels, 0 generic constraints, 245 fast gaussian constraints, 0 fast poisson constraints, 0 fast group constraints, 

 --- MultiDimFit ---
Parameter impacts: 
  Parameter                 :   Best-fit               r            
  CMS_scale_j_RelativeJERHF :   +0.000  -0.997/+0.997  -0.001/-0.001
Done in 0.59 min (cpu), 0.59 min (real)
 <<< Combine >>> 
   Options for Robust Minimizer :: 
        Tolerance  0.1
        Strategy   0
        Type,Algo  Minuit2,Migrad
>>> method used is MultiDimFit
>>> random number generator seed is 123456
Warning! -- You haven't picked default values for the Parameters of Interest (either with --expectSignal or --setParameters) for generating toys. Combine will use the 'B-only' ModelConfig to generate, which may lead to undesired behaviour if not using the default Physics Model
SimNLL created with 4 channels, 0 generic constraints, 245 fast gaussian constraints, 0 fast poisson constraints, 0 fast group constraints, 

 --- MultiDimFit ---
Parameter impacts: 
  Parameter                   :   Best-fit               r            
  CMS_scale_t_DM10_2016preVFP :   +0.035  -1.066/+1.050  -0.010/-0.012
Done in 0.68 min (cpu), 0.69 min (real)

 --- MultiDimFit ---
Parameter impacts: 
 <<< Combine >>> 
   Options for Robust Minimizer :: 
        Tolerance  0.1
        Strategy   0
        Type,Algo  Minuit2,Migrad
>>> method used is MultiDimFit
>>> random number generator seed is 123456

 --- MultiDimFit ---
Parameter impacts: 
Warning! -- You haven't picked default values for the Parameters of Interest (either with --expectSignal or --setParameters) for generating toys. Combine will use the 'B-only' ModelConfig to generate, which may lead to undesired behaviour if not using the default Physics Model
SimNLL created with 4 channels, 0 generic constraints, 245 fast gaussian constraints, 0 fast poisson constraints, 0 fast group constraints, 
  Parameter                      :   Best-fit               r            
  CMS_scale_j_RelativePtEC2_2017 :   +0.000  -0.996/+0.996  -0.001/-0.001
Done in 0.55 min (cpu), 0.55 min (real)
 <<< Combine >>> 
   Options for Robust Minimizer :: 
        Tolerance  0.1
        Strategy   0
        Type,Algo  Minuit2,Migrad
>>> method used is MultiDimFit
>>> random number generator seed is 123456
  Parameter                             :   Best-fit               r            
  CMS_scale_j_RelativeStatEC_2016preVFP :   -0.042  -0.908/+0.883  +0.002/+0.006
Done in 0.59 min (cpu), 0.60 min (real)
Warning! -- You haven't picked default values for the Parameters of Interest (either with --expectSignal or --setParameters) for generating toys. Combine will use the 'B-only' ModelConfig to generate, which may lead to undesired behaviour if not using the default Physics Model
 <<< Combine >>> 
   Options for Robust Minimizer :: 
        Tolerance  0.1
        Strategy   0
        Type,Algo  Minuit2,Migrad
>>> method used is MultiDimFit
>>> random number generator seed is 123456
SimNLL created with 4 channels, 0 generic constraints, 245 fast gaussian constraints, 0 fast poisson constraints, 0 fast group constraints, 
Warning! -- You haven't picked default values for the Parameters of Interest (either with --expectSignal or --setParameters) for generating toys. Combine will use the 'B-only' ModelConfig to generate, which may lead to undesired behaviour if not using the default Physics Model
SimNLL created with 4 channels, 0 generic constraints, 245 fast gaussian constraints, 0 fast poisson constraints, 0 fast group constraints, 

 --- MultiDimFit ---
Parameter impacts: 

 --- MultiDimFit ---
Parameter impacts: 

 --- MultiDimFit ---
Parameter impacts: 
  Parameter                             :   Best-fit               r            
  CMS_scale_met_unclustered_energy_2017 :   -0.003  -0.921/+0.916  -0.006/-0.004
Done in 0.54 min (cpu), 0.55 min (real)
 <<< Combine >>> 
   Options for Robust Minimizer :: 
        Tolerance  0.1
        Strategy   0
        Type,Algo  Minuit2,Migrad
>>> method used is MultiDimFit
>>> random number generator seed is 123456
  Parameter                             :   Best-fit               r            
  CMS_scale_j_RelativeStatHF_2016preVFP :   +0.000  -0.995/+0.995  -0.001/-0.001
Done in 0.50 min (cpu), 0.51 min (real)
 <<< Combine >>> 
   Options for Robust Minimizer :: 
        Tolerance  0.1
        Strategy   0
        Type,Algo  Minuit2,Migrad
>>> method used is MultiDimFit
>>> random number generator seed is 123456
  Parameter                             :   Best-fit               r            
  CMS_scale_j_RelativeJEREC1_2016preVFP :   -0.001  -0.929/+0.928  +0.004/+0.005
Done in 0.57 min (cpu), 0.58 min (real)
 <<< Combine >>> 
   Options for Robust Minimizer :: 
        Tolerance  0.1
        Strategy   0
        Type,Algo  Minuit2,Migrad
>>> method used is MultiDimFit
>>> random number generator seed is 123456
Warning! -- You haven't picked default values for the Parameters of Interest (either with --expectSignal or --setParameters) for generating toys. Combine will use the 'B-only' ModelConfig to generate, which may lead to undesired behaviour if not using the default Physics Model
SimNLL created with 4 channels, 0 generic constraints, 245 fast gaussian constraints, 0 fast poisson constraints, 0 fast group constraints, 
Warning! -- You haven't picked default values for the Parameters of Interest (either with --expectSignal or --setParameters) for generating toys. Combine will use the 'B-only' ModelConfig to generate, which may lead to undesired behaviour if not using the default Physics Model
SimNLL created with 4 channels, 0 generic constraints, 245 fast gaussian constraints, 0 fast poisson constraints, 0 fast group constraints, 
Warning! -- You haven't picked default values for the Parameters of Interest (either with --expectSignal or --setParameters) for generating toys. Combine will use the 'B-only' ModelConfig to generate, which may lead to undesired behaviour if not using the default Physics Model
SimNLL created with 4 channels, 0 generic constraints, 245 fast gaussian constraints, 0 fast poisson constraints, 0 fast group constraints, 

 --- MultiDimFit ---
Parameter impacts: 
  Parameter            :   Best-fit               r            
  CMS_scale_t_DM1_2017 :   +0.011  -0.893/+0.896  -0.008/-0.000
Done in 0.62 min (cpu), 0.63 min (real)
 <<< Combine >>> 
   Options for Robust Minimizer :: 
        Tolerance  0.1
        Strategy   0
        Type,Algo  Minuit2,Migrad
>>> method used is MultiDimFit
>>> random number generator seed is 123456

 --- MultiDimFit ---
Parameter impacts: 
Warning! -- You haven't picked default values for the Parameters of Interest (either with --expectSignal or --setParameters) for generating toys. Combine will use the 'B-only' ModelConfig to generate, which may lead to undesired behaviour if not using the default Physics Model
SimNLL created with 4 channels, 0 generic constraints, 245 fast gaussian constraints, 0 fast poisson constraints, 0 fast group constraints, 
  Parameter                :   Best-fit               r            
  CMS_scale_j_RelativePtBB :   +0.007  -0.881/+0.884  -0.004/+0.031
Done in 0.53 min (cpu), 0.53 min (real)
 <<< Combine >>> 
   Options for Robust Minimizer :: 
        Tolerance  0.1
        Strategy   0
        Type,Algo  Minuit2,Migrad
>>> method used is MultiDimFit
>>> random number generator seed is 123456
Warning! -- You haven't picked default values for the Parameters of Interest (either with --expectSignal or --setParameters) for generating toys. Combine will use the 'B-only' ModelConfig to generate, which may lead to undesired behaviour if not using the default Physics Model
SimNLL created with 4 channels, 0 generic constraints, 245 fast gaussian constraints, 0 fast poisson constraints, 0 fast group constraints, 

 --- MultiDimFit ---
Parameter impacts: 
  Parameter             :   Best-fit               r            
  CMS_scale_t_DM10_2017 :   -0.000  -0.859/+0.859  +0.000/-0.004
Done in 0.55 min (cpu), 0.55 min (real)
 <<< Combine >>> 
   Options for Robust Minimizer :: 
        Tolerance  0.1
        Strategy   0
        Type,Algo  Minuit2,Migrad
>>> method used is MultiDimFit
>>> random number generator seed is 123456

 --- MultiDimFit ---
Parameter impacts: 
Warning! -- You haven't picked default values for the Parameters of Interest (either with --expectSignal or --setParameters) for generating toys. Combine will use the 'B-only' ModelConfig to generate, which may lead to undesired behaviour if not using the default Physics Model
SimNLL created with 4 channels, 0 generic constraints, 245 fast gaussian constraints, 0 fast poisson constraints, 0 fast group constraints, 
  Parameter                       :   Best-fit               r            
  CMS_scale_j_RelativeStatEC_2017 :   +0.142  -1.156/+1.049  +0.004/-0.018
Done in 0.54 min (cpu), 0.55 min (real)
 <<< Combine >>> 
   Options for Robust Minimizer :: 
        Tolerance  0.1
        Strategy   0
        Type,Algo  Minuit2,Migrad
>>> method used is MultiDimFit
>>> random number generator seed is 123456
Warning! -- You haven't picked default values for the Parameters of Interest (either with --expectSignal or --setParameters) for generating toys. Combine will use the 'B-only' ModelConfig to generate, which may lead to undesired behaviour if not using the default Physics Model
SimNLL created with 4 channels, 0 generic constraints, 245 fast gaussian constraints, 0 fast poisson constraints, 0 fast group constraints, 

 --- MultiDimFit ---
Parameter impacts: 
  Parameter                      :   Best-fit               r            
  CMS_scale_j_RelativePtEC2_2018 :   +0.000  -0.995/+0.995  -0.001/-0.001
Done in 0.66 min (cpu), 0.67 min (real)
 <<< Combine >>> 
   Options for Robust Minimizer :: 
        Tolerance  0.1
        Strategy   0
        Type,Algo  Minuit2,Migrad
>>> method used is MultiDimFit
>>> random number generator seed is 123456
Warning! -- You haven't picked default values for the Parameters of Interest (either with --expectSignal or --setParameters) for generating toys. Combine will use the 'B-only' ModelConfig to generate, which may lead to undesired behaviour if not using the default Physics Model
SimNLL created with 4 channels, 0 generic constraints, 245 fast gaussian constraints, 0 fast poisson constraints, 0 fast group constraints, 

 --- MultiDimFit ---
Parameter impacts: 

 --- MultiDimFit ---
Parameter impacts: 
  Parameter                             :   Best-fit               r            
  CMS_scale_met_unclustered_energy_2018 :   -0.057  -1.041/+1.062  -0.002/+0.006
Done in 0.58 min (cpu), 0.58 min (real)
 <<< Combine >>> 
   Options for Robust Minimizer :: 
        Tolerance  0.1
        Strategy   0
        Type,Algo  Minuit2,Migrad
>>> method used is MultiDimFit
>>> random number generator seed is 123456
Warning! -- You haven't picked default values for the Parameters of Interest (either with --expectSignal or --setParameters) for generating toys. Combine will use the 'B-only' ModelConfig to generate, which may lead to undesired behaviour if not using the default Physics Model
  Parameter                       :   Best-fit               r            
  CMS_scale_j_RelativeStatHF_2017 :   +0.000  -0.996/+0.996  -0.001/-0.001
Done in 0.59 min (cpu), 0.60 min (real)
SimNLL created with 4 channels, 0 generic constraints, 245 fast gaussian constraints, 0 fast poisson constraints, 0 fast group constraints, 
 <<< Combine >>> 
   Options for Robust Minimizer :: 
        Tolerance  0.1
        Strategy   0
        Type,Algo  Minuit2,Migrad
>>> method used is MultiDimFit
>>> random number generator seed is 123456

 --- MultiDimFit ---
Parameter impacts: 
Warning! -- You haven't picked default values for the Parameters of Interest (either with --expectSignal or --setParameters) for generating toys. Combine will use the 'B-only' ModelConfig to generate, which may lead to undesired behaviour if not using the default Physics Model
SimNLL created with 4 channels, 0 generic constraints, 245 fast gaussian constraints, 0 fast poisson constraints, 0 fast group constraints, 
  Parameter            :   Best-fit               r            
  CMS_scale_t_DM1_2018 :   -0.023  -0.969/+0.963  +0.004/-0.000
Done in 0.55 min (cpu), 0.55 min (real)
 <<< Combine >>> 
   Options for Robust Minimizer :: 
        Tolerance  0.1
        Strategy   0
        Type,Algo  Minuit2,Migrad
>>> method used is MultiDimFit
>>> random number generator seed is 123456

 --- MultiDimFit ---
Parameter impacts: 

 --- MultiDimFit ---
Parameter impacts: 
Warning! -- You haven't picked default values for the Parameters of Interest (either with --expectSignal or --setParameters) for generating toys. Combine will use the 'B-only' ModelConfig to generate, which may lead to undesired behaviour if not using the default Physics Model
SimNLL created with 4 channels, 0 generic constraints, 245 fast gaussian constraints, 0 fast poisson constraints, 0 fast group constraints, 
  Parameter                       :   Best-fit               r            
  CMS_scale_j_RelativeJEREC1_2017 :   +0.092  -1.022/+1.003  +0.005/-0.002
Done in 0.70 min (cpu), 0.70 min (real)
 <<< Combine >>> 
   Options for Robust Minimizer :: 
        Tolerance  0.1
        Strategy   0
        Type,Algo  Minuit2,Migrad
>>> method used is MultiDimFit
>>> random number generator seed is 123456
  Parameter                             :   Best-fit               r            
  CMS_scale_j_RelativePtEC1_2016postVFP :   -0.001  -0.996/+0.996  +0.001/+0.000
Done in 0.54 min (cpu), 0.55 min (real)
 <<< Combine >>> 
   Options for Robust Minimizer :: 
        Tolerance  0.1
        Strategy   0
        Type,Algo  Minuit2,Migrad
>>> method used is MultiDimFit
>>> random number generator seed is 123456
Warning! -- You haven't picked default values for the Parameters of Interest (either with --expectSignal or --setParameters) for generating toys. Combine will use the 'B-only' ModelConfig to generate, which may lead to undesired behaviour if not using the default Physics Model
SimNLL created with 4 channels, 0 generic constraints, 245 fast gaussian constraints, 0 fast poisson constraints, 0 fast group constraints, 
Warning! -- You haven't picked default values for the Parameters of Interest (either with --expectSignal or --setParameters) for generating toys. Combine will use the 'B-only' ModelConfig to generate, which may lead to undesired behaviour if not using the default Physics Model
SimNLL created with 4 channels, 0 generic constraints, 245 fast gaussian constraints, 0 fast poisson constraints, 0 fast group constraints, 

 --- MultiDimFit ---
Parameter impacts: 
  Parameter                       :   Best-fit               r            
  CMS_scale_j_RelativeStatEC_2018 :   -0.046  -0.984/+0.981  +0.005/+0.004
Done in 0.50 min (cpu), 0.50 min (real)
 <<< Combine >>> 
   Options for Robust Minimizer :: 
        Tolerance  0.1
        Strategy   0
        Type,Algo  Minuit2,Migrad
>>> method used is MultiDimFit
>>> random number generator seed is 123456
Warning! -- You haven't picked default values for the Parameters of Interest (either with --expectSignal or --setParameters) for generating toys. Combine will use the 'B-only' ModelConfig to generate, which may lead to undesired behaviour if not using the default Physics Model
SimNLL created with 4 channels, 0 generic constraints, 245 fast gaussian constraints, 0 fast poisson constraints, 0 fast group constraints, 

 --- MultiDimFit ---
Parameter impacts: 
  Parameter             :   Best-fit               r            
  CMS_scale_t_DM10_2018 :   +0.035  -1.014/+1.012  +0.004/-0.000
Done in 0.67 min (cpu), 0.67 min (real)
 <<< Combine >>> 
   Options for Robust Minimizer :: 
        Tolerance  0.1
        Strategy   0
        Type,Algo  Minuit2,Migrad
>>> method used is MultiDimFit
>>> random number generator seed is 123456
Warning! -- You haven't picked default values for the Parameters of Interest (either with --expectSignal or --setParameters) for generating toys. Combine will use the 'B-only' ModelConfig to generate, which may lead to undesired behaviour if not using the default Physics Model

 --- MultiDimFit ---
Parameter impacts: 
SimNLL created with 4 channels, 0 generic constraints, 245 fast gaussian constraints, 0 fast poisson constraints, 0 fast group constraints, 
  Parameter                :   Best-fit               r            
  CMS_scale_j_RelativePtHF :   +0.000  -0.997/+0.997  -0.001/-0.001
Done in 0.59 min (cpu), 0.59 min (real)
 <<< Combine >>> 
   Options for Robust Minimizer :: 
        Tolerance  0.1
        Strategy   0
        Type,Algo  Minuit2,Migrad
>>> method used is MultiDimFit
>>> random number generator seed is 123456

 --- MultiDimFit ---
Parameter impacts: 
Warning! -- You haven't picked default values for the Parameters of Interest (either with --expectSignal or --setParameters) for generating toys. Combine will use the 'B-only' ModelConfig to generate, which may lead to undesired behaviour if not using the default Physics Model
SimNLL created with 4 channels, 0 generic constraints, 245 fast gaussian constraints, 0 fast poisson constraints, 0 fast group constraints, 
  Parameter                   :   Best-fit               r            
  CMS_scale_t_DM0_2016postVFP :   +0.001  -0.821/+0.822  +0.011/+0.007
Done in 0.49 min (cpu), 0.49 min (real)
 <<< Combine >>> 
   Options for Robust Minimizer :: 
        Tolerance  0.1
        Strategy   0
        Type,Algo  Minuit2,Migrad
>>> method used is MultiDimFit
>>> random number generator seed is 123456
Warning! -- You haven't picked default values for the Parameters of Interest (either with --expectSignal or --setParameters) for generating toys. Combine will use the 'B-only' ModelConfig to generate, which may lead to undesired behaviour if not using the default Physics Model
SimNLL created with 4 channels, 0 generic constraints, 245 fast gaussian constraints, 0 fast poisson constraints, 0 fast group constraints, 

 --- MultiDimFit ---
Parameter impacts: 

 --- MultiDimFit ---
Parameter impacts: 

 --- MultiDimFit ---
Parameter impacts: 

 --- MultiDimFit ---
  Parameter                            :   Best-fit               r            
  CMS_scale_j_RelativePtEC1_2016preVFP :   +0.006  -1.001/+1.000  -0.001/-0.002
Done in 0.56 min (cpu), 0.56 min (real)
Parameter impacts: 

 --- MultiDimFit ---

 --- MultiDimFit ---
Parameter impacts: 

 --- MultiDimFit ---
Parameter impacts: 

 --- MultiDimFit ---
Parameter impacts: 
Parameter impacts: 
>> combine -M MultiDimFit -n _paramFit_Test_CMS_eff_t_vsJet_stat1_dm0_2016preVFP --algo impact --redefineSignalPOIs r -P CMS_eff_t_vsJet_stat1_dm0_2016preVFP --floatOtherPOIs 1 --saveInactivePOI 1 --robustFit 1 -m 125 -d /workfs2/cms/huahuil/CMSSW_10_6_20/src/FourTop/hua/combine/combinationV18/run2_1tau1l_v4_unblind/workspace/datacard.root
>> combine -M MultiDimFit -n _paramFit_Test_CMS_eff_t_vsJet_stat1_dm0_2017 --algo impact --redefineSignalPOIs r -P CMS_eff_t_vsJet_stat1_dm0_2017 --floatOtherPOIs 1 --saveInactivePOI 1 --robustFit 1 -m 125 -d /workfs2/cms/huahuil/CMSSW_10_6_20/src/FourTop/hua/combine/combinationV18/run2_1tau1l_v4_unblind/workspace/datacard.root
>> combine -M MultiDimFit -n _paramFit_Test_CMS_eff_t_vsJet_stat1_dm0_2018 --algo impact --redefineSignalPOIs r -P CMS_eff_t_vsJet_stat1_dm0_2018 --floatOtherPOIs 1 --saveInactivePOI 1 --robustFit 1 -m 125 -d /workfs2/cms/huahuil/CMSSW_10_6_20/src/FourTop/hua/combine/combinationV18/run2_1tau1l_v4_unblind/workspace/datacard.root
>> combine -M MultiDimFit -n _paramFit_Test_CMS_eff_t_vsJet_stat1_dm10_2016postVFP --algo impact --redefineSignalPOIs r -P CMS_eff_t_vsJet_stat1_dm10_2016postVFP --floatOtherPOIs 1 --saveInactivePOI 1 --robustFit 1 -m 125 -d /workfs2/cms/huahuil/CMSSW_10_6_20/src/FourTop/hua/combine/combinationV18/run2_1tau1l_v4_unblind/workspace/datacard.root
>> combine -M MultiDimFit -n _paramFit_Test_CMS_eff_t_vsJet_stat1_dm10_2016preVFP --algo impact --redefineSignalPOIs r -P CMS_eff_t_vsJet_stat1_dm10_2016preVFP --floatOtherPOIs 1 --saveInactivePOI 1 --robustFit 1 -m 125 -d /workfs2/cms/huahuil/CMSSW_10_6_20/src/FourTop/hua/combine/combinationV18/run2_1tau1l_v4_unblind/workspace/datacard.root
>> combine -M MultiDimFit -n _paramFit_Test_CMS_eff_t_vsJet_stat1_dm10_2017 --algo impact --redefineSignalPOIs r -P CMS_eff_t_vsJet_stat1_dm10_2017 --floatOtherPOIs 1 --saveInactivePOI 1 --robustFit 1 -m 125 -d /workfs2/cms/huahuil/CMSSW_10_6_20/src/FourTop/hua/combine/combinationV18/run2_1tau1l_v4_unblind/workspace/datacard.root
>> combine -M MultiDimFit -n _paramFit_Test_CMS_eff_t_vsJet_stat1_dm10_2018 --algo impact --redefineSignalPOIs r -P CMS_eff_t_vsJet_stat1_dm10_2018 --floatOtherPOIs 1 --saveInactivePOI 1 --robustFit 1 -m 125 -d /workfs2/cms/huahuil/CMSSW_10_6_20/src/FourTop/hua/combine/combinationV18/run2_1tau1l_v4_unblind/workspace/datacard.root
>> combine -M MultiDimFit -n _paramFit_Test_CMS_eff_t_vsJet_stat1_dm11_2016postVFP --algo impact --redefineSignalPOIs r -P CMS_eff_t_vsJet_stat1_dm11_2016postVFP --floatOtherPOIs 1 --saveInactivePOI 1 --robustFit 1 -m 125 -d /workfs2/cms/huahuil/CMSSW_10_6_20/src/FourTop/hua/combine/combinationV18/run2_1tau1l_v4_unblind/workspace/datacard.root
>> combine -M MultiDimFit -n _paramFit_Test_CMS_eff_t_vsJet_stat2_dm11_2016preVFP --algo impact --redefineSignalPOIs r -P CMS_eff_t_vsJet_stat2_dm11_2016preVFP --floatOtherPOIs 1 --saveInactivePOI 1 --robustFit 1 -m 125 -d /workfs2/cms/huahuil/CMSSW_10_6_20/src/FourTop/hua/combine/combinationV18/run2_1tau1l_v4_unblind/workspace/datacard.root
>> combine -M MultiDimFit -n _paramFit_Test_CMS_eff_t_vsJet_stat2_dm11_2017 --algo impact --redefineSignalPOIs r -P CMS_eff_t_vsJet_stat2_dm11_2017 --floatOtherPOIs 1 --saveInactivePOI 1 --robustFit 1 -m 125 -d /workfs2/cms/huahuil/CMSSW_10_6_20/src/FourTop/hua/combine/combinationV18/run2_1tau1l_v4_unblind/workspace/datacard.root
>> combine -M MultiDimFit -n _paramFit_Test_CMS_eff_t_vsJet_stat2_dm11_2018 --algo impact --redefineSignalPOIs r -P CMS_eff_t_vsJet_stat2_dm11_2018 --floatOtherPOIs 1 --saveInactivePOI 1 --robustFit 1 -m 125 -d /workfs2/cms/huahuil/CMSSW_10_6_20/src/FourTop/hua/combine/combinationV18/run2_1tau1l_v4_unblind/workspace/datacard.root
>> combine -M MultiDimFit -n _paramFit_Test_CMS_eff_t_vsJet_stat2_dm1_2016postVFP --algo impact --redefineSignalPOIs r -P CMS_eff_t_vsJet_stat2_dm1_2016postVFP --floatOtherPOIs 1 --saveInactivePOI 1 --robustFit 1 -m 125 -d /workfs2/cms/huahuil/CMSSW_10_6_20/src/FourTop/hua/combine/combinationV18/run2_1tau1l_v4_unblind/workspace/datacard.root
>> combine -M MultiDimFit -n _paramFit_Test_CMS_eff_t_vsJet_stat2_dm1_2016preVFP --algo impact --redefineSignalPOIs r -P CMS_eff_t_vsJet_stat2_dm1_2016preVFP --floatOtherPOIs 1 --saveInactivePOI 1 --robustFit 1 -m 125 -d /workfs2/cms/huahuil/CMSSW_10_6_20/src/FourTop/hua/combine/combinationV18/run2_1tau1l_v4_unblind/workspace/datacard.root
>> combine -M MultiDimFit -n _paramFit_Test_CMS_eff_t_vsJet_stat2_dm1_2017 --algo impact --redefineSignalPOIs r -P CMS_eff_t_vsJet_stat2_dm1_2017 --floatOtherPOIs 1 --saveInactivePOI 1 --robustFit 1 -m 125 -d /workfs2/cms/huahuil/CMSSW_10_6_20/src/FourTop/hua/combine/combinationV18/run2_1tau1l_v4_unblind/workspace/datacard.root
>> combine -M MultiDimFit -n _paramFit_Test_CMS_eff_t_vsJet_stat2_dm1_2018 --algo impact --redefineSignalPOIs r -P CMS_eff_t_vsJet_stat2_dm1_2018 --floatOtherPOIs 1 --saveInactivePOI 1 --robustFit 1 -m 125 -d /workfs2/cms/huahuil/CMSSW_10_6_20/src/FourTop/hua/combine/combinationV18/run2_1tau1l_v4_unblind/workspace/datacard.root
>> combine -M MultiDimFit -n _paramFit_Test_CMS_eff_t_vsJet_syst_2016postVFP --algo impact --redefineSignalPOIs r -P CMS_eff_t_vsJet_syst_2016postVFP --floatOtherPOIs 1 --saveInactivePOI 1 --robustFit 1 -m 125 -d /workfs2/cms/huahuil/CMSSW_10_6_20/src/FourTop/hua/combine/combinationV18/run2_1tau1l_v4_unblind/workspace/datacard.root
>> combine -M MultiDimFit -n _paramFit_Test_CMS_scale_j_RelativeJEREC2_2016postVFP --algo impact --redefineSignalPOIs r -P CMS_scale_j_RelativeJEREC2_2016postVFP --floatOtherPOIs 1 --saveInactivePOI 1 --robustFit 1 -m 125 -d /workfs2/cms/huahuil/CMSSW_10_6_20/src/FourTop/hua/combine/combinationV18/run2_1tau1l_v4_unblind/workspace/datacard.root
>> combine -M MultiDimFit -n _paramFit_Test_CMS_scale_j_RelativeJEREC2_2016preVFP --algo impact --redefineSignalPOIs r -P CMS_scale_j_RelativeJEREC2_2016preVFP --floatOtherPOIs 1 --saveInactivePOI 1 --robustFit 1 -m 125 -d /workfs2/cms/huahuil/CMSSW_10_6_20/src/FourTop/hua/combine/combinationV18/run2_1tau1l_v4_unblind/workspace/datacard.root
>> combine -M MultiDimFit -n _paramFit_Test_CMS_scale_j_RelativeJEREC2_2017 --algo impact --redefineSignalPOIs r -P CMS_scale_j_RelativeJEREC2_2017 --floatOtherPOIs 1 --saveInactivePOI 1 --robustFit 1 -m 125 -d /workfs2/cms/huahuil/CMSSW_10_6_20/src/FourTop/hua/combine/combinationV18/run2_1tau1l_v4_unblind/workspace/datacard.root
>> combine -M MultiDimFit -n _paramFit_Test_CMS_scale_j_RelativeJEREC2_2018 --algo impact --redefineSignalPOIs r -P CMS_scale_j_RelativeJEREC2_2018 --floatOtherPOIs 1 --saveInactivePOI 1 --robustFit 1 -m 125 -d /workfs2/cms/huahuil/CMSSW_10_6_20/src/FourTop/hua/combine/combinationV18/run2_1tau1l_v4_unblind/workspace/datacard.root
>> combine -M MultiDimFit -n _paramFit_Test_CMS_scale_j_RelativeJERHF --algo impact --redefineSignalPOIs r -P CMS_scale_j_RelativeJERHF --floatOtherPOIs 1 --saveInactivePOI 1 --robustFit 1 -m 125 -d /workfs2/cms/huahuil/CMSSW_10_6_20/src/FourTop/hua/combine/combinationV18/run2_1tau1l_v4_unblind/workspace/datacard.root
>> combine -M MultiDimFit -n _paramFit_Test_CMS_scale_j_RelativePtBB --algo impact --redefineSignalPOIs r -P CMS_scale_j_RelativePtBB --floatOtherPOIs 1 --saveInactivePOI 1 --robustFit 1 -m 125 -d /workfs2/cms/huahuil/CMSSW_10_6_20/src/FourTop/hua/combine/combinationV18/run2_1tau1l_v4_unblind/workspace/datacard.root
>> combine -M MultiDimFit -n _paramFit_Test_CMS_scale_j_RelativePtEC1_2016postVFP --algo impact --redefineSignalPOIs r -P CMS_scale_j_RelativePtEC1_2016postVFP --floatOtherPOIs 1 --saveInactivePOI 1 --robustFit 1 -m 125 -d /workfs2/cms/huahuil/CMSSW_10_6_20/src/FourTop/hua/combine/combinationV18/run2_1tau1l_v4_unblind/workspace/datacard.root
>> combine -M MultiDimFit -n _paramFit_Test_CMS_scale_j_RelativePtEC1_2016preVFP --algo impact --redefineSignalPOIs r -P CMS_scale_j_RelativePtEC1_2016preVFP --floatOtherPOIs 1 --saveInactivePOI 1 --robustFit 1 -m 125 -d /workfs2/cms/huahuil/CMSSW_10_6_20/src/FourTop/hua/combine/combinationV18/run2_1tau1l_v4_unblind/workspace/datacard.root
>> combine -M MultiDimFit -n _paramFit_Test_QCDscale_fac_ttH --algo impact --redefineSignalPOIs r -P QCDscale_fac_ttH --floa  Parameter              :   Best-fit               r            
  QCDscale_fac_singleTop :   -0.015  -0.997/+0.997  +0.004/-0.000
Done in 0.63 min (cpu), 0.63 min (real)
  Parameter                       :   Best-fit               r            
  CMS_scale_j_RelativeStatHF_2018 :   +0.000  -0.995/+0.995  -0.001/-0.001
Done in 0.61 min (cpu), 0.62 min (real)
 <<< Combine >>> 
   Options for Robust Minimizer :: 
        Tolerance  0.1
        Strategy   0
        Type,Algo  Minuit2,Migrad
>>> method used is MultiDimFit
>>> random number generator seed is 123456
 <<< Combine >>> 
   Options for Robust Minimizer :: 
        Tolerance  0.1
        Strategy   0
        Type,Algo  Minuit2,Migrad
>>> method used is MultiDimFit
>>> random number generator seed is 123456
 <<< Combine >>> 
   Options for Robust Minimizer :: 
        Tolerance  0.1
        Strategy   0
        Type,Algo  Minuit2,Migrad
>>> method used is MultiDimFit
>>> random number generator seed is 123456
Warning! -- You haven't picked default values for the Parameters of Interest (either with --expectSignal or --setParameters) for generating toys. Combine will use the 'B-only' ModelConfig to generate, which may lead to undesired behaviour if not using the default Physics Model
Warning! -- You haven't picked default values for the Parameters of Interest (either with --expectSignal or --setParameters) for generating toys. Combine will use the 'B-only' ModelConfig to generate, which may lead to undesired behaviour if not using the default Physics Model
Warning! -- You haven't picked default values for the Parameters of Interest (either with --expectSignal or --setParameters) for generating toys. Combine will use the 'B-only' ModelConfig to generate, which may lead to undesired behaviour if not using the default Physics Model
SimNLL created with 4 channels, 0 generic constraints, 245 fast gaussian constraints, 0 fast poisson constraints, 0 fast group constraints, 
SimNLL created with 4 channels, 0 generic constraints, 245 fast gaussian constraints, 0 fast poisson constraints, 0 fast group constraints, 
SimNLL created with 4 channels, 0 generic constraints, 245 fast gaussian constraints, 0 fast poisson constraints, 0 fast group constraints, 
  Parameter                              :   Best-fit               r            
  CMS_scale_j_RelativeSample_2016postVFP :   -0.002  -0.951/+0.953  +0.008/+0.006
Done in 0.60 min (cpu), 0.77 min (real)
>> combine -M MultiDimFit -n _paramFit_Test_CMS_eff_t_vsJet_stat2_dm0_2016preVFP --algo impact --redefineSignalPOIs r -P CMS_eff_t_vsJet_stat2_dm0_2016preVFP --floatOtherPOIs 1 --saveInactivePOI 1 --robustFit 1 -m 125 -d /workfs2/cms/huahuil/CMSSW_10_6_20/src/FourTop/hua/combine/combinationV18/run2_1tau1l_v4_unblind/workspace/datacard.root
>> combine -M MultiDimFit -n _paramFit_Test_CMS_eff_t_vsJet_stat2_dm0_2017 --algo impact --redefineSignalPOIs r -P CMS_eff_t_vsJet_stat2_dm0_2017 --floatOtherPOIs 1 --saveInactivePOI 1 --robustFit 1 -m 125 -d /workfs2/cms/huahuil/CMSSW_10_6_20/src/FourTop/hua/combine/combinationV18/run2_1tau1l_v4_unblind/workspace/datacard.root
>> combine -M MultiDimFit -n _paramFit_Test_CMS_eff_t_vsJet_stat2_dm0_2018 --algo impact --redefineSignalPOIs r -P CMS_eff_t_vsJet_stat2_dm0_2018 --floatOtherPOIs 1 --saveInactivePOI 1 --robustFit 1 -m 125 -d /workfs2/cms/huahuil/CMSSW_10_6_20/src/FourTop/hua/combine/combinationV18/run2_1tau1l_v4_unblind/workspace/datacard.root
>> combine -M MultiDimFit -n _paramFit_Test_CMS_eff_t_vsJet_stat2_dm10_2016postVFP --algo impact --redefineSignalPOIs r -P CMS_eff_t_vsJet_stat2_dm10_2016postVFP --floatOtherPOIs 1 --saveInactivePOI 1 --robustFit 1 -m 125 -d /workfs2/cms/huahuil/CMSSW_10_6_20/src/FourTop/hua/combine/combinationV18/run2_1tau1l_v4_unblind/workspace/datacard.root
>> combine -M MultiDimFit -n _paramFit_Test_CMS_eff_t_vsJet_stat2_dm10_2016preVFP --algo impact --redefineSignalPOIs r -P CMS_eff_t_vsJet_stat2_dm10_2016preVFP --floatOtherPOIs 1 --saveInactivePOI 1 --robustFit 1 -m 125 -d /workfs2/cms/huahuil/CMSSW_10_6_20/src/FourTop/hua/combine/combinationV18/run2_1tau1l_v4_unblind/workspace/datacard.root
>> combine -M MultiDimFit -n _paramFit_Test_CMS_eff_t_vsJet_stat2_dm10_2017 --algo impact --redefineSignalPOIs r -P CMS_eff_t_vsJet_stat2_dm10_2017 --floatOtherPOIs 1 --saveInactivePOI 1 --robustFit 1 -m 125 -d /workfs2/cms/huahuil/CMSSW_10_6_20/src/FourTop/hua/combine/combinationV18/run2_1tau1l_v4_unblind/workspace/datacard.root
>> combine -M MultiDimFit -n _paramFit_Test_CMS_eff_t_vsJet_stat2_dm10_2018 --algo impact --redefineSignalPOIs r -P CMS_eff_t_vsJet_stat2_dm10_2018 --floatOtherPOIs 1 --saveInactivePOI 1 --robustFit 1 -m 125 -d /workfs2/cms/huahuil/CMSSW_10_6_20/src/FourTop/hua/combine/combinationV18/run2_1tau1l_v4_unblind/workspace/datacard.root
>> combine -M MultiDimFit -n _paramFit_Test_CMS_eff_t_vsJet_stat2_dm11_2016postVFP --algo impact --redefineSignalPOIs r -P CMS_eff_t_vsJet_stat2_dm11_2016postVFP --floatOtherPOIs 1 --saveInactivePOI 1 --robustFit 1 -m 125 -d /workfs2/cms/huahuil/CMSSW_10_6_20/src/FourTop/hua/combine/combinationV18/run2_1tau1l_v4_unblind/workspace/datacard.root
>> combine -M MultiDimFit -n _paramFit_Test_CMS_eff_t_vsJet_syst_2016preVFP --algo impact --redefineSignalPOIs r -P CMS_eff_t_vsJet_syst_2016preVFP --floatOtherPOIs 1 --saveInactivePOI 1 --robustFit 1 -m 125 -d /workfs2/cms/huahuil/CMSSW_10_6_20/src/FourTop/hua/combine/combinationV18/run2_1tau1l_v4_unblind/workspace/datacard.root
>> combine -M MultiDimFit -n _paramFit_Test_CMS_eff_t_vsJet_syst_2017 --algo impact --redefineSignalPOIs r -P CMS_eff_t_vsJet_syst_2017 --floatOtherPOIs 1 --saveInactivePOI 1 --robustFit 1 -m 125 -d /workfs2/cms/huahuil/CMSSW_10_6_20/src/FourTop/hua/combine/combinationV18/run2_1tau1l_v4_unblind/workspace/datacard.root
>> combine -M MultiDimFit -n _paramFit_Test_CMS_eff_t_vsJet_syst_2018 --algo impact --redefineSignalPOIs r -P CMS_eff_t_vsJet_syst_2018 --floatOtherPOIs 1 --saveInactivePOI 1 --robustFit 1 -m 125 -d /workfs2/cms/huahuil/CMSSW_10_6_20/src/FourTop/hua/combine/combinationV18/run2_1tau1l_v4_unblind/workspace/datacard.root
>> combine -M MultiDimFit -n _paramFit_Test_CMS_eff_t_vsJet_syst_alleras --algo impact --redefineSignalPOIs r -P CMS_eff_t_vsJet_syst_alleras --floatOtherPOIs 1 --saveInactivePOI 1 --robustFit 1 -m 125 -d /workfs2/cms/huahuil/CMSSW_10_6_20/src/FourTop/hua/combine/combinationV18/run2_1tau1l_v4_unblind/workspace/datacard.root
>> combine -M MultiDimFit -n _paramFit_Test_CMS_eff_t_vsJet_syst_dm0_2016postVFP --algo impact --redefineSignalPOIs r -P CMS_eff_t_vsJet_syst_dm0_2016postVFP --floatOtherPOIs 1 --saveInactivePOI 1 --robustFit 1 -m 125 -d /workfs2/cms/huahuil/CMSSW_10_6_20/src/FourTop/hua/combine/combinationV18/run2_1tau1l_v4_unblind/workspace/datacard.root
>> combine -M MultiDimFit -n _paramFit_Test_CMS_eff_t_vsJet_syst_dm0_2016preVFP --algo impact --redefineSignalPOIs r -P CMS_eff_t_vsJet_syst_dm0_2016preVFP --floatOtherPOIs 1 --saveInactivePOI 1 --robustFit 1 -m 125 -d /workfs2/cms/huahuil/CMSSW_10_6_20/src/FourTop/hua/combine/combinationV18/run2_1tau1l_v4_unblind/workspace/datacard.root
>> combine -M MultiDimFit -n _paramFit_Test_CMS_eff_t_vsJet_syst_dm0_2017 --algo impact --redefineSignalPOIs r -P CMS_eff_t_vsJet_syst_dm0_2017 --floatOtherPOIs 1 --saveInactivePOI 1 --robustFit 1 -m 125 -d /workfs2/cms/huahuil/CMSSW_10_6_20/src/FourTop/hua/combine/combinationV18/run2_1tau1l_v4_unblind/workspace/datacard.root
>> combine -M MultiDimFit -n _paramFit_Test_CMS_eff_t_vsJet_syst_dm0_2018 --algo impact --redefineSignalPOIs r -P CMS_eff_t_vsJet_syst_dm0_2018 --floatOtherPOIs 1 --saveInactivePOI 1 --robustFit 1 -m 125 -d /workfs2/cms/huahuil/CMSSW_10_6_20/src/FourTop/hua/combine/combinationV18/run2_1tau1l_v4_unblind/workspace/datacard.root
>> combine -M MultiDimFit -n _paramFit_Test_CMS_scale_j_RelativePtEC1_2017 --algo impact --redefineSignalPOIs r -P CMS_scale_j_RelativePtEC1_2017 --floatOtherPOIs 1 --saveInactivePOI 1 --robustFit 1 -m 125 -d /workfs2/cms/huahuil/CMSSW_10_6_20/src/FourTop/hua/combine/combinationV18/run2_1tau1l_v4_unblind/workspace/datacard.root
>> combine -M MultiDimFit -n _paramFit_Test_CMS_scale_j_RelativePtEC1_2018 --algo impact --redefineSignalPOIs r -P CMS_scale_j_RelativePtEC1_2018 --floatOtherPOIs 1 --saveInactivePOI 1 --robustFit 1 -m 125 -d /workfs2/cms/huahuil/CMSSW_10_6_20/src/FourTop/hua/combine/combinationV18/run2_1tau1l_v4_unblind/workspace/datacard.root
>> combine -M MultiDimFit -n _paramFit_Test_CMS_scale_j_RelativePtEC2_2016postVFP --algo impact --redefineSignalPOIs r -P CMS_scale_j_RelativePtEC2_2016postVFP --floatOtherPOIs 1 --saveInactivePOI 1 --robustFit 1 -m 125 -d /workfs2/cms/huahuil/CMSSW_10_6_20/src/FourTop/hua/combine/combinationV18/run2_1tau1l_v4_unblind/workspace/datacard.root
>> combine -M MultiDimFit -n _paramFit_Test_CMS_scale_j_RelativePtEC2_2016preVFP --algo impact --redefineSignalPOIs r -P CMS_scale_j_RelativePtEC2_2016preVFP --floatOtherPOIs 1 --saveInactivePOI 1 --robustFit 1 -m 125 -d /workfs2/cms/huahuil/CMSSW_10_6_20/src/FourTop/hua/combine/combinationV18/run2_1tau1l_v4_unblind/workspace/datacard.root
>> combine -M MultiDimFit -n _paramFit_Test_CMS_scale_j_RelativePtEC2_2017 --algo impact --redefineSignalPOIs r -P CMS_scale_j_RelativePtEC2_2017 --floatOtherPOIs 1 --saveInactivePOI 1 --robustFit 1 -m 125 -d /workfs2/cms/huahuil/CMSSW_10_6_20/src/FourTop/hua/combine/combinationV18/run2_1tau1l_v4_unblind/workspace/datacard.root
>> combine -M MultiDimFit -n _paramFit_Test_CMS_scale_j_RelativePtEC2_2018 --algo impact --redefineSignalPOIs r -P CMS_scale_j_RelativePtEC2_2018 --floatOtherPOIs 1 --saveInactivePOI 1 --robustFit 1 -m 125 -d /workfs2/cms/huahuil/CMSSW_10_6_20/src/FourTop/hua/combine/combinationV18/run2_1tau1l_v4_unblind/workspace/datacard.root
>> combine -M MultiDimFit -n _paramFit_Test_CMS_scale_j_RelativePtHF --algo impact --redefineSignalPOIs r -P CMS_scale_j_RelativePtHF --floatOtherPOIs 1 --saveInactivePOI 1 --robustFit 1 -m 125 -d /workfs2/cms/huahuil/CMSSW_10_6_20/src/FourTop/hua/combine/combinationV18/run2_1tau1l_v4_unblind/workspace/datacard.root
>> combine -M MultiDimFit -n _paramFit_Test_CMS_scale_j_RelativeSample_2016postVFP --algo impact --redefineSignalPOIs r -P CMS_scale_j_RelativeSample_2016postVFP --floatOtherPOIs 1 --saveInactivePOI 1 --robustFit 1 -m 125 -d /workfs2/cms/huahuil/CMSSW_10_6_20/src/FourTop/hua/combine/combinationV18/run2_1tau1l_v4_unblind/workspace/datacard.root
>> combine -M MultiDimFit -n _paramFit_Test_QCDscale_ren_ttZ --algo impact --redefineSignalPOIs r -P QCDscale_ren_ttZ --floatOtherPOIs 1 --saveInactivePOI 1 --robustFit 1 -m 125 -d /wo <<< Combine >>> 
   Options for Robust Minimizer :: 
        Tolerance  0.1
        Strategy   0
        Type,Algo  Minuit2,Migrad
>>> method used is MultiDimFit
>>> random number generator seed is 123456
  Parameter                  :   Best-fit               r            
  CMS_scale_t_DM0_2016preVFP :   +0.058  -0.891/+0.921  +0.016/-0.006
Done in 0.49 min (cpu), 0.73 min (real)
  Parameter                    :   Best-fit               r            
  CMS_scale_t_DM11_2016postVFP :   -0.004  -0.839/+0.837  +0.004/+0.002
Done in 0.48 min (cpu), 0.85 min (real)
  Parameter                       :   Best-fit               r            
  CMS_scale_j_RelativeJEREC1_2018 :   -0.007  -0.985/+0.982  +0.010/+0.006
Done in 0.60 min (cpu), 1.10 min (real)
 <<< Combine >>> 
   Options for Robust Minimizer :: 
        Tolerance  0.1
        Strategy   0
        Type,Algo  Minuit2,Migrad
>>> method used is MultiDimFit
>>> random number generator seed is 123456
  Parameter                               :   Best-fit               r            
  CMS_scale_j_RelativeStatFSR_2016postVFP :   -0.004  -0.978/+0.977  -0.001/-0.003
Done in 0.66 min (cpu), 0.95 min (real)
 <<< Combine >>> 
   Options for Robust Minimizer :: 
        Tolerance  0.1
        Strategy   0
        Type,Algo  Minuit2,Migrad
>>> method used is MultiDimFit
>>> random number generator seed is 123456
>> combine -M MultiDimFit -n _paramFit_Test_CMS_TOP24017_norm_ttH --algo impact --redefineSignalPOIs r -P CMS_TOP24017_norm_ttH --floatOtherPOIs 1 --saveInactivePOI 1 --robustFit 1 -m 125 -d /workfs2/cms/huahuil/CMSSW_10_6_20/src/FourTop/hua/combine/combinationV18/run2_1tau1l_v4_unblind/workspace/datacard.root
>> combine -M MultiDimFit -n _paramFit_Test_CMS_TOP24017_norm_ttW --algo impact --redefineSignalPOIs r -P CMS_TOP24017_norm_ttW --floatOtherPOIs 1 --saveInactivePOI 1 --robustFit 1 -m 125 -d /workfs2/cms/huahuil/CMSSW_10_6_20/src/FourTop/hua/combine/combinationV18/run2_1tau1l_v4_unblind/workspace/datacard.root
>> combine -M MultiDimFit -n _paramFit_Test_CMS_TOP24017_norm_ttZ --algo impact --redefineSignalPOIs r -P CMS_TOP24017_norm_ttZ --floatOtherPOIs 1 --saveInactivePOI 1 --robustFit 1 -m 125 -d /workfs2/cms/huahuil/CMSSW_10_6_20/src/FourTop/hua/combine/combinationV18/run2_1tau1l_v4_unblind/workspace/datacard.root
>> combine -M MultiDimFit -n _paramFit_Test_CMS_TOP24017_norm_tttt --algo impact --redefineSignalPOIs r -P CMS_TOP24017_norm_tttt --floatOtherPOIs 1 --saveInactivePOI 1 --robustFit 1 -m 125 -d /workfs2/cms/huahuil/CMSSW_10_6_20/src/FourTop/hua/combine/combinationV18/run2_1tau1l_v4_unblind/workspace/datacard.root
>> combine -M MultiDimFit -n _paramFit_Test_CMS_TOP24017_ttttSS_eff_e_stat_2016postVFP --algo impact --redefineSignalPOIs r -P CMS_TOP24017_ttttSS_eff_e_stat_2016postVFP --floatOtherPOIs 1 --saveInactivePOI 1 --robustFit 1 -m 125 -d /workfs2/cms/huahuil/CMSSW_10_6_20/src/FourTop/hua/combine/combinationV18/run2_1tau1l_v4_unblind/workspace/datacard.root
>> combine -M MultiDimFit -n _paramFit_Test_CMS_TOP24017_ttttSS_eff_e_stat_2016preVFP --algo impact --redefineSignalPOIs r -P CMS_TOP24017_ttttSS_eff_e_stat_2016preVFP --floatOtherPOIs 1 --saveInactivePOI 1 --robustFit 1 -m 125 -d /workfs2/cms/huahuil/CMSSW_10_6_20/src/FourTop/hua/combine/combinationV18/run2_1tau1l_v4_unblind/workspace/datacard.root
>> combine -M MultiDimFit -n _paramFit_Test_CMS_TOP24017_ttttSS_eff_e_stat_2017 --algo impact --redefineSignalPOIs r -P CMS_TOP24017_ttttSS_eff_e_stat_2017 --floatOtherPOIs 1 --saveInactivePOI 1 --robustFit 1 -m 125 -d /workfs2/cms/huahuil/CMSSW_10_6_20/src/FourTop/hua/combine/combinationV18/run2_1tau1l_v4_unblind/workspace/datacard.root
>> combine -M MultiDimFit -n _paramFit_Test_CMS_TOP24017_ttttSS_eff_e_stat_2018 --algo impact --redefineSignalPOIs r -P CMS_TOP24017_ttttSS_eff_e_stat_2018 --floatOtherPOIs 1 --saveInactivePOI 1 --robustFit 1 -m 125 -d /workfs2/cms/huahuil/CMSSW_10_6_20/src/FourTop/hua/combine/combinationV18/run2_1tau1l_v4_unblind/workspace/datacard.root
>> combine -M MultiDimFit -n _paramFit_Test_CMS_eff_t_vsJet_syst_dm10_2016postVFP --algo impact --redefineSignalPOIs r -P CMS_eff_t_vsJet_syst_dm10_2016postVFP --floatOtherPOIs 1 --saveInactivePOI 1 --robustFit 1 -m 125 -d /workfs2/cms/huahuil/CMSSW_10_6_20/src/FourTop/hua/combine/combinationV18/run2_1tau1l_v4_unblind/workspace/datacard.root
>> combine -M MultiDimFit -n _paramFit_Test_CMS_eff_t_vsJet_syst_dm10_2016preVFP --algo impact --redefineSignalPOIs r -P CMS_eff_t_vsJet_syst_dm10_2016preVFP --floatOtherPOIs 1 --saveInactivePOI 1 --robustFit 1 -m 125 -d /workfs2/cms/huahuil/CMSSW_10_6_20/src/FourTop/hua/combine/combinationV18/run2_1tau1l_v4_unblind/workspace/datacard.root
>> combine -M MultiDimFit -n _paramFit_Test_CMS_eff_t_vsJet_syst_dm10_2017 --algo impact --redefineSignalPOIs r -P CMS_eff_t_vsJet_syst_dm10_2017 --floatOtherPOIs 1 --saveInactivePOI 1 --robustFit 1 -m 125 -d /workfs2/cms/huahuil/CMSSW_10_6_20/src/FourTop/hua/combine/combinationV18/run2_1tau1l_v4_unblind/workspace/datacard.root
>> combine -M MultiDimFit -n _paramFit_Test_CMS_eff_t_vsJet_syst_dm10_2018 --algo impact --redefineSignalPOIs r -P CMS_eff_t_vsJet_syst_dm10_2018 --floatOtherPOIs 1 --saveInactivePOI 1 --robustFit 1 -m 125 -d /workfs2/cms/huahuil/CMSSW_10_6_20/src/FourTop/hua/combine/combinationV18/run2_1tau1l_v4_unblind/workspace/datacard.root
>> combine -M MultiDimFit -n _paramFit_Test_CMS_eff_t_vsJet_syst_dm11_2016postVFP --algo impact --redefineSignalPOIs r -P CMS_eff_t_vsJet_syst_dm11_2016postVFP --floatOtherPOIs 1 --saveInactivePOI 1 --robustFit 1 -m 125 -d /workfs2/cms/huahuil/CMSSW_10_6_20/src/FourTop/hua/combine/combinationV18/run2_1tau1l_v4_unblind/workspace/datacard.root
>> combine -M MultiDimFit -n _paramFit_Test_CMS_eff_t_vsJet_syst_dm11_2016preVFP --algo impact --redefineSignalPOIs r -P CMS_eff_t_vsJet_syst_dm11_2016preVFP --floatOtherPOIs 1 --saveInactivePOI 1 --robustFit 1 -m 125 -d /workfs2/cms/huahuil/CMSSW_10_6_20/src/FourTop/hua/combine/combinationV18/run2_1tau1l_v4_unblind/workspace/datacard.root
>> combine -M MultiDimFit -n _paramFit_Test_CMS_eff_t_vsJet_syst_dm11_2017 --algo impact --redefineSignalPOIs r -P CMS_eff_t_vsJet_syst_dm11_2017 --floatOtherPOIs 1 --saveInactivePOI 1 --robustFit 1 -m 125 -d /workfs2/cms/huahuil/CMSSW_10_6_20/src/FourTop/hua/combine/combinationV18/run2_1tau1l_v4_unblind/workspace/datacard.root
>> combine -M MultiDimFit -n _paramFit_Test_CMS_eff_t_vsJet_syst_dm11_2018 --algo impact --redefineSignalPOIs r -P CMS_eff_t_vsJet_syst_dm11_2018 --floatOtherPOIs 1 --saveInactivePOI 1 --robustFit 1 -m 125 -d /workfs2/cms/huahuil/CMSSW_10_6_20/src/FourTop/hua/combine/combinationV18/run2_1tau1l_v4_unblind/workspace/datacard.root
>> combine -M MultiDimFit -n _paramFit_Test_CMS_scale_j_RelativeSample_2016preVFP --algo impact --redefineSignalPOIs r -P CMS_scale_j_RelativeSample_2016preVFP --floatOtherPOIs 1 --saveInactivePOI 1 --robustFit 1 -m 125 -d /workfs2/cms/huahuil/CMSSW_10_6_20/src/FourTop/hua/combine/combinationV18/run2_1tau1l_v4_unblind/workspace/datacard.root
>> combine -M MultiDimFit -n _paramFit_Test_CMS_scale_j_RelativeSample_2017 --algo impact --redefineSignalPOIs r -P CMS_scale_j_RelativeSample_2017 --floatOtherPOIs 1 --saveInactivePOI 1 --robustFit 1 -m 125 -d /workfs2/cms/huahuil/CMSSW_10_6_20/src/FourTop/hua/combine/combinationV18/run2_1tau1l_v4_unblind/workspace/datacard.root
>> combine -M MultiDimFit -n _paramFit_Test_CMS_scale_j_RelativeSample_2018 --algo impact --redefineSignalPOIs r -P CMS_scale_j_RelativeSample_2018 --floatOtherPOIs 1 --saveInactivePOI 1 --robustFit 1 -m 125 -d /workfs2/cms/huahuil/CMSSW_10_6_20/src/FourTop/hua/combine/combinationV18/run2_1tau1l_v4_unblind/workspace/datacard.root
>> combine -M MultiDimFit -n _paramFit_Test_CMS_scale_j_RelativeStatEC_2016postVFP --algo impact --redefineSignalPOIs r -P CMS_scale_j_RelativeStatEC_2016postVFP --floatOtherPOIs 1 --saveInactivePOI 1 --robustFit 1 -m 125 -d /workfs2/cms/huahuil/CMSSW_10_6_20/src/FourTop/hua/combine/combinationV18/run2_1tau1l_v4_unblind/workspace/datacard.root
>> combine -M MultiDimFit -n _paramFit_Test_CMS_scale_j_RelativeStatEC_2016preVFP --algo impact --redefineSignalPOIs r -P CMS_scale_j_RelativeStatEC_2016preVFP --floatOtherPOIs 1 --saveInactivePOI 1 --robustFit 1 -m 125 -d /workfs2/cms/huahuil/CMSSW_10_6_20/src/FourTop/hua/combine/combinationV18/run2_1tau1l_v4_unblind/workspace/datacard.root
>> combine -M MultiDimFit -n _paramFit_Test_CMS_scale_j_RelativeStatEC_2017 --algo impact --redefineSignalPOIs r -P CMS_scale_j_RelativeStatEC_2017 --floatOtherPOIs 1 --saveInactivePOI 1 --robustFit 1 -m 125 -d /workfs2/cms/huahuil/CMSSW_10_6_20/src/FourTop/hua/combine/combinationV18/run2_1tau1l_v4_unblind/workspace/datacard.root
>> combine -M MultiDimFit -n _paramFit_Test_CMS_scale_j_RelativeStatEC_2018 --algo impact --redefineSignalPOIs r -P CMS_scale_j_RelativeStatEC_2018 --floatOtherPOIs 1 --saveInactivePOI 1 --robustFit 1 -m 125 -d /workfs2/cms/huahuil/CMSSW_10_6_20/src/FourTop/hua/combine/combinationV18/run2_1tau1l_v4_unblind/workspace/datacard.root
>> combine -M MultiDimFit -n _paramFit_Test_CMS_scale_j_RelativeStatFSR_2016postVFP --algo impact --redefineSignalPOIs r -P CMS_scale_j_RelativeStatFSR_2016postVFP --floatOtherPOIs 1 --saveInactivePOI 1 --robustFit 1 -m 125 -d /workfs2/cms/huahuil/CMSSW_10_6_20/src/FourTop/hua/combine/combinationV18/run2_1tau1l_v4_unblind/workspace/datacard.root
>> combine -M MultiDimFit -n _paramFit_Test_prop_binSR1tau1l_2017_bin0 --algo impact --redefineSignalPOIs r -P prop_binSR1tau1l_2017_bin0 --floatOtherPOIs <<< Combine >>> 
   Options for Robust Minimizer :: 
        Tolerance  0.1
        Strategy   0
        Type,Algo  Minuit2,Migrad
>>> method used is MultiDimFit
>>> random number generator seed is 123456
 <<< Combine >>> 
   Options for Robust Minimizer :: 
        Tolerance  0.1
        Strategy   0
        Type,Algo  Minuit2,Migrad
>>> method used is MultiDimFit
>>> random number generator seed is 123456
Warning! -- You haven't picked default values for the Parameters of Interest (either with --expectSignal or --setParameters) for generating toys. Combine will use the 'B-only' ModelConfig to generate, which may lead to undesired behaviour if not using the default Physics Model
SimNLL created with 4 channels, 0 generic constraints, 245 fast gaussian constraints, 0 fast poisson constraints, 0 fast group constraints, 
Warning! -- You haven't picked default values for the Parameters of Interest (either with --expectSignal or --setParameters) for generating toys. Combine will use the 'B-only' ModelConfig to generate, which may lead to undesired behaviour if not using the default Physics Model
Warning! -- You haven't picked default values for the Parameters of Interest (either with --expectSignal or --setParameters) for generating toys. Combine will use the 'B-only' ModelConfig to generate, which may lead to undesired behaviour if not using the default Physics Model
Warning! -- You haven't picked default values for the Parameters of Interest (either with --expectSignal or --setParameters) for generating toys. Combine will use the 'B-only' ModelConfig to generate, which may lead to undesired behaviour if not using the default Physics Model
SimNLL created with 4 channels, 0 generic constraints, 245 fast gaussian constraints, 0 fast poisson constraints, 0 fast group constraints, 
Warning! -- You haven't picked default values for the Parameters of Interest (either with --expectSignal or --setParameters) for generating toys. Combine will use the 'B-only' ModelConfig to generate, which may lead to undesired behaviour if not using the default Physics Model
SimNLL created with 4 channels, 0 generic constraints, 245 fast gaussian constraints, 0 fast poisson constraints, 0 fast group constraints, 
SimNLL created with 4 channels, 0 generic constraints, 245 fast gaussian constraints, 0 fast poisson constraints, 0 fast group constraints, 
SimNLL created with 4 channels, 0 generic constraints, 245 fast gaussian constraints, 0 fast poisson constraints, 0 fast group constraints, 

 --- MultiDimFit ---
Parameter impacts: 
  Parameter        :   Best-fit               r            
  QCDscale_ren_ttZ :   +0.006  -0.993/+0.994  +0.001/-0.000
Done in 0.43 min (cpu), 0.43 min (real)
 <<< Combine >>> 
   Options for Robust Minimizer :: 
        Tolerance  0.1
        Strategy   0
        Type,Algo  Minuit2,Migrad
>>> method used is MultiDimFit
>>> random number generator seed is 123456

 --- MultiDimFit ---
Parameter impacts: 
Warning! -- You haven't picked default values for the Parameters of Interest (either with --expectSignal or --setParameters) for generating toys. Combine will use the 'B-only' ModelConfig to generate, which may lead to undesired behaviour if not using the default Physics Model
SimNLL created with 4 channels, 0 generic constraints, 245 fast gaussian constraints, 0 fast poisson constraints, 0 fast group constraints, 

 --- MultiDimFit ---
Parameter impacts: 
  Parameter        :   Best-fit               r            
  QCDscale_fac_ttH :   +0.004  -0.994/+0.994  +0.001/+0.000
Done in 0.54 min (cpu), 0.54 min (real)
 <<< Combine >>> 
   Options for Robust Minimizer :: 
        Tolerance  0.1
        Strategy   0
        Type,Algo  Minuit2,Migrad
>>> method used is MultiDimFit
>>> random number generator seed is 123456

 --- MultiDimFit ---
Parameter impacts: 
  Parameter       :   Best-fit               r            
  QCDscale_fac_tt :   -0.326  -0.974/+1.015  -0.189/+0.199
Done in 0.57 min (cpu), 0.57 min (real)
>> combine -M MultiDimFit -n _paramFit_Test_CMS_btag_fixedWP_comb_bc_uncorrelated_2016preVFP --algo impact --redefineSignalPOIs r -P CMS_btag_fixedWP_comb_bc_uncorrelated_2016preVFP --floatOtherPOIs 1 --saveInactivePOI 1 --robustFit 1 -m 125 -d /workfs2/cms/huahuil/CMSSW_10_6_20/src/FourTop/hua/combine/combinationV18/run2_1tau1l_v4_unblind/workspace/datacard.root
>> combine -M MultiDimFit -n _paramFit_Test_CMS_btag_fixedWP_comb_bc_uncorrelated_2017 --algo impact --redefineSignalPOIs r -P CMS_btag_fixedWP_comb_bc_uncorrelated_2017 --floatOtherPOIs 1 --saveInactivePOI 1 --robustFit 1 -m 125 -d /workfs2/cms/huahuil/CMSSW_10_6_20/src/FourTop/hua/combine/combinationV18/run2_1tau1l_v4_unblind/workspace/datacard.root
>> combine -M MultiDimFit -n _paramFit_Test_CMS_btag_fixedWP_comb_bc_uncorrelated_2018 --algo impact --redefineSignalPOIs r -P CMS_btag_fixedWP_comb_bc_uncorrelated_2018 --floatOtherPOIs 1 --saveInactivePOI 1 --robustFit 1 -m 125 -d /workfs2/cms/huahuil/CMSSW_10_6_20/src/FourTop/hua/combine/combinationV18/run2_1tau1l_v4_unblind/workspace/datacard.root
>> combine -M MultiDimFit -n _paramFit_Test_CMS_btag_fixedWP_incl_light_correlated --algo impact --redefineSignalPOIs r -P CMS_btag_fixedWP_incl_light_correlated --floatOtherPOIs 1 --saveInactivePOI 1 --robustFit 1 -m 125 -d /workfs2/cms/huahuil/CMSSW_10_6_20/src/FourTop/hua/combine/combinationV18/run2_1tau1l_v4_unblind/workspace/datacard.root
>> combine -M MultiDimFit -n _paramFit_Test_CMS_btag_fixedWP_incl_light_uncorrelated_2016postVFP --algo impact --redefineSignalPOIs r -P CMS_btag_fixedWP_incl_light_uncorrelated_2016postVFP --floatOtherPOIs 1 --saveInactivePOI 1 --robustFit 1 -m 125 -d /workfs2/cms/huahuil/CMSSW_10_6_20/src/FourTop/hua/combine/combinationV18/run2_1tau1l_v4_unblind/workspace/datacard.root
>> combine -M MultiDimFit -n _paramFit_Test_CMS_btag_fixedWP_incl_light_uncorrelated_2016preVFP --algo impact --redefineSignalPOIs r -P CMS_btag_fixedWP_incl_light_uncorrelated_2016preVFP --floatOtherPOIs 1 --saveInactivePOI 1 --robustFit 1 -m 125 -d /workfs2/cms/huahuil/CMSSW_10_6_20/src/FourTop/hua/combine/combinationV18/run2_1tau1l_v4_unblind/workspace/datacard.root
>> combine -M MultiDimFit -n _paramFit_Test_CMS_btag_fixedWP_incl_light_uncorrelated_2017 --algo impact --redefineSignalPOIs r -P CMS_btag_fixedWP_incl_light_uncorrelated_2017 --floatOtherPOIs 1 --saveInactivePOI 1 --robustFit 1 -m 125 -d /workfs2/cms/huahuil/CMSSW_10_6_20/src/FourTop/hua/combine/combinationV18/run2_1tau1l_v4_unblind/workspace/datacard.root
>> combine -M MultiDimFit -n _paramFit_Test_CMS_btag_fixedWP_incl_light_uncorrelated_2018 --algo impact --redefineSignalPOIs r -P CMS_btag_fixedWP_incl_light_uncorrelated_2018 --floatOtherPOIs 1 --saveInactivePOI 1 --robustFit 1 -m 125 -d /workfs2/cms/huahuil/CMSSW_10_6_20/src/FourTop/hua/combine/combinationV18/run2_1tau1l_v4_unblind/workspace/datacard.root
>> combine -M MultiDimFit -n _paramFit_Test_CMS_scale_e_2018 --algo impact --redefineSignalPOIs r -P CMS_scale_e_2018 --floatOtherPOIs 1 --saveInactivePOI 1 --robustFit 1 -m 125 -d /workfs2/cms/huahuil/CMSSW_10_6_20/src/FourTop/hua/combine/combinationV18/run2_1tau1l_v4_unblind/workspace/datacard.root
>> combine -M MultiDimFit -n _paramFit_Test_CMS_scale_j_AbsoluteMPFBias --algo impact --redefineSignalPOIs r -P CMS_scale_j_AbsoluteMPFBias --floatOtherPOIs 1 --saveInactivePOI 1 --robustFit 1 -m 125 -d /workfs2/cms/huahuil/CMSSW_10_6_20/src/FourTop/hua/combine/combinationV18/run2_1tau1l_v4_unblind/workspace/datacard.root
>> combine -M MultiDimFit -n _paramFit_Test_CMS_scale_j_AbsoluteScale --algo impact --redefineSignalPOIs r -P CMS_scale_j_AbsoluteScale --floatOtherPOIs 1 --saveInactivePOI 1 --robustFit 1 -m 125 -d /workfs2/cms/huahuil/CMSSW_10_6_20/src/FourTop/hua/combine/combinationV18/run2_1tau1l_v4_unblind/workspace/datacard.root
>> combine -M MultiDimFit -n _paramFit_Test_CMS_scale_j_AbsoluteStat_2016postVFP --algo impact --redefineSignalPOIs r -P CMS_scale_j_AbsoluteStat_2016postVFP --floatOtherPOIs 1 --saveInactivePOI 1 --robustFit 1 -m 125 -d /workfs2/cms/huahuil/CMSSW_10_6_20/src/FourTop/hua/combine/combinationV18/run2_1tau1l_v4_unblind/workspace/datacard.root
>> combine -M MultiDimFit -n _paramFit_Test_CMS_scale_j_AbsoluteStat_2016preVFP --algo impact --redefineSignalPOIs r -P CMS_scale_j_AbsoluteStat_2016preVFP --floatOtherPOIs 1 --saveInactivePOI 1 --robustFit 1 -m 125 -d /workfs2/cms/huahuil/CMSSW_10_6_20/src/FourTop/hua/combine/combinationV18/run2_1tau1l_v4_unblind/workspace/datacard.root
>> combine -M MultiDimFit -n _paramFit_Test_CMS_scale_j_AbsoluteStat_2017 --algo impact --redefineSignalPOIs r -P CMS_scale_j_AbsoluteStat_2017 --floatOtherPOIs 1 --saveInactivePOI 1 --robustFit 1 -m 125 -d /workfs2/cms/huahuil/CMSSW_10_6_20/src/FourTop/hua/combine/combinationV18/run2_1tau1l_v4_unblind/workspace/datacard.root
>> combine -M MultiDimFit -n _paramFit_Test_CMS_scale_j_AbsoluteStat_2018 --algo impact --redefineSignalPOIs r -P CMS_scale_j_AbsoluteStat_2018 --floatOtherPOIs 1 --saveInactivePOI 1 --robustFit 1 -m 125 -d /workfs2/cms/huahuil/CMSSW_10_6_20/src/FourTop/hua/combine/combinationV18/run2_1tau1l_v4_unblind/workspace/datacard.root
>> combine -M MultiDimFit -n _paramFit_Test_CMS_scale_j_FlavorPureBottom --algo impact --redefineSignalPOIs r -P CMS_scale_j_FlavorPureBottom --floatOtherPOIs 1 --saveInactivePOI 1 --robustFit 1 -m 125 -d /workfs2/cms/huahuil/CMSSW_10_6_20/src/FourTop/hua/combine/combinationV18/run2_1tau1l_v4_unblind/workspace/datacard.root
>> combine -M MultiDimFit -n _paramFit_Test_CMS_scale_t_DM11_2017 --algo impact --redefineSignalPOIs r -P CMS_scale_t_DM11_2017 --floatOtherPOIs 1 --saveInactivePOI 1 --robustFit 1 -m 125 -d /workfs2/cms/huahuil/CMSSW_10_6_20/src/FourTop/hua/combine/combinationV18/run2_1tau1l_v4_unblind/workspace/datacard.root
>> combine -M MultiDimFit -n _paramFit_Test_CMS_scale_t_DM11_2018 --algo impact --redefineSignalPOIs r -P CMS_scale_t_DM11_2018 --floatOtherPOIs 1 --saveInactivePOI 1 --robustFit 1 -m 125 -d /workfs2/cms/huahuil/CMSSW_10_6_20/src/FourTop/hua/combine/combinationV18/run2_1tau1l_v4_unblind/workspace/datacard.root
>> combine -M MultiDimFit -n _paramFit_Test_CMS_scale_t_DM1_2016postVFP --algo impact --redefineSignalPOIs r -P CMS_scale_t_DM1_2016postVFP --floatOtherPOIs 1 --saveInactivePOI 1 --robustFit 1 -m 125 -d /workfs2/cms/huahuil/CMSSW_10_6_20/src/FourTop/hua/combine/combinationV18/run2_1tau1l_v4_unblind/workspace/datacard.root
>> combine -M MultiDimFit -n _paramFit_Test_CMS_scale_t_DM1_2016preVFP --algo impact --redefineSignalPOIs r -P CMS_scale_t_DM1_2016preVFP --floatOtherPOIs 1 --saveInactivePOI 1 --robustFit 1 -m 125 -d /workfs2/cms/huahuil/CMSSW_10_6_20/src/FourTop/hua/combine/combinationV18/run2_1tau1l_v4_unblind/workspace/datacard.root
>> combine -M MultiDimFit -n _paramFit_Test_CMS_scale_t_DM1_2017 --algo impact --redefineSignalPOIs r -P CMS_scale_t_DM1_2017 --floatOtherPOIs 1 --saveInactivePOI 1 --robustFit 1 -m 125 -d /workfs2/cms/huahuil/CMSSW_10_6_20/src/FourTop/hua/combine/combinationV18/run2_1tau1l_v4_unblind/workspace/datacard.root
>> combine -M MultiDimFit -n _paramFit_Test_CMS_scale_t_DM1_2018 --algo impact --redefineSignalPOIs r -P CMS_scale_t_DM1_2018 --floatOtherPOIs 1 --saveInactivePOI 1 --robustFit 1 -m 125 -d /workfs2/cms/huahuil/CMSSW_10_6_20/src/FourTop/hua/combine/combinationV18/run2_1tau1l_v4_unblind/workspace/datacard.root
>> combine -M MultiDimFit -n _paramFit_Test_QCDscale_fac_singleTop --algo impact --redefineSignalPOIs r -P QCDscale_fac_singleTop --floatOtherPOIs 1 --saveInactivePOI 1 --robustFit 1 -m 125 -d /workfs2/cms/huahuil/CMSSW_10_6_20/src/FourTop/hua/combine/combinationV18/run2_1tau1l_v4_unblind/workspace/datacard.root
>> combine -M MultiDimFit -n _paramFit_Test_QCDscale_fac_tt --algo impact --redefineSignalPOIs r -P QCDscale_fac_tt --floatOtherPOIs 1 --saveInactivePOI 1 --robustFit 1 -m 125 -d /workfs2/cms/huahuil/CMSSW_10_6_20/src/FourTop/hua/combine/combinationV18/run2_1tau1l_v4_unblind/workspace/datacard.root
>> combine -M MultiDimFit -n _paramFit_Test_prop_binSR1tau1l_2018_bin1 --algo impact --redefineSignalPOIs r -P prop_binSR1tau1l_2018_bin1 --floatOtherPOIs 1 --saveInactivePOI 1 --robustFit 1 - <<< Combine >>> 
   Options for Robust Minimizer :: 
        Tolerance  0.1
        Strategy   0
        Type,Algo  Minuit2,Migrad
>>> method used is MultiDimFit
>>> random number generator seed is 123456
Warning! -- You haven't picked default values for the Parameters of Interest (either with --expectSignal or --setParameters) for generating toys. Combine will use the 'B-only' ModelConfig to generate, which may lead to undesired behaviour if not using the default Physics Model
SimNLL created with 4 channels, 0 generic constraints, 245 fast gaussian constraints, 0 fast poisson constraints, 0 fast group constraints, 
  Parameter                  :   Best-fit               r            
  CMS_scale_j_SinglePionECAL :   -0.122  -0.968/+0.971  -0.123/+0.100
Done in 0.60 min (cpu), 0.60 min (real)
>> combine -M MultiDimFit -n _paramFit_Test_CMS_eff_t_vsJet_stat1_dm11_2016preVFP --algo impact --redefineSignalPOIs r -P CMS_eff_t_vsJet_stat1_dm11_2016preVFP --floatOtherPOIs 1 --saveInactivePOI 1 --robustFit 1 -m 125 -d /workfs2/cms/huahuil/CMSSW_10_6_20/src/FourTop/hua/combine/combinationV18/run2_1tau1l_v4_unblind/workspace/datacard.root
>> combine -M MultiDimFit -n _paramFit_Test_CMS_eff_t_vsJet_stat1_dm11_2017 --algo impact --redefineSignalPOIs r -P CMS_eff_t_vsJet_stat1_dm11_2017 --floatOtherPOIs 1 --saveInactivePOI 1 --robustFit 1 -m 125 -d /workfs2/cms/huahuil/CMSSW_10_6_20/src/FourTop/hua/combine/combinationV18/run2_1tau1l_v4_unblind/workspace/datacard.root
>> combine -M MultiDimFit -n _paramFit_Test_CMS_eff_t_vsJet_stat1_dm11_2018 --algo impact --redefineSignalPOIs r -P CMS_eff_t_vsJet_stat1_dm11_2018 --floatOtherPOIs 1 --saveInactivePOI 1 --robustFit 1 -m 125 -d /workfs2/cms/huahuil/CMSSW_10_6_20/src/FourTop/hua/combine/combinationV18/run2_1tau1l_v4_unblind/workspace/datacard.root
>> combine -M MultiDimFit -n _paramFit_Test_CMS_eff_t_vsJet_stat1_dm1_2016postVFP --algo impact --redefineSignalPOIs r -P CMS_eff_t_vsJet_stat1_dm1_2016postVFP --floatOtherPOIs 1 --saveInactivePOI 1 --robustFit 1 -m 125 -d /workfs2/cms/huahuil/CMSSW_10_6_20/src/FourTop/hua/combine/combinationV18/run2_1tau1l_v4_unblind/workspace/datacard.root
>> combine -M MultiDimFit -n _paramFit_Test_CMS_eff_t_vsJet_stat1_dm1_2016preVFP --algo impact --redefineSignalPOIs r -P CMS_eff_t_vsJet_stat1_dm1_2016preVFP --floatOtherPOIs 1 --saveInactivePOI 1 --robustFit 1 -m 125 -d /workfs2/cms/huahuil/CMSSW_10_6_20/src/FourTop/hua/combine/combinationV18/run2_1tau1l_v4_unblind/workspace/datacard.root
>> combine -M MultiDimFit -n _paramFit_Test_CMS_eff_t_vsJet_stat1_dm1_2017 --algo impact --redefineSignalPOIs r -P CMS_eff_t_vsJet_stat1_dm1_2017 --floatOtherPOIs 1 --saveInactivePOI 1 --robustFit 1 -m 125 -d /workfs2/cms/huahuil/CMSSW_10_6_20/src/FourTop/hua/combine/combinationV18/run2_1tau1l_v4_unblind/workspace/datacard.root
>> combine -M MultiDimFit -n _paramFit_Test_CMS_eff_t_vsJet_stat1_dm1_2018 --algo impact --redefineSignalPOIs r -P CMS_eff_t_vsJet_stat1_dm1_2018 --floatOtherPOIs 1 --saveInactivePOI 1 --robustFit 1 -m 125 -d /workfs2/cms/huahuil/CMSSW_10_6_20/src/FourTop/hua/combine/combinationV18/run2_1tau1l_v4_unblind/workspace/datacard.root
>> combine -M MultiDimFit -n _paramFit_Test_CMS_eff_t_vsJet_stat2_dm0_2016postVFP --algo impact --redefineSignalPOIs r -P CMS_eff_t_vsJet_stat2_dm0_2016postVFP --floatOtherPOIs 1 --saveInactivePOI 1 --robustFit 1 -m 125 -d /workfs2/cms/huahuil/CMSSW_10_6_20/src/FourTop/hua/combine/combinationV18/run2_1tau1l_v4_unblind/workspace/datacard.root
>> combine -M MultiDimFit -n _paramFit_Test_CMS_eff_t_vsJet_syst_dm1_2016postVFP --algo impact --redefineSignalPOIs r -P CMS_eff_t_vsJet_syst_dm1_2016postVFP --floatOtherPOIs 1 --saveInactivePOI 1 --robustFit 1 -m 125 -d /workfs2/cms/huahuil/CMSSW_10_6_20/src/FourTop/hua/combine/combinationV18/run2_1tau1l_v4_unblind/workspace/datacard.root
>> combine -M MultiDimFit -n _paramFit_Test_CMS_eff_t_vsJet_syst_dm1_2016preVFP --algo impact --redefineSignalPOIs r -P CMS_eff_t_vsJet_syst_dm1_2016preVFP --floatOtherPOIs 1 --saveInactivePOI 1 --robustFit 1 -m 125 -d /workfs2/cms/huahuil/CMSSW_10_6_20/src/FourTop/hua/combine/combinationV18/run2_1tau1l_v4_unblind/workspace/datacard.root
>> combine -M MultiDimFit -n _paramFit_Test_CMS_eff_t_vsJet_syst_dm1_2017 --algo impact --redefineSignalPOIs r -P CMS_eff_t_vsJet_syst_dm1_2017 --floatOtherPOIs 1 --saveInactivePOI 1 --robustFit 1 -m 125 -d /workfs2/cms/huahuil/CMSSW_10_6_20/src/FourTop/hua/combine/combinationV18/run2_1tau1l_v4_unblind/workspace/datacard.root
>> combine -M MultiDimFit -n _paramFit_Test_CMS_eff_t_vsJet_syst_dm1_2018 --algo impact --redefineSignalPOIs r -P CMS_eff_t_vsJet_syst_dm1_2018 --floatOtherPOIs 1 --saveInactivePOI 1 --robustFit 1 -m 125 -d /workfs2/cms/huahuil/CMSSW_10_6_20/src/FourTop/hua/combine/combinationV18/run2_1tau1l_v4_unblind/workspace/datacard.root
>> combine -M MultiDimFit -n _paramFit_Test_CMS_eff_t_vsMu_2016postVFP --algo impact --redefineSignalPOIs r -P CMS_eff_t_vsMu_2016postVFP --floatOtherPOIs 1 --saveInactivePOI 1 --robustFit 1 -m 125 -d /workfs2/cms/huahuil/CMSSW_10_6_20/src/FourTop/hua/combine/combinationV18/run2_1tau1l_v4_unblind/workspace/datacard.root
>> combine -M MultiDimFit -n _paramFit_Test_CMS_eff_t_vsMu_2016preVFP --algo impact --redefineSignalPOIs r -P CMS_eff_t_vsMu_2016preVFP --floatOtherPOIs 1 --saveInactivePOI 1 --robustFit 1 -m 125 -d /workfs2/cms/huahuil/CMSSW_10_6_20/src/FourTop/hua/combine/combinationV18/run2_1tau1l_v4_unblind/workspace/datacard.root
>> combine -M MultiDimFit -n _paramFit_Test_CMS_eff_t_vsMu_2017 --algo impact --redefineSignalPOIs r -P CMS_eff_t_vsMu_2017 --floatOtherPOIs 1 --saveInactivePOI 1 --robustFit 1 -m 125 -d /workfs2/cms/huahuil/CMSSW_10_6_20/src/FourTop/hua/combine/combinationV18/run2_1tau1l_v4_unblind/workspace/datacard.root
>> combine -M MultiDimFit -n _paramFit_Test_CMS_eff_t_vsMu_2018 --algo impact --redefineSignalPOIs r -P CMS_eff_t_vsMu_2018 --floatOtherPOIs 1 --saveInactivePOI 1 --robustFit 1 -m 125 -d /workfs2/cms/huahuil/CMSSW_10_6_20/src/FourTop/hua/combine/combinationV18/run2_1tau1l_v4_unblind/workspace/datacard.root
>> combine -M MultiDimFit -n _paramFit_Test_CMS_scale_j_RelativeStatFSR_2016preVFP --algo impact --redefineSignalPOIs r -P CMS_scale_j_RelativeStatFSR_2016preVFP --floatOtherPOIs 1 --saveInactivePOI 1 --robustFit 1 -m 125 -d /workfs2/cms/huahuil/CMSSW_10_6_20/src/FourTop/hua/combine/combinationV18/run2_1tau1l_v4_unblind/workspace/datacard.root
>> combine -M MultiDimFit -n _paramFit_Test_CMS_scale_j_RelativeStatFSR_2017 --algo impact --redefineSignalPOIs r -P CMS_scale_j_RelativeStatFSR_2017 --floatOtherPOIs 1 --saveInactivePOI 1 --robustFit 1 -m 125 -d /workfs2/cms/huahuil/CMSSW_10_6_20/src/FourTop/hua/combine/combinationV18/run2_1tau1l_v4_unblind/workspace/datacard.root
>> combine -M MultiDimFit -n _paramFit_Test_CMS_scale_j_RelativeStatFSR_2018 --algo impact --redefineSignalPOIs r -P CMS_scale_j_RelativeStatFSR_2018 --floatOtherPOIs 1 --saveInactivePOI 1 --robustFit 1 -m 125 -d /workfs2/cms/huahuil/CMSSW_10_6_20/src/FourTop/hua/combine/combinationV18/run2_1tau1l_v4_unblind/workspace/datacard.root
>> combine -M MultiDimFit -n _paramFit_Test_CMS_scale_j_RelativeStatHF_2016postVFP --algo impact --redefineSignalPOIs r -P CMS_scale_j_RelativeStatHF_2016postVFP --floatOtherPOIs 1 --saveInactivePOI 1 --robustFit 1 -m 125 -d /workfs2/cms/huahuil/CMSSW_10_6_20/src/FourTop/hua/combine/combinationV18/run2_1tau1l_v4_unblind/workspace/datacard.root
>> combine -M MultiDimFit -n _paramFit_Test_CMS_scale_j_RelativeStatHF_2016preVFP --algo impact --redefineSignalPOIs r -P CMS_scale_j_RelativeStatHF_2016preVFP --floatOtherPOIs 1 --saveInactivePOI 1 --robustFit 1 -m 125 -d /workfs2/cms/huahuil/CMSSW_10_6_20/src/FourTop/hua/combine/combinationV18/run2_1tau1l_v4_unblind/workspace/datacard.root
>> combine -M MultiDimFit -n _paramFit_Test_CMS_scale_j_RelativeStatHF_2017 --algo impact --redefineSignalPOIs r -P CMS_scale_j_RelativeStatHF_2017 --floatOtherPOIs 1 --saveInactivePOI 1 --robustFit 1 -m 125 -d /workfs2/cms/huahuil/CMSSW_10_6_20/src/FourTop/hua/combine/combinationV18/run2_1tau1l_v4_unblind/workspace/datacard.root
>> combine -M MultiDimFit -n _paramFit_Test_CMS_scale_j_RelativeStatHF_2018 --algo impact --redefineSignalPOIs r -P CMS_scale_j_RelativeStatHF_2018 --floatOtherPOIs 1 --saveInactivePOI 1 --robustFit 1 -m 125 -d /workfs2/cms/huahuil/CMSSW_10_6_20/src/FourTop/hua/combine/combinationV18/run2_1tau1l_v4_unblind/workspace/datacard.root
>> combine -M MultiDimFit -n _paramFit_Test_CMS_scale_j_SinglePionECAL --algo impact --redefineSignalPOIs r -P CMS_scale_j_SinglePionECAL --floatOtherPOIs 1 --saveInactivePOI 1 --robustFit 1 -m 125 -d /workfs2/cms/huahuil/CMSSW_10_6_20/src/FourTop/hua/combine/combinationV18/run2_1tau1l_v4_unblind/workspace/datacard.root
>> combine -M MultiDimFit -n _paramFit_Test_ps_isr_tt --algo impact --redefineSignalPOIs r -P ps_isr_tt --floatOtherPOIs 1 --saveInactivePOI 1 --robustFit 1 -m 125 -d /workfs2/cms/huahuil/CMSSW_10_6_20/src/Fo <<< Combine >>> 
   Options for Robust Minimizer :: 
        Tolerance  0.1
        Strategy   0
        Type,Algo  Minuit2,Migrad
>>> method used is MultiDimFit
>>> random number generator seed is 123456
Warning! -- You haven't picked default values for the Parameters of Interest (either with --expectSignal or --setParameters) for generating toys. Combine will use the 'B-only' ModelConfig to generate, which may lead to undesired behaviour if not using the default Physics Model
SimNLL created with 4 channels, 0 generic constraints, 245 fast gaussian constraints, 0 fast poisson constraints, 0 fast group constraints, 
Warning! -- You haven't picked default values for the Parameters of Interest (either with --expectSignal or --setParameters) for generating toys. Combine will use the 'B-only' ModelConfig to generate, which may lead to undesired behaviour if not using the default Physics Model
SimNLL created with 4 channels, 0 generic constraints, 245 fast gaussian constraints, 0 fast poisson constraints, 0 fast group constraints, 

 --- MultiDimFit ---
Parameter impacts: 

 --- MultiDimFit ---
Parameter impacts: 

 --- MultiDimFit ---
Parameter impacts: 

 --- MultiDimFit ---
Parameter impacts: 
  Parameter                   :   Best-fit               r            
  CMS_scale_t_DM11_2016preVFP :   -0.013  -0.996/+0.997  -0.007/-0.005
Done in 0.63 min (cpu), 0.63 min (real)
  Parameter :   Best-fit               r            
  pdf_00    :   +0.041  -0.996/+0.992  -0.016/+0.015
Done in 0.65 min (cpu), 0.65 min (real)
>> combine -M MultiDimFit -n _paramFit_Test_CMS_TOP24017_eff_trigger_stats_2016postVFP --algo impact --redefineSignalPOIs r -P CMS_TOP24017_eff_trigger_stats_2016postVFP --floatOtherPOIs 1 --saveInactivePOI 1 --robustFit 1 -m 125 -d /workfs2/cms/huahuil/CMSSW_10_6_20/src/FourTop/hua/combine/combinationV18/run2_1tau1l_v4_unblind/workspace/datacard.root
>> combine -M MultiDimFit -n _paramFit_Test_CMS_TOP24017_eff_trigger_stats_2016preVFP --algo impact --redefineSignalPOIs r -P CMS_TOP24017_eff_trigger_stats_2016preVFP --floatOtherPOIs 1 --saveInactivePOI 1 --robustFit 1 -m 125 -d /workfs2/cms/huahuil/CMSSW_10_6_20/src/FourTop/hua/combine/combinationV18/run2_1tau1l_v4_unblind/workspace/datacard.root
>> combine -M MultiDimFit -n _paramFit_Test_CMS_TOP24017_eff_trigger_stats_2017 --algo impact --redefineSignalPOIs r -P CMS_TOP24017_eff_trigger_stats_2017 --floatOtherPOIs 1 --saveInactivePOI 1 --robustFit 1 -m 125 -d /workfs2/cms/huahuil/CMSSW_10_6_20/src/FourTop/hua/combine/combinationV18/run2_1tau1l_v4_unblind/workspace/datacard.root
>> combine -M MultiDimFit -n _paramFit_Test_CMS_TOP24017_eff_trigger_stats_2018 --algo impact --redefineSignalPOIs r -P CMS_TOP24017_eff_trigger_stats_2018 --floatOtherPOIs 1 --saveInactivePOI 1 --robustFit 1 -m 125 -d /workfs2/cms/huahuil/CMSSW_10_6_20/src/FourTop/hua/combine/combinationV18/run2_1tau1l_v4_unblind/workspace/datacard.root
>> combine -M MultiDimFit -n _paramFit_Test_CMS_TOP24017_norm_fakeLepton_stats --algo impact --redefineSignalPOIs r -P CMS_TOP24017_norm_fakeLepton_stats --floatOtherPOIs 1 --saveInactivePOI 1 --robustFit 1 -m 125 -d /workfs2/cms/huahuil/CMSSW_10_6_20/src/FourTop/hua/combine/combinationV18/run2_1tau1l_v4_unblind/workspace/datacard.root
>> combine -M MultiDimFit -n _paramFit_Test_CMS_TOP24017_norm_fakeLepton_sys --algo impact --redefineSignalPOIs r -P CMS_TOP24017_norm_fakeLepton_sys --floatOtherPOIs 1 --saveInactivePOI 1 --robustFit 1 -m 125 -d /workfs2/cms/huahuil/CMSSW_10_6_20/src/FourTop/hua/combine/combinationV18/run2_1tau1l_v4_unblind/workspace/datacard.root
>> combine -M MultiDimFit -n _paramFit_Test_CMS_TOP24017_norm_singleTop --algo impact --redefineSignalPOIs r -P CMS_TOP24017_norm_singleTop --floatOtherPOIs 1 --saveInactivePOI 1 --robustFit 1 -m 125 -d /workfs2/cms/huahuil/CMSSW_10_6_20/src/FourTop/hua/combine/combinationV18/run2_1tau1l_v4_unblind/workspace/datacard.root
>> combine -M MultiDimFit -n _paramFit_Test_CMS_TOP24017_norm_tt --algo impact --redefineSignalPOIs r -P CMS_TOP24017_norm_tt --floatOtherPOIs 1 --saveInactivePOI 1 --robustFit 1 -m 125 -d /workfs2/cms/huahuil/CMSSW_10_6_20/src/FourTop/hua/combine/combinationV18/run2_1tau1l_v4_unblind/workspace/datacard.root
>> combine -M MultiDimFit -n _paramFit_Test_CMS_pileup --algo impact --redefineSignalPOIs r -P CMS_pileup --floatOtherPOIs 1 --saveInactivePOI 1 --robustFit 1 -m 125 -d /workfs2/cms/huahuil/CMSSW_10_6_20/src/FourTop/hua/combine/combinationV18/run2_1tau1l_v4_unblind/workspace/datacard.root
>> combine -M MultiDimFit -n _paramFit_Test_CMS_res_j_2016postVFP --algo impact --redefineSignalPOIs r -P CMS_res_j_2016postVFP --floatOtherPOIs 1 --saveInactivePOI 1 --robustFit 1 -m 125 -d /workfs2/cms/huahuil/CMSSW_10_6_20/src/FourTop/hua/combine/combinationV18/run2_1tau1l_v4_unblind/workspace/datacard.root
>> combine -M MultiDimFit -n _paramFit_Test_CMS_res_j_2016preVFP --algo impact --redefineSignalPOIs r -P CMS_res_j_2016preVFP --floatOtherPOIs 1 --saveInactivePOI 1 --robustFit 1 -m 125 -d /workfs2/cms/huahuil/CMSSW_10_6_20/src/FourTop/hua/combine/combinationV18/run2_1tau1l_v4_unblind/workspace/datacard.root
>> combine -M MultiDimFit -n _paramFit_Test_CMS_res_j_2017 --algo impact --redefineSignalPOIs r -P CMS_res_j_2017 --floatOtherPOIs 1 --saveInactivePOI 1 --robustFit 1 -m 125 -d /workfs2/cms/huahuil/CMSSW_10_6_20/src/FourTop/hua/combine/combinationV18/run2_1tau1l_v4_unblind/workspace/datacard.root
>> combine -M MultiDimFit -n _paramFit_Test_CMS_res_j_2018 --algo impact --redefineSignalPOIs r -P CMS_res_j_2018 --floatOtherPOIs 1 --saveInactivePOI 1 --robustFit 1 -m 125 -d /workfs2/cms/huahuil/CMSSW_10_6_20/src/FourTop/hua/combine/combinationV18/run2_1tau1l_v4_unblind/workspace/datacard.root
>> combine -M MultiDimFit -n _paramFit_Test_CMS_scale_e_2016postVFP --algo impact --redefineSignalPOIs r -P CMS_scale_e_2016postVFP --floatOtherPOIs 1 --saveInactivePOI 1 --robustFit 1 -m 125 -d /workfs2/cms/huahuil/CMSSW_10_6_20/src/FourTop/hua/combine/combinationV18/run2_1tau1l_v4_unblind/workspace/datacard.root
>> combine -M MultiDimFit -n _paramFit_Test_CMS_scale_e_2016preVFP --algo impact --redefineSignalPOIs r -P CMS_scale_e_2016preVFP --floatOtherPOIs 1 --saveInactivePOI 1 --robustFit 1 -m 125 -d /workfs2/cms/huahuil/CMSSW_10_6_20/src/FourTop/hua/combine/combinationV18/run2_1tau1l_v4_unblind/workspace/datacard.root
>> combine -M MultiDimFit -n _paramFit_Test_CMS_scale_e_2017 --algo impact --redefineSignalPOIs r -P CMS_scale_e_2017 --floatOtherPOIs 1 --saveInactivePOI 1 --robustFit 1 -m 125 -d /workfs2/cms/huahuil/CMSSW_10_6_20/src/FourTop/hua/combine/combinationV18/run2_1tau1l_v4_unblind/workspace/datacard.root
>> combine -M MultiDimFit -n _paramFit_Test_CMS_scale_j_SinglePionHCAL --algo impact --redefineSignalPOIs r -P CMS_scale_j_SinglePionHCAL --floatOtherPOIs 1 --saveInactivePOI 1 --robustFit 1 -m 125 -d /workfs2/cms/huahuil/CMSSW_10_6_20/src/FourTop/hua/combine/combinationV18/run2_1tau1l_v4_unblind/workspace/datacard.root
>> combine -M MultiDimFit -n _paramFit_Test_CMS_scale_j_TimePtEta --algo impact --redefineSignalPOIs r -P CMS_scale_j_TimePtEta --floatOtherPOIs 1 --saveInactivePOI 1 --robustFit 1 -m 125 -d /workfs2/cms/huahuil/CMSSW_10_6_20/src/FourTop/hua/combine/combinationV18/run2_1tau1l_v4_unblind/workspace/datacard.root
>> combine -M MultiDimFit -n _paramFit_Test_CMS_scale_met_unclustered_energy_2016postVFP --algo impact --redefineSignalPOIs r -P CMS_scale_met_unclustered_energy_2016postVFP --floatOtherPOIs 1 --saveInactivePOI 1 --robustFit 1 -m 125 -d /workfs2/cms/huahuil/CMSSW_10_6_20/src/FourTop/hua/combine/combinationV18/run2_1tau1l_v4_unblind/workspace/datacard.root
>> combine -M MultiDimFit -n _paramFit_Test_CMS_scale_met_unclustered_energy_2016preVFP --algo impact --redefineSignalPOIs r -P CMS_scale_met_unclustered_energy_2016preVFP --floatOtherPOIs 1 --saveInactivePOI 1 --robustFit 1 -m 125 -d /workfs2/cms/huahuil/CMSSW_10_6_20/src/FourTop/hua/combine/combinationV18/run2_1tau1l_v4_unblind/workspace/datacard.root
>> combine -M MultiDimFit -n _paramFit_Test_CMS_scale_met_unclustered_energy_2017 --algo impact --redefineSignalPOIs r -P CMS_scale_met_unclustered_energy_2017 --floatOtherPOIs 1 --saveInactivePOI 1 --robustFit 1 -m 125 -d /workfs2/cms/huahuil/CMSSW_10_6_20/src/FourTop/hua/combine/combinationV18/run2_1tau1l_v4_unblind/workspace/datacard.root
>> combine -M MultiDimFit -n _paramFit_Test_CMS_scale_met_unclustered_energy_2018 --algo impact --redefineSignalPOIs r -P CMS_scale_met_unclustered_energy_2018 --floatOtherPOIs 1 --saveInactivePOI 1 --robustFit 1 -m 125 -d /workfs2/cms/huahuil/CMSSW_10_6_20/src/FourTop/hua/combine/combinationV18/run2_1tau1l_v4_unblind/workspace/datacard.root
>> combine -M MultiDimFit -n _paramFit_Test_CMS_scale_t_DM0_2016postVFP --algo impact --redefineSignalPOIs r -P CMS_scale_t_DM0_2016postVFP --floatOtherPOIs 1 --saveInactivePOI 1 --robustFit 1 -m 125 -d /workfs2/cms/huahuil/CMSSW_10_6_20/src/FourTop/hua/combine/combinationV18/run2_1tau1l_v4_unblind/workspace/datacard.root
>> combine -M MultiDimFit -n _paramFit_Test_CMS_scale_t_DM0_2016preVFP --algo impact --redefineSignalPOIs r -P CMS_scale_t_DM0_2016preVFP --floatOtherPOIs 1 --saveInactivePOI 1 --robustFit 1 -m 125 -d /workfs2/cms/huahuil/CMSSW_10_6_20/src/FourTop/hua/combine/combinationV18/run2_1tau1l_v4_unblind/workspace/datacard.root
>> combine -M MultiDimFit -n _paramFit_Test_pdf_00 --algo impact --redefineSignalPOIs r -P pdf_00 --floatOtherPOIs 1 --saveInactivePOI 1 --robustFit 1 -m 125 -d /workfs2/cms/huahuil/CMSSW_10_6_20/src/FourTop/hua/combine/combinationV18/run2_1tau1l_v4_unblind/workspace/datacard.root
>> combine -M MultiDimFit -n _paramFit_Test_pdf_alphas --algo impact --redefineSignalPOIs r -P p <<< Combine >>> 
   Options for Robust Minimizer :: 
        Tolerance  0.1
        Strategy   0
        Type,Algo  Minuit2,Migrad
>>> method used is MultiDimFit
>>> random number generator seed is 123456
  Parameter                         :   Best-fit               r            
  prop_binSR1tau1l_2016postVFP_bin6 :   +0.064  -0.971/+0.975  +0.136/-0.095
Done in 0.66 min (cpu), 0.66 min (real)
>> combine -M MultiDimFit -n _paramFit_Test_CMS_eff_e_reco_2016 --algo impact --redefineSignalPOIs r -P CMS_eff_e_reco_2016 --floatOtherPOIs 1 --saveInactivePOI 1 --robustFit 1 -m 125 -d /workfs2/cms/huahuil/CMSSW_10_6_20/src/FourTop/hua/combine/combinationV18/run2_1tau1l_v4_unblind/workspace/datacard.root
>> combine -M MultiDimFit -n _paramFit_Test_CMS_eff_e_reco_2017 --algo impact --redefineSignalPOIs r -P CMS_eff_e_reco_2017 --floatOtherPOIs 1 --saveInactivePOI 1 --robustFit 1 -m 125 -d /workfs2/cms/huahuil/CMSSW_10_6_20/src/FourTop/hua/combine/combinationV18/run2_1tau1l_v4_unblind/workspace/datacard.root
>> combine -M MultiDimFit -n _paramFit_Test_CMS_eff_e_reco_2018 --algo impact --redefineSignalPOIs r -P CMS_eff_e_reco_2018 --floatOtherPOIs 1 --saveInactivePOI 1 --robustFit 1 -m 125 -d /workfs2/cms/huahuil/CMSSW_10_6_20/src/FourTop/hua/combine/combinationV18/run2_1tau1l_v4_unblind/workspace/datacard.root
>> combine -M MultiDimFit -n _paramFit_Test_CMS_eff_t_vsEle_2016postVFP --algo impact --redefineSignalPOIs r -P CMS_eff_t_vsEle_2016postVFP --floatOtherPOIs 1 --saveInactivePOI 1 --robustFit 1 -m 125 -d /workfs2/cms/huahuil/CMSSW_10_6_20/src/FourTop/hua/combine/combinationV18/run2_1tau1l_v4_unblind/workspace/datacard.root
>> combine -M MultiDimFit -n _paramFit_Test_CMS_eff_t_vsEle_2016preVFP --algo impact --redefineSignalPOIs r -P CMS_eff_t_vsEle_2016preVFP --floatOtherPOIs 1 --saveInactivePOI 1 --robustFit 1 -m 125 -d /workfs2/cms/huahuil/CMSSW_10_6_20/src/FourTop/hua/combine/combinationV18/run2_1tau1l_v4_unblind/workspace/datacard.root
>> combine -M MultiDimFit -n _paramFit_Test_CMS_eff_t_vsEle_2017 --algo impact --redefineSignalPOIs r -P CMS_eff_t_vsEle_2017 --floatOtherPOIs 1 --saveInactivePOI 1 --robustFit 1 -m 125 -d /workfs2/cms/huahuil/CMSSW_10_6_20/src/FourTop/hua/combine/combinationV18/run2_1tau1l_v4_unblind/workspace/datacard.root
>> combine -M MultiDimFit -n _paramFit_Test_CMS_eff_t_vsEle_2018 --algo impact --redefineSignalPOIs r -P CMS_eff_t_vsEle_2018 --floatOtherPOIs 1 --saveInactivePOI 1 --robustFit 1 -m 125 -d /workfs2/cms/huahuil/CMSSW_10_6_20/src/FourTop/hua/combine/combinationV18/run2_1tau1l_v4_unblind/workspace/datacard.root
>> combine -M MultiDimFit -n _paramFit_Test_CMS_eff_t_vsJet_stat1_dm0_2016postVFP --algo impact --redefineSignalPOIs r -P CMS_eff_t_vsJet_stat1_dm0_2016postVFP --floatOtherPOIs 1 --saveInactivePOI 1 --robustFit 1 -m 125 -d /workfs2/cms/huahuil/CMSSW_10_6_20/src/FourTop/hua/combine/combinationV18/run2_1tau1l_v4_unblind/workspace/datacard.root
>> combine -M MultiDimFit -n _paramFit_Test_CMS_fake_t_2016postVFP --algo impact --redefineSignalPOIs r -P CMS_fake_t_2016postVFP --floatOtherPOIs 1 --saveInactivePOI 1 --robustFit 1 -m 125 -d /workfs2/cms/huahuil/CMSSW_10_6_20/src/FourTop/hua/combine/combinationV18/run2_1tau1l_v4_unblind/workspace/datacard.root
>> combine -M MultiDimFit -n _paramFit_Test_CMS_fake_t_2016preVFP --algo impact --redefineSignalPOIs r -P CMS_fake_t_2016preVFP --floatOtherPOIs 1 --saveInactivePOI 1 --robustFit 1 -m 125 -d /workfs2/cms/huahuil/CMSSW_10_6_20/src/FourTop/hua/combine/combinationV18/run2_1tau1l_v4_unblind/workspace/datacard.root
>> combine -M MultiDimFit -n _paramFit_Test_CMS_fake_t_2017 --algo impact --redefineSignalPOIs r -P CMS_fake_t_2017 --floatOtherPOIs 1 --saveInactivePOI 1 --robustFit 1 -m 125 -d /workfs2/cms/huahuil/CMSSW_10_6_20/src/FourTop/hua/combine/combinationV18/run2_1tau1l_v4_unblind/workspace/datacard.root
>> combine -M MultiDimFit -n _paramFit_Test_CMS_fake_t_2018 --algo impact --redefineSignalPOIs r -P CMS_fake_t_2018 --floatOtherPOIs 1 --saveInactivePOI 1 --robustFit 1 -m 125 -d /workfs2/cms/huahuil/CMSSW_10_6_20/src/FourTop/hua/combine/combinationV18/run2_1tau1l_v4_unblind/workspace/datacard.root
>> combine -M MultiDimFit -n _paramFit_Test_CMS_l1_ecal_prefiring_2016postVFP --algo impact --redefineSignalPOIs r -P CMS_l1_ecal_prefiring_2016postVFP --floatOtherPOIs 1 --saveInactivePOI 1 --robustFit 1 -m 125 -d /workfs2/cms/huahuil/CMSSW_10_6_20/src/FourTop/hua/combine/combinationV18/run2_1tau1l_v4_unblind/workspace/datacard.root
>> combine -M MultiDimFit -n _paramFit_Test_CMS_l1_ecal_prefiring_2016preVFP --algo impact --redefineSignalPOIs r -P CMS_l1_ecal_prefiring_2016preVFP --floatOtherPOIs 1 --saveInactivePOI 1 --robustFit 1 -m 125 -d /workfs2/cms/huahuil/CMSSW_10_6_20/src/FourTop/hua/combine/combinationV18/run2_1tau1l_v4_unblind/workspace/datacard.root
>> combine -M MultiDimFit -n _paramFit_Test_CMS_l1_ecal_prefiring_2017 --algo impact --redefineSignalPOIs r -P CMS_l1_ecal_prefiring_2017 --floatOtherPOIs 1 --saveInactivePOI 1 --robustFit 1 -m 125 -d /workfs2/cms/huahuil/CMSSW_10_6_20/src/FourTop/hua/combine/combinationV18/run2_1tau1l_v4_unblind/workspace/datacard.root
>> combine -M MultiDimFit -n _paramFit_Test_CMS_l1_ecal_prefiring_2018 --algo impact --redefineSignalPOIs r -P CMS_l1_ecal_prefiring_2018 --floatOtherPOIs 1 --saveInactivePOI 1 --robustFit 1 -m 125 -d /workfs2/cms/huahuil/CMSSW_10_6_20/src/FourTop/hua/combine/combinationV18/run2_1tau1l_v4_unblind/workspace/datacard.root
>> combine -M MultiDimFit -n _paramFit_Test_CMS_scale_j_PileUpPtHF --algo impact --redefineSignalPOIs r -P CMS_scale_j_PileUpPtHF --floatOtherPOIs 1 --saveInactivePOI 1 --robustFit 1 -m 125 -d /workfs2/cms/huahuil/CMSSW_10_6_20/src/FourTop/hua/combine/combinationV18/run2_1tau1l_v4_unblind/workspace/datacard.root
>> combine -M MultiDimFit -n _paramFit_Test_CMS_scale_j_PileUpPtRef --algo impact --redefineSignalPOIs r -P CMS_scale_j_PileUpPtRef --floatOtherPOIs 1 --saveInactivePOI 1 --robustFit 1 -m 125 -d /workfs2/cms/huahuil/CMSSW_10_6_20/src/FourTop/hua/combine/combinationV18/run2_1tau1l_v4_unblind/workspace/datacard.root
>> combine -M MultiDimFit -n _paramFit_Test_CMS_scale_j_RelativeBal --algo impact --redefineSignalPOIs r -P CMS_scale_j_RelativeBal --floatOtherPOIs 1 --saveInactivePOI 1 --robustFit 1 -m 125 -d /workfs2/cms/huahuil/CMSSW_10_6_20/src/FourTop/hua/combine/combinationV18/run2_1tau1l_v4_unblind/workspace/datacard.root
>> combine -M MultiDimFit -n _paramFit_Test_CMS_scale_j_RelativeFSR --algo impact --redefineSignalPOIs r -P CMS_scale_j_RelativeFSR --floatOtherPOIs 1 --saveInactivePOI 1 --robustFit 1 -m 125 -d /workfs2/cms/huahuil/CMSSW_10_6_20/src/FourTop/hua/combine/combinationV18/run2_1tau1l_v4_unblind/workspace/datacard.root
>> combine -M MultiDimFit -n _paramFit_Test_CMS_scale_j_RelativeJEREC1_2016postVFP --algo impact --redefineSignalPOIs r -P CMS_scale_j_RelativeJEREC1_2016postVFP --floatOtherPOIs 1 --saveInactivePOI 1 --robustFit 1 -m 125 -d /workfs2/cms/huahuil/CMSSW_10_6_20/src/FourTop/hua/combine/combinationV18/run2_1tau1l_v4_unblind/workspace/datacard.root
>> combine -M MultiDimFit -n _paramFit_Test_CMS_scale_j_RelativeJEREC1_2016preVFP --algo impact --redefineSignalPOIs r -P CMS_scale_j_RelativeJEREC1_2016preVFP --floatOtherPOIs 1 --saveInactivePOI 1 --robustFit 1 -m 125 -d /workfs2/cms/huahuil/CMSSW_10_6_20/src/FourTop/hua/combine/combinationV18/run2_1tau1l_v4_unblind/workspace/datacard.root
>> combine -M MultiDimFit -n _paramFit_Test_CMS_scale_j_RelativeJEREC1_2017 --algo impact --redefineSignalPOIs r -P CMS_scale_j_RelativeJEREC1_2017 --floatOtherPOIs 1 --saveInactivePOI 1 --robustFit 1 -m 125 -d /workfs2/cms/huahuil/CMSSW_10_6_20/src/FourTop/hua/combine/combinationV18/run2_1tau1l_v4_unblind/workspace/datacard.root
>> combine -M MultiDimFit -n _paramFit_Test_CMS_scale_j_RelativeJEREC1_2018 --algo impact --redefineSignalPOIs r -P CMS_scale_j_RelativeJEREC1_2018 --floatOtherPOIs 1 --saveInactivePOI 1 --robustFit 1 -m 125 -d /workfs2/cms/huahuil/CMSSW_10_6_20/src/FourTop/hua/combine/combinationV18/run2_1tau1l_v4_unblind/workspace/datacard.root
>> combine -M MultiDimFit -n _paramFit_Test_prop_binSR1tau1l_2016postVFP_bin6 --algo impact --redefineSignalPOIs r -P prop_binSR1tau1l_2016postVFP_bin6 --floatOtherPOIs 1 --saveInactivePOI 1 --robustFit 1 -m 125 -d /workfs2/cms/huahuil/CMSSW_10_6_20/src/FourTop/hua/combine/combinationV18/run2_1tau1l_v4_unblind/workspace/datacard.root
>> combine -M MultiDimFit -n _paramFit_Test_prop_binSR1tau1l_2016preVFP_bin0 --algo impact --redefineSignalPOIs r -P prop_binSR1tau1l_2016preVFP_bin0 --floatOtherPOIs <<< Combine >>> 
   Options for Robust Minimizer :: 
        Tolerance  0.1
        Strategy   0
        Type,Algo  Minuit2,Migrad
>>> method used is MultiDimFit
>>> random number generator seed is 123456
  Parameter                  :   Best-fit               r            
  prop_binSR1tau1l_2017_bin0 :   +0.122  -0.941/+0.947  -0.038/+0.043
Done in 0.67 min (cpu), 0.67 min (real)
 <<< Combine >>> 
   Options for Robust Minimizer :: 
        Tolerance  0.1
        Strategy   0
        Type,Algo  Minuit2,Migrad
>>> method used is MultiDimFit
>>> random number generator seed is 123456
Warning! -- You haven't picked default values for the Parameters of Interest (either with --expectSignal or --setParameters) for generating toys. Combine will use the 'B-only' ModelConfig to generate, which may lead to undesired behaviour if not using the default Physics Model
SimNLL created with 4 channels, 0 generic constraints, 245 fast gaussian constraints, 0 fast poisson constraints, 0 fast group constraints, 
Warning! -- You haven't picked default values for the Parameters of Interest (either with --expectSignal or --setParameters) for generating toys. Combine will use the 'B-only' ModelConfig to generate, which may lead to undesired behaviour if not using the default Physics Model
SimNLL created with 4 channels, 0 generic constraints, 245 fast gaussian constraints, 0 fast poisson constraints, 0 fast group constraints, 
Warning! -- You haven't picked default values for the Parameters of Interest (either with --expectSignal or --setParameters) for generating toys. Combine will use the 'B-only' ModelConfig to generate, which may lead to undesired behaviour if not using the default Physics Model
SimNLL created with 4 channels, 0 generic constraints, 245 fast gaussian constraints, 0 fast poisson constraints, 0 fast group constraints, 

 --- MultiDimFit ---
Parameter impacts: 

 --- MultiDimFit ---
Parameter impacts: 
  Parameter                  :   Best-fit               r            
  prop_binSR1tau1l_2018_bin1 :   +0.111  -0.943/+0.947  -0.048/+0.052
Done in 0.47 min (cpu), 0.47 min (real)
 <<< Combine >>> 
   Options for Robust Minimizer :: 
        Tolerance  0.1
        Strategy   0
        Type,Algo  Minuit2,Migrad
>>> method used is MultiDimFit
>>> random number generator seed is 123456
  Parameter         :   Best-fit               r            
  QCDscale_ren_tttt :   -0.005  -0.996/+0.996  +0.089/-0.041
Done in 0.59 min (cpu), 0.59 min (real)
 <<< Combine >>> 
   Options for Robust Minimizer :: 
        Tolerance  0.1
        Strategy   0
        Type,Algo  Minuit2,Migrad
>>> method used is MultiDimFit
>>> random number generator seed is 123456

 --- MultiDimFit ---
Parameter impacts: 
Warning! -- You haven't picked default values for the Parameters of Interest (either with --expectSignal or --setParameters) for generating toys. Combine will use the 'B-only' ModelConfig to generate, which may lead to undesired behaviour if not using the default Physics Model
SimNLL created with 4 channels, 0 generic constraints, 245 fast gaussian constraints, 0 fast poisson constraints, 0 fast group constraints, 
Warning! -- You haven't picked default values for the Parameters of Interest (either with --expectSignal or --setParameters) for generating toys. Combine will use the 'B-only' ModelConfig to generate, which may lead to undesired behaviour if not using the default Physics Model
SimNLL created with 4 channels, 0 generic constraints, 245 fast gaussian constraints, 0 fast poisson constraints, 0 fast group constraints, 
  Parameter        :   Best-fit               r            
  QCDscale_fac_ttW :   -0.005  -0.995/+0.995  -0.001/+0.004
Done in 0.57 min (cpu), 0.57 min (real)
 <<< Combine >>> 
   Options for Robust Minimizer :: 
        Tolerance  0.1
        Strategy   0
        Type,Algo  Minuit2,Migrad
>>> method used is MultiDimFit
>>> random number generator seed is 123456
Warning! -- You haven't picked default values for the Parameters of Interest (either with --expectSignal or --setParameters) for generating toys. Combine will use the 'B-only' ModelConfig to generate, which may lead to undesired behaviour if not using the default Physics Model
SimNLL created with 4 channels, 0 generic constraints, 245 fast gaussian constraints, 0 fast poisson constraints, 0 fast group constraints, 

 --- MultiDimFit ---
Parameter impacts: 

 --- MultiDimFit ---
Parameter impacts: 
  Parameter                        :   Best-fit               r            
  prop_binSR1tau1l_2016preVFP_bin0 :   -0.053  -0.948/+0.953  -0.025/+0.030
Done in 0.49 min (cpu), 0.49 min (real)
  Parameter :   Best-fit               r            
  ps_isr_tt :   -0.529  -0.925/+1.002  -0.384/+0.404
Done in 0.60 min (cpu), 0.60 min (real)
 <<< Combine >>> 
   Options for Robust Minimizer :: 
        Tolerance  0.1
        Strategy   0
        Type,Algo  Minuit2,Migrad
>>> method used is MultiDimFit
>>> random number generator seed is 123456
 <<< Combine >>> 
   Options for Robust Minimizer :: 
        Tolerance  0.1
        Strategy   0
        Type,Algo  Minuit2,Migrad
>>> method used is MultiDimFit
>>> random number generator seed is 123456
Warning! -- You haven't picked default values for the Parameters of Interest (either with --expectSignal or --setParameters) for generating toys. Combine will use the 'B-only' ModelConfig to generate, which may lead to undesired behaviour if not using the default Physics Model
Warning! -- You haven't picked default values for the Parameters of Interest (either with --expectSignal or --setParameters) for generating toys. Combine will use the 'B-only' ModelConfig to generate, which may lead to undesired behaviour if not using the default Physics Model
SimNLL created with 4 channels, 0 generic constraints, 245 fast gaussian constraints, 0 fast poisson constraints, 0 fast group constraints, 
SimNLL created with 4 channels, 0 generic constraints, 245 fast gaussian constraints, 0 fast poisson constraints, 0 fast group constraints, 

 --- MultiDimFit ---
Parameter impacts: 

 --- MultiDimFit ---
Parameter impacts: 
  Parameter                  :   Best-fit               r            
  prop_binSR1tau1l_2017_bin1 :   +0.664  -0.938/+0.945  -0.032/+0.037
Done in 0.64 min (cpu), 0.64 min (real)
  Parameter  :   Best-fit               r            
  pdf_alphas :   -0.042  -0.994/+0.998  -0.022/+0.007
Done in 0.65 min (cpu), 0.65 min (real)
 <<< Combine >>> 
   Options for Robust Minimizer :: 
        Tolerance  0.1
        Strategy   0
        Type,Algo  Minuit2,Migrad
>>> method used is MultiDimFit
>>> random number generator seed is 123456
 <<< Combine >>> 
   Options for Robust Minimizer :: 
        Tolerance  0.1
        Strategy   0
        Type,Algo  Minuit2,Migrad
>>> method used is MultiDimFit
>>> random number generator seed is 123456
Warning! -- You haven't picked default values for the Parameters of Interest (either with --expectSignal or --setParameters) for generating toys. Combine will use the 'B-only' ModelConfig to generate, which may lead to undesired behaviour if not using the default Physics Model
Warning! -- You haven't picked default values for the Parameters of Interest (either with --expectSignal or --setParameters) for generating toys. Combine will use the 'B-only' ModelConfig to generate, which may lead to undesired behaviour if not using the default Physics Model
SimNLL created with 4 channels, 0 generic constraints, 245 fast gaussian constraints, 0 fast poisson constraints, 0 fast group constraints, 
SimNLL created with 4 channels, 0 generic constraints, 245 fast gaussian constraints, 0 fast poisson constraints, 0 fast group constraints, 

 --- MultiDimFit ---
Parameter impacts: 
  Parameter                  :   Best-fit               r            
  prop_binSR1tau1l_2018_bin2 :   -0.388  -0.960/+0.960  +0.000/+0.004
Done in 0.41 min (cpu), 0.42 min (real)
 <<< Combine >>> 
   Options for Robust Minimizer :: 
        Tolerance  0.1
        Strategy   0
        Type,Algo  Minuit2,Migrad
>>> method used is MultiDimFit
>>> random number generator seed is 123456
Warning! -- You haven't picked default values for the Parameters of Interest (either with --expectSignal or --setParameters) for generating toys. Combine will use the 'B-only' ModelConfig to generate, which may lead to undesired behaviour if not using the default Physics Model
SimNLL created with 4 channels, 0 generic constraints, 245 fast gaussian constraints, 0 fast poisson constraints, 0 fast group constraints, 

 --- MultiDimFit ---
Parameter impacts: 

 --- MultiDimFit ---
Parameter impacts: 

 --- MultiDimFit ---
Parameter impacts: 
  Parameter       :   Best-fit               r            
  lumi_13TeV_1718 :   +0.035  -0.994/+0.994  +0.014/-0.012
Done in 0.61 min (cpu), 0.61 min (real)
 <<< Combine >>> 
   Options for Robust Minimizer :: 
        Tolerance  0.1
        Strategy   0
        Type,Algo  Minuit2,Migrad
>>> method used is MultiDimFit
>>> random number generator seed is 123456
  Parameter        :   Best-fit               r            
  QCDscale_fac_ttZ :   +0.000  -0.994/+0.995  -0.001/-0.002
Done in 0.57 min (cpu), 0.57 min (real)
 <<< Combine >>> 
   Options for Robust Minimizer :: 
        Tolerance  0.1
        Strategy   0
        Type,Algo  Minuit2,Migrad
>>> method used is MultiDimFit
>>> random number generator seed is 123456
  Parameter                        :   Best-fit               r            
  prop_binSR1tau1l_2016preVFP_bin1 :   -0.336  -0.946/+0.951  -0.010/+0.023
Done in 0.48 min (cpu), 0.48 min (real)
 <<< Combine >>> 
   Options for Robust Minimizer :: 
        Tolerance  0.1
        Strategy   0
        Type,Algo  Minuit2,Migrad
>>> method used is MultiDimFit
>>> random number generator seed is 123456
Warning! -- You haven't picked default values for the Parameters of Interest (either with --expectSignal or --setParameters) for generating toys. Combine will use the 'B-only' ModelConfig to generate, which may lead to undesired behaviour if not using the default Physics Model
SimNLL created with 4 channels, 0 generic constraints, 245 fast gaussian constraints, 0 fast poisson constraints, 0 fast group constraints, 
Warning! -- You haven't picked default values for the Parameters of Interest (either with --expectSignal or --setParameters) for generating toys. Combine will use the 'B-only' ModelConfig to generate, which may lead to undesired behaviour if not using the default Physics Model
SimNLL created with 4 channels, 0 generic constraints, 245 fast gaussian constraints, 0 fast poisson constraints, 0 fast group constraints, 
Warning! -- You haven't picked default values for the Parameters of Interest (either with --expectSignal or --setParameters) for generating toys. Combine will use the 'B-only' ModelConfig to generate, which may lead to undesired behaviour if not using the default Physics Model

 --- MultiDimFit ---
Parameter impacts: 
SimNLL created with 4 channels, 0 generic constraints, 245 fast gaussian constraints, 0 fast poisson constraints, 0 fast group constraints, 
  Parameter  :   Best-fit               r            
  ps_isr_ttH :   -0.009  -0.994/+0.995  -0.009/+0.009
Done in 0.55 min (cpu), 0.56 min (real)
 <<< Combine >>> 
   Options for Robust Minimizer :: 
        Tolerance  0.1
        Strategy   0
        Type,Algo  Minuit2,Migrad
>>> method used is MultiDimFit
>>> random number generator seed is 123456
Warning! -- You haven't picked default values for the Parameters of Interest (either with --expectSignal or --setParameters) for generating toys. Combine will use the 'B-only' ModelConfig to generate, which may lead to undesired behaviour if not using the default Physics Model
SimNLL created with 4 channels, 0 generic constraints, 245 fast gaussian constraints, 0 fast poisson constraints, 0 fast group constraints, 

 --- MultiDimFit ---
Parameter impacts: 
  Parameter                  :   Best-fit               r            
  prop_binSR1tau1l_2017_bin2 :   +0.035  -0.943/+0.947  +0.001/+0.003
Done in 0.53 min (cpu), 0.53 min (real)
 <<< Combine >>> 
   Options for Robust Minimizer :: 
        Tolerance  0.1
        Strategy   0
        Type,Algo  Minuit2,Migrad
>>> method used is MultiDimFit
>>> random number generator seed is 123456

 --- MultiDimFit ---
Parameter impacts: 
Warning! -- You haven't picked default values for the Parameters of Interest (either with --expectSignal or --setParameters) for generating toys. Combine will use the 'B-only' ModelConfig to generate, which may lead to undesired behaviour if not using the default Physics Model
SimNLL created with 4 channels, 0 generic constraints, 245 fast gaussian constraints, 0 fast poisson constraints, 0 fast group constraints, 
  Parameter                         :   Best-fit               r            
  prop_binSR1tau1l_2016postVFP_bin0 :   +0.115  -0.923/+0.934  -0.034/+0.034
Done in 0.58 min (cpu), 0.58 min (real)
 <<< Combine >>> 
   Options for Robust Minimizer :: 
        Tolerance  0.1
        Strategy   0
        Type,Algo  Minuit2,Migrad
>>> method used is MultiDimFit
>>> random number generator seed is 123456

 --- MultiDimFit ---
Parameter impacts: 
Warning! -- You haven't picked default values for the Parameters of Interest (either with --expectSignal or --setParameters) for generating toys. Combine will use the 'B-only' ModelConfig to generate, which may lead to undesired behaviour if not using the default Physics Model
SimNLL created with 4 channels, 0 generic constraints, 245 fast gaussian constraints, 0 fast poisson constraints, 0 fast group constraints, 
  Parameter                  :   Best-fit               r            
  prop_binSR1tau1l_2018_bin3 :   +0.124  -0.953/+0.955  +0.024/-0.017
Done in 0.49 min (cpu), 0.50 min (real)
 <<< Combine >>> 
   Options for Robust Minimizer :: 
        Tolerance  0.1
        Strategy   0
        Type,Algo  Minuit2,Migrad
>>> method used is MultiDimFit
>>> random number generator seed is 123456
Warning! -- You haven't picked default values for the Parameters of Interest (either with --expectSignal or --setParameters) for generating toys. Combine will use the 'B-only' ModelConfig to generate, which may lead to undesired behaviour if not using the default Physics Model
SimNLL created with 4 channels, 0 generic constraints, 245 fast gaussian constraints, 0 fast poisson constraints, 0 fast group constraints, 

 --- MultiDimFit ---
Parameter impacts: 
  Parameter              :   Best-fit               r            
  lumi_13TeV_2016postVFP :   +0.025  -0.994/+0.994  +0.005/-0.004
Done in 0.50 min (cpu), 0.50 min (real)
 <<< Combine >>> 
   Options for Robust Minimizer :: 
        Tolerance  0.1
        Strategy   0
        Type,Algo  Minuit2,Migrad
>>> method used is MultiDimFit
>>> random number generator seed is 123456

 --- MultiDimFit ---
Parameter impacts: 
Warning! -- You haven't picked default values for the Parameters of Interest (either with --expectSignal or --setParameters) for generating toys. Combine will use the 'B-only' ModelConfig to generate, which may lead to undesired behaviour if not using the default Physics Model
SimNLL created with 4 channels, 0 generic constraints, 245 fast gaussian constraints, 0 fast poisson constraints, 0 fast group constraints, 

 --- MultiDimFit ---
Parameter impacts: 
  Parameter         :   Best-fit               r            
  QCDscale_fac_tttt :   +0.003  -0.995/+0.994  +0.016/-0.010
Done in 0.54 min (cpu), 0.55 min (real)
 <<< Combine >>> 
   Options for Robust Minimizer :: 
        Tolerance  0.1
        Strategy   0
        Type,Algo  Minuit2,Migrad
>>> method used is MultiDimFit
>>> random number generator seed is 123456
Warning! -- You haven't picked default values for the Parameters of Interest (either with --expectSignal or --setParameters) for generating toys. Combine will use the 'B-only' ModelConfig to generate, which may lead to undesired behaviour if not using the default Physics Model
SimNLL created with 4 channels, 0 generic constraints, 245 fast gaussian constraints, 0 fast poisson constraints, 0 fast group constraints, 
  Parameter                        :   Best-fit               r            
  prop_binSR1tau1l_2016preVFP_bin2 :   +0.442  -0.919/+0.929  +0.008/+0.005
Done in 0.58 min (cpu), 0.58 min (real)
 <<< Combine >>> 
   Options for Robust Minimizer :: 
        Tolerance  0.1
        Strategy   0
        Type,Algo  Minuit2,Migrad
>>> method used is MultiDimFit
>>> random number generator seed is 123456
Warning! -- You haven't picked default values for the Parameters of Interest (either with --expectSignal or --setParameters) for generating toys. Combine will use the 'B-only' ModelConfig to generate, which may lead to undesired behaviour if not using the default Physics Model
SimNLL created with 4 channels, 0 generic constraints, 245 fast gaussian constraints, 0 fast poisson constraints, 0 fast group constraints, 

 --- MultiDimFit ---
Parameter impacts: 

 --- MultiDimFit ---
Parameter impacts: 

 --- MultiDimFit ---
Parameter impacts: 
  Parameter  :   Best-fit               r            
  ps_isr_ttW :   -0.008  -0.996/+0.997  +0.000/+0.002
Done in 0.60 min (cpu), 0.60 min (real)
 <<< Combine >>> 
   Options for Robust Minimizer :: 
        Tolerance  0.1
        Strategy   0
        Type,Algo  Minuit2,Migrad
>>> method used is MultiDimFit
>>> random number generator seed is 123456
  Parameter                  :   Best-fit               r            
  prop_binSR1tau1l_2017_bin3 :   +0.196  -0.958/+0.962  +0.033/-0.025
Done in 0.50 min (cpu), 0.51 min (real)
 <<< Combine >>> 
   Options for Robust Minimizer :: 
        Tolerance  0.1
        Strategy   0
        Type,Algo  Minuit2,Migrad
>>> method used is MultiDimFit
>>> random number generator seed is 123456
Warning! -- You haven't picked default values for the Parameters of Interest (either with --expectSignal or --setParameters) for generating toys. Combine will use the 'B-only' ModelConfig to generate, which may lead to undesired behaviour if not using the default Physics Model
SimNLL created with 4 channels, 0 generic constraints, 245 fast gaussian constraints, 0 fast poisson constraints, 0 fast group constraints, 
  Parameter                         :   Best-fit               r            
  prop_binSR1tau1l_2016postVFP_bin1 :   -0.303  -0.949/+0.955  -0.005/+0.008
Done in 0.46 min (cpu), 0.47 min (real)
 <<< Combine >>> 
   Options for Robust Minimizer :: 
        Tolerance  0.1
        Strategy   0
        Type,Algo  Minuit2,Migrad
>>> method used is MultiDimFit
>>> random number generator seed is 123456
Warning! -- You haven't picked default values for the Parameters of Interest (either with --expectSignal or --setParameters) for generating toys. Combine will use the 'B-only' ModelConfig to generate, which may lead to undesired behaviour if not using the default Physics Model
SimNLL created with 4 channels, 0 generic constraints, 245 fast gaussian constraints, 0 fast poisson constraints, 0 fast group constraints, 
Warning! -- You haven't picked default values for the Parameters of Interest (either with --expectSignal or --setParameters) for generating toys. Combine will use the 'B-only' ModelConfig to generate, which may lead to undesired behaviour if not using the default Physics Model
SimNLL created with 4 channels, 0 generic constraints, 245 fast gaussian constraints, 0 fast poisson constraints, 0 fast group constraints, 

 --- MultiDimFit ---
Parameter impacts: 
  Parameter                  :   Best-fit               r            
  prop_binSR1tau1l_2018_bin4 :   -0.099  -0.946/+0.950  +0.092/-0.052
Done in 0.51 min (cpu), 0.51 min (real)
 <<< Combine >>> 
   Options for Robust Minimizer :: 
        Tolerance  0.1
        Strategy   0
        Type,Algo  Minuit2,Migrad
>>> method used is MultiDimFit
>>> random number generator seed is 123456
Warning! -- You haven't picked default values for the Parameters of Interest (either with --expectSignal or --setParameters) for generating toys. Combine will use the 'B-only' ModelConfig to generate, which may lead to undesired behaviour if not using the default Physics Model
SimNLL created with 4 channels, 0 generic constraints, 245 fast gaussian constraints, 0 fast poisson constraints, 0 fast group constraints, 

 --- MultiDimFit ---
Parameter impacts: 
  Parameter             :   Best-fit               r            
  lumi_13TeV_2016preVFP :   +0.001  -0.994/+0.994  +0.008/-0.006
Done in 0.55 min (cpu), 0.55 min (real)
 <<< Combine >>> 
   Options for Robust Minimizer :: 
        Tolerance  0.1
        Strategy   0
        Type,Algo  Minuit2,Migrad
>>> method used is MultiDimFit
>>> random number generator seed is 123456
Warning! -- You haven't picked default values for the Parameters of Interest (either with --expectSignal or --setParameters) for generating toys. Combine will use the 'B-only' ModelConfig to generate, which may lead to undesired behaviour if not using the default Physics Model
SimNLL created with 4 channels, 0 generic constraints, 245 fast gaussian constraints, 0 fast poisson constraints, 0 fast group constraints, 

 --- MultiDimFit ---
Parameter impacts: 

 --- MultiDimFit ---
Parameter impacts: 

 --- MultiDimFit ---
Parameter impacts: 
  Parameter              :   Best-fit               r            
  QCDscale_ren_singleTop :   -0.011  -0.996/+0.996  +0.003/+0.001
Done in 0.59 min (cpu), 0.60 min (real)
 <<< Combine >>> 
   Options for Robust Minimizer :: 
        Tolerance  0.1
        Strategy   0
        Type,Algo  Minuit2,Migrad
>>> method used is MultiDimFit
>>> random number generator seed is 123456
  Parameter                        :   Best-fit               r            
  prop_binSR1tau1l_2016preVFP_bin3 :   -0.309  -0.941/+0.949  +0.016/-0.008
Done in 0.56 min (cpu), 0.56 min (real)
 <<< Combine >>> 
   Options for Robust Minimizer :: 
        Tolerance  0.1
        Strategy   0
        Type,Algo  Minuit2,Migrad
>>> method used is MultiDimFit
>>> random number generator seed is 123456
  Parameter                         :   Best-fit               r            
  prop_binSR1tau1l_2016postVFP_bin2 :   -0.070  -0.963/+0.966  +0.001/+0.004
Done in 0.44 min (cpu), 0.44 min (real)
 <<< Combine >>> 
   Options for Robust Minimizer :: 
        Tolerance  0.1
        Strategy   0
        Type,Algo  Minuit2,Migrad
>>> method used is MultiDimFit
>>> random number generator seed is 123456
Warning! -- You haven't picked default values for the Parameters of Interest (either with --expectSignal or --setParameters) for generating toys. Combine will use the 'B-only' ModelConfig to generate, which may lead to undesired behaviour if not using the default Physics Model
SimNLL created with 4 channels, 0 generic constraints, 245 fast gaussian constraints, 0 fast poisson constraints, 0 fast group constraints, 

 --- MultiDimFit ---
Parameter impacts: 
Warning! -- You haven't picked default values for the Parameters of Interest (either with --expectSignal or --setParameters) for generating toys. Combine will use the 'B-only' ModelConfig to generate, which may lead to undesired behaviour if not using the default Physics Model
SimNLL created with 4 channels, 0 generic constraints, 245 fast gaussian constraints, 0 fast poisson constraints, 0 fast group constraints, 
Warning! -- You haven't picked default values for the Parameters of Interest (either with --expectSignal or --setParameters) for generating toys. Combine will use the 'B-only' ModelConfig to generate, which may lead to undesired behaviour if not using the default Physics Model
SimNLL created with 4 channels, 0 generic constraints, 245 fast gaussian constraints, 0 fast poisson constraints, 0 fast group constraints, 
  Parameter  :   Best-fit               r            
  ps_isr_ttZ :   -0.008  -0.997/+0.996  -0.011/+0.010
Done in 0.54 min (cpu), 0.54 min (real)
 <<< Combine >>> 
   Options for Robust Minimizer :: 
        Tolerance  0.1
        Strategy   0
        Type,Algo  Minuit2,Migrad
>>> method used is MultiDimFit
>>> random number generator seed is 123456
Warning! -- You haven't picked default values for the Parameters of Interest (either with --expectSignal or --setParameters) for generating toys. Combine will use the 'B-only' ModelConfig to generate, which may lead to undesired behaviour if not using the default Physics Model
SimNLL created with 4 channels, 0 generic constraints, 245 fast gaussian constraints, 0 fast poisson constraints, 0 fast group constraints, 

 --- MultiDimFit ---
Parameter impacts: 
  Parameter                  :   Best-fit               r            
  prop_binSR1tau1l_2017_bin4 :   -0.113  -0.955/+0.959  +0.046/-0.035
Done in 0.64 min (cpu), 0.65 min (real)
 <<< Combine >>> 
   Options for Robust Minimizer :: 
        Tolerance  0.1
        Strategy   0
        Type,Algo  Minuit2,Migrad
>>> method used is MultiDimFit
>>> random number generator seed is 123456
Warning! -- You haven't picked default values for the Parameters of Interest (either with --expectSignal or --setParameters) for generating toys. Combine will use the 'B-only' ModelConfig to generate, which may lead to undesired behaviour if not using the default Physics Model
SimNLL created with 4 channels, 0 generic constraints, 245 fast gaussian constraints, 0 fast poisson constraints, 0 fast group constraints, 

 --- MultiDimFit ---
Parameter impacts: 
  Parameter                  :   Best-fit               r            
  prop_binSR1tau1l_2018_bin5 :   -0.241  -0.968/+0.969  +0.102/-0.074
Done in 0.64 min (cpu), 0.64 min (real)
 <<< Combine >>> 
   Options for Robust Minimizer :: 
        Tolerance  0.1
        Strategy   0
        Type,Algo  Minuit2,Migrad
>>> method used is MultiDimFit
>>> random number generator seed is 123456

 --- MultiDimFit ---
Parameter impacts: 
Warning! -- You haven't picked default values for the Parameters of Interest (either with --expectSignal or --setParameters) for generating toys. Combine will use the 'B-only' ModelConfig to generate, which may lead to undesired behaviour if not using the default Physics Model
SimNLL created with 4 channels, 0 generic constraints, 245 fast gaussian constraints, 0 fast poisson constraints, 0 fast group constraints, 
  Parameter       :   Best-fit               r            
  lumi_13TeV_2017 :   +0.134  -0.992/+0.992  +0.030/-0.028
Done in 0.44 min (cpu), 0.44 min (real)
 <<< Combine >>> 
   Options for Robust Minimizer :: 
        Tolerance  0.1
        Strategy   0
        Type,Algo  Minuit2,Migrad
>>> method used is MultiDimFit
>>> random number generator seed is 123456
Warning! -- You haven't picked default values for the Parameters of Interest (either with --expectSignal or --setParameters) for generating toys. Combine will use the 'B-only' ModelConfig to generate, which may lead to undesired behaviour if not using the default Physics Model
SimNLL created with 4 channels, 0 generic constraints, 245 fast gaussian constraints, 0 fast poisson constraints, 0 fast group constraints, 

 --- MultiDimFit ---
Parameter impacts: 
  Parameter                        :   Best-fit               r            
  prop_binSR1tau1l_2016preVFP_bin4 :   -0.069  -0.952/+0.957  +0.038/-0.024
Done in 0.51 min (cpu), 0.51 min (real)
 <<< Combine >>> 
   Options for Robust Minimizer :: 
        Tolerance  0.1
        Strategy   0
        Type,Algo  Minuit2,Migrad
>>> method used is MultiDimFit
>>> random number generator seed is 123456

 --- MultiDimFit ---
Parameter impacts: 
Warning! -- You haven't picked default values for the Parameters of Interest (either with --expectSignal or --setParameters) for generating toys. Combine will use the 'B-only' ModelConfig to generate, which may lead to undesired behaviour if not using the default Physics Model
SimNLL created with 4 channels, 0 generic constraints, 245 fast gaussian constraints, 0 fast poisson constraints, 0 fast group constraints, 
  Parameter       :   Best-fit               r            
  QCDscale_ren_tt :   -0.620  -0.945/+1.012  -0.355/+0.376
Done in 0.57 min (cpu), 0.58 min (real)
 <<< Combine >>> 
   Options for Robust Minimizer :: 
        Tolerance  0.1
        Strategy   0
        Type,Algo  Minuit2,Migrad
>>> method used is MultiDimFit
>>> random number generator seed is 123456
Warning! -- You haven't picked default values for the Parameters of Interest (either with --expectSignal or --setParameters) for generating toys. Combine will use the 'B-only' ModelConfig to generate, which may lead to undesired behaviour if not using the default Physics Model
SimNLL created with 4 channels, 0 generic constraints, 245 fast gaussian constraints, 0 fast poisson constraints, 0 fast group constraints, 

 --- MultiDimFit ---
Parameter impacts: 

 --- MultiDimFit ---
Parameter impacts: 
  Parameter   :   Best-fit               r            
  ps_isr_tttt :   -0.003  -0.994/+0.994  -0.044/+0.039
Done in 0.58 min (cpu), 0.58 min (real)
  Parameter                         :   Best-fit               r            
  prop_binSR1tau1l_2016postVFP_bin3 :   -0.141  -0.969/+0.972  +0.019/-0.010
Done in 0.66 min (cpu), 0.66 min (real)
 <<< Combine >>> 
   Options for Robust Minimizer :: 
        Tolerance  0.1
        Strategy   0
        Type,Algo  Minuit2,Migrad
>>> method used is MultiDimFit
>>> random number generator seed is 123456
Warning! -- You haven't picked default values for the Parameters of Interest (either with --expectSignal or --setParameters) for generating toys. Combine will use the 'B-only' ModelConfig to generate, which may lead to undesired behaviour if not using the default Physics Model
SimNLL created with 4 channels, 0 generic constraints, 245 fast gaussian constraints, 0 fast poisson constraints, 0 fast group constraints, 

 --- MultiDimFit ---
Parameter impacts: 
  Parameter                  :   Best-fit               r            
  prop_binSR1tau1l_2017_bin5 :   -0.104  -0.964/+0.966  +0.129/-0.095
Done in 0.54 min (cpu), 0.54 min (real)
 <<< Combine >>> 
   Options for Robust Minimizer :: 
        Tolerance  0.1
        Strategy   0
        Type,Algo  Minuit2,Migrad
>>> method used is MultiDimFit
>>> random number generator seed is 123456
Warning! -- You haven't picked default values for the Parameters of Interest (either with --expectSignal or --setParameters) for generating toys. Combine will use the 'B-only' ModelConfig to generate, which may lead to undesired behaviour if not using the default Physics Model
SimNLL created with 4 channels, 0 generic constraints, 245 fast gaussian constraints, 0 fast poisson constraints, 0 fast group constraints, 

 --- MultiDimFit ---
Parameter impacts: 
  Parameter       :   Best-fit               r            
  lumi_13TeV_2018 :   -0.045  -0.993/+0.992  +0.031/-0.028
Done in 0.52 min (cpu), 0.52 min (real)
 <<< Combine >>> 
   Options for Robust Minimizer :: 
        Tolerance  0.1
        Strategy   0
        Type,Algo  Minuit2,Migrad
>>> method used is MultiDimFit
>>> random number generator seed is 123456

 --- MultiDimFit ---
Parameter impacts: 
Warning! -- You haven't picked default values for the Parameters of Interest (either with --expectSignal or --setParameters) for generating toys. Combine will use the 'B-only' ModelConfig to generate, which may lead to undesired behaviour if not using the default Physics Model
SimNLL created with 4 channels, 0 generic constraints, 245 fast gaussian constraints, 0 fast poisson constraints, 0 fast group constraints, 
  Parameter                  :   Best-fit               r            
  prop_binSR1tau1l_2018_bin6 :   -0.152  -0.980/+0.979  +0.180/-0.148
Done in 0.63 min (cpu), 0.64 min (real)
 <<< Combine >>> 
   Options for Robust Minimizer :: 
        Tolerance  0.1
        Strategy   0
        Type,Algo  Minuit2,Migrad
>>> method used is MultiDimFit
>>> random number generator seed is 123456
Warning! -- You haven't picked default values for the Parameters of Interest (either with --expectSignal or --setParameters) for generating toys. Combine will use the 'B-only' ModelConfig to generate, which may lead to undesired behaviour if not using the default Physics Model
SimNLL created with 4 channels, 0 generic constraints, 245 fast gaussian constraints, 0 fast poisson constraints, 0 fast group constraints, 

 --- MultiDimFit ---
Parameter impacts: 
  Parameter                        :   Best-fit               r            
  prop_binSR1tau1l_2016preVFP_bin5 :   -0.091  -0.952/+0.959  +0.097/-0.043
Done in 0.59 min (cpu), 0.59 min (real)
 <<< Combine >>> 
   Options for Robust Minimizer :: 
        Tolerance  0.1
        Strategy   0
        Type,Algo  Minuit2,Migrad
>>> method used is MultiDimFit
>>> random number generator seed is 123456
Warning! -- You haven't picked default values for the Parameters of Interest (either with --expectSignal or --setParameters) for generating toys. Combine will use the 'B-only' ModelConfig to generate, which may lead to undesired behaviour if not using the default Physics Model
SimNLL created with 4 channels, 0 generic constraints, 245 fast gaussian constraints, 0 fast poisson constraints, 0 fast group constraints, 

 --- MultiDimFit ---
Parameter impacts: 
  Parameter        :   Best-fit               r            
  QCDscale_ren_ttH :   +0.002  -0.988/+0.993  +0.004/-0.002
Done in 0.64 min (cpu), 0.64 min (real)
 <<< Combine >>> 
   Options for Robust Minimizer :: 
        Tolerance  0.1
        Strategy   0
        Type,Algo  Minuit2,Migrad
>>> method used is MultiDimFit
>>> random number generator seed is 123456

 --- MultiDimFit ---
Parameter impacts: 
Warning! -- You haven't picked default values for the Parameters of Interest (either with --expectSignal or --setParameters) for generating toys. Combine will use the 'B-only' ModelConfig to generate, which may lead to undesired behaviour if not using the default Physics Model
SimNLL created with 4 channels, 0 generic constraints, 245 fast gaussian constraints, 0 fast poisson constraints, 0 fast group constraints, 

 --- MultiDimFit ---
Parameter impacts: 
  Parameter                  :   Best-fit               r            
  prop_binSR1tau1l_2017_bin6 :   +0.020  -0.980/+0.980  +0.187/-0.152
Done in 0.51 min (cpu), 0.51 min (real)
 <<< Combine >>> 
   Options for Robust Minimizer :: 
        Tolerance  0.1
        Strategy   0
        Type,Algo  Minuit2,Migrad
>>> method used is MultiDimFit
>>> random number generator seed is 123456
  Parameter                         :   Best-fit               r            
  prop_binSR1tau1l_2016postVFP_bin4 :   +0.621  -0.936/+0.943  +0.109/-0.059
Done in 0.61 min (cpu), 0.61 min (real)
 <<< Combine >>> 
   Options for Robust Minimizer :: 
        Tolerance  0.1
        Strategy   0
        Type,Algo  Minuit2,Migrad
>>> method used is MultiDimFit
>>> random number generator seed is 123456
Warning! -- You haven't picked default values for the Parameters of Interest (either with --expectSignal or --setParameters) for generating toys. Combine will use the 'B-only' ModelConfig to generate, which may lead to undesired behaviour if not using the default Physics Model
SimNLL created with 4 channels, 0 generic constraints, 245 fast gaussian constraints, 0 fast poisson constraints, 0 fast group constraints, 
Warning! -- You haven't picked default values for the Parameters of Interest (either with --expectSignal or --setParameters) for generating toys. Combine will use the 'B-only' ModelConfig to generate, which may lead to undesired behaviour if not using the default Physics Model
SimNLL created with 4 channels, 0 generic constraints, 245 fast gaussian constraints, 0 fast poisson constraints, 0 fast group constraints, 

 --- MultiDimFit ---
Parameter impacts: 
  Parameter             :   Best-fit               r            
  lumi_13TeV_correlated :   +0.016  -0.992/+0.992  +0.066/-0.059
Done in 0.53 min (cpu), 0.54 min (real)

 --- MultiDimFit ---
Parameter impacts: 
  Parameter :   Best-fit               r            
  ps_fsr    :   -0.453  -0.928/+0.997  -0.470/+0.478
Done in 0.66 min (cpu), 0.66 min (real)
 <<< Combine >>> 
   Options for Robust Minimizer :: 
        Tolerance  0.1
        Strategy   0
        Type,Algo  Minuit2,Migrad
>>> method used is MultiDimFit
>>> random number generator seed is 123456
Warning! -- You haven't picked default values for the Parameters of Interest (either with --expectSignal or --setParameters) for generating toys. Combine will use the 'B-only' ModelConfig to generate, which may lead to undesired behaviour if not using the default Physics Model
SimNLL created with 4 channels, 0 generic constraints, 245 fast gaussian constraints, 0 fast poisson constraints, 0 fast group constraints, 

 --- MultiDimFit ---
Parameter impacts: 

 --- MultiDimFit ---
Parameter impacts: 
  Parameter                        :   Best-fit               r            
  prop_binSR1tau1l_2016preVFP_bin6 :   +0.196  -0.970/+0.971  +0.235/-0.184
Done in 0.55 min (cpu), 0.55 min (real)
  Parameter                  :   Best-fit               r            
  prop_binSR1tau1l_2018_bin0 :   +0.192  -0.941/+0.946  -0.069/+0.071
Done in 0.42 min (cpu), 0.42 min (real)

 --- MultiDimFit ---
Parameter impacts: 
  Parameter                         :   Best-fit               r            
  prop_binSR1tau1l_2016postVFP_bin5 :   +0.070  -0.963/+0.968  +0.086/-0.038
Done in 0.49 min (cpu), 0.49 min (real)

 --- MultiDimFit ---
Parameter impacts: 
  Parameter        :   Best-fit               r            
  QCDscale_ren_ttW :   +0.000  -1.002/+0.994  -0.004/+0.004
Done in 0.64 min (cpu), 0.64 min (real)

 --- MultiDimFit ---
Parameter impacts: 
  Parameter        :   Best-fit               r            
  ps_isr_singleTop :   +0.003  -0.984/+0.986  -0.001/+0.003
Done in 0.62 min (cpu), 0.62 min (real)
>> combine -M MultiDimFit -n _paramFit_Test_CMS_TOP24017_ttttSS_eff_e_syst --algo impact --redefineSignalPOIs r -P CMS_TOP24017_ttttSS_eff_e_syst --floatOtherPOIs 1 --saveInactivePOI 1 --robustFit 1 -m 125 -d /workfs2/cms/huahuil/CMSSW_10_6_20/src/FourTop/hua/combine/combinationV18/run2_1tau1l_v4_unblind/workspace/datacard.root
>> combine -M MultiDimFit -n _paramFit_Test_CMS_TOP24017_ttttSS_eff_m_stat_2016postVFP --algo impact --redefineSignalPOIs r -P CMS_TOP24017_ttttSS_eff_m_stat_2016postVFP --floatOtherPOIs 1 --saveInactivePOI 1 --robustFit 1 -m 125 -d /workfs2/cms/huahuil/CMSSW_10_6_20/src/FourTop/hua/combine/combinationV18/run2_1tau1l_v4_unblind/workspace/datacard.root
>> combine -M MultiDimFit -n _paramFit_Test_CMS_TOP24017_ttttSS_eff_m_stat_2016preVFP --algo impact --redefineSignalPOIs r -P CMS_TOP24017_ttttSS_eff_m_stat_2016preVFP --floatOtherPOIs 1 --saveInactivePOI 1 --robustFit 1 -m 125 -d /workfs2/cms/huahuil/CMSSW_10_6_20/src/FourTop/hua/combine/combinationV18/run2_1tau1l_v4_unblind/workspace/datacard.root
>> combine -M MultiDimFit -n _paramFit_Test_CMS_TOP24017_ttttSS_eff_m_stat_2017 --algo impact --redefineSignalPOIs r -P CMS_TOP24017_ttttSS_eff_m_stat_2017 --floatOtherPOIs 1 --saveInactivePOI 1 --robustFit 1 -m 125 -d /workfs2/cms/huahuil/CMSSW_10_6_20/src/FourTop/hua/combine/combinationV18/run2_1tau1l_v4_unblind/workspace/datacard.root
>> combine -M MultiDimFit -n _paramFit_Test_CMS_TOP24017_ttttSS_eff_m_stat_2018 --algo impact --redefineSignalPOIs r -P CMS_TOP24017_ttttSS_eff_m_stat_2018 --floatOtherPOIs 1 --saveInactivePOI 1 --robustFit 1 -m 125 -d /workfs2/cms/huahuil/CMSSW_10_6_20/src/FourTop/hua/combine/combinationV18/run2_1tau1l_v4_unblind/workspace/datacard.root
>> combine -M MultiDimFit -n _paramFit_Test_CMS_TOP24017_ttttSS_eff_m_syst --algo impact --redefineSignalPOIs r -P CMS_TOP24017_ttttSS_eff_m_syst --floatOtherPOIs 1 --saveInactivePOI 1 --robustFit 1 -m 125 -d /workfs2/cms/huahuil/CMSSW_10_6_20/src/FourTop/hua/combine/combinationV18/run2_1tau1l_v4_unblind/workspace/datacard.root
>> combine -M MultiDimFit -n _paramFit_Test_CMS_btag_fixedWP_comb_bc_correlated --algo impact --redefineSignalPOIs r -P CMS_btag_fixedWP_comb_bc_correlated --floatOtherPOIs 1 --saveInactivePOI 1 --robustFit 1 -m 125 -d /workfs2/cms/huahuil/CMSSW_10_6_20/src/FourTop/hua/combine/combinationV18/run2_1tau1l_v4_unblind/workspace/datacard.root
>> combine -M MultiDimFit -n _paramFit_Test_CMS_btag_fixedWP_comb_bc_uncorrelated_2016postVFP --algo impact --redefineSignalPOIs r -P CMS_btag_fixedWP_comb_bc_uncorrelated_2016postVFP --floatOtherPOIs 1 --saveInactivePOI 1 --robustFit 1 -m 125 -d /workfs2/cms/huahuil/CMSSW_10_6_20/src/FourTop/hua/combine/combinationV18/run2_1tau1l_v4_unblind/workspace/datacard.root
>> combine -M MultiDimFit -n _paramFit_Test_CMS_scale_j_FlavorPureCharm --algo impact --redefineSignalPOIs r -P CMS_scale_j_FlavorPureCharm --floatOtherPOIs 1 --saveInactivePOI 1 --robustFit 1 -m 125 -d /workfs2/cms/huahuil/CMSSW_10_6_20/src/FourTop/hua/combine/combinationV18/run2_1tau1l_v4_unblind/workspace/datacard.root
>> combine -M MultiDimFit -n _paramFit_Test_CMS_scale_j_FlavorPureGluon --algo impact --redefineSignalPOIs r -P CMS_scale_j_FlavorPureGluon --floatOtherPOIs 1 --saveInactivePOI 1 --robustFit 1 -m 125 -d /workfs2/cms/huahuil/CMSSW_10_6_20/src/FourTop/hua/combine/combinationV18/run2_1tau1l_v4_unblind/workspace/datacard.root
>> combine -M MultiDimFit -n _paramFit_Test_CMS_scale_j_FlavorPureQuark --algo impact --redefineSignalPOIs r -P CMS_scale_j_FlavorPureQuark --floatOtherPOIs 1 --saveInactivePOI 1 --robustFit 1 -m 125 -d /workfs2/cms/huahuil/CMSSW_10_6_20/src/FourTop/hua/combine/combinationV18/run2_1tau1l_v4_unblind/workspace/datacard.root
>> combine -M MultiDimFit -n _paramFit_Test_CMS_scale_j_Fragmentation --algo impact --redefineSignalPOIs r -P CMS_scale_j_Fragmentation --floatOtherPOIs 1 --saveInactivePOI 1 --robustFit 1 -m 125 -d /workfs2/cms/huahuil/CMSSW_10_6_20/src/FourTop/hua/combine/combinationV18/run2_1tau1l_v4_unblind/workspace/datacard.root
>> combine -M MultiDimFit -n _paramFit_Test_CMS_scale_j_PileUpDataMC --algo impact --redefineSignalPOIs r -P CMS_scale_j_PileUpDataMC --floatOtherPOIs 1 --saveInactivePOI 1 --robustFit 1 -m 125 -d /workfs2/cms/huahuil/CMSSW_10_6_20/src/FourTop/hua/combine/combinationV18/run2_1tau1l_v4_unblind/workspace/datacard.root
>> combine -M MultiDimFit -n _paramFit_Test_CMS_scale_j_PileUpPtBB --algo impact --redefineSignalPOIs r -P CMS_scale_j_PileUpPtBB --floatOtherPOIs 1 --saveInactivePOI 1 --robustFit 1 -m 125 -d /workfs2/cms/huahuil/CMSSW_10_6_20/src/FourTop/hua/combine/combinationV18/run2_1tau1l_v4_unblind/workspace/datacard.root
>> combine -M MultiDimFit -n _paramFit_Test_CMS_scale_j_PileUpPtEC1 --algo impact --redefineSignalPOIs r -P CMS_scale_j_PileUpPtEC1 --floatOtherPOIs 1 --saveInactivePOI 1 --robustFit 1 -m 125 -d /workfs2/cms/huahuil/CMSSW_10_6_20/src/FourTop/hua/combine/combinationV18/run2_1tau1l_v4_unblind/workspace/datacard.root
>> combine -M MultiDimFit -n _paramFit_Test_CMS_scale_j_PileUpPtEC2 --algo impact --redefineSignalPOIs r -P CMS_scale_j_PileUpPtEC2 --floatOtherPOIs 1 --saveInactivePOI 1 --robustFit 1 -m 125 -d /workfs2/cms/huahuil/CMSSW_10_6_20/src/FourTop/hua/combine/combinationV18/run2_1tau1l_v4_unblind/workspace/datacard.root
>> combine -M MultiDimFit -n _paramFit_Test_CMS_scale_t_DM0_2017 --algo impact --redefineSignalPOIs r -P CMS_scale_t_DM0_2017 --floatOtherPOIs 1 --saveInactivePOI 1 --robustFit 1 -m 125 -d /workfs2/cms/huahuil/CMSSW_10_6_20/src/FourTop/hua/combine/combinationV18/run2_1tau1l_v4_unblind/workspace/datacard.root
>> combine -M MultiDimFit -n _paramFit_Test_CMS_scale_t_DM0_2018 --algo impact --redefineSignalPOIs r -P CMS_scale_t_DM0_2018 --floatOtherPOIs 1 --saveInactivePOI 1 --robustFit 1 -m 125 -d /workfs2/cms/huahuil/CMSSW_10_6_20/src/FourTop/hua/combine/combinationV18/run2_1tau1l_v4_unblind/workspace/datacard.root
>> combine -M MultiDimFit -n _paramFit_Test_CMS_scale_t_DM10_2016postVFP --algo impact --redefineSignalPOIs r -P CMS_scale_t_DM10_2016postVFP --floatOtherPOIs 1 --saveInactivePOI 1 --robustFit 1 -m 125 -d /workfs2/cms/huahuil/CMSSW_10_6_20/src/FourTop/hua/combine/combinationV18/run2_1tau1l_v4_unblind/workspace/datacard.root
>> combine -M MultiDimFit -n _paramFit_Test_CMS_scale_t_DM10_2016preVFP --algo impact --redefineSignalPOIs r -P CMS_scale_t_DM10_2016preVFP --floatOtherPOIs 1 --saveInactivePOI 1 --robustFit 1 -m 125 -d /workfs2/cms/huahuil/CMSSW_10_6_20/src/FourTop/hua/combine/combinationV18/run2_1tau1l_v4_unblind/workspace/datacard.root
>> combine -M MultiDimFit -n _paramFit_Test_CMS_scale_t_DM10_2017 --algo impact --redefineSignalPOIs r -P CMS_scale_t_DM10_2017 --floatOtherPOIs 1 --saveInactivePOI 1 --robustFit 1 -m 125 -d /workfs2/cms/huahuil/CMSSW_10_6_20/src/FourTop/hua/combine/combinationV18/run2_1tau1l_v4_unblind/workspace/datacard.root
>> combine -M MultiDimFit -n _paramFit_Test_CMS_scale_t_DM10_2018 --algo impact --redefineSignalPOIs r -P CMS_scale_t_DM10_2018 --floatOtherPOIs 1 --saveInactivePOI 1 --robustFit 1 -m 125 -d /workfs2/cms/huahuil/CMSSW_10_6_20/src/FourTop/hua/combine/combinationV18/run2_1tau1l_v4_unblind/workspace/datacard.root
>> combine -M MultiDimFit -n _paramFit_Test_CMS_scale_t_DM11_2016postVFP --algo impact --redefineSignalPOIs r -P CMS_scale_t_DM11_2016postVFP --floatOtherPOIs 1 --saveInactivePOI 1 --robustFit 1 -m 125 -d /workfs2/cms/huahuil/CMSSW_10_6_20/src/FourTop/hua/combine/combinationV18/run2_1tau1l_v4_unblind/workspace/datacard.root
>> combine -M MultiDimFit -n _paramFit_Test_CMS_scale_t_DM11_2016preVFP --algo impact --redefineSignalPOIs r -P CMS_scale_t_DM11_2016preVFP --floatOtherPOIs 1 --saveInactivePOI 1 --robustFit 1 -m 125 -d /workfs2/cms/huahuil/CMSSW_10_6_20/src/FourTop/hua/combine/combinationV18/run2_1tau1l_v4_unblind/workspace/datacard.root
rkfs2/cms/huahuil/CMSSW_10_6_20/src/FourTop/hua/combine/combinationV18/run2_1tau1l_v4_unblind/workspace/datacard.root
>> combine -M MultiDimFit -n _paramFit_Test_QCDscale_ren_tttt --algo impact --redefineSignalPOIs r -P QCDscale_ren_tttt --floatOtherPOIs 1 --saveInactivePOI 1 --robustFit 1 -m 125 -d /workfs2/cms/huahuil/CMSSW_10_6_20/src/FourTop/hua/combine/combinationV18/run2_1tau1l_v4_unblind/workspace/datacard.root
>> combine -M MultiDimFit -n _paramFit_Test_lumi_13TeV_1718 --algo impact --redefineSignalPOIs r -P lumi_13TeV_1718 --floatOtherPOIs 1 --saveInactivePOI 1 --robustFit 1 -m 125 -d /workfs2/cms/huahuil/CMSSW_10_6_20/src/FourTop/hua/combine/combinationV18/run2_1tau1l_v4_unblind/workspace/datacard.root
>> combine -M MultiDimFit -n _paramFit_Test_lumi_13TeV_2016postVFP --algo impact --redefineSignalPOIs r -P lumi_13TeV_2016postVFP --floatOtherPOIs 1 --saveInactivePOI 1 --robustFit 1 -m 125 -d /workfs2/cms/huahuil/CMSSW_10_6_20/src/FourTop/hua/combine/combinationV18/run2_1tau1l_v4_unblind/workspace/datacard.root
>> combine -M MultiDimFit -n _paramFit_Test_lumi_13TeV_2016preVFP --algo impact --redefineSignalPOIs r -P lumi_13TeV_2016preVFP --floatOtherPOIs 1 --saveInactivePOI 1 --robustFit 1 -m 125 -d /workfs2/cms/huahuil/CMSSW_10_6_20/src/FourTop/hua/combine/combinationV18/run2_1tau1l_v4_unblind/workspace/datacard.root
>> combine -M MultiDimFit -n _paramFit_Test_lumi_13TeV_2017 --algo impact --redefineSignalPOIs r -P lumi_13TeV_2017 --floatOtherPOIs 1 --saveInactivePOI 1 --robustFit 1 -m 125 -d /workfs2/cms/huahuil/CMSSW_10_6_20/src/FourTop/hua/combine/combinationV18/run2_1tau1l_v4_unblind/workspace/datacard.root
>> combine -M MultiDimFit -n _paramFit_Test_lumi_13TeV_2018 --algo impact --redefineSignalPOIs r -P lumi_13TeV_2018 --floatOtherPOIs 1 --saveInactivePOI 1 --robustFit 1 -m 125 -d /workfs2/cms/huahuil/CMSSW_10_6_20/src/FourTop/hua/combine/combinationV18/run2_1tau1l_v4_unblind/workspace/datacard.root
>> combine -M MultiDimFit -n _paramFit_Test_lumi_13TeV_correlated --algo impact --redefineSignalPOIs r -P lumi_13TeV_correlated --floatOtherPOIs 1 --saveInactivePOI 1 --robustFit 1 -m 125 -d /workfs2/cms/huahuil/CMSSW_10_6_20/src/FourTop/hua/combine/combinationV18/run2_1tau1l_v4_unblind/workspace/datacard.root
urTop/hua/combine/combinationV18/run2_1tau1l_v4_unblind/workspace/datacard.root
>> combine -M MultiDimFit -n _paramFit_Test_ps_isr_ttH --algo impact --redefineSignalPOIs r -P ps_isr_ttH --floatOtherPOIs 1 --saveInactivePOI 1 --robustFit 1 -m 125 -d /workfs2/cms/huahuil/CMSSW_10_6_20/src/FourTop/hua/combine/combinationV18/run2_1tau1l_v4_unblind/workspace/datacard.root
>> combine -M MultiDimFit -n _paramFit_Test_ps_isr_ttW --algo impact --redefineSignalPOIs r -P ps_isr_ttW --floatOtherPOIs 1 --saveInactivePOI 1 --robustFit 1 -m 125 -d /workfs2/cms/huahuil/CMSSW_10_6_20/src/FourTop/hua/combine/combinationV18/run2_1tau1l_v4_unblind/workspace/datacard.root
>> combine -M MultiDimFit -n _paramFit_Test_ps_isr_ttZ --algo impact --redefineSignalPOIs r -P ps_isr_ttZ --floatOtherPOIs 1 --saveInactivePOI 1 --robustFit 1 -m 125 -d /workfs2/cms/huahuil/CMSSW_10_6_20/src/FourTop/hua/combine/combinationV18/run2_1tau1l_v4_unblind/workspace/datacard.root
>> combine -M MultiDimFit -n _paramFit_Test_ps_isr_tttt --algo impact --redefineSignalPOIs r -P ps_isr_tttt --floatOtherPOIs 1 --saveInactivePOI 1 --robustFit 1 -m 125 -d /workfs2/cms/huahuil/CMSSW_10_6_20/src/FourTop/hua/combine/combinationV18/run2_1tau1l_v4_unblind/workspace/datacard.root
 1 --saveInactivePOI 1 --robustFit 1 -m 125 -d /workfs2/cms/huahuil/CMSSW_10_6_20/src/FourTop/hua/combine/combinationV18/run2_1tau1l_v4_unblind/workspace/datacard.root
>> combine -M MultiDimFit -n _paramFit_Test_prop_binSR1tau1l_2016preVFP_bin1 --algo impact --redefineSignalPOIs r -P prop_binSR1tau1l_2016preVFP_bin1 --floatOtherPOIs 1 --saveInactivePOI 1 --robustFit 1 -m 125 -d /workfs2/cms/huahuil/CMSSW_10_6_20/src/FourTop/hua/combine/combinationV18/run2_1tau1l_v4_unblind/workspace/datacard.root
>> combine -M MultiDimFit -n _paramFit_Test_prop_binSR1tau1l_2016preVFP_bin2 --algo impact --redefineSignalPOIs r -P prop_binSR1tau1l_2016preVFP_bin2 --floatOtherPOIs 1 --saveInactivePOI 1 --robustFit 1 -m 125 -d /workfs2/cms/huahuil/CMSSW_10_6_20/src/FourTop/hua/combine/combinationV18/run2_1tau1l_v4_unblind/workspace/datacard.root
>> combine -M MultiDimFit -n _paramFit_Test_prop_binSR1tau1l_2016preVFP_bin3 --algo impact --redefineSignalPOIs r -P prop_binSR1tau1l_2016preVFP_bin3 --floatOtherPOIs 1 --saveInactivePOI 1 --robustFit 1 -m 125 -d /workfs2/cms/huahuil/CMSSW_10_6_20/src/FourTop/hua/combine/combinationV18/run2_1tau1l_v4_unblind/workspace/datacard.root
>> combine -M MultiDimFit -n _paramFit_Test_prop_binSR1tau1l_2016preVFP_bin4 --algo impact --redefineSignalPOIs r -P prop_binSR1tau1l_2016preVFP_bin4 --floatOtherPOIs 1 --saveInactivePOI 1 --robustFit 1 -m 125 -d /workfs2/cms/huahuil/CMSSW_10_6_20/src/FourTop/hua/combine/combinationV18/run2_1tau1l_v4_unblind/workspace/datacard.root
>> combine -M MultiDimFit -n _paramFit_Test_prop_binSR1tau1l_2016preVFP_bin5 --algo impact --redefineSignalPOIs r -P prop_binSR1tau1l_2016preVFP_bin5 --floatOtherPOIs 1 --saveInactivePOI 1 --robustFit 1 -m 125 -d /workfs2/cms/huahuil/CMSSW_10_6_20/src/FourTop/hua/combine/combinationV18/run2_1tau1l_v4_unblind/workspace/datacard.root
>> combine -M MultiDimFit -n _paramFit_Test_prop_binSR1tau1l_2016preVFP_bin6 --algo impact --redefineSignalPOIs r -P prop_binSR1tau1l_2016preVFP_bin6 --floatOtherPOIs 1 --saveInactivePOI 1 --robustFit 1 -m 125 -d /workfs2/cms/huahuil/CMSSW_10_6_20/src/FourTop/hua/combine/combinationV18/run2_1tau1l_v4_unblind/workspace/datacard.root
 1 --saveInactivePOI 1 --robustFit 1 -m 125 -d /workfs2/cms/huahuil/CMSSW_10_6_20/src/FourTop/hua/combine/combinationV18/run2_1tau1l_v4_unblind/workspace/datacard.root
>> combine -M MultiDimFit -n _paramFit_Test_prop_binSR1tau1l_2017_bin1 --algo impact --redefineSignalPOIs r -P prop_binSR1tau1l_2017_bin1 --floatOtherPOIs 1 --saveInactivePOI 1 --robustFit 1 -m 125 -d /workfs2/cms/huahuil/CMSSW_10_6_20/src/FourTop/hua/combine/combinationV18/run2_1tau1l_v4_unblind/workspace/datacard.root
>> combine -M MultiDimFit -n _paramFit_Test_prop_binSR1tau1l_2017_bin2 --algo impact --redefineSignalPOIs r -P prop_binSR1tau1l_2017_bin2 --floatOtherPOIs 1 --saveInactivePOI 1 --robustFit 1 -m 125 -d /workfs2/cms/huahuil/CMSSW_10_6_20/src/FourTop/hua/combine/combinationV18/run2_1tau1l_v4_unblind/workspace/datacard.root
>> combine -M MultiDimFit -n _paramFit_Test_prop_binSR1tau1l_2017_bin3 --algo impact --redefineSignalPOIs r -P prop_binSR1tau1l_2017_bin3 --floatOtherPOIs 1 --saveInactivePOI 1 --robustFit 1 -m 125 -d /workfs2/cms/huahuil/CMSSW_10_6_20/src/FourTop/hua/combine/combinationV18/run2_1tau1l_v4_unblind/workspace/datacard.root
>> combine -M MultiDimFit -n _paramFit_Test_prop_binSR1tau1l_2017_bin4 --algo impact --redefineSignalPOIs r -P prop_binSR1tau1l_2017_bin4 --floatOtherPOIs 1 --saveInactivePOI 1 --robustFit 1 -m 125 -d /workfs2/cms/huahuil/CMSSW_10_6_20/src/FourTop/hua/combine/combinationV18/run2_1tau1l_v4_unblind/workspace/datacard.root
>> combine -M MultiDimFit -n _paramFit_Test_prop_binSR1tau1l_2017_bin5 --algo impact --redefineSignalPOIs r -P prop_binSR1tau1l_2017_bin5 --floatOtherPOIs 1 --saveInactivePOI 1 --robustFit 1 -m 125 -d /workfs2/cms/huahuil/CMSSW_10_6_20/src/FourTop/hua/combine/combinationV18/run2_1tau1l_v4_unblind/workspace/datacard.root
>> combine -M MultiDimFit -n _paramFit_Test_prop_binSR1tau1l_2017_bin6 --algo impact --redefineSignalPOIs r -P prop_binSR1tau1l_2017_bin6 --floatOtherPOIs 1 --saveInactivePOI 1 --robustFit 1 -m 125 -d /workfs2/cms/huahuil/CMSSW_10_6_20/src/FourTop/hua/combine/combinationV18/run2_1tau1l_v4_unblind/workspace/datacard.root
>> combine -M MultiDimFit -n _paramFit_Test_prop_binSR1tau1l_2018_bin0 --algo impact --redefineSignalPOIs r -P prop_binSR1tau1l_2018_bin0 --floatOtherPOIs 1 --saveInactivePOI 1 --robustFit 1 -m 125 -d /workfs2/cms/huahuil/CMSSW_10_6_20/src/FourTop/hua/combine/combinationV18/run2_1tau1l_v4_unblind/workspace/datacard.root
df_alphas --floatOtherPOIs 1 --saveInactivePOI 1 --robustFit 1 -m 125 -d /workfs2/cms/huahuil/CMSSW_10_6_20/src/FourTop/hua/combine/combinationV18/run2_1tau1l_v4_unblind/workspace/datacard.root
>> combine -M MultiDimFit -n _paramFit_Test_prop_binSR1tau1l_2016postVFP_bin0 --algo impact --redefineSignalPOIs r -P prop_binSR1tau1l_2016postVFP_bin0 --floatOtherPOIs 1 --saveInactivePOI 1 --robustFit 1 -m 125 -d /workfs2/cms/huahuil/CMSSW_10_6_20/src/FourTop/hua/combine/combinationV18/run2_1tau1l_v4_unblind/workspace/datacard.root
>> combine -M MultiDimFit -n _paramFit_Test_prop_binSR1tau1l_2016postVFP_bin1 --algo impact --redefineSignalPOIs r -P prop_binSR1tau1l_2016postVFP_bin1 --floatOtherPOIs 1 --saveInactivePOI 1 --robustFit 1 -m 125 -d /workfs2/cms/huahuil/CMSSW_10_6_20/src/FourTop/hua/combine/combinationV18/run2_1tau1l_v4_unblind/workspace/datacard.root
>> combine -M MultiDimFit -n _paramFit_Test_prop_binSR1tau1l_2016postVFP_bin2 --algo impact --redefineSignalPOIs r -P prop_binSR1tau1l_2016postVFP_bin2 --floatOtherPOIs 1 --saveInactivePOI 1 --robustFit 1 -m 125 -d /workfs2/cms/huahuil/CMSSW_10_6_20/src/FourTop/hua/combine/combinationV18/run2_1tau1l_v4_unblind/workspace/datacard.root
>> combine -M MultiDimFit -n _paramFit_Test_prop_binSR1tau1l_2016postVFP_bin3 --algo impact --redefineSignalPOIs r -P prop_binSR1tau1l_2016postVFP_bin3 --floatOtherPOIs 1 --saveInactivePOI 1 --robustFit 1 -m 125 -d /workfs2/cms/huahuil/CMSSW_10_6_20/src/FourTop/hua/combine/combinationV18/run2_1tau1l_v4_unblind/workspace/datacard.root
>> combine -M MultiDimFit -n _paramFit_Test_prop_binSR1tau1l_2016postVFP_bin4 --algo impact --redefineSignalPOIs r -P prop_binSR1tau1l_2016postVFP_bin4 --floatOtherPOIs 1 --saveInactivePOI 1 --robustFit 1 -m 125 -d /workfs2/cms/huahuil/CMSSW_10_6_20/src/FourTop/hua/combine/combinationV18/run2_1tau1l_v4_unblind/workspace/datacard.root
>> combine -M MultiDimFit -n _paramFit_Test_prop_binSR1tau1l_2016postVFP_bin5 --algo impact --redefineSignalPOIs r -P prop_binSR1tau1l_2016postVFP_bin5 --floatOtherPOIs 1 --saveInactivePOI 1 --robustFit 1 -m 125 -d /workfs2/cms/huahuil/CMSSW_10_6_20/src/FourTop/hua/combine/combinationV18/run2_1tau1l_v4_unblind/workspace/datacard.root
tOtherPOIs 1 --saveInactivePOI 1 --robustFit 1 -m 125 -d /workfs2/cms/huahuil/CMSSW_10_6_20/src/FourTop/hua/combine/combinationV18/run2_1tau1l_v4_unblind/workspace/datacard.root
>> combine -M MultiDimFit -n _paramFit_Test_QCDscale_fac_ttW --algo impact --redefineSignalPOIs r -P QCDscale_fac_ttW --floatOtherPOIs 1 --saveInactivePOI 1 --robustFit 1 -m 125 -d /workfs2/cms/huahuil/CMSSW_10_6_20/src/FourTop/hua/combine/combinationV18/run2_1tau1l_v4_unblind/workspace/datacard.root
>> combine -M MultiDimFit -n _paramFit_Test_QCDscale_fac_ttZ --algo impact --redefineSignalPOIs r -P QCDscale_fac_ttZ --floatOtherPOIs 1 --saveInactivePOI 1 --robustFit 1 -m 125 -d /workfs2/cms/huahuil/CMSSW_10_6_20/src/FourTop/hua/combine/combinationV18/run2_1tau1l_v4_unblind/workspace/datacard.root
>> combine -M MultiDimFit -n _paramFit_Test_QCDscale_fac_tttt --algo impact --redefineSignalPOIs r -P QCDscale_fac_tttt --floatOtherPOIs 1 --saveInactivePOI 1 --robustFit 1 -m 125 -d /workfs2/cms/huahuil/CMSSW_10_6_20/src/FourTop/hua/combine/combinationV18/run2_1tau1l_v4_unblind/workspace/datacard.root
>> combine -M MultiDimFit -n _paramFit_Test_QCDscale_ren_singleTop --algo impact --redefineSignalPOIs r -P QCDscale_ren_singleTop --floatOtherPOIs 1 --saveInactivePOI 1 --robustFit 1 -m 125 -d /workfs2/cms/huahuil/CMSSW_10_6_20/src/FourTop/hua/combine/combinationV18/run2_1tau1l_v4_unblind/workspace/datacard.root
>> combine -M MultiDimFit -n _paramFit_Test_QCDscale_ren_tt --algo impact --redefineSignalPOIs r -P QCDscale_ren_tt --floatOtherPOIs 1 --saveInactivePOI 1 --robustFit 1 -m 125 -d /workfs2/cms/huahuil/CMSSW_10_6_20/src/FourTop/hua/combine/combinationV18/run2_1tau1l_v4_unblind/workspace/datacard.root
>> combine -M MultiDimFit -n _paramFit_Test_QCDscale_ren_ttH --algo impact --redefineSignalPOIs r -P QCDscale_ren_ttH --floatOtherPOIs 1 --saveInactivePOI 1 --robustFit 1 -m 125 -d /workfs2/cms/huahuil/CMSSW_10_6_20/src/FourTop/hua/combine/combinationV18/run2_1tau1l_v4_unblind/workspace/datacard.root
>> combine -M MultiDimFit -n _paramFit_Test_QCDscale_ren_ttW --algo impact --redefineSignalPOIs r -P QCDscale_ren_ttW --floatOtherPOIs 1 --saveInactivePOI 1 --robustFit 1 -m 125 -d /workfs2/cms/huahuil/CMSSW_10_6_20/src/FourTop/hua/combine/combinationV18/run2_1tau1l_v4_unblind/workspace/datacard.root
m 125 -d /workfs2/cms/huahuil/CMSSW_10_6_20/src/FourTop/hua/combine/combinationV18/run2_1tau1l_v4_unblind/workspace/datacard.root
>> combine -M MultiDimFit -n _paramFit_Test_prop_binSR1tau1l_2018_bin2 --algo impact --redefineSignalPOIs r -P prop_binSR1tau1l_2018_bin2 --floatOtherPOIs 1 --saveInactivePOI 1 --robustFit 1 -m 125 -d /workfs2/cms/huahuil/CMSSW_10_6_20/src/FourTop/hua/combine/combinationV18/run2_1tau1l_v4_unblind/workspace/datacard.root
>> combine -M MultiDimFit -n _paramFit_Test_prop_binSR1tau1l_2018_bin3 --algo impact --redefineSignalPOIs r -P prop_binSR1tau1l_2018_bin3 --floatOtherPOIs 1 --saveInactivePOI 1 --robustFit 1 -m 125 -d /workfs2/cms/huahuil/CMSSW_10_6_20/src/FourTop/hua/combine/combinationV18/run2_1tau1l_v4_unblind/workspace/datacard.root
>> combine -M MultiDimFit -n _paramFit_Test_prop_binSR1tau1l_2018_bin4 --algo impact --redefineSignalPOIs r -P prop_binSR1tau1l_2018_bin4 --floatOtherPOIs 1 --saveInactivePOI 1 --robustFit 1 -m 125 -d /workfs2/cms/huahuil/CMSSW_10_6_20/src/FourTop/hua/combine/combinationV18/run2_1tau1l_v4_unblind/workspace/datacard.root
>> combine -M MultiDimFit -n _paramFit_Test_prop_binSR1tau1l_2018_bin5 --algo impact --redefineSignalPOIs r -P prop_binSR1tau1l_2018_bin5 --floatOtherPOIs 1 --saveInactivePOI 1 --robustFit 1 -m 125 -d /workfs2/cms/huahuil/CMSSW_10_6_20/src/FourTop/hua/combine/combinationV18/run2_1tau1l_v4_unblind/workspace/datacard.root
>> combine -M MultiDimFit -n _paramFit_Test_prop_binSR1tau1l_2018_bin6 --algo impact --redefineSignalPOIs r -P prop_binSR1tau1l_2018_bin6 --floatOtherPOIs 1 --saveInactivePOI 1 --robustFit 1 -m 125 -d /workfs2/cms/huahuil/CMSSW_10_6_20/src/FourTop/hua/combine/combinationV18/run2_1tau1l_v4_unblind/workspace/datacard.root
>> combine -M MultiDimFit -n _paramFit_Test_ps_fsr --algo impact --redefineSignalPOIs r -P ps_fsr --floatOtherPOIs 1 --saveInactivePOI 1 --robustFit 1 -m 125 -d /workfs2/cms/huahuil/CMSSW_10_6_20/src/FourTop/hua/combine/combinationV18/run2_1tau1l_v4_unblind/workspace/datacard.root
>> combine -M MultiDimFit -n _paramFit_Test_ps_isr_singleTop --algo impact --redefineSignalPOIs r -P ps_isr_singleTop --floatOtherPOIs 1 --saveInactivePOI 1 --robustFit 1 -m 125 -d /workfs2/cms/huahuil/CMSSW_10_6_20/src/FourTop/hua/combine/combinationV18/run2_1tau1l_v4_unblind/workspace/datacard.root
Have POIs: ['r']
Have parameters: 245
Info in <TCanvas::Print>: pdf file ./impacts.pdf has been created using the current canvas
TCanvas::Constructor:0: RuntimeWarning: Deleting canvas with same name: impacts
Info in <TCanvas::Print>: Current canvas added to pdf file ./impacts.pdf
TCanvas::Constructor:0: RuntimeWarning: Deleting canvas with same name: impacts
Info in <TCanvas::Print>: Current canvas added to pdf file ./impacts.pdf
TCanvas::Constructor:0: RuntimeWarning: Deleting canvas with same name: impacts
Info in <TCanvas::Print>: Current canvas added to pdf file ./impacts.pdf
TCanvas::Constructor:0: RuntimeWarning: Deleting canvas with same name: impacts
Info in <TCanvas::Print>: Current canvas added to pdf file ./impacts.pdf
TCanvas::Constructor:0: RuntimeWarning: Deleting canvas with same name: impacts
Info in <TCanvas::Print>: Current canvas added to pdf file ./impacts.pdf
TCanvas::Constructor:0: RuntimeWarning: Deleting canvas with same name: impacts
Info in <TCanvas::Print>: Current canvas added to pdf file ./impacts.pdf
TCanvas::Constructor:0: RuntimeWarning: Deleting canvas with same name: impacts
Info in <TCanvas::Print>: Current canvas added to pdf file ./impacts.pdf
TCanvas::Constructor:0: RuntimeWarning: Deleting canvas with same name: impacts
Info in <TCanvas::Print>: Current canvas added to pdf file ./impacts.pdf and file closed
>> Doing page 0, have 30 parameters
>> Doing page 1, have 30 parameters
>> Doing page 2, have 30 parameters
>> Doing page 3, have 30 parameters
>> Doing page 4, have 30 parameters
>> Doing page 5, have 30 parameters
>> Doing page 6, have 30 parameters
>> Doing page 7, have 30 parameters
>> Doing page 8, have 5 parameters
start to turn datacard into workspace.........................

('idatacard: ', '/workfs2/cms/huahuil/CMSSW_10_6_20/src/FourTop/hua/combine/combinationV18/run2_1tau1l_v4_unblind/datacard.txt')
('iworkspaceName; ', 'datacard.root')
('command: ', 'text2workspace.py /workfs2/cms/huahuil/CMSSW_10_6_20/src/FourTop/hua/combine/combinationV18/run2_1tau1l_v4_unblind/datacard.txt -o /workfs2/cms/huahuil/CMSSW_10_6_20/src/FourTop/hua/combine/combinationV18/run2_1tau1l_v4_unblind/workspace/datacard.root')
None
workpace transformation done!...............................





('iname: ', '_datacard')
combine -M AsymptoticLimits /workfs2/cms/huahuil/CMSSW_10_6_20/src/FourTop/hua/combine/combinationV18/run2_1tau1l_v4_unblind/workspace/datacard.root --run blind --name _datacard
None
('iname: ', '_datacard')
combine -M Significance /workfs2/cms/huahuil/CMSSW_10_6_20/src/FourTop/hua/combine/combinationV18/run2_1tau1l_v4_unblind/workspace/datacard.root -t -1 --expectSignal=1 --name _datacard
None
('combineResultsDir', '/workfs2/cms/huahuil/CMSSW_10_6_20/src/FourTop/hua/combine/combinationV18/run2_1tau1l_v4_unblind/combineResults/')
('ifile: ', 'datacard.root')
('run command: ', 'combineTool.py -M Impacts -d /workfs2/cms/huahuil/CMSSW_10_6_20/src/FourTop/hua/combine/combinationV18/run2_1tau1l_v4_unblind/workspace/datacard.root -m 125 --doInitialFit --robustFit 1  ')
(None, None)


('run command: ', 'combineTool.py -M Impacts -d /workfs2/cms/huahuil/CMSSW_10_6_20/src/FourTop/hua/combine/combinationV18/run2_1tau1l_v4_unblind/workspace/datacard.root -m 125 --robustFit 1 --doFits --parallel 8 --job-mode "interactive"')
(None, None)


('run command: ', 'combineTool.py -M Impacts -d /workfs2/cms/huahuil/CMSSW_10_6_20/src/FourTop/hua/combine/combinationV18/run2_1tau1l_v4_unblind/workspace/datacard.root -m 125 -robustFit 1 -o /workfs2/cms/huahuil/CMSSW_10_6_20/src/FourTop/hua/combine/combinationV18/run2_1tau1l_v4_unblind/combineResults/impactResult//impacts.json ')
(None, None)


('run command: ', 'plotImpacts.py -i /workfs2/cms/huahuil/CMSSW_10_6_20/src/FourTop/hua/combine/combinationV18/run2_1tau1l_v4_unblind/combineResults/impactResult/impacts.json -o impacts')
(None, None)


('run command: ', 'mv higgsCombine_paramFit*.root impacts.pdf combine_logger.out /workfs2/cms/huahuil/CMSSW_10_6_20/src/FourTop/hua/combine/combinationV18/run2_1tau1l_v4_unblind/combineResults/impactResult/')
(None, None)


('impactPlot here: ', '/workfs2/cms/huahuil/CMSSW_10_6_20/src/FourTop/hua/combine/combinationV18/run2_1tau1l_v4_unblind/combineResults/impactResult/impacts.pdf')
