era,baseline_version,version,log_files,log_size_mb,jobsh_files,jobsh_size_mb,total_files,total_size_mb,hist_dir
2018,v0baselineHadro_v94HadroPreJetVetoHemOnly_backupV2,v2FRMeasureCheckMC_v2,190,0.7449245452880859,99,0.02373790740966797,289,0.7686624526977539,/publicfs/cms/user/huahuil/tauOfTTTT_NanoAOD/forMVA/2018/v0baselineHadro_v94HadroPreJetVetoHemOnly_backupV2/mc/variableHists_v2FRMeasureCheckMC_v2
2018,v0baselineHadro_v94HadroPreJetVetoHemOnly_backupV2,v2FRMeasureCheckMC,190,0.7446985244750977,99,0.023454666137695312,289,0.768153190612793,/publicfs/cms/user/huahuil/tauOfTTTT_NanoAOD/forMVA/2018/v0baselineHadro_v94HadroPreJetVetoHemOnly_backupV2/mc/variableHists_v2FRMeasureCheckMC
2018,v0baselineHadro_v94HadroPreJetVetoHemOnly_backupV2,v2FRMeasureCheckMCBin3,190,0.7450571060180664,99,0.023832321166992188,289,0.7688894271850586,/publicfs/cms/user/huahuil/tauOfTTTT_NanoAOD/forMVA/2018/v0baselineHadro_v94HadroPreJetVetoHemOnly_backupV2/mc/variableHists_v2FRMeasureCheckMCBin3
2018,v0baselineHadro_v94HadroPreJetVetoHemOnly_backupV2,v1dataMC_fakeTauDataDriven,188,0.27063751220703125,98,0.02395915985107422,286,0.29459667205810547,/publicfs/cms/user/huahuil/tauOfTTTT_NanoAOD/forMVA/2018/v0baselineHadro_v94HadroPreJetVetoHemOnly_backupV2/mc/variableHists_v1dataMC_fakeTauDataDriven
2018,v0baselineHadro_v94HadroPreJetVetoHemOnly_backupV2,v0BDT1tau1lFakeTau,188,5.659636497497559,98,0.02321147918701172,286,5.68284797668457,/publicfs/cms/user/huahuil/tauOfTTTT_NanoAOD/forMVA/2018/v0baselineHadro_v94HadroPreJetVetoHemOnly_backupV2/mc/variableHists_v0BDT1tau1lFakeTau
2018,v0baselineHadro_v94HadroPreJetVetoHemOnly_backupV2,v0BDT1tau0lFakeTau,188,6.933072090148926,98,0.02321147918701172,286,6.9562835693359375,/publicfs/cms/user/huahuil/tauOfTTTT_NanoAOD/forMVA/2018/v0baselineHadro_v94HadroPreJetVetoHemOnly_backupV2/mc/variableHists_v0BDT1tau0lFakeTau
2018,v0baselineHadro_v94HadroPreJetVetoHemOnly_backupV2,v0BDT1tau0lFakeTauPtMorphedV2,188,6.934004783630371,98,0.024239540100097656,286,6.958244323730469,/publicfs/cms/user/huahuil/tauOfTTTT_NanoAOD/forMVA/2018/v0baselineHadro_v94HadroPreJetVetoHemOnly_backupV2/mc/variableHists_v0BDT1tau0lFakeTauPtMorphedV2
2018,v0baselineHadro_v94HadroPreJetVetoHemOnly_backupV2,v0FRMeasureBinB,184,0.6753273010253906,96,0.022446632385253906,280,0.6977739334106445,/publicfs/cms/user/huahuil/tauOfTTTT_NanoAOD/forMVA/2018/v0baselineHadro_v94HadroPreJetVetoHemOnly_backupV2/mc/variableHists_v0FRMeasureBinB
2018,v0baselineHadro_v94HadroPreJetVetoHemOnly_backupV2,v0FRMeasure,184,0.6750259399414062,96,0.022080421447753906,280,0.6971063613891602,/publicfs/cms/user/huahuil/tauOfTTTT_NanoAOD/forMVA/2018/v0baselineHadro_v94HadroPreJetVetoHemOnly_backupV2/mc/variableHists_v0FRMeasure
2018,v0baselineHadro_v94HadroPreJetVetoHemOnly_backupV2,v0FRMeasureBinC,184,0.6753273010253906,96,0.022446632385253906,280,0.6977739334106445,/publicfs/cms/user/huahuil/tauOfTTTT_NanoAOD/forMVA/2018/v0baselineHadro_v94HadroPreJetVetoHemOnly_backupV2/mc/variableHists_v0FRMeasureBinC
2018,v0baselineHadro_v94HadroPreJetVetoHemOnly_backupV2,v0BDT1tau0l,176,6.470678329467773,92,0.02110767364501953,268,6.491786003112793,/publicfs/cms/user/huahuil/tauOfTTTT_NanoAOD/forMVA/2018/v0baselineHadro_v94HadroPreJetVetoHemOnly_backupV2/mc/variableHists_v0BDT1tau0l
2018,v0baselineHadro_v94HadroPreJetVetoHemOnly_backupV2,v0DataMC_sysV2,176,6.670207977294922,92,0.021370887756347656,268,6.6915788650512695,/publicfs/cms/user/huahuil/tauOfTTTT_NanoAOD/forMVA/2018/v0baselineHadro_v94HadroPreJetVetoHemOnly_backupV2/mc/variableHists_v0DataMC_sysV2
2018,v0baselineHadro_v94HadroPreJetVetoHemOnly_backupV2,v0BDT1tau0lV2,176,6.470877647399902,92,0.02128314971923828,268,6.492160797119141,/publicfs/cms/user/huahuil/tauOfTTTT_NanoAOD/forMVA/2018/v0baselineHadro_v94HadroPreJetVetoHemOnly_backupV2/mc/variableHists_v0BDT1tau0lV2
2018,v0baselineHadro_v94HadroPreJetVetoHemOnly_backupV2,v1dataMC_fakeTauMC,176,0.25417137145996094,92,0.021721839904785156,268,0.2758932113647461,/publicfs/cms/user/huahuil/tauOfTTTT_NanoAOD/forMVA/2018/v0baselineHadro_v94HadroPreJetVetoHemOnly_backupV2/mc/variableHists_v1dataMC_fakeTauMC
2017,v0baselineHadro_v93HadroPreJetVetoPileupID,v1DataMC_sys,172,6.504027366638184,96,0.02218341827392578,268,6.526210784912109,/publicfs/cms/user/huahuil/tauOfTTTT_NanoAOD/forMVA/2017/v0baselineHadro_v93HadroPreJetVetoPileupID/mc/variableHists_v1DataMC_sys
2018,v0baselineHadro_newFRBinA_v94HadroPreJetVetoHemOnly,v1dataMC_fakeTauDataDriven_ptMorphed1tau1l,172,182.4597291946411,90,0.02415943145751953,262,182.48388862609863,/publicfs/cms/user/huahuil/tauOfTTTT_NanoAOD/forMVA/2018/v0baselineHadro_newFRBinA_v94HadroPreJetVetoHemOnly/mc/variableHists_v1dataMC_fakeTauDataDriven_ptMorphed1tau1l
2018,v0baselineHadro_v93HadroPreJetVetoPileupID,v0BDT1tau0l,172,6.307717323303223,90,0.020691871643066406,262,6.328409194946289,/publicfs/cms/user/huahuil/tauOfTTTT_NanoAOD/forMVA/2018/v0baselineHadro_v93HadroPreJetVetoPileupID/mc/variableHists_v0BDT1tau0l
2018,v0baselineHadro_v93HadroPreJetVetoPileupID,v0BDT1tau1l,172,5.166650772094727,90,0.020691871643066406,262,5.187342643737793,/publicfs/cms/user/huahuil/tauOfTTTT_NanoAOD/forMVA/2018/v0baselineHadro_v93HadroPreJetVetoPileupID/mc/variableHists_v0BDT1tau1l
2018,v0baselineHadro_v94HadroPreJetVetoHemOnly_backupV2,v1DataMC_noHLTSF,170,0.23694419860839844,89,0.02081584930419922,259,0.25776004791259766,/publicfs/cms/user/huahuil/tauOfTTTT_NanoAOD/forMVA/2018/v0baselineHadro_v94HadroPreJetVetoHemOnly_backupV2/mc/variableHists_v1DataMC_noHLTSF
2018,v0baselineHadro_v94HadroPreJetVetoHemOnly_backupV2,v0DataMC_sys,170,6.437540054321289,89,0.020476341247558594,259,6.458016395568848,/publicfs/cms/user/huahuil/tauOfTTTT_NanoAOD/forMVA/2018/v0baselineHadro_v94HadroPreJetVetoHemOnly_backupV2/mc/variableHists_v0DataMC_sys
2018,v0baselineHadroV2_v88PSWeightFixedHadroPre,v0BDT1tau1l,168,4.860671043395996,88,0.020246505737304688,256,4.880917549133301,/publicfs/cms/user/huahuil/tauOfTTTT_NanoAOD/forMVA/2018/v0baselineHadroV2_v88PSWeightFixedHadroPre/mc/variableHists_v0BDT1tau1l
2018,v0baselineHadro_v90MuonESHadroPre,v0BDT1tau1l,168,4.947239875793457,88,0.019491195678710938,256,4.966731071472168,/publicfs/cms/user/huahuil/tauOfTTTT_NanoAOD/forMVA/2018/v0baselineHadro_v90MuonESHadroPre/mc/variableHists_v0BDT1tau1l
2018,v0baselineLep_tauF1NewFRBinC_v94LepPreJetVetoHemOnly,v1dataMC_fakeTauDataDriven_newCR,158,0.2025156021118164,97,0.0252685546875,255,0.2277841567993164,/publicfs/cms/user/huahuil/tauOfTTTT_NanoAOD/forMVA/2018/v0baselineLep_tauF1NewFRBinC_v94LepPreJetVetoHemOnly/mc/variableHists_v1dataMC_fakeTauDataDriven_newCR
2018,v0baselineHadro_v93HadroPreJetVetoPileupID,v1DataMC_sys,164,6.206026077270508,90,0.02077770233154297,254,6.226803779602051,/publicfs/cms/user/huahuil/tauOfTTTT_NanoAOD/forMVA/2018/v0baselineHadro_v93HadroPreJetVetoPileupID/mc/variableHists_v1DataMC_sys
2017,v0baselineHardro_v88PSWeightFixedHadroPre,v0dataMC_allCorrection,162,0.23352718353271484,91,0.021814346313476562,253,0.2553415298461914,/publicfs/cms/user/huahuil/tauOfTTTT_NanoAOD/forMVA/2017/v0baselineHardro_v88PSWeightFixedHadroPre/mc/variableHists_v0dataMC_allCorrection
2017,v0baselineHardro_v88PSWeightFixedHadroPre,v1dataMC_allbutHLT,162,0.22461414337158203,91,0.021467208862304688,253,0.24608135223388672,/publicfs/cms/user/huahuil/tauOfTTTT_NanoAOD/forMVA/2017/v0baselineHardro_v88PSWeightFixedHadroPre/mc/variableHists_v1dataMC_allbutHLT
2016preVFP,v1baselineHadroBtagWeightAdded_v94LepPreJetVetoHemOnly,v3BDT1tau2lV18_fakeTauDataDriven,146,2.2416763305664062,105,0.02843952178955078,251,2.270115852355957,/publicfs/cms/user/huahuil/tauOfTTTT_NanoAOD/forMVA/2016preVFP/v1baselineHadroBtagWeightAdded_v94LepPreJetVetoHemOnly/mc/variableHists_v3BDT1tau2lV18_fakeTauDataDriven
2016preVFP,v1baselineHadroBtagWeightAdded_v94LepPreJetVetoHemOnlyV2,v5BDT1tau2l_tauFMorphFix,146,2.2406930923461914,105,0.027838706970214844,251,2.2685317993164062,/publicfs/cms/user/huahuil/tauOfTTTT_NanoAOD/forMVA/2016preVFP/v1baselineHadroBtagWeightAdded_v94LepPreJetVetoHemOnlyV2/mc/variableHists_v5BDT1tau2l_tauFMorphFix
2016preVFP,v1baselineHadroBtagWeightAdded_v94LepPreJetVetoHemOnlyV2,v4BDT1tau2lV18_fakeTauDataDriven,146,2.241238594055176,105,0.028639793395996094,251,2.269878387451172,/publicfs/cms/user/huahuil/tauOfTTTT_NanoAOD/forMVA/2016preVFP/v1baselineHadroBtagWeightAdded_v94LepPreJetVetoHemOnlyV2/mc/variableHists_v4BDT1tau2lV18_fakeTauDataDriven
2016preVFP,v1baselineHadroBtagWeightAdded_v94LepPreJetVetoHemOnlyV2,v3BDT1tau2lV18_fakeTauDataDriven,146,2.2412471771240234,105,0.028639793395996094,251,2.2698869705200195,/publicfs/cms/user/huahuil/tauOfTTTT_NanoAOD/forMVA/2016preVFP/v1baselineHadroBtagWeightAdded_v94LepPreJetVetoHemOnlyV2/mc/variableHists_v3BDT1tau2lV18_fakeTauDataDriven
2016preVFP,v1baselineHadroBtagWeightAdded_v94LepPreJetVetoHemOnlyV2,v3BDT1tau0lV18_fakeTauDataDriven,146,2.2412538528442383,105,0.028639793395996094,251,2.2698936462402344,/publicfs/cms/user/huahuil/tauOfTTTT_NanoAOD/forMVA/2016preVFP/v1baselineHadroBtagWeightAdded_v94LepPreJetVetoHemOnlyV2/mc/variableHists_v3BDT1tau0lV18_fakeTauDataDriven
2018,v0baselineHadro_newFRBinA_v94HadroPreJetVetoHemOnly,v1dataMC_fakeTauDataDriven_ptMorphed,164,0.24249267578125,86,0.022551536560058594,250,0.2650442123413086,/publicfs/cms/user/huahuil/tauOfTTTT_NanoAOD/forMVA/2018/v0baselineHadro_newFRBinA_v94HadroPreJetVetoHemOnly/mc/variableHists_v1dataMC_fakeTauDataDriven_ptMorphed
2018,v1baselineHadroBtagWeightAdded_v94HadroPreJetVetoHemOnly,v0BDT1tau0l,164,3.442689895629883,86,0.021094322204589844,250,3.4637842178344727,/publicfs/cms/user/huahuil/tauOfTTTT_NanoAOD/forMVA/2018/v1baselineHadroBtagWeightAdded_v94HadroPreJetVetoHemOnly/mc/variableHists_v0BDT1tau0l
2018,v1baselineHadroBtagWeightAdded_v94HadroPreJetVetoHemOnly,v8BDT1tau1lV_refactorAndBtagNameFix,164,2.445636749267578,86,0.023390769958496094,250,2.469027519226074,/publicfs/cms/user/huahuil/tauOfTTTT_NanoAOD/forMVA/2018/v1baselineHadroBtagWeightAdded_v94HadroPreJetVetoHemOnly/mc/variableHists_v8BDT1tau1lV_refactorAndBtagNameFix
2018,v1baselineHadroBtagWeightAdded_v94HadroPreJetVetoHemOnly,v3BDT1tau1lV18_fakeTauDataDriven,164,2.4801416397094727,86,0.02281665802001953,250,2.502958297729492,/publicfs/cms/user/huahuil/tauOfTTTT_NanoAOD/forMVA/2018/v1baselineHadroBtagWeightAdded_v94HadroPreJetVetoHemOnly/mc/variableHists_v3BDT1tau1lV18_fakeTauDataDriven
2018,v1baselineHadroBtagWeightAdded_v94HadroPreJetVetoHemOnly,v0BDT1tau1lV16,164,2.4885149002075195,86,0.021340370178222656,250,2.509855270385742,/publicfs/cms/user/huahuil/tauOfTTTT_NanoAOD/forMVA/2018/v1baselineHadroBtagWeightAdded_v94HadroPreJetVetoHemOnly/mc/variableHists_v0BDT1tau1lV16
2018,v1baselineHadroBtagWeightAdded_v94HadroPreJetVetoHemOnly,v0BDT1tau2l,164,2.3555479049682617,86,0.021094322204589844,250,2.3766422271728516,/publicfs/cms/user/huahuil/tauOfTTTT_NanoAOD/forMVA/2018/v1baselineHadroBtagWeightAdded_v94HadroPreJetVetoHemOnly/mc/variableHists_v0BDT1tau2l
2018,v1baselineHadroBtagWeightAdded_v94HadroPreJetVetoHemOnly,v0BDT1tau1lV17,164,2.484908103942871,86,0.021340370178222656,250,2.5062484741210938,/publicfs/cms/user/huahuil/tauOfTTTT_NanoAOD/forMVA/2018/v1baselineHadroBtagWeightAdded_v94HadroPreJetVetoHemOnly/mc/variableHists_v0BDT1tau1lV17
2018,v1baselineHadroBtagWeightAdded_v94HadroPreJetVetoHemOnly,v0BDT1tau0lV2,164,3.440518379211426,86,0.020028114318847656,250,3.4605464935302734,/publicfs/cms/user/huahuil/tauOfTTTT_NanoAOD/forMVA/2018/v1baselineHadroBtagWeightAdded_v94HadroPreJetVetoHemOnly/mc/variableHists_v0BDT1tau0lV2
2018,v1baselineHadroBtagWeightAdded_v94HadroPreJetVetoHemOnly,v0BDT1tau1lV15,164,2.458987236022949,86,0.021340370178222656,250,2.480327606201172,/publicfs/cms/user/huahuil/tauOfTTTT_NanoAOD/forMVA/2018/v1baselineHadroBtagWeightAdded_v94HadroPreJetVetoHemOnly/mc/variableHists_v0BDT1tau1lV15
2018,v1baselineHadroBtagWeightAdded_v94HadroPreJetVetoHemOnly,v9BDT1tau0l_CMSNamingComplete,164,3.545225143432617,86,0.02289867401123047,250,3.5681238174438477,/publicfs/cms/user/huahuil/tauOfTTTT_NanoAOD/forMVA/2018/v1baselineHadroBtagWeightAdded_v94HadroPreJetVetoHemOnly/mc/variableHists_v9BDT1tau0l_CMSNamingComplete
2018,v1baselineHadroBtagWeightAdded_v94HadroPreJetVetoHemOnly,v0BDT1tau0lV17,164,3.4893932342529297,86,0.021340370178222656,250,3.5107336044311523,/publicfs/cms/user/huahuil/tauOfTTTT_NanoAOD/forMVA/2018/v1baselineHadroBtagWeightAdded_v94HadroPreJetVetoHemOnly/mc/variableHists_v0BDT1tau0lV17
2018,v1baselineHadroBtagWeightAdded_v94HadroPreJetVetoHemOnly,v0BDT1tau1lAddMCFakeTV3,164,2.4549341201782227,86,0.02084827423095703,250,2.4757823944091797,/publicfs/cms/user/huahuil/tauOfTTTT_NanoAOD/forMVA/2018/v1baselineHadroBtagWeightAdded_v94HadroPreJetVetoHemOnly/mc/variableHists_v0BDT1tau1lAddMCFakeTV3
2018,v1baselineHadroBtagWeightAdded_v94HadroPreJetVetoHemOnly,v1BDT1tau1lTestLeading7,164,2.4401016235351562,86,0.022078514099121094,250,2.4621801376342773,/publicfs/cms/user/huahuil/tauOfTTTT_NanoAOD/forMVA/2018/v1baselineHadroBtagWeightAdded_v94HadroPreJetVetoHemOnly/mc/variableHists_v1BDT1tau1lTestLeading7
2018,v1baselineHadroBtagWeightAdded_v94HadroPreJetVetoHemOnly,v8BDT1tau0l_refactorAndBtagNameFix,164,3.438434600830078,86,0.023308753967285156,250,3.4617433547973633,/publicfs/cms/user/huahuil/tauOfTTTT_NanoAOD/forMVA/2018/v1baselineHadroBtagWeightAdded_v94HadroPreJetVetoHemOnly/mc/variableHists_v8BDT1tau0l_refactorAndBtagNameFix
2018,v1baselineHadroBtagWeightAdded_v94HadroPreJetVetoHemOnly,v0BDT1tau0lV16,164,3.4908218383789062,86,0.021340370178222656,250,3.512162208557129,/publicfs/cms/user/huahuil/tauOfTTTT_NanoAOD/forMVA/2018/v1baselineHadroBtagWeightAdded_v94HadroPreJetVetoHemOnly/mc/variableHists_v0BDT1tau0lV16
2018,v1baselineHadroBtagWeightAdded_v94HadroPreJetVetoHemOnly,v5BDT1tau0l_tauFMorphFix,164,3.490126609802246,86,0.02216053009033203,250,3.512287139892578,/publicfs/cms/user/huahuil/tauOfTTTT_NanoAOD/forMVA/2018/v1baselineHadroBtagWeightAdded_v94HadroPreJetVetoHemOnly/mc/variableHists_v5BDT1tau0l_tauFMorphFix
2018,v0baselineHadro_newFRBinATauFMorphBugFix_v94HadroPreJetVetoHemOnly,v1dataMC_fakeTauDataDriven,164,0.2776823043823242,86,0.022980690002441406,250,0.3006629943847656,/publicfs/cms/user/huahuil/tauOfTTTT_NanoAOD/forMVA/2018/v0baselineHadro_newFRBinATauFMorphBugFix_v94HadroPreJetVetoHemOnly/mc/variableHists_v1dataMC_fakeTauDataDriven
2018,v0baselineHadro_newFRBinATauFMorphBugFix_v94HadroPreJetVetoHemOnly,v0BDT1tau1lFakeTau,164,4.95753288269043,86,0.022324562072753906,250,4.979857444763184,/publicfs/cms/user/huahuil/tauOfTTTT_NanoAOD/forMVA/2018/v0baselineHadro_newFRBinATauFMorphBugFix_v94HadroPreJetVetoHemOnly/mc/variableHists_v0BDT1tau1lFakeTau
2018,v0baselineHadro_newFRBinATauFMorph_v94HadroPreJetVetoHemOnly,v1dataMC_fakeTauDataDriven,164,0.27674293518066406,86,0.02248859405517578,250,0.29923152923583984,/publicfs/cms/user/huahuil/tauOfTTTT_NanoAOD/forMVA/2018/v0baselineHadro_newFRBinATauFMorph_v94HadroPreJetVetoHemOnly/mc/variableHists_v1dataMC_fakeTauDataDriven
2018,v0baselineHadro_newFRBinATauFMorph_v94HadroPreJetVetoHemOnly,v0BDT1tau1lFakeTau,164,4.956598281860352,86,0.02183246612548828,250,4.97843074798584,/publicfs/cms/user/huahuil/tauOfTTTT_NanoAOD/forMVA/2018/v0baselineHadro_newFRBinATauFMorph_v94HadroPreJetVetoHemOnly/mc/variableHists_v0BDT1tau1lFakeTau
2018,v0baselineHadro_newFRBinC_v94HadroPreJetVetoHemOnly,v1dataMC_fakeTauDataDriven_newCR,164,0.2421855926513672,86,0.022223472595214844,250,0.26440906524658203,/publicfs/cms/user/huahuil/tauOfTTTT_NanoAOD/forMVA/2018/v0baselineHadro_newFRBinC_v94HadroPreJetVetoHemOnly/mc/variableHists_v1dataMC_fakeTauDataDriven_newCR
2016preVFP,v0baselineHardro_v88PSWeightFixedHadroPre,v0dataMC_allCorrection,162,0.23511123657226562,87,0.02136516571044922,249,0.25647640228271484,/publicfs/cms/user/huahuil/tauOfTTTT_NanoAOD/forMVA/2016preVFP/v0baselineHardro_v88PSWeightFixedHadroPre/mc/variableHists_v0dataMC_allCorrection
2016preVFP,v0baselineHardro_v88PSWeightFixedHadroPre,v1dataMC_allbutHLT,162,0.22634124755859375,87,0.021033287048339844,249,0.2473745346069336,/publicfs/cms/user/huahuil/tauOfTTTT_NanoAOD/forMVA/2016preVFP/v0baselineHardro_v88PSWeightFixedHadroPre/mc/variableHists_v1dataMC_allbutHLT
2018,v0baselineHadro_newFRBinA_v94HadroPreJetVetoHemOnly,v1dataMC_fakeTauDataDriven,162,0.2392721176147461,85,0.02147960662841797,247,0.26075172424316406,/publicfs/cms/user/huahuil/tauOfTTTT_NanoAOD/forMVA/2018/v0baselineHadro_newFRBinA_v94HadroPreJetVetoHemOnly/mc/variableHists_v1dataMC_fakeTauDataDriven
2018,v0baselineHardro_v88PSWeightFixedHadroPre,v0BDT1tau1l,162,4.636167526245117,85,0.01946544647216797,247,4.655632972717285,/publicfs/cms/user/huahuil/tauOfTTTT_NanoAOD/forMVA/2018/v0baselineHardro_v88PSWeightFixedHadroPre/mc/variableHists_v0BDT1tau1l
2018,v0baselineHadro_newFRBinC_v94HadroPreJetVetoHemOnly,v0DataMC,162,0.2378854751586914,85,0.020020484924316406,247,0.2579059600830078,/publicfs/cms/user/huahuil/tauOfTTTT_NanoAOD/forMVA/2018/v0baselineHadro_newFRBinC_v94HadroPreJetVetoHemOnly/mc/variableHists_v0DataMC
2018,v0baselineHadro_v94HadroPreJetVetoHemOnly_backupV2,v0BDT1tau1l,160,4.818017959594727,86,0.01968097686767578,246,4.837698936462402,/publicfs/cms/user/huahuil/tauOfTTTT_NanoAOD/forMVA/2018/v0baselineHadro_v94HadroPreJetVetoHemOnly_backupV2/mc/variableHists_v0BDT1tau1l
2017,v1baselineHadroBtagWeightAdded_v94LepPreJetVetoHemOnly,v0BDT1tau2lV17,146,2.167708396911621,100,0.024712562561035156,246,2.1924209594726562,/publicfs/cms/user/huahuil/tauOfTTTT_NanoAOD/forMVA/2017/v1baselineHadroBtagWeightAdded_v94LepPreJetVetoHemOnly/mc/variableHists_v0BDT1tau2lV17
2017,v1baselineHadroBtagWeightAdded_v94LepPreJetVetoHemOnly,v0BDT1tau2lV17_fakeTauDataDriven,146,2.1635208129882812,100,0.026429176330566406,246,2.1899499893188477,/publicfs/cms/user/huahuil/tauOfTTTT_NanoAOD/forMVA/2017/v1baselineHadroBtagWeightAdded_v94LepPreJetVetoHemOnly/mc/variableHists_v0BDT1tau2lV17_fakeTauDataDriven
2017,v1baselineHadroBtagWeightAdded_v94LepPreJetVetoHemOnly,v3BDT1tau2lV18_fakeTauDataDriven,146,2.1609363555908203,100,0.026429176330566406,246,2.1873655319213867,/publicfs/cms/user/huahuil/tauOfTTTT_NanoAOD/forMVA/2017/v1baselineHadroBtagWeightAdded_v94LepPreJetVetoHemOnly/mc/variableHists_v3BDT1tau2lV18_fakeTauDataDriven
2017,v1baselineHadroBtagWeightAdded_v94LepPreJetVetoHemOnlyV2,v5BDT1tau2l_tauFMorphFix,146,2.1597681045532227,100,0.025856971740722656,246,2.1856250762939453,/publicfs/cms/user/huahuil/tauOfTTTT_NanoAOD/forMVA/2017/v1baselineHadroBtagWeightAdded_v94LepPreJetVetoHemOnlyV2/mc/variableHists_v5BDT1tau2l_tauFMorphFix
2017,v1baselineHadroBtagWeightAdded_v94LepPreJetVetoHemOnlyV2,v4BDT1tau2lV18_fakeTauDataDriven,146,2.1603240966796875,100,0.026619911193847656,246,2.186944007873535,/publicfs/cms/user/huahuil/tauOfTTTT_NanoAOD/forMVA/2017/v1baselineHadroBtagWeightAdded_v94LepPreJetVetoHemOnlyV2/mc/variableHists_v4BDT1tau2lV18_fakeTauDataDriven
2017,v1baselineHadroBtagWeightAdded_v94LepPreJetVetoHemOnlyV2,v3BDT1tau2lV18_fakeTauDataDriven,146,2.160323143005371,100,0.026619911193847656,246,2.1869430541992188,/publicfs/cms/user/huahuil/tauOfTTTT_NanoAOD/forMVA/2017/v1baselineHadroBtagWeightAdded_v94LepPreJetVetoHemOnlyV2/mc/variableHists_v3BDT1tau2lV18_fakeTauDataDriven
2016preVFP,v0baselineLep_v94LepPreJetVetoHemOnly_backup,v0BDT1tau2l,142,2.3532838821411133,103,0.02395343780517578,245,2.377237319946289,/publicfs/cms/user/huahuil/tauOfTTTT_NanoAOD/forMVA/2016preVFP/v0baselineLep_v94LepPreJetVetoHemOnly_backup/mc/variableHists_v0BDT1tau2l
2016preVFP,v0baselineLep_v94LepPreJetVetoHemOnly_backup,v0BDT1tau2lFakeTau,142,2.345806121826172,103,0.024641036987304688,245,2.3704471588134766,/publicfs/cms/user/huahuil/tauOfTTTT_NanoAOD/forMVA/2016preVFP/v0baselineLep_v94LepPreJetVetoHemOnly_backup/mc/variableHists_v0BDT1tau2lFakeTau
2016preVFP,v1baselineHadroBtagWeightAdded_v94LepPreJetVetoHemOnly,v3BDT1tau2lV14,142,2.230048179626465,103,0.026114463806152344,245,2.256162643432617,/publicfs/cms/user/huahuil/tauOfTTTT_NanoAOD/forMVA/2016preVFP/v1baselineHadroBtagWeightAdded_v94LepPreJetVetoHemOnly/mc/variableHists_v3BDT1tau2lV14
2016preVFP,v1baselineHadroBtagWeightAdded_v94LepPreJetVetoHemOnly,v0BDT1tau2lV16,142,2.249826431274414,103,0.026114463806152344,245,2.2759408950805664,/publicfs/cms/user/huahuil/tauOfTTTT_NanoAOD/forMVA/2016preVFP/v1baselineHadroBtagWeightAdded_v94LepPreJetVetoHemOnly/mc/variableHists_v0BDT1tau2lV16
2016preVFP,v0baselineLep_v94LepPreJetVetoHemOnly,v3BDT1tau2lV14,142,2.22774600982666,103,0.024444580078125,245,2.252190589904785,/publicfs/cms/user/huahuil/tauOfTTTT_NanoAOD/forMVA/2016preVFP/v0baselineLep_v94LepPreJetVetoHemOnly/mc/variableHists_v3BDT1tau2lV14
2018,v1baselineHadroBtagWeightAdded_v94HadroPreJetVetoHemOnly,v0BDT1tau1lAddMCFakeTV2,160,2.44210147857666,84,0.02018451690673828,244,2.4622859954833984,/publicfs/cms/user/huahuil/tauOfTTTT_NanoAOD/forMVA/2018/v1baselineHadroBtagWeightAdded_v94HadroPreJetVetoHemOnly/mc/variableHists_v0BDT1tau1lAddMCFakeTV2
2018,v1baselineHadroBtagWeightAdded_v94HadroPreJetVetoHemOnly,v0BDT1tau1lAddMCFakeT,160,2.414780616760254,84,0.021225929260253906,244,2.436006546020508,/publicfs/cms/user/huahuil/tauOfTTTT_NanoAOD/forMVA/2018/v1baselineHadroBtagWeightAdded_v94HadroPreJetVetoHemOnly/mc/variableHists_v0BDT1tau1lAddMCFakeT
2018,v1baselineHadroBtagWeightAdded_v94HadroPreJetVetoHemOnly,v0BDT1tau1l,160,2.4028167724609375,84,0.020424842834472656,244,2.42324161529541,/publicfs/cms/user/huahuil/tauOfTTTT_NanoAOD/forMVA/2018/v1baselineHadroBtagWeightAdded_v94HadroPreJetVetoHemOnly/mc/variableHists_v0BDT1tau1l
2017,v0baselineHadroV2_v88PSWeightFixedHadroPre,v0BDT1tau1l,156,4.480060577392578,88,0.020257949829101562,244,4.50031852722168,/publicfs/cms/user/huahuil/tauOfTTTT_NanoAOD/forMVA/2017/v0baselineHadroV2_v88PSWeightFixedHadroPre/mc/variableHists_v0BDT1tau1l
2018,v0baselineLep_tauF1NewFRBinA_v94LepPreJetVetoHemOnly,v1dataMC_fakeTauDataDriven,150,0.19863605499267578,93,0.02365589141845703,243,0.2222919464111328,/publicfs/cms/user/huahuil/tauOfTTTT_NanoAOD/forMVA/2018/v0baselineLep_tauF1NewFRBinA_v94LepPreJetVetoHemOnly/mc/variableHists_v1dataMC_fakeTauDataDriven
2018,v0baselineLep_tauF1NewFRBinA_v94LepPreJetVetoHemOnly,v1dataMC_fakeTauDataDriven_fakeTauScaled,150,0.19963741302490234,93,0.02489757537841797,243,0.2245349884033203,/publicfs/cms/user/huahuil/tauOfTTTT_NanoAOD/forMVA/2018/v0baselineLep_tauF1NewFRBinA_v94LepPreJetVetoHemOnly/mc/variableHists_v1dataMC_fakeTauDataDriven_fakeTauScaled
2016postVFP,v0baselineHardro_v88PSWeightFixedHadroPre,v0dataMC_allCorrection,160,0.24008941650390625,83,0.0204315185546875,243,0.26052093505859375,/publicfs/cms/user/huahuil/tauOfTTTT_NanoAOD/forMVA/2016postVFP/v0baselineHardro_v88PSWeightFixedHadroPre/mc/variableHists_v0dataMC_allCorrection
2016postVFP,v0baselineHardro_v88PSWeightFixedHadroPre,v1dataMC_allbutHLT,160,0.2313251495361328,83,0.020114898681640625,243,0.25144004821777344,/publicfs/cms/user/huahuil/tauOfTTTT_NanoAOD/forMVA/2016postVFP/v0baselineHardro_v88PSWeightFixedHadroPre/mc/variableHists_v1dataMC_allbutHLT
2018,v0baselineLep_v84Pre1tau2lLepF2V2,v1BDT1tau2lBinC,242,1.2874507904052734,0,0,242,1.2874507904052734,/publicfs/cms/user/huahuil/tauOfTTTT_NanoAOD/forMVA/2018/v0baselineLep_v84Pre1tau2lLepF2V2/mc/variableHists_v1BDT1tau2lBinC
2018,v0baselineLep_v84Pre1tau2lLepF2V2,v1dataMC_allutHLTFakeLepton_ZVeto,242,0.26833343505859375,0,0,242,0.26833343505859375,/publicfs/cms/user/huahuil/tauOfTTTT_NanoAOD/forMVA/2018/v0baselineLep_v84Pre1tau2lLepF2V2/mc/variableHists_v1dataMC_allutHLTFakeLepton_ZVeto
2017,v0baselineLep_v94LepPreJetVetoHemOnly_backup,v0BDT1tau2l,142,2.257025718688965,98,0.02214527130126953,240,2.2791709899902344,/publicfs/cms/user/huahuil/tauOfTTTT_NanoAOD/forMVA/2017/v0baselineLep_v94LepPreJetVetoHemOnly_backup/mc/variableHists_v0BDT1tau2l
2017,v1baselineHadroBtagWeightAdded_v94LepPreJetVetoHemOnly,v3BDT1tau2lV14,142,2.1375207901000977,98,0.024201393127441406,240,2.161722183227539,/publicfs/cms/user/huahuil/tauOfTTTT_NanoAOD/forMVA/2017/v1baselineHadroBtagWeightAdded_v94LepPreJetVetoHemOnly/mc/variableHists_v3BDT1tau2lV14
2017,v1baselineHadroBtagWeightAdded_v94LepPreJetVetoHemOnly,v0BDT1tau2lV16,142,2.1573104858398438,98,0.024201393127441406,240,2.181511878967285,/publicfs/cms/user/huahuil/tauOfTTTT_NanoAOD/forMVA/2017/v1baselineHadroBtagWeightAdded_v94LepPreJetVetoHemOnly/mc/variableHists_v0BDT1tau2lV16
2017,v0baselineLep_v94LepPreJetVetoHemOnly,v3BDT1tau2lV14,142,2.1352195739746094,98,0.022612571716308594,240,2.157832145690918,/publicfs/cms/user/huahuil/tauOfTTTT_NanoAOD/forMVA/2017/v0baselineLep_v94LepPreJetVetoHemOnly/mc/variableHists_v3BDT1tau2lV14
2016preVFP,v0baselineHadroV2_v88PSWeightFixedHadroPre,v0BDT1tau1l,156,4.719402313232422,84,0.019829750061035156,240,4.739232063293457,/publicfs/cms/user/huahuil/tauOfTTTT_NanoAOD/forMVA/2016preVFP/v0baselineHadroV2_v88PSWeightFixedHadroPre/mc/variableHists_v0BDT1tau1l
2018,v0baselineHadro_v91TESAddedHadroPre,v0BDT1tau0l,156,5.761919975280762,82,0.018310546875,238,5.780230522155762,/publicfs/cms/user/huahuil/tauOfTTTT_NanoAOD/forMVA/2018/v0baselineHadro_v91TESAddedHadroPre/mc/variableHists_v0BDT1tau0l
2018,v0baselineHadro_v91TESAddedHadroPre,v0DataMC_sys,156,13.775345802307129,82,0.018388748168945312,238,13.793734550476074,/publicfs/cms/user/huahuil/tauOfTTTT_NanoAOD/forMVA/2018/v0baselineHadro_v91TESAddedHadroPre/mc/variableHists_v0DataMC_sys
2018,v0baselineHadro_v91TESAddedHadroPre,v1DataMC_sys,156,5.936620712280273,82,0.018388748168945312,238,5.955009460449219,/publicfs/cms/user/huahuil/tauOfTTTT_NanoAOD/forMVA/2018/v0baselineHadro_v91TESAddedHadroPre/mc/variableHists_v1DataMC_sys
2018,v0baselineHadro_v91TESAddedHadroPre,v0BDT1tau1l,156,4.640342712402344,82,0.018310546875,238,4.658653259277344,/publicfs/cms/user/huahuil/tauOfTTTT_NanoAOD/forMVA/2018/v0baselineHadro_v91TESAddedHadroPre/mc/variableHists_v0BDT1tau1l
2017,v0baselineHadro_v94HadroPreJetVetoHemOnly,v0BDT1tau0l,152,5.664702415466309,86,0.019878387451171875,238,5.6845808029174805,/publicfs/cms/user/huahuil/tauOfTTTT_NanoAOD/forMVA/2017/v0baselineHadro_v94HadroPreJetVetoHemOnly/mc/variableHists_v0BDT1tau0l
2017,v0baselineHadro_v94HadroPreJetVetoHemOnly,v0BDT1tau1lFakeTau,152,4.631840705871582,86,0.020452499389648438,238,4.6522932052612305,/publicfs/cms/user/huahuil/tauOfTTTT_NanoAOD/forMVA/2017/v0baselineHadro_v94HadroPreJetVetoHemOnly/mc/variableHists_v0BDT1tau1lFakeTau
2017,v0baselineHadro_v94HadroPreJetVetoHemOnly,v0FRMeasure,152,0.5632963180541992,86,0.019878387451171875,238,0.5831747055053711,/publicfs/cms/user/huahuil/tauOfTTTT_NanoAOD/forMVA/2017/v0baselineHadro_v94HadroPreJetVetoHemOnly/mc/variableHists_v0FRMeasure
2018,v0baselineLep_tauF1NewFRBinA_tauFMorph_v94LepPreJetVetoHemOnly,v0BDT1tau2l_fakeTau,146,2.3527908325195312,91,0.023408889770507812,237,2.376199722290039,/publicfs/cms/user/huahuil/tauOfTTTT_NanoAOD/forMVA/2018/v0baselineLep_tauF1NewFRBinA_tauFMorph_v94LepPreJetVetoHemOnly/mc/variableHists_v0BDT1tau2l_fakeTau
2018,v0baselineLep_tauF1NewFRBinA_tauFMorph_v94LepPreJetVetoHemOnly,v1dataMC_fakeTauDataDriven_fakeTauScaled,146,0.22660255432128906,91,0.025231361389160156,237,0.2518339157104492,/publicfs/cms/user/huahuil/tauOfTTTT_NanoAOD/forMVA/2018/v0baselineLep_tauF1NewFRBinA_tauFMorph_v94LepPreJetVetoHemOnly/mc/variableHists_v1dataMC_fakeTauDataDriven_fakeTauScaled
2018,v0baselineLep_v94LepPreJetVetoHemOnly_backup,v0BDT1tau2lFakeTau,146,2.318026542663574,91,0.021152496337890625,237,2.339179039001465,/publicfs/cms/user/huahuil/tauOfTTTT_NanoAOD/forMVA/2018/v0baselineLep_v94LepPreJetVetoHemOnly_backup/mc/variableHists_v0BDT1tau2lFakeTau
2018,v1baselineHadroBtagWeightAdded_v94LepPreJetVetoHemOnly,v0BDT1tau2lV17,146,2.169461250305176,91,0.022454261779785156,237,2.191915512084961,/publicfs/cms/user/huahuil/tauOfTTTT_NanoAOD/forMVA/2018/v1baselineHadroBtagWeightAdded_v94LepPreJetVetoHemOnly/mc/variableHists_v0BDT1tau2lV17
2018,v1baselineHadroBtagWeightAdded_v94LepPreJetVetoHemOnly,v0BDT1tau2lV17_fakeTauDataDriven,146,1.9422149658203125,91,0.024016380310058594,237,1.966231346130371,/publicfs/cms/user/huahuil/tauOfTTTT_NanoAOD/forMVA/2018/v1baselineHadroBtagWeightAdded_v94LepPreJetVetoHemOnly/mc/variableHists_v0BDT1tau2lV17_fakeTauDataDriven
2018,v1baselineHadroBtagWeightAdded_v94LepPreJetVetoHemOnly,v3BDT1tau2lV18_fakeTauDataDriven,146,2.1580657958984375,91,0.024016380310058594,237,2.182082176208496,/publicfs/cms/user/huahuil/tauOfTTTT_NanoAOD/forMVA/2018/v1baselineHadroBtagWeightAdded_v94LepPreJetVetoHemOnly/mc/variableHists_v3BDT1tau2lV18_fakeTauDataDriven
2018,v0baselineLep_tauF1NewFRBinC_v94LepPreJetVetoHemOnly,v1dataMC_fakeTauDataDriven,146,0.1875905990600586,91,0.02312946319580078,237,0.21072006225585938,/publicfs/cms/user/huahuil/tauOfTTTT_NanoAOD/forMVA/2018/v0baselineLep_tauF1NewFRBinC_v94LepPreJetVetoHemOnly/mc/variableHists_v1dataMC_fakeTauDataDriven
2018,v0baselineLep_tauF1NewFRBinC_v94LepPreJetVetoHemOnly,v1dataMC_fakeTauMC,146,0.18709373474121094,91,0.02243518829345703,237,0.20952892303466797,/publicfs/cms/user/huahuil/tauOfTTTT_NanoAOD/forMVA/2018/v0baselineLep_tauF1NewFRBinC_v94LepPreJetVetoHemOnly/mc/variableHists_v1dataMC_fakeTauMC
2018,v0baselineLep_tauF1_v94LepPreJetVetoHemOnly,v0BDT1tau2l_fakeTau,146,2.316176414489746,91,0.02174091339111328,237,2.3379173278808594,/publicfs/cms/user/huahuil/tauOfTTTT_NanoAOD/forMVA/2018/v0baselineLep_tauF1_v94LepPreJetVetoHemOnly/mc/variableHists_v0BDT1tau2l_fakeTau
2018,v0baselineLep_tauF1_v94LepPreJetVetoHemOnly,v1dataMC_fakeTauDataDriven_fakeTauScaled,146,0.19397926330566406,91,0.023563385009765625,237,0.2175426483154297,/publicfs/cms/user/huahuil/tauOfTTTT_NanoAOD/forMVA/2018/v0baselineLep_tauF1_v94LepPreJetVetoHemOnly/mc/variableHists_v1dataMC_fakeTauDataDriven_fakeTauScaled
2018,v1baselineHadroBtagWeightAdded_v94LepPreJetVetoHemOnlyV2,v5BDT1tau2l_tauFMorphFix,146,2.157223701477051,91,0.02349567413330078,237,2.1807193756103516,/publicfs/cms/user/huahuil/tauOfTTTT_NanoAOD/forMVA/2018/v1baselineHadroBtagWeightAdded_v94LepPreJetVetoHemOnlyV2/mc/variableHists_v5BDT1tau2l_tauFMorphFix
2018,v1baselineHadroBtagWeightAdded_v94LepPreJetVetoHemOnlyV2,v4BDT1tau2lV18_fakeTauDataDriven,146,2.1577634811401367,91,0.02418994903564453,237,2.1819534301757812,/publicfs/cms/user/huahuil/tauOfTTTT_NanoAOD/forMVA/2018/v1baselineHadroBtagWeightAdded_v94LepPreJetVetoHemOnlyV2/mc/variableHists_v4BDT1tau2lV18_fakeTauDataDriven
2018,v1baselineHadroBtagWeightAdded_v94LepPreJetVetoHemOnlyV2,v3BDT1tau2lV18_fakeTauDataDriven,146,2.157778739929199,91,0.02418994903564453,237,2.1819686889648438,/publicfs/cms/user/huahuil/tauOfTTTT_NanoAOD/forMVA/2018/v1baselineHadroBtagWeightAdded_v94LepPreJetVetoHemOnlyV2/mc/variableHists_v3BDT1tau2lV18_fakeTauDataDriven
2016postVFP,v0baselineHadroV2_v88PSWeightFixedHadroPre,v0BDT1tau1l,156,4.759537696838379,81,0.019166946411132812,237,4.778704643249512,/publicfs/cms/user/huahuil/tauOfTTTT_NanoAOD/forMVA/2016postVFP/v0baselineHadroV2_v88PSWeightFixedHadroPre/mc/variableHists_v0BDT1tau1l
2018,v0baselineHadro_v94HadroPreJetVetoHemOnly_backupV2,v0BDT1tau0lFakeTauPtMorphed,138,4.786921501159668,98,0.02405261993408203,236,4.81097412109375,/publicfs/cms/user/huahuil/tauOfTTTT_NanoAOD/forMVA/2018/v0baselineHadro_v94HadroPreJetVetoHemOnly_backupV2/mc/variableHists_v0BDT1tau0lFakeTauPtMorphed
2016postVFP,v1baselineHadroBtagWeightAdded_v94LepPreJetVetoHemOnly,v3BDT1tau2lV18_fakeTauDataDriven,146,2.249258041381836,90,0.024362564086914062,236,2.27362060546875,/publicfs/cms/user/huahuil/tauOfTTTT_NanoAOD/forMVA/2016postVFP/v1baselineHadroBtagWeightAdded_v94LepPreJetVetoHemOnly/mc/variableHists_v3BDT1tau2lV18_fakeTauDataDriven
2016postVFP,v0baselineLep_v94LepPreJetVetoHemOnly,v0BDT1tau2lNewCR,146,2.476670265197754,90,0.021358489990234375,236,2.4980287551879883,/publicfs/cms/user/huahuil/tauOfTTTT_NanoAOD/forMVA/2016postVFP/v0baselineLep_v94LepPreJetVetoHemOnly/mc/variableHists_v0BDT1tau2lNewCR
2016postVFP,v0baselineLep_v94LepPreJetVetoHemOnly,v0BDT1tau2lFakeTau,146,2.4555463790893555,90,0.0215301513671875,236,2.477076530456543,/publicfs/cms/user/huahuil/tauOfTTTT_NanoAOD/forMVA/2016postVFP/v0baselineLep_v94LepPreJetVetoHemOnly/mc/variableHists_v0BDT1tau2lFakeTau
2016postVFP,v1baselineHadroBtagWeightAdded_v94LepPreJetVetoHemOnlyV2,v5BDT1tau2l_tauFMorphFix,146,2.2482824325561523,90,0.023847579956054688,236,2.272130012512207,/publicfs/cms/user/huahuil/tauOfTTTT_NanoAOD/forMVA/2016postVFP/v1baselineHadroBtagWeightAdded_v94LepPreJetVetoHemOnlyV2/mc/variableHists_v5BDT1tau2l_tauFMorphFix
2016postVFP,v1baselineHadroBtagWeightAdded_v94LepPreJetVetoHemOnlyV2,v4BDT1tau2lV18_fakeTauDataDriven,146,2.2488412857055664,90,0.024534225463867188,236,2.2733755111694336,/publicfs/cms/user/huahuil/tauOfTTTT_NanoAOD/forMVA/2016postVFP/v1baselineHadroBtagWeightAdded_v94LepPreJetVetoHemOnlyV2/mc/variableHists_v4BDT1tau2lV18_fakeTauDataDriven
2016postVFP,v1baselineHadroBtagWeightAdded_v94LepPreJetVetoHemOnlyV2,v3BDT1tau2lV18_fakeTauDataDriven,146,2.2476816177368164,90,0.024534225463867188,236,2.2722158432006836,/publicfs/cms/user/huahuil/tauOfTTTT_NanoAOD/forMVA/2016postVFP/v1baselineHadroBtagWeightAdded_v94LepPreJetVetoHemOnlyV2/mc/variableHists_v3BDT1tau2lV18_fakeTauDataDriven
2016postVFP,v1baselineHadroBtagWeightAdded_v94LepPreJetVetoHemOnlyV2,v3BDT1tau0lV18_fakeTauDataDriven,146,2.248851776123047,90,0.024534225463867188,236,2.273386001586914,/publicfs/cms/user/huahuil/tauOfTTTT_NanoAOD/forMVA/2016postVFP/v1baselineHadroBtagWeightAdded_v94LepPreJetVetoHemOnlyV2/mc/variableHists_v3BDT1tau0lV18_fakeTauDataDriven
2018,v0baselineLep_v94LepPreJetVetoHemOnly_backup,v0BDT1tau2l,142,2.26190185546875,89,0.02007579803466797,231,2.281977653503418,/publicfs/cms/user/huahuil/tauOfTTTT_NanoAOD/forMVA/2018/v0baselineLep_v94LepPreJetVetoHemOnly_backup/mc/variableHists_v0BDT1tau2l
2018,v0baselineLepTriggerSF_v91TESAddedLepPre,v0BDT1tau2l,142,2.2619810104370117,89,0.020330429077148438,231,2.28231143951416,/publicfs/cms/user/huahuil/tauOfTTTT_NanoAOD/forMVA/2018/v0baselineLepTriggerSF_v91TESAddedLepPre/mc/variableHists_v0BDT1tau2l
2018,v0baselineLepTriggerSF_v91TESAddedLepPre,v1BDT1tau2l_OnlyGenWeight,142,2.218873977661133,89,0.021518707275390625,231,2.2403926849365234,/publicfs/cms/user/huahuil/tauOfTTTT_NanoAOD/forMVA/2018/v0baselineLepTriggerSF_v91TESAddedLepPre/mc/variableHists_v1BDT1tau2l_OnlyGenWeight
2018,v1baselineHadroBtagWeightAdded_v94LepPreJetVetoHemOnly,v0BDT1tau2lV14,142,2.1368837356567383,89,0.02050018310546875,231,2.157383918762207,/publicfs/cms/user/huahuil/tauOfTTTT_NanoAOD/forMVA/2018/v1baselineHadroBtagWeightAdded_v94LepPreJetVetoHemOnly/mc/variableHists_v0BDT1tau2lV14
2018,v1baselineHadroBtagWeightAdded_v94LepPreJetVetoHemOnly,v0BDT1tau2l,142,2.1389827728271484,89,0.021688461303710938,231,2.1606712341308594,/publicfs/cms/user/huahuil/tauOfTTTT_NanoAOD/forMVA/2018/v1baselineHadroBtagWeightAdded_v94LepPreJetVetoHemOnly/mc/variableHists_v0BDT1tau2l
2018,v1baselineHadroBtagWeightAdded_v94LepPreJetVetoHemOnly,v3BDT1tau2lV14,142,2.136882781982422,89,0.02050018310546875,231,2.1573829650878906,/publicfs/cms/user/huahuil/tauOfTTTT_NanoAOD/forMVA/2018/v1baselineHadroBtagWeightAdded_v94LepPreJetVetoHemOnly/mc/variableHists_v3BDT1tau2lV14
2018,v1baselineHadroBtagWeightAdded_v94LepPreJetVetoHemOnly,v0BDT1tau2lV16,142,2.158975601196289,89,0.021943092346191406,231,2.1809186935424805,/publicfs/cms/user/huahuil/tauOfTTTT_NanoAOD/forMVA/2018/v1baselineHadroBtagWeightAdded_v94LepPreJetVetoHemOnly/mc/variableHists_v0BDT1tau2lV16
2018,v0baselineLep_v94LepPreJetVetoHemOnly,v0BDT1tau2lV14,142,2.1368837356567383,89,0.02050018310546875,231,2.157383918762207,/publicfs/cms/user/huahuil/tauOfTTTT_NanoAOD/forMVA/2018/v0baselineLep_v94LepPreJetVetoHemOnly/mc/variableHists_v0BDT1tau2lV14
2018,v0baselineLep_v94LepPreJetVetoHemOnly,v0BDT1tau2l,142,2.1389827728271484,89,0.021688461303710938,231,2.1606712341308594,/publicfs/cms/user/huahuil/tauOfTTTT_NanoAOD/forMVA/2018/v0baselineLep_v94LepPreJetVetoHemOnly/mc/variableHists_v0BDT1tau2l
2018,v0baselineLep_v94LepPreJetVetoHemOnly,v3BDT1tau2lV14,142,2.136882781982422,89,0.02050018310546875,231,2.1573829650878906,/publicfs/cms/user/huahuil/tauOfTTTT_NanoAOD/forMVA/2018/v0baselineLep_v94LepPreJetVetoHemOnly/mc/variableHists_v3BDT1tau2lV14
2018,v0baselineLep_v94LepPreJetVetoHemOnly,v0BDT1tau2lV16,142,2.1566572189331055,89,0.02050018310546875,231,2.177157402038574,/publicfs/cms/user/huahuil/tauOfTTTT_NanoAOD/forMVA/2018/v0baselineLep_v94LepPreJetVetoHemOnly/mc/variableHists_v0BDT1tau2lV16
2016postVFP,v0baselineLep_v94LepPreJetVetoHemOnly_backup,v0BDT1tau2l,142,2.368593215942383,88,0.02044677734375,230,2.389039993286133,/publicfs/cms/user/huahuil/tauOfTTTT_NanoAOD/forMVA/2016postVFP/v0baselineLep_v94LepPreJetVetoHemOnly_backup/mc/variableHists_v0BDT1tau2l
2016postVFP,v1baselineHadroBtagWeightAdded_v94LepPreJetVetoHemOnly,v3BDT1tau2lV14,142,2.241335868835449,88,0.0222930908203125,230,2.2636289596557617,/publicfs/cms/user/huahuil/tauOfTTTT_NanoAOD/forMVA/2016postVFP/v1baselineHadroBtagWeightAdded_v94LepPreJetVetoHemOnly/mc/variableHists_v3BDT1tau2lV14
2016postVFP,v1baselineHadroBtagWeightAdded_v94LepPreJetVetoHemOnly,v0BDT1tau2lV16,142,2.2610816955566406,88,0.0222930908203125,230,2.283374786376953,/publicfs/cms/user/huahuil/tauOfTTTT_NanoAOD/forMVA/2016postVFP/v1baselineHadroBtagWeightAdded_v94LepPreJetVetoHemOnly/mc/variableHists_v0BDT1tau2lV16
2018,v0baselineLepTriggerSF_v91TESAddedLepPre,v0BDT1tau1l,140,3.9617128372192383,88,0.020110130310058594,228,3.981822967529297,/publicfs/cms/user/huahuil/tauOfTTTT_NanoAOD/forMVA/2018/v0baselineLepTriggerSF_v91TESAddedLepPre/mc/variableHists_v0BDT1tau1l
2016preVFP,v0baselineHadro_v94HadroPreJetVetoHemOnly,v0BDT1tau1lFakeTau,140,4.43985652923584,76,0.018463134765625,216,4.458319664001465,/publicfs/cms/user/huahuil/tauOfTTTT_NanoAOD/forMVA/2016preVFP/v0baselineHadro_v94HadroPreJetVetoHemOnly/mc/variableHists_v0BDT1tau1lFakeTau
2016preVFP,v0baselineHadro_v94HadroPreJetVetoHemOnly,v0FRMeasure,140,0.5363693237304688,76,0.017955780029296875,216,0.5543251037597656,/publicfs/cms/user/huahuil/tauOfTTTT_NanoAOD/forMVA/2016preVFP/v0baselineHadro_v94HadroPreJetVetoHemOnly/mc/variableHists_v0FRMeasure
2017,v1baselineHadroBtagWeightAdded_v94HadroPreJetVetoHemOnly,v0BDT1tau0l,136,2.8681182861328125,78,0.019232749938964844,214,2.8873510360717773,/publicfs/cms/user/huahuil/tauOfTTTT_NanoAOD/forMVA/2017/v1baselineHadroBtagWeightAdded_v94HadroPreJetVetoHemOnly/mc/variableHists_v0BDT1tau0l
2017,v1baselineHadroBtagWeightAdded_v94HadroPreJetVetoHemOnly,v3BDT1tau1lV18_fakeTauDataDriven,136,2.068521499633789,78,0.02079486846923828,214,2.0893163681030273,/publicfs/cms/user/huahuil/tauOfTTTT_NanoAOD/forMVA/2017/v1baselineHadroBtagWeightAdded_v94HadroPreJetVetoHemOnly/mc/variableHists_v3BDT1tau1lV18_fakeTauDataDriven
2017,v1baselineHadroBtagWeightAdded_v94HadroPreJetVetoHemOnly,v0BDT1tau1lV16,136,2.035013198852539,78,0.019455909729003906,214,2.054469108581543,/publicfs/cms/user/huahuil/tauOfTTTT_NanoAOD/forMVA/2017/v1baselineHadroBtagWeightAdded_v94HadroPreJetVetoHemOnly/mc/variableHists_v0BDT1tau1lV16
2017,v1baselineHadroBtagWeightAdded_v94HadroPreJetVetoHemOnly,v0BDT1tau1lV17,136,2.075977325439453,78,0.019455909729003906,214,2.095433235168457,/publicfs/cms/user/huahuil/tauOfTTTT_NanoAOD/forMVA/2017/v1baselineHadroBtagWeightAdded_v94HadroPreJetVetoHemOnly/mc/variableHists_v0BDT1tau1lV17
2017,v1baselineHadroBtagWeightAdded_v94HadroPreJetVetoHemOnly,v0BDT1tau1lV15,136,2.051443099975586,78,0.019455909729003906,214,2.07089900970459,/publicfs/cms/user/huahuil/tauOfTTTT_NanoAOD/forMVA/2017/v1baselineHadroBtagWeightAdded_v94HadroPreJetVetoHemOnly/mc/variableHists_v0BDT1tau1lV15
2017,v1baselineHadroBtagWeightAdded_v94HadroPreJetVetoHemOnly,v0BDT1tau0lV17,136,2.9064483642578125,78,0.019455909729003906,214,2.9259042739868164,/publicfs/cms/user/huahuil/tauOfTTTT_NanoAOD/forMVA/2017/v1baselineHadroBtagWeightAdded_v94HadroPreJetVetoHemOnly/mc/variableHists_v0BDT1tau0lV17
2017,v1baselineHadroBtagWeightAdded_v94HadroPreJetVetoHemOnly,v1BDT1tau1lTestLeading7,136,2.0358142852783203,78,0.020125389099121094,214,2.0559396743774414,/publicfs/cms/user/huahuil/tauOfTTTT_NanoAOD/forMVA/2017/v1baselineHadroBtagWeightAdded_v94HadroPreJetVetoHemOnly/mc/variableHists_v1BDT1tau1lTestLeading7
2017,v1baselineHadroBtagWeightAdded_v94HadroPreJetVetoHemOnly,v8BDT1tau0l_refactorAndBtagNameFix,136,2.8643369674682617,78,0.021241188049316406,214,2.885578155517578,/publicfs/cms/user/huahuil/tauOfTTTT_NanoAOD/forMVA/2017/v1baselineHadroBtagWeightAdded_v94HadroPreJetVetoHemOnly/mc/variableHists_v8BDT1tau0l_refactorAndBtagNameFix
2017,v1baselineHadroBtagWeightAdded_v94HadroPreJetVetoHemOnly,v0BDT1tau0lV16,136,2.9077281951904297,78,0.019455909729003906,214,2.9271841049194336,/publicfs/cms/user/huahuil/tauOfTTTT_NanoAOD/forMVA/2017/v1baselineHadroBtagWeightAdded_v94HadroPreJetVetoHemOnly/mc/variableHists_v0BDT1tau0lV16
2017,v1baselineHadroBtagWeightAdded_v94HadroPreJetVetoHemOnly,v5BDT1tau0l_tauFMorphFix,136,2.907097816467285,78,0.02019977569580078,214,2.927297592163086,/publicfs/cms/user/huahuil/tauOfTTTT_NanoAOD/forMVA/2017/v1baselineHadroBtagWeightAdded_v94HadroPreJetVetoHemOnly/mc/variableHists_v5BDT1tau0l_tauFMorphFix
2017,v0baselineHadro_v94HadroPreJetVetoHemOnly,v1DataMC_noHLTSF,136,0.19210338592529297,78,0.01832103729248047,214,0.21042442321777344,/publicfs/cms/user/huahuil/tauOfTTTT_NanoAOD/forMVA/2017/v0baselineHadro_v94HadroPreJetVetoHemOnly/mc/variableHists_v1DataMC_noHLTSF
2017,v0baselineHadro_v94HadroPreJetVetoHemOnly,v0DataMC_sysV2,136,5.208404541015625,78,0.018172264099121094,214,5.226576805114746,/publicfs/cms/user/huahuil/tauOfTTTT_NanoAOD/forMVA/2017/v0baselineHadro_v94HadroPreJetVetoHemOnly/mc/variableHists_v0DataMC_sysV2
2017,v0baselineHadro_v94HadroPreJetVetoHemOnly,v0DataMC_sys,136,5.208280563354492,78,0.01802349090576172,214,5.226304054260254,/publicfs/cms/user/huahuil/tauOfTTTT_NanoAOD/forMVA/2017/v0baselineHadro_v94HadroPreJetVetoHemOnly/mc/variableHists_v0DataMC_sys
2017,v0baselineHadro_v94HadroPreJetVetoHemOnly,v0BDT1tau1l,136,4.142934799194336,78,0.01794910430908203,214,4.160883903503418,/publicfs/cms/user/huahuil/tauOfTTTT_NanoAOD/forMVA/2017/v0baselineHadro_v94HadroPreJetVetoHemOnly/mc/variableHists_v0BDT1tau1l
2017,v0baselineHadro_v94HadroPreJetVetoHemOnly,v1dataMC_fakeTauMC,136,0.20194435119628906,78,0.018469810485839844,214,0.2204141616821289,/publicfs/cms/user/huahuil/tauOfTTTT_NanoAOD/forMVA/2017/v0baselineHadro_v94HadroPreJetVetoHemOnly/mc/variableHists_v1dataMC_fakeTauMC
2016postVFP,v0baselineHadro_v94HadroPreJetVetoHemOnly,v0BDT1tau1lFakeTau,140,4.474106788635254,73,0.017775535583496094,213,4.49188232421875,/publicfs/cms/user/huahuil/tauOfTTTT_NanoAOD/forMVA/2016postVFP/v0baselineHadro_v94HadroPreJetVetoHemOnly/mc/variableHists_v0BDT1tau1lFakeTau
2016postVFP,v0baselineHadro_v94HadroPreJetVetoHemOnly,v0FRMeasure,140,0.5364265441894531,73,0.0172882080078125,213,0.5537147521972656,/publicfs/cms/user/huahuil/tauOfTTTT_NanoAOD/forMVA/2016postVFP/v0baselineHadro_v94HadroPreJetVetoHemOnly/mc/variableHists_v0FRMeasure
2018,v1baselineHadroBtagWeightAdded_JESup_SinglePionHCAL_AK4PFchs_v94LepPreJetVetoHemOnlyV2_JESPt22,v5BDT1tau2l_tauFMorphFix,140,0.3485107421875,70,0.020538330078125,210,0.369049072265625,/publicfs/cms/user/huahuil/tauOfTTTT_NanoAOD/forMVA/2018/v1baselineHadroBtagWeightAdded_JESup_SinglePionHCAL_AK4PFchs_v94LepPreJetVetoHemOnlyV2_JESPt22/mc/variableHists_v5BDT1tau2l_tauFMorphFix
2018,v1baselineHadroBtagWeightAdded_JESup_SinglePionHCAL_AK4PFchs_v94LepPreJetVetoHemOnlyV2_JESPt22,v4BDT1tau2lV18_fakeTauDataDriven,140,0.34905147552490234,70,0.0210723876953125,210,0.37012386322021484,/publicfs/cms/user/huahuil/tauOfTTTT_NanoAOD/forMVA/2018/v1baselineHadroBtagWeightAdded_JESup_SinglePionHCAL_AK4PFchs_v94LepPreJetVetoHemOnlyV2_JESPt22/mc/variableHists_v4BDT1tau2lV18_fakeTauDataDriven
2018,v1baselineHadroBtagWeightAdded_JESup_SinglePionHCAL_AK4PFchs_v94LepPreJetVetoHemOnlyV2_JESPt22,v3BDT1tau2lV18_fakeTauDataDriven,140,0.3490438461303711,70,0.0210723876953125,210,0.3701162338256836,/publicfs/cms/user/huahuil/tauOfTTTT_NanoAOD/forMVA/2018/v1baselineHadroBtagWeightAdded_JESup_SinglePionHCAL_AK4PFchs_v94LepPreJetVetoHemOnlyV2_JESPt22/mc/variableHists_v3BDT1tau2lV18_fakeTauDataDriven
2018,v1baselineHadroBtagWeightAdded_JESup_RelativeJERHF_AK4PFchs_v94LepPreJetVetoHemOnlyV2_JESPt22,v5BDT1tau2l_tauFMorphFix,140,0.3482036590576172,70,0.020471572875976562,210,0.36867523193359375,/publicfs/cms/user/huahuil/tauOfTTTT_NanoAOD/forMVA/2018/v1baselineHadroBtagWeightAdded_JESup_RelativeJERHF_AK4PFchs_v94LepPreJetVetoHemOnlyV2_JESPt22/mc/variableHists_v5BDT1tau2l_tauFMorphFix
2018,v1baselineHadroBtagWeightAdded_JESup_RelativeJERHF_AK4PFchs_v94LepPreJetVetoHemOnlyV2_JESPt22,v4BDT1tau2lV18_fakeTauDataDriven,140,0.3487377166748047,70,0.021005630493164062,210,0.36974334716796875,/publicfs/cms/user/huahuil/tauOfTTTT_NanoAOD/forMVA/2018/v1baselineHadroBtagWeightAdded_JESup_RelativeJERHF_AK4PFchs_v94LepPreJetVetoHemOnlyV2_JESPt22/mc/variableHists_v4BDT1tau2lV18_fakeTauDataDriven
2018,v1baselineHadroBtagWeightAdded_JESup_RelativeJERHF_AK4PFchs_v94LepPreJetVetoHemOnlyV2_JESPt22,v3BDT1tau2lV18_fakeTauDataDriven,140,0.3487377166748047,70,0.021005630493164062,210,0.36974334716796875,/publicfs/cms/user/huahuil/tauOfTTTT_NanoAOD/forMVA/2018/v1baselineHadroBtagWeightAdded_JESup_RelativeJERHF_AK4PFchs_v94LepPreJetVetoHemOnlyV2_JESPt22/mc/variableHists_v3BDT1tau2lV18_fakeTauDataDriven
2018,v1baselineHadroBtagWeightAdded_JESup_RelativePtHF_AK4PFchs_v94LepPreJetVetoHemOnlyV2_JESPt22,v5BDT1tau2l_tauFMorphFix,140,0.3480720520019531,70,0.020404815673828125,210,0.36847686767578125,/publicfs/cms/user/huahuil/tauOfTTTT_NanoAOD/forMVA/2018/v1baselineHadroBtagWeightAdded_JESup_RelativePtHF_AK4PFchs_v94LepPreJetVetoHemOnlyV2_JESPt22/mc/variableHists_v5BDT1tau2l_tauFMorphFix
2018,v1baselineHadroBtagWeightAdded_JESup_RelativePtHF_AK4PFchs_v94LepPreJetVetoHemOnlyV2_JESPt22,v4BDT1tau2lV18_fakeTauDataDriven,140,0.3486032485961914,70,0.020938873291015625,210,0.36954212188720703,/publicfs/cms/user/huahuil/tauOfTTTT_NanoAOD/forMVA/2018/v1baselineHadroBtagWeightAdded_JESup_RelativePtHF_AK4PFchs_v94LepPreJetVetoHemOnlyV2_JESPt22/mc/variableHists_v4BDT1tau2lV18_fakeTauDataDriven
2018,v1baselineHadroBtagWeightAdded_JESup_RelativePtHF_AK4PFchs_v94LepPreJetVetoHemOnlyV2_JESPt22,v3BDT1tau2lV18_fakeTauDataDriven,140,0.3486042022705078,70,0.020938873291015625,210,0.36954307556152344,/publicfs/cms/user/huahuil/tauOfTTTT_NanoAOD/forMVA/2018/v1baselineHadroBtagWeightAdded_JESup_RelativePtHF_AK4PFchs_v94LepPreJetVetoHemOnlyV2_JESPt22/mc/variableHists_v3BDT1tau2lV18_fakeTauDataDriven
2018,v1baselineHadroBtagWeightAdded_JESup_RelativePtBB_AK4PFchs_v94LepPreJetVetoHemOnlyV2_JESPt22,v5BDT1tau2l_tauFMorphFix,140,0.3480796813964844,70,0.020404815673828125,210,0.3684844970703125,/publicfs/cms/user/huahuil/tauOfTTTT_NanoAOD/forMVA/2018/v1baselineHadroBtagWeightAdded_JESup_RelativePtBB_AK4PFchs_v94LepPreJetVetoHemOnlyV2_JESPt22/mc/variableHists_v5BDT1tau2l_tauFMorphFix
2018,v1baselineHadroBtagWeightAdded_JESup_RelativePtBB_AK4PFchs_v94LepPreJetVetoHemOnlyV2_JESPt22,v4BDT1tau2lV18_fakeTauDataDriven,140,0.3486032485961914,70,0.020938873291015625,210,0.36954212188720703,/publicfs/cms/user/huahuil/tauOfTTTT_NanoAOD/forMVA/2018/v1baselineHadroBtagWeightAdded_JESup_RelativePtBB_AK4PFchs_v94LepPreJetVetoHemOnlyV2_JESPt22/mc/variableHists_v4BDT1tau2lV18_fakeTauDataDriven
2018,v1baselineHadroBtagWeightAdded_JESup_RelativePtBB_AK4PFchs_v94LepPreJetVetoHemOnlyV2_JESPt22,v3BDT1tau2lV18_fakeTauDataDriven,140,0.3486137390136719,70,0.020938873291015625,210,0.3695526123046875,/publicfs/cms/user/huahuil/tauOfTTTT_NanoAOD/forMVA/2018/v1baselineHadroBtagWeightAdded_JESup_RelativePtBB_AK4PFchs_v94LepPreJetVetoHemOnlyV2_JESPt22/mc/variableHists_v3BDT1tau2lV18_fakeTauDataDriven
2018,v1baselineHadroBtagWeightAdded_JESup_FlavorPureQuark_AK4PFchs_v94LepPreJetVetoHemOnlyV2_JESPt22,v5BDT1tau2l_tauFMorphFix,140,0.34828662872314453,70,0.020605087280273438,210,0.36889171600341797,/publicfs/cms/user/huahuil/tauOfTTTT_NanoAOD/forMVA/2018/v1baselineHadroBtagWeightAdded_JESup_FlavorPureQuark_AK4PFchs_v94LepPreJetVetoHemOnlyV2_JESPt22/mc/variableHists_v5BDT1tau2l_tauFMorphFix
2018,v1baselineHadroBtagWeightAdded_JESup_FlavorPureQuark_AK4PFchs_v94LepPreJetVetoHemOnlyV2_JESPt22,v4BDT1tau2lV18_fakeTauDataDriven,140,0.34882164001464844,70,0.021139144897460938,210,0.3699607849121094,/publicfs/cms/user/huahuil/tauOfTTTT_NanoAOD/forMVA/2018/v1baselineHadroBtagWeightAdded_JESup_FlavorPureQuark_AK4PFchs_v94LepPreJetVetoHemOnlyV2_JESPt22/mc/variableHists_v4BDT1tau2lV18_fakeTauDataDriven
2018,v1baselineHadroBtagWeightAdded_JESup_FlavorPureQuark_AK4PFchs_v94LepPreJetVetoHemOnlyV2_JESPt22,v3BDT1tau2lV18_fakeTauDataDriven,140,0.34882068634033203,70,0.021139144897460938,210,0.36995983123779297,/publicfs/cms/user/huahuil/tauOfTTTT_NanoAOD/forMVA/2018/v1baselineHadroBtagWeightAdded_JESup_FlavorPureQuark_AK4PFchs_v94LepPreJetVetoHemOnlyV2_JESPt22/mc/variableHists_v3BDT1tau2lV18_fakeTauDataDriven
2018,v1baselineHadroBtagWeightAdded_JESup_RelativePtEC1_AK4PFchs_v94LepPreJetVetoHemOnlyV2_JESPt22,v5BDT1tau2l_tauFMorphFix,140,0.3482027053833008,70,0.020471572875976562,210,0.36867427825927734,/publicfs/cms/user/huahuil/tauOfTTTT_NanoAOD/forMVA/2018/v1baselineHadroBtagWeightAdded_JESup_RelativePtEC1_AK4PFchs_v94LepPreJetVetoHemOnlyV2_JESPt22/mc/variableHists_v5BDT1tau2l_tauFMorphFix
2018,v1baselineHadroBtagWeightAdded_JESup_RelativePtEC1_AK4PFchs_v94LepPreJetVetoHemOnlyV2_JESPt22,v4BDT1tau2lV18_fakeTauDataDriven,140,0.3487367630004883,70,0.021005630493164062,210,0.36974239349365234,/publicfs/cms/user/huahuil/tauOfTTTT_NanoAOD/forMVA/2018/v1baselineHadroBtagWeightAdded_JESup_RelativePtEC1_AK4PFchs_v94LepPreJetVetoHemOnlyV2_JESPt22/mc/variableHists_v4BDT1tau2lV18_fakeTauDataDriven
2018,v1baselineHadroBtagWeightAdded_JESup_RelativePtEC1_AK4PFchs_v94LepPreJetVetoHemOnlyV2_JESPt22,v3BDT1tau2lV18_fakeTauDataDriven,140,0.3487367630004883,70,0.021005630493164062,210,0.36974239349365234,/publicfs/cms/user/huahuil/tauOfTTTT_NanoAOD/forMVA/2018/v1baselineHadroBtagWeightAdded_JESup_RelativePtEC1_AK4PFchs_v94LepPreJetVetoHemOnlyV2_JESPt22/mc/variableHists_v3BDT1tau2lV18_fakeTauDataDriven
2018,v1baselineHadroBtagWeightAdded_JESup_RelativeSample_AK4PFchs_v94LepPreJetVetoHemOnlyV2_JESPt22,v5BDT1tau2l_tauFMorphFix,140,0.3483400344848633,70,0.020538330078125,210,0.3688783645629883,/publicfs/cms/user/huahuil/tauOfTTTT_NanoAOD/forMVA/2018/v1baselineHadroBtagWeightAdded_JESup_RelativeSample_AK4PFchs_v94LepPreJetVetoHemOnlyV2_JESPt22/mc/variableHists_v5BDT1tau2l_tauFMorphFix
2018,v1baselineHadroBtagWeightAdded_JESup_RelativeSample_AK4PFchs_v94LepPreJetVetoHemOnlyV2_JESPt22,v4BDT1tau2lV18_fakeTauDataDriven,140,0.3488655090332031,70,0.0210723876953125,210,0.3699378967285156,/publicfs/cms/user/huahuil/tauOfTTTT_NanoAOD/forMVA/2018/v1baselineHadroBtagWeightAdded_JESup_RelativeSample_AK4PFchs_v94LepPreJetVetoHemOnlyV2_JESPt22/mc/variableHists_v4BDT1tau2lV18_fakeTauDataDriven
2018,v1baselineHadroBtagWeightAdded_JESup_RelativeSample_AK4PFchs_v94LepPreJetVetoHemOnlyV2_JESPt22,v3BDT1tau2lV18_fakeTauDataDriven,140,0.3488655090332031,70,0.0210723876953125,210,0.3699378967285156,/publicfs/cms/user/huahuil/tauOfTTTT_NanoAOD/forMVA/2018/v1baselineHadroBtagWeightAdded_JESup_RelativeSample_AK4PFchs_v94LepPreJetVetoHemOnlyV2_JESPt22/mc/variableHists_v3BDT1tau2lV18_fakeTauDataDriven
2018,v1baselineHadroBtagWeightAdded_JESup_RelativeStatEC_AK4PFchs_v94LepPreJetVetoHemOnlyV2_JESPt22,v5BDT1tau2l_tauFMorphFix,140,0.3477916717529297,70,0.020538330078125,210,0.3683300018310547,/publicfs/cms/user/huahuil/tauOfTTTT_NanoAOD/forMVA/2018/v1baselineHadroBtagWeightAdded_JESup_RelativeStatEC_AK4PFchs_v94LepPreJetVetoHemOnlyV2_JESPt22/mc/variableHists_v5BDT1tau2l_tauFMorphFix
2018,v1baselineHadroBtagWeightAdded_JESup_RelativeStatEC_AK4PFchs_v94LepPreJetVetoHemOnlyV2_JESPt22,v4BDT1tau2lV18_fakeTauDataDriven,140,0.3483257293701172,70,0.0210723876953125,210,0.3693981170654297,/publicfs/cms/user/huahuil/tauOfTTTT_NanoAOD/forMVA/2018/v1baselineHadroBtagWeightAdded_JESup_RelativeStatEC_AK4PFchs_v94LepPreJetVetoHemOnlyV2_JESPt22/mc/variableHists_v4BDT1tau2lV18_fakeTauDataDriven
2018,v1baselineHadroBtagWeightAdded_JESup_RelativeStatEC_AK4PFchs_v94LepPreJetVetoHemOnlyV2_JESPt22,v3BDT1tau2lV18_fakeTauDataDriven,140,0.3483266830444336,70,0.0210723876953125,210,0.3693990707397461,/publicfs/cms/user/huahuil/tauOfTTTT_NanoAOD/forMVA/2018/v1baselineHadroBtagWeightAdded_JESup_RelativeStatEC_AK4PFchs_v94LepPreJetVetoHemOnlyV2_JESPt22/mc/variableHists_v3BDT1tau2lV18_fakeTauDataDriven
2018,v1baselineHadroBtagWeightAdded_JESup_RelativeFSR_AK4PFchs_v94LepPreJetVetoHemOnlyV2_JESPt22,v5BDT1tau2l_tauFMorphFix,140,0.3475790023803711,70,0.020338058471679688,210,0.3679170608520508,/publicfs/cms/user/huahuil/tauOfTTTT_NanoAOD/forMVA/2018/v1baselineHadroBtagWeightAdded_JESup_RelativeFSR_AK4PFchs_v94LepPreJetVetoHemOnlyV2_JESPt22/mc/variableHists_v5BDT1tau2l_tauFMorphFix
2018,v1baselineHadroBtagWeightAdded_JESup_RelativeFSR_AK4PFchs_v94LepPreJetVetoHemOnlyV2_JESPt22,v4BDT1tau2lV18_fakeTauDataDriven,140,0.3481292724609375,70,0.020872116088867188,210,0.3690013885498047,/publicfs/cms/user/huahuil/tauOfTTTT_NanoAOD/forMVA/2018/v1baselineHadroBtagWeightAdded_JESup_RelativeFSR_AK4PFchs_v94LepPreJetVetoHemOnlyV2_JESPt22/mc/variableHists_v4BDT1tau2lV18_fakeTauDataDriven
2018,v1baselineHadroBtagWeightAdded_JESup_RelativeFSR_AK4PFchs_v94LepPreJetVetoHemOnlyV2_JESPt22,v3BDT1tau2lV18_fakeTauDataDriven,140,0.34812068939208984,70,0.020872116088867188,210,0.36899280548095703,/publicfs/cms/user/huahuil/tauOfTTTT_NanoAOD/forMVA/2018/v1baselineHadroBtagWeightAdded_JESup_RelativeFSR_AK4PFchs_v94LepPreJetVetoHemOnlyV2_JESPt22/mc/variableHists_v3BDT1tau2lV18_fakeTauDataDriven
2018,v1baselineHadroBtagWeightAdded_JESup_AbsoluteScale_AK4PFchs_v94LepPreJetVetoHemOnlyV2_JESPt22,v5BDT1tau2l_tauFMorphFix,140,0.34821319580078125,70,0.020471572875976562,210,0.3686847686767578,/publicfs/cms/user/huahuil/tauOfTTTT_NanoAOD/forMVA/2018/v1baselineHadroBtagWeightAdded_JESup_AbsoluteScale_AK4PFchs_v94LepPreJetVetoHemOnlyV2_JESPt22/mc/variableHists_v5BDT1tau2l_tauFMorphFix
2018,v1baselineHadroBtagWeightAdded_JESup_AbsoluteScale_AK4PFchs_v94LepPreJetVetoHemOnlyV2_JESPt22,v4BDT1tau2lV18_fakeTauDataDriven,140,0.34874534606933594,70,0.021005630493164062,210,0.3697509765625,/publicfs/cms/user/huahuil/tauOfTTTT_NanoAOD/forMVA/2018/v1baselineHadroBtagWeightAdded_JESup_AbsoluteScale_AK4PFchs_v94LepPreJetVetoHemOnlyV2_JESPt22/mc/variableHists_v4BDT1tau2lV18_fakeTauDataDriven
2018,v1baselineHadroBtagWeightAdded_JESup_AbsoluteScale_AK4PFchs_v94LepPreJetVetoHemOnlyV2_JESPt22,v3BDT1tau2lV18_fakeTauDataDriven,140,0.34873485565185547,70,0.021005630493164062,210,0.36974048614501953,/publicfs/cms/user/huahuil/tauOfTTTT_NanoAOD/forMVA/2018/v1baselineHadroBtagWeightAdded_JESup_AbsoluteScale_AK4PFchs_v94LepPreJetVetoHemOnlyV2_JESPt22/mc/variableHists_v3BDT1tau2lV18_fakeTauDataDriven
2018,v1baselineHadroBtagWeightAdded_JESup_SinglePionECAL_AK4PFchs_v94LepPreJetVetoHemOnlyV2_JESPt22,v5BDT1tau2l_tauFMorphFix,140,0.34833812713623047,70,0.020538330078125,210,0.36887645721435547,/publicfs/cms/user/huahuil/tauOfTTTT_NanoAOD/forMVA/2018/v1baselineHadroBtagWeightAdded_JESup_SinglePionECAL_AK4PFchs_v94LepPreJetVetoHemOnlyV2_JESPt22/mc/variableHists_v5BDT1tau2l_tauFMorphFix
2018,v1baselineHadroBtagWeightAdded_JESup_SinglePionECAL_AK4PFchs_v94LepPreJetVetoHemOnlyV2_JESPt22,v4BDT1tau2lV18_fakeTauDataDriven,140,0.34888172149658203,70,0.0210723876953125,210,0.36995410919189453,/publicfs/cms/user/huahuil/tauOfTTTT_NanoAOD/forMVA/2018/v1baselineHadroBtagWeightAdded_JESup_SinglePionECAL_AK4PFchs_v94LepPreJetVetoHemOnlyV2_JESPt22/mc/variableHists_v4BDT1tau2lV18_fakeTauDataDriven
2018,v1baselineHadroBtagWeightAdded_JESup_SinglePionECAL_AK4PFchs_v94LepPreJetVetoHemOnlyV2_JESPt22,v3BDT1tau2lV18_fakeTauDataDriven,140,0.3488807678222656,70,0.0210723876953125,210,0.3699531555175781,/publicfs/cms/user/huahuil/tauOfTTTT_NanoAOD/forMVA/2018/v1baselineHadroBtagWeightAdded_JESup_SinglePionECAL_AK4PFchs_v94LepPreJetVetoHemOnlyV2_JESPt22/mc/variableHists_v3BDT1tau2lV18_fakeTauDataDriven
2018,v1baselineHadroBtagWeightAdded_JESup_RelativeStatHF_AK4PFchs_v94LepPreJetVetoHemOnlyV2_JESPt22,v5BDT1tau2l_tauFMorphFix,140,0.34833431243896484,70,0.020538330078125,210,0.36887264251708984,/publicfs/cms/user/huahuil/tauOfTTTT_NanoAOD/forMVA/2018/v1baselineHadroBtagWeightAdded_JESup_RelativeStatHF_AK4PFchs_v94LepPreJetVetoHemOnlyV2_JESPt22/mc/variableHists_v5BDT1tau2l_tauFMorphFix
2018,v1baselineHadroBtagWeightAdded_JESup_RelativeStatHF_AK4PFchs_v94LepPreJetVetoHemOnlyV2_JESPt22,v4BDT1tau2lV18_fakeTauDataDriven,140,0.34886837005615234,70,0.0210723876953125,210,0.36994075775146484,/publicfs/cms/user/huahuil/tauOfTTTT_NanoAOD/forMVA/2018/v1baselineHadroBtagWeightAdded_JESup_RelativeStatHF_AK4PFchs_v94LepPreJetVetoHemOnlyV2_JESPt22/mc/variableHists_v4BDT1tau2lV18_fakeTauDataDriven
2018,v1baselineHadroBtagWeightAdded_JESup_RelativeStatHF_AK4PFchs_v94LepPreJetVetoHemOnlyV2_JESPt22,v3BDT1tau2lV18_fakeTauDataDriven,140,0.34886932373046875,70,0.0210723876953125,210,0.36994171142578125,/publicfs/cms/user/huahuil/tauOfTTTT_NanoAOD/forMVA/2018/v1baselineHadroBtagWeightAdded_JESup_RelativeStatHF_AK4PFchs_v94LepPreJetVetoHemOnlyV2_JESPt22/mc/variableHists_v3BDT1tau2lV18_fakeTauDataDriven
2018,v1baselineHadroBtagWeightAdded_JESup_RelativeJEREC1_AK4PFchs_v94LepPreJetVetoHemOnlyV2_JESPt22,v5BDT1tau2l_tauFMorphFix,140,0.3485240936279297,70,0.020538330078125,210,0.3690624237060547,/publicfs/cms/user/huahuil/tauOfTTTT_NanoAOD/forMVA/2018/v1baselineHadroBtagWeightAdded_JESup_RelativeJEREC1_AK4PFchs_v94LepPreJetVetoHemOnlyV2_JESPt22/mc/variableHists_v5BDT1tau2l_tauFMorphFix
2018,v1baselineHadroBtagWeightAdded_JESup_RelativeJEREC1_AK4PFchs_v94LepPreJetVetoHemOnlyV2_JESPt22,v4BDT1tau2lV18_fakeTauDataDriven,140,0.34904003143310547,70,0.0210723876953125,210,0.37011241912841797,/publicfs/cms/user/huahuil/tauOfTTTT_NanoAOD/forMVA/2018/v1baselineHadroBtagWeightAdded_JESup_RelativeJEREC1_AK4PFchs_v94LepPreJetVetoHemOnlyV2_JESPt22/mc/variableHists_v4BDT1tau2lV18_fakeTauDataDriven
2018,v1baselineHadroBtagWeightAdded_JESup_RelativeJEREC1_AK4PFchs_v94LepPreJetVetoHemOnlyV2_JESPt22,v3BDT1tau2lV18_fakeTauDataDriven,140,0.34903907775878906,70,0.0210723876953125,210,0.37011146545410156,/publicfs/cms/user/huahuil/tauOfTTTT_NanoAOD/forMVA/2018/v1baselineHadroBtagWeightAdded_JESup_RelativeJEREC1_AK4PFchs_v94LepPreJetVetoHemOnlyV2_JESPt22/mc/variableHists_v3BDT1tau2lV18_fakeTauDataDriven
2018,v1baselineHadroBtagWeightAdded_JESup_Fragmentation_AK4PFchs_v94LepPreJetVetoHemOnlyV2_JESPt22,v5BDT1tau2l_tauFMorphFix,140,0.34838294982910156,70,0.020471572875976562,210,0.3688545227050781,/publicfs/cms/user/huahuil/tauOfTTTT_NanoAOD/forMVA/2018/v1baselineHadroBtagWeightAdded_JESup_Fragmentation_AK4PFchs_v94LepPreJetVetoHemOnlyV2_JESPt22/mc/variableHists_v5BDT1tau2l_tauFMorphFix
2018,v1baselineHadroBtagWeightAdded_JESup_Fragmentation_AK4PFchs_v94LepPreJetVetoHemOnlyV2_JESPt22,v4BDT1tau2lV18_fakeTauDataDriven,140,0.34891605377197266,70,0.021005630493164062,210,0.3699216842651367,/publicfs/cms/user/huahuil/tauOfTTTT_NanoAOD/forMVA/2018/v1baselineHadroBtagWeightAdded_JESup_Fragmentation_AK4PFchs_v94LepPreJetVetoHemOnlyV2_JESPt22/mc/variableHists_v4BDT1tau2lV18_fakeTauDataDriven
2018,v1baselineHadroBtagWeightAdded_JESup_Fragmentation_AK4PFchs_v94LepPreJetVetoHemOnlyV2_JESPt22,v3BDT1tau2lV18_fakeTauDataDriven,140,0.3489341735839844,70,0.021005630493164062,210,0.36993980407714844,/publicfs/cms/user/huahuil/tauOfTTTT_NanoAOD/forMVA/2018/v1baselineHadroBtagWeightAdded_JESup_Fragmentation_AK4PFchs_v94LepPreJetVetoHemOnlyV2_JESPt22/mc/variableHists_v3BDT1tau2lV18_fakeTauDataDriven
2018,v1baselineHadroBtagWeightAdded_JESup_RelativeStatFSR_AK4PFchs_v94LepPreJetVetoHemOnlyV2_JESPt22,v5BDT1tau2l_tauFMorphFix,140,0.34828948974609375,70,0.020605087280273438,210,0.3688945770263672,/publicfs/cms/user/huahuil/tauOfTTTT_NanoAOD/forMVA/2018/v1baselineHadroBtagWeightAdded_JESup_RelativeStatFSR_AK4PFchs_v94LepPreJetVetoHemOnlyV2_JESPt22/mc/variableHists_v5BDT1tau2l_tauFMorphFix
2018,v1baselineHadroBtagWeightAdded_JESup_RelativeStatFSR_AK4PFchs_v94LepPreJetVetoHemOnlyV2_JESPt22,v4BDT1tau2lV18_fakeTauDataDriven,140,0.34882450103759766,70,0.021139144897460938,210,0.3699636459350586,/publicfs/cms/user/huahuil/tauOfTTTT_NanoAOD/forMVA/2018/v1baselineHadroBtagWeightAdded_JESup_RelativeStatFSR_AK4PFchs_v94LepPreJetVetoHemOnlyV2_JESPt22/mc/variableHists_v4BDT1tau2lV18_fakeTauDataDriven
2018,v1baselineHadroBtagWeightAdded_JESup_RelativeStatFSR_AK4PFchs_v94LepPreJetVetoHemOnlyV2_JESPt22,v3BDT1tau2lV18_fakeTauDataDriven,140,0.34883594512939453,70,0.021139144897460938,210,0.36997509002685547,/publicfs/cms/user/huahuil/tauOfTTTT_NanoAOD/forMVA/2018/v1baselineHadroBtagWeightAdded_JESup_RelativeStatFSR_AK4PFchs_v94LepPreJetVetoHemOnlyV2_JESPt22/mc/variableHists_v3BDT1tau2lV18_fakeTauDataDriven
2018,v1baselineHadroBtagWeightAdded_JESup_FlavorPureCharm_AK4PFchs_v94LepPreJetVetoHemOnlyV2_JESPt22,v5BDT1tau2l_tauFMorphFix,140,0.34848594665527344,70,0.020605087280273438,210,0.3690910339355469,/publicfs/cms/user/huahuil/tauOfTTTT_NanoAOD/forMVA/2018/v1baselineHadroBtagWeightAdded_JESup_FlavorPureCharm_AK4PFchs_v94LepPreJetVetoHemOnlyV2_JESPt22/mc/variableHists_v5BDT1tau2l_tauFMorphFix
2018,v1baselineHadroBtagWeightAdded_JESup_FlavorPureCharm_AK4PFchs_v94LepPreJetVetoHemOnlyV2_JESPt22,v4BDT1tau2lV18_fakeTauDataDriven,140,0.34899234771728516,70,0.021139144897460938,210,0.3701314926147461,/publicfs/cms/user/huahuil/tauOfTTTT_NanoAOD/forMVA/2018/v1baselineHadroBtagWeightAdded_JESup_FlavorPureCharm_AK4PFchs_v94LepPreJetVetoHemOnlyV2_JESPt22/mc/variableHists_v4BDT1tau2lV18_fakeTauDataDriven
2018,v1baselineHadroBtagWeightAdded_JESup_FlavorPureCharm_AK4PFchs_v94LepPreJetVetoHemOnlyV2_JESPt22,v3BDT1tau2lV18_fakeTauDataDriven,140,0.34899139404296875,70,0.021139144897460938,210,0.3701305389404297,/publicfs/cms/user/huahuil/tauOfTTTT_NanoAOD/forMVA/2018/v1baselineHadroBtagWeightAdded_JESup_FlavorPureCharm_AK4PFchs_v94LepPreJetVetoHemOnlyV2_JESPt22/mc/variableHists_v3BDT1tau2lV18_fakeTauDataDriven
2018,v1baselineHadroBtagWeightAdded_JESup_RelativeJEREC2_AK4PFchs_v94LepPreJetVetoHemOnlyV2_JESPt22,v5BDT1tau2l_tauFMorphFix,140,0.3481569290161133,70,0.020538330078125,210,0.3686952590942383,/publicfs/cms/user/huahuil/tauOfTTTT_NanoAOD/forMVA/2018/v1baselineHadroBtagWeightAdded_JESup_RelativeJEREC2_AK4PFchs_v94LepPreJetVetoHemOnlyV2_JESPt22/mc/variableHists_v5BDT1tau2l_tauFMorphFix
2018,v1baselineHadroBtagWeightAdded_JESup_RelativeJEREC2_AK4PFchs_v94LepPreJetVetoHemOnlyV2_JESPt22,v4BDT1tau2lV18_fakeTauDataDriven,140,0.3486909866333008,70,0.0210723876953125,210,0.3697633743286133,/publicfs/cms/user/huahuil/tauOfTTTT_NanoAOD/forMVA/2018/v1baselineHadroBtagWeightAdded_JESup_RelativeJEREC2_AK4PFchs_v94LepPreJetVetoHemOnlyV2_JESPt22/mc/variableHists_v4BDT1tau2lV18_fakeTauDataDriven
2018,v1baselineHadroBtagWeightAdded_JESup_RelativeJEREC2_AK4PFchs_v94LepPreJetVetoHemOnlyV2_JESPt22,v3BDT1tau2lV18_fakeTauDataDriven,140,0.3486900329589844,70,0.0210723876953125,210,0.3697624206542969,/publicfs/cms/user/huahuil/tauOfTTTT_NanoAOD/forMVA/2018/v1baselineHadroBtagWeightAdded_JESup_RelativeJEREC2_AK4PFchs_v94LepPreJetVetoHemOnlyV2_JESPt22/mc/variableHists_v3BDT1tau2lV18_fakeTauDataDriven
2018,v1baselineHadroBtagWeightAdded_JESup_TimePtEta_AK4PFchs_v94LepPreJetVetoHemOnlyV2_JESPt22,v5BDT1tau2l_tauFMorphFix,140,0.3478384017944336,70,0.020204544067382812,210,0.3680429458618164,/publicfs/cms/user/huahuil/tauOfTTTT_NanoAOD/forMVA/2018/v1baselineHadroBtagWeightAdded_JESup_TimePtEta_AK4PFchs_v94LepPreJetVetoHemOnlyV2_JESPt22/mc/variableHists_v5BDT1tau2l_tauFMorphFix
2018,v1baselineHadroBtagWeightAdded_JESup_TimePtEta_AK4PFchs_v94LepPreJetVetoHemOnlyV2_JESPt22,v4BDT1tau2lV18_fakeTauDataDriven,140,0.3483848571777344,70,0.020738601684570312,210,0.3691234588623047,/publicfs/cms/user/huahuil/tauOfTTTT_NanoAOD/forMVA/2018/v1baselineHadroBtagWeightAdded_JESup_TimePtEta_AK4PFchs_v94LepPreJetVetoHemOnlyV2_JESPt22/mc/variableHists_v4BDT1tau2lV18_fakeTauDataDriven
2018,v1baselineHadroBtagWeightAdded_JESup_TimePtEta_AK4PFchs_v94LepPreJetVetoHemOnlyV2_JESPt22,v3BDT1tau2lV18_fakeTauDataDriven,140,0.3483724594116211,70,0.020738601684570312,210,0.3691110610961914,/publicfs/cms/user/huahuil/tauOfTTTT_NanoAOD/forMVA/2018/v1baselineHadroBtagWeightAdded_JESup_TimePtEta_AK4PFchs_v94LepPreJetVetoHemOnlyV2_JESPt22/mc/variableHists_v3BDT1tau2lV18_fakeTauDataDriven
2018,v1baselineHadroBtagWeightAdded_JESup_FlavorPureGluon_AK4PFchs_v94LepPreJetVetoHemOnlyV2_JESPt22,v5BDT1tau2l_tauFMorphFix,140,0.3484678268432617,70,0.020605087280273438,210,0.36907291412353516,/publicfs/cms/user/huahuil/tauOfTTTT_NanoAOD/forMVA/2018/v1baselineHadroBtagWeightAdded_JESup_FlavorPureGluon_AK4PFchs_v94LepPreJetVetoHemOnlyV2_JESPt22/mc/variableHists_v5BDT1tau2l_tauFMorphFix
2018,v1baselineHadroBtagWeightAdded_JESup_FlavorPureGluon_AK4PFchs_v94LepPreJetVetoHemOnlyV2_JESPt22,v4BDT1tau2lV18_fakeTauDataDriven,140,0.3489952087402344,70,0.021139144897460938,210,0.3701343536376953,/publicfs/cms/user/huahuil/tauOfTTTT_NanoAOD/forMVA/2018/v1baselineHadroBtagWeightAdded_JESup_FlavorPureGluon_AK4PFchs_v94LepPreJetVetoHemOnlyV2_JESPt22/mc/variableHists_v4BDT1tau2lV18_fakeTauDataDriven
2018,v1baselineHadroBtagWeightAdded_JESup_FlavorPureGluon_AK4PFchs_v94LepPreJetVetoHemOnlyV2_JESPt22,v3BDT1tau2lV18_fakeTauDataDriven,140,0.34899425506591797,70,0.021139144897460938,210,0.3701333999633789,/publicfs/cms/user/huahuil/tauOfTTTT_NanoAOD/forMVA/2018/v1baselineHadroBtagWeightAdded_JESup_FlavorPureGluon_AK4PFchs_v94LepPreJetVetoHemOnlyV2_JESPt22/mc/variableHists_v3BDT1tau2lV18_fakeTauDataDriven
2018,v1baselineHadroBtagWeightAdded_JESup_RelativePtEC2_AK4PFchs_v94LepPreJetVetoHemOnlyV2_JESPt22,v5BDT1tau2l_tauFMorphFix,140,0.34819984436035156,70,0.020471572875976562,210,0.3686714172363281,/publicfs/cms/user/huahuil/tauOfTTTT_NanoAOD/forMVA/2018/v1baselineHadroBtagWeightAdded_JESup_RelativePtEC2_AK4PFchs_v94LepPreJetVetoHemOnlyV2_JESPt22/mc/variableHists_v5BDT1tau2l_tauFMorphFix
2018,v1baselineHadroBtagWeightAdded_JESup_RelativePtEC2_AK4PFchs_v94LepPreJetVetoHemOnlyV2_JESPt22,v4BDT1tau2lV18_fakeTauDataDriven,140,0.34873199462890625,70,0.021005630493164062,210,0.3697376251220703,/publicfs/cms/user/huahuil/tauOfTTTT_NanoAOD/forMVA/2018/v1baselineHadroBtagWeightAdded_JESup_RelativePtEC2_AK4PFchs_v94LepPreJetVetoHemOnlyV2_JESPt22/mc/variableHists_v4BDT1tau2lV18_fakeTauDataDriven
2018,v1baselineHadroBtagWeightAdded_JESup_RelativePtEC2_AK4PFchs_v94LepPreJetVetoHemOnlyV2_JESPt22,v3BDT1tau2lV18_fakeTauDataDriven,140,0.34873199462890625,70,0.021005630493164062,210,0.3697376251220703,/publicfs/cms/user/huahuil/tauOfTTTT_NanoAOD/forMVA/2018/v1baselineHadroBtagWeightAdded_JESup_RelativePtEC2_AK4PFchs_v94LepPreJetVetoHemOnlyV2_JESPt22/mc/variableHists_v3BDT1tau2lV18_fakeTauDataDriven
2018,v1baselineHadroBtagWeightAdded_JESup_RelativeBal_AK4PFchs_v94LepPreJetVetoHemOnlyV2_JESPt22,v5BDT1tau2l_tauFMorphFix,140,0.34793853759765625,70,0.020338058471679688,210,0.36827659606933594,/publicfs/cms/user/huahuil/tauOfTTTT_NanoAOD/forMVA/2018/v1baselineHadroBtagWeightAdded_JESup_RelativeBal_AK4PFchs_v94LepPreJetVetoHemOnlyV2_JESPt22/mc/variableHists_v5BDT1tau2l_tauFMorphFix
2018,v1baselineHadroBtagWeightAdded_JESup_RelativeBal_AK4PFchs_v94LepPreJetVetoHemOnlyV2_JESPt22,v4BDT1tau2lV18_fakeTauDataDriven,140,0.348480224609375,70,0.020872116088867188,210,0.3693523406982422,/publicfs/cms/user/huahuil/tauOfTTTT_NanoAOD/forMVA/2018/v1baselineHadroBtagWeightAdded_JESup_RelativeBal_AK4PFchs_v94LepPreJetVetoHemOnlyV2_JESPt22/mc/variableHists_v4BDT1tau2lV18_fakeTauDataDriven
2018,v1baselineHadroBtagWeightAdded_JESup_RelativeBal_AK4PFchs_v94LepPreJetVetoHemOnlyV2_JESPt22,v3BDT1tau2lV18_fakeTauDataDriven,140,0.3484792709350586,70,0.020872116088867188,210,0.3693513870239258,/publicfs/cms/user/huahuil/tauOfTTTT_NanoAOD/forMVA/2018/v1baselineHadroBtagWeightAdded_JESup_RelativeBal_AK4PFchs_v94LepPreJetVetoHemOnlyV2_JESPt22/mc/variableHists_v3BDT1tau2lV18_fakeTauDataDriven
2018,v1baselineHadroBtagWeightAdded_JESup_FlavorPureBottom_AK4PFchs_v94LepPreJetVetoHemOnlyV2_JESPt22,v5BDT1tau2l_tauFMorphFix,140,0.34877681732177734,70,0.020671844482421875,210,0.3694486618041992,/publicfs/cms/user/huahuil/tauOfTTTT_NanoAOD/forMVA/2018/v1baselineHadroBtagWeightAdded_JESup_FlavorPureBottom_AK4PFchs_v94LepPreJetVetoHemOnlyV2_JESPt22/mc/variableHists_v5BDT1tau2l_tauFMorphFix
2018,v1baselineHadroBtagWeightAdded_JESup_FlavorPureBottom_AK4PFchs_v94LepPreJetVetoHemOnlyV2_JESPt22,v4BDT1tau2lV18_fakeTauDataDriven,140,0.34931182861328125,70,0.021205902099609375,210,0.3705177307128906,/publicfs/cms/user/huahuil/tauOfTTTT_NanoAOD/forMVA/2018/v1baselineHadroBtagWeightAdded_JESup_FlavorPureBottom_AK4PFchs_v94LepPreJetVetoHemOnlyV2_JESPt22/mc/variableHists_v4BDT1tau2lV18_fakeTauDataDriven
2018,v1baselineHadroBtagWeightAdded_JESup_FlavorPureBottom_AK4PFchs_v94LepPreJetVetoHemOnlyV2_JESPt22,v3BDT1tau2lV18_fakeTauDataDriven,140,0.3493309020996094,70,0.021205902099609375,210,0.37053680419921875,/publicfs/cms/user/huahuil/tauOfTTTT_NanoAOD/forMVA/2018/v1baselineHadroBtagWeightAdded_JESup_FlavorPureBottom_AK4PFchs_v94LepPreJetVetoHemOnlyV2_JESPt22/mc/variableHists_v3BDT1tau2lV18_fakeTauDataDriven
2018,v1baselineHadroBtagWeightAdded_JESup_AbsoluteStat_AK4PFchs_v94LepPreJetVetoHemOnlyV2_JESPt22,v5BDT1tau2l_tauFMorphFix,140,0.3477325439453125,70,0.020404815673828125,210,0.3681373596191406,/publicfs/cms/user/huahuil/tauOfTTTT_NanoAOD/forMVA/2018/v1baselineHadroBtagWeightAdded_JESup_AbsoluteStat_AK4PFchs_v94LepPreJetVetoHemOnlyV2_JESPt22/mc/variableHists_v5BDT1tau2l_tauFMorphFix
2018,v1baselineHadroBtagWeightAdded_JESup_AbsoluteStat_AK4PFchs_v94LepPreJetVetoHemOnlyV2_JESPt22,v4BDT1tau2lV18_fakeTauDataDriven,140,0.34825992584228516,70,0.020938873291015625,210,0.3691987991333008,/publicfs/cms/user/huahuil/tauOfTTTT_NanoAOD/forMVA/2018/v1baselineHadroBtagWeightAdded_JESup_AbsoluteStat_AK4PFchs_v94LepPreJetVetoHemOnlyV2_JESPt22/mc/variableHists_v4BDT1tau2lV18_fakeTauDataDriven
2018,v1baselineHadroBtagWeightAdded_JESup_AbsoluteStat_AK4PFchs_v94LepPreJetVetoHemOnlyV2_JESPt22,v3BDT1tau2lV18_fakeTauDataDriven,140,0.3482475280761719,70,0.020938873291015625,210,0.3691864013671875,/publicfs/cms/user/huahuil/tauOfTTTT_NanoAOD/forMVA/2018/v1baselineHadroBtagWeightAdded_JESup_AbsoluteStat_AK4PFchs_v94LepPreJetVetoHemOnlyV2_JESPt22/mc/variableHists_v3BDT1tau2lV18_fakeTauDataDriven
2018,v1baselineHadroBtagWeightAdded_JESup_AbsoluteMPFBias_AK4PFchs_v94LepPreJetVetoHemOnlyV2_JESPt22,v5BDT1tau2l_tauFMorphFix,140,0.3481130599975586,70,0.020605087280273438,210,0.36871814727783203,/publicfs/cms/user/huahuil/tauOfTTTT_NanoAOD/forMVA/2018/v1baselineHadroBtagWeightAdded_JESup_AbsoluteMPFBias_AK4PFchs_v94LepPreJetVetoHemOnlyV2_JESPt22/mc/variableHists_v5BDT1tau2l_tauFMorphFix
2018,v1baselineHadroBtagWeightAdded_JESup_AbsoluteMPFBias_AK4PFchs_v94LepPreJetVetoHemOnlyV2_JESPt22,v4BDT1tau2lV18_fakeTauDataDriven,140,0.34865570068359375,70,0.021139144897460938,210,0.3697948455810547,/publicfs/cms/user/huahuil/tauOfTTTT_NanoAOD/forMVA/2018/v1baselineHadroBtagWeightAdded_JESup_AbsoluteMPFBias_AK4PFchs_v94LepPreJetVetoHemOnlyV2_JESPt22/mc/variableHists_v4BDT1tau2lV18_fakeTauDataDriven
2018,v1baselineHadroBtagWeightAdded_JESup_AbsoluteMPFBias_AK4PFchs_v94LepPreJetVetoHemOnlyV2_JESPt22,v3BDT1tau2lV18_fakeTauDataDriven,140,0.34866809844970703,70,0.021139144897460938,210,0.36980724334716797,/publicfs/cms/user/huahuil/tauOfTTTT_NanoAOD/forMVA/2018/v1baselineHadroBtagWeightAdded_JESup_AbsoluteMPFBias_AK4PFchs_v94LepPreJetVetoHemOnlyV2_JESPt22/mc/variableHists_v3BDT1tau2lV18_fakeTauDataDriven
2016postVFP,v1baselineHadroBtagWeightAdded_JESup_SinglePionHCAL_AK4PFchs_v94LepPreJetVetoHemOnlyV2_JESPt22,v5BDT1tau2l_tauFMorphFix,140,0.3476829528808594,70,0.021005630493164062,210,0.36868858337402344,/publicfs/cms/user/huahuil/tauOfTTTT_NanoAOD/forMVA/2016postVFP/v1baselineHadroBtagWeightAdded_JESup_SinglePionHCAL_AK4PFchs_v94LepPreJetVetoHemOnlyV2_JESPt22/mc/variableHists_v5BDT1tau2l_tauFMorphFix
2016postVFP,v1baselineHadroBtagWeightAdded_JESup_SinglePionHCAL_AK4PFchs_v94LepPreJetVetoHemOnlyV2_JESPt22,v4BDT1tau2lV18_fakeTauDataDriven,140,0.34819602966308594,70,0.021539688110351562,210,0.3697357177734375,/publicfs/cms/user/huahuil/tauOfTTTT_NanoAOD/forMVA/2016postVFP/v1baselineHadroBtagWeightAdded_JESup_SinglePionHCAL_AK4PFchs_v94LepPreJetVetoHemOnlyV2_JESPt22/mc/variableHists_v4BDT1tau2lV18_fakeTauDataDriven
2016postVFP,v1baselineHadroBtagWeightAdded_JESup_SinglePionHCAL_AK4PFchs_v94LepPreJetVetoHemOnlyV2_JESPt22,v3BDT1tau2lV18_fakeTauDataDriven,140,0.34819793701171875,70,0.021539688110351562,210,0.3697376251220703,/publicfs/cms/user/huahuil/tauOfTTTT_NanoAOD/forMVA/2016postVFP/v1baselineHadroBtagWeightAdded_JESup_SinglePionHCAL_AK4PFchs_v94LepPreJetVetoHemOnlyV2_JESPt22/mc/variableHists_v3BDT1tau2lV18_fakeTauDataDriven
2016postVFP,v1baselineHadroBtagWeightAdded_JESup_RelativeJERHF_AK4PFchs_v94LepPreJetVetoHemOnlyV2_JESPt22,v5BDT1tau2l_tauFMorphFix,140,0.3475227355957031,70,0.020938873291015625,210,0.36846160888671875,/publicfs/cms/user/huahuil/tauOfTTTT_NanoAOD/forMVA/2016postVFP/v1baselineHadroBtagWeightAdded_JESup_RelativeJERHF_AK4PFchs_v94LepPreJetVetoHemOnlyV2_JESPt22/mc/variableHists_v5BDT1tau2l_tauFMorphFix
2016postVFP,v1baselineHadroBtagWeightAdded_JESup_RelativeJERHF_AK4PFchs_v94LepPreJetVetoHemOnlyV2_JESPt22,v4BDT1tau2lV18_fakeTauDataDriven,140,0.3480653762817383,70,0.021472930908203125,210,0.3695383071899414,/publicfs/cms/user/huahuil/tauOfTTTT_NanoAOD/forMVA/2016postVFP/v1baselineHadroBtagWeightAdded_JESup_RelativeJERHF_AK4PFchs_v94LepPreJetVetoHemOnlyV2_JESPt22/mc/variableHists_v4BDT1tau2lV18_fakeTauDataDriven
2016postVFP,v1baselineHadroBtagWeightAdded_JESup_RelativeJERHF_AK4PFchs_v94LepPreJetVetoHemOnlyV2_JESPt22,v3BDT1tau2lV18_fakeTauDataDriven,140,0.3480558395385742,70,0.021472930908203125,210,0.36952877044677734,/publicfs/cms/user/huahuil/tauOfTTTT_NanoAOD/forMVA/2016postVFP/v1baselineHadroBtagWeightAdded_JESup_RelativeJERHF_AK4PFchs_v94LepPreJetVetoHemOnlyV2_JESPt22/mc/variableHists_v3BDT1tau2lV18_fakeTauDataDriven
2016postVFP,v1baselineHadroBtagWeightAdded_JESup_RelativePtHF_AK4PFchs_v94LepPreJetVetoHemOnlyV2_JESPt22,v5BDT1tau2l_tauFMorphFix,140,0.34738826751708984,70,0.020872116088867188,210,0.36826038360595703,/publicfs/cms/user/huahuil/tauOfTTTT_NanoAOD/forMVA/2016postVFP/v1baselineHadroBtagWeightAdded_JESup_RelativePtHF_AK4PFchs_v94LepPreJetVetoHemOnlyV2_JESPt22/mc/variableHists_v5BDT1tau2l_tauFMorphFix
2016postVFP,v1baselineHadroBtagWeightAdded_JESup_RelativePtHF_AK4PFchs_v94LepPreJetVetoHemOnlyV2_JESPt22,v4BDT1tau2lV18_fakeTauDataDriven,140,0.34792423248291016,70,0.021406173706054688,210,0.36933040618896484,/publicfs/cms/user/huahuil/tauOfTTTT_NanoAOD/forMVA/2016postVFP/v1baselineHadroBtagWeightAdded_JESup_RelativePtHF_AK4PFchs_v94LepPreJetVetoHemOnlyV2_JESPt22/mc/variableHists_v4BDT1tau2lV18_fakeTauDataDriven
2016postVFP,v1baselineHadroBtagWeightAdded_JESup_RelativePtHF_AK4PFchs_v94LepPreJetVetoHemOnlyV2_JESPt22,v3BDT1tau2lV18_fakeTauDataDriven,140,0.34792232513427734,70,0.021406173706054688,210,0.36932849884033203,/publicfs/cms/user/huahuil/tauOfTTTT_NanoAOD/forMVA/2016postVFP/v1baselineHadroBtagWeightAdded_JESup_RelativePtHF_AK4PFchs_v94LepPreJetVetoHemOnlyV2_JESPt22/mc/variableHists_v3BDT1tau2lV18_fakeTauDataDriven
2016postVFP,v1baselineHadroBtagWeightAdded_JESup_RelativePtBB_AK4PFchs_v94LepPreJetVetoHemOnlyV2_JESPt22,v5BDT1tau2l_tauFMorphFix,140,0.3473978042602539,70,0.020872116088867188,210,0.3682699203491211,/publicfs/cms/user/huahuil/tauOfTTTT_NanoAOD/forMVA/2016postVFP/v1baselineHadroBtagWeightAdded_JESup_RelativePtBB_AK4PFchs_v94LepPreJetVetoHemOnlyV2_JESPt22/mc/variableHists_v5BDT1tau2l_tauFMorphFix
2016postVFP,v1baselineHadroBtagWeightAdded_JESup_RelativePtBB_AK4PFchs_v94LepPreJetVetoHemOnlyV2_JESPt22,v4BDT1tau2lV18_fakeTauDataDriven,140,0.34792232513427734,70,0.021406173706054688,210,0.36932849884033203,/publicfs/cms/user/huahuil/tauOfTTTT_NanoAOD/forMVA/2016postVFP/v1baselineHadroBtagWeightAdded_JESup_RelativePtBB_AK4PFchs_v94LepPreJetVetoHemOnlyV2_JESPt22/mc/variableHists_v4BDT1tau2lV18_fakeTauDataDriven
2016postVFP,v1baselineHadroBtagWeightAdded_JESup_RelativePtBB_AK4PFchs_v94LepPreJetVetoHemOnlyV2_JESPt22,v3BDT1tau2lV18_fakeTauDataDriven,140,0.34792232513427734,70,0.021406173706054688,210,0.36932849884033203,/publicfs/cms/user/huahuil/tauOfTTTT_NanoAOD/forMVA/2016postVFP/v1baselineHadroBtagWeightAdded_JESup_RelativePtBB_AK4PFchs_v94LepPreJetVetoHemOnlyV2_JESPt22/mc/variableHists_v3BDT1tau2lV18_fakeTauDataDriven
2016postVFP,v1baselineHadroBtagWeightAdded_JESup_FlavorPureQuark_AK4PFchs_v94LepPreJetVetoHemOnlyV2_JESPt22,v5BDT1tau2l_tauFMorphFix,140,0.34814453125,70,0.0210723876953125,210,0.3692169189453125,/publicfs/cms/user/huahuil/tauOfTTTT_NanoAOD/forMVA/2016postVFP/v1baselineHadroBtagWeightAdded_JESup_FlavorPureQuark_AK4PFchs_v94LepPreJetVetoHemOnlyV2_JESPt22/mc/variableHists_v5BDT1tau2l_tauFMorphFix
2016postVFP,v1baselineHadroBtagWeightAdded_JESup_FlavorPureQuark_AK4PFchs_v94LepPreJetVetoHemOnlyV2_JESPt22,v4BDT1tau2lV18_fakeTauDataDriven,140,0.3486900329589844,70,0.0216064453125,210,0.3702964782714844,/publicfs/cms/user/huahuil/tauOfTTTT_NanoAOD/forMVA/2016postVFP/v1baselineHadroBtagWeightAdded_JESup_FlavorPureQuark_AK4PFchs_v94LepPreJetVetoHemOnlyV2_JESPt22/mc/variableHists_v4BDT1tau2lV18_fakeTauDataDriven
2016postVFP,v1baselineHadroBtagWeightAdded_JESup_FlavorPureQuark_AK4PFchs_v94LepPreJetVetoHemOnlyV2_JESPt22,v3BDT1tau2lV18_fakeTauDataDriven,140,0.34868907928466797,70,0.0216064453125,210,0.37029552459716797,/publicfs/cms/user/huahuil/tauOfTTTT_NanoAOD/forMVA/2016postVFP/v1baselineHadroBtagWeightAdded_JESup_FlavorPureQuark_AK4PFchs_v94LepPreJetVetoHemOnlyV2_JESPt22/mc/variableHists_v3BDT1tau2lV18_fakeTauDataDriven
2016postVFP,v1baselineHadroBtagWeightAdded_JESup_RelativePtEC1_AK4PFchs_v94LepPreJetVetoHemOnlyV2_JESPt22,v5BDT1tau2l_tauFMorphFix,140,0.34770774841308594,70,0.020938873291015625,210,0.36864662170410156,/publicfs/cms/user/huahuil/tauOfTTTT_NanoAOD/forMVA/2016postVFP/v1baselineHadroBtagWeightAdded_JESup_RelativePtEC1_AK4PFchs_v94LepPreJetVetoHemOnlyV2_JESPt22/mc/variableHists_v5BDT1tau2l_tauFMorphFix
2016postVFP,v1baselineHadroBtagWeightAdded_JESup_RelativePtEC1_AK4PFchs_v94LepPreJetVetoHemOnlyV2_JESPt22,v4BDT1tau2lV18_fakeTauDataDriven,140,0.3482341766357422,70,0.021472930908203125,210,0.3697071075439453,/publicfs/cms/user/huahuil/tauOfTTTT_NanoAOD/forMVA/2016postVFP/v1baselineHadroBtagWeightAdded_JESup_RelativePtEC1_AK4PFchs_v94LepPreJetVetoHemOnlyV2_JESPt22/mc/variableHists_v4BDT1tau2lV18_fakeTauDataDriven
2016postVFP,v1baselineHadroBtagWeightAdded_JESup_RelativePtEC1_AK4PFchs_v94LepPreJetVetoHemOnlyV2_JESPt22,v3BDT1tau2lV18_fakeTauDataDriven,140,0.3482332229614258,70,0.021472930908203125,210,0.3697061538696289,/publicfs/cms/user/huahuil/tauOfTTTT_NanoAOD/forMVA/2016postVFP/v1baselineHadroBtagWeightAdded_JESup_RelativePtEC1_AK4PFchs_v94LepPreJetVetoHemOnlyV2_JESPt22/mc/variableHists_v3BDT1tau2lV18_fakeTauDataDriven
2016postVFP,v1baselineHadroBtagWeightAdded_JESup_RelativeSample_AK4PFchs_v94LepPreJetVetoHemOnlyV2_JESPt22,v5BDT1tau2l_tauFMorphFix,140,0.34729957580566406,70,0.021005630493164062,210,0.3683052062988281,/publicfs/cms/user/huahuil/tauOfTTTT_NanoAOD/forMVA/2016postVFP/v1baselineHadroBtagWeightAdded_JESup_RelativeSample_AK4PFchs_v94LepPreJetVetoHemOnlyV2_JESPt22/mc/variableHists_v5BDT1tau2l_tauFMorphFix
2016postVFP,v1baselineHadroBtagWeightAdded_JESup_RelativeSample_AK4PFchs_v94LepPreJetVetoHemOnlyV2_JESPt22,v4BDT1tau2lV18_fakeTauDataDriven,140,0.34783458709716797,70,0.021539688110351562,210,0.36937427520751953,/publicfs/cms/user/huahuil/tauOfTTTT_NanoAOD/forMVA/2016postVFP/v1baselineHadroBtagWeightAdded_JESup_RelativeSample_AK4PFchs_v94LepPreJetVetoHemOnlyV2_JESPt22/mc/variableHists_v4BDT1tau2lV18_fakeTauDataDriven
2016postVFP,v1baselineHadroBtagWeightAdded_JESup_RelativeSample_AK4PFchs_v94LepPreJetVetoHemOnlyV2_JESPt22,v3BDT1tau2lV18_fakeTauDataDriven,140,0.34783363342285156,70,0.021539688110351562,210,0.3693733215332031,/publicfs/cms/user/huahuil/tauOfTTTT_NanoAOD/forMVA/2016postVFP/v1baselineHadroBtagWeightAdded_JESup_RelativeSample_AK4PFchs_v94LepPreJetVetoHemOnlyV2_JESPt22/mc/variableHists_v3BDT1tau2lV18_fakeTauDataDriven
2016postVFP,v1baselineHadroBtagWeightAdded_JESup_RelativeStatEC_AK4PFchs_v94LepPreJetVetoHemOnlyV2_JESPt22,v5BDT1tau2l_tauFMorphFix,140,0.34729862213134766,70,0.021005630493164062,210,0.3683042526245117,/publicfs/cms/user/huahuil/tauOfTTTT_NanoAOD/forMVA/2016postVFP/v1baselineHadroBtagWeightAdded_JESup_RelativeStatEC_AK4PFchs_v94LepPreJetVetoHemOnlyV2_JESPt22/mc/variableHists_v5BDT1tau2l_tauFMorphFix
2016postVFP,v1baselineHadroBtagWeightAdded_JESup_RelativeStatEC_AK4PFchs_v94LepPreJetVetoHemOnlyV2_JESPt22,v4BDT1tau2lV18_fakeTauDataDriven,140,0.34783363342285156,70,0.021539688110351562,210,0.3693733215332031,/publicfs/cms/user/huahuil/tauOfTTTT_NanoAOD/forMVA/2016postVFP/v1baselineHadroBtagWeightAdded_JESup_RelativeStatEC_AK4PFchs_v94LepPreJetVetoHemOnlyV2_JESPt22/mc/variableHists_v4BDT1tau2lV18_fakeTauDataDriven
2016postVFP,v1baselineHadroBtagWeightAdded_JESup_RelativeStatEC_AK4PFchs_v94LepPreJetVetoHemOnlyV2_JESPt22,v3BDT1tau2lV18_fakeTauDataDriven,140,0.3478412628173828,70,0.021539688110351562,210,0.3693809509277344,/publicfs/cms/user/huahuil/tauOfTTTT_NanoAOD/forMVA/2016postVFP/v1baselineHadroBtagWeightAdded_JESup_RelativeStatEC_AK4PFchs_v94LepPreJetVetoHemOnlyV2_JESPt22/mc/variableHists_v3BDT1tau2lV18_fakeTauDataDriven
2016postVFP,v1baselineHadroBtagWeightAdded_JESup_RelativeFSR_AK4PFchs_v94LepPreJetVetoHemOnlyV2_JESPt22,v5BDT1tau2l_tauFMorphFix,140,0.3474292755126953,70,0.02080535888671875,210,0.36823463439941406,/publicfs/cms/user/huahuil/tauOfTTTT_NanoAOD/forMVA/2016postVFP/v1baselineHadroBtagWeightAdded_JESup_RelativeFSR_AK4PFchs_v94LepPreJetVetoHemOnlyV2_JESPt22/mc/variableHists_v5BDT1tau2l_tauFMorphFix
2016postVFP,v1baselineHadroBtagWeightAdded_JESup_RelativeFSR_AK4PFchs_v94LepPreJetVetoHemOnlyV2_JESPt22,v4BDT1tau2lV18_fakeTauDataDriven,140,0.3479623794555664,70,0.02133941650390625,210,0.36930179595947266,/publicfs/cms/user/huahuil/tauOfTTTT_NanoAOD/forMVA/2016postVFP/v1baselineHadroBtagWeightAdded_JESup_RelativeFSR_AK4PFchs_v94LepPreJetVetoHemOnlyV2_JESPt22/mc/variableHists_v4BDT1tau2lV18_fakeTauDataDriven
2016postVFP,v1baselineHadroBtagWeightAdded_JESup_RelativeFSR_AK4PFchs_v94LepPreJetVetoHemOnlyV2_JESPt22,v3BDT1tau2lV18_fakeTauDataDriven,140,0.3479623794555664,70,0.02133941650390625,210,0.36930179595947266,/publicfs/cms/user/huahuil/tauOfTTTT_NanoAOD/forMVA/2016postVFP/v1baselineHadroBtagWeightAdded_JESup_RelativeFSR_AK4PFchs_v94LepPreJetVetoHemOnlyV2_JESPt22/mc/variableHists_v3BDT1tau2lV18_fakeTauDataDriven
2016postVFP,v1baselineHadroBtagWeightAdded_JESup_AbsoluteScale_AK4PFchs_v94LepPreJetVetoHemOnlyV2_JESPt22,v5BDT1tau2l_tauFMorphFix,140,0.3471717834472656,70,0.020938873291015625,210,0.36811065673828125,/publicfs/cms/user/huahuil/tauOfTTTT_NanoAOD/forMVA/2016postVFP/v1baselineHadroBtagWeightAdded_JESup_AbsoluteScale_AK4PFchs_v94LepPreJetVetoHemOnlyV2_JESPt22/mc/variableHists_v5BDT1tau2l_tauFMorphFix
2016postVFP,v1baselineHadroBtagWeightAdded_JESup_AbsoluteScale_AK4PFchs_v94LepPreJetVetoHemOnlyV2_JESPt22,v4BDT1tau2lV18_fakeTauDataDriven,140,0.3476982116699219,70,0.021472930908203125,210,0.369171142578125,/publicfs/cms/user/huahuil/tauOfTTTT_NanoAOD/forMVA/2016postVFP/v1baselineHadroBtagWeightAdded_JESup_AbsoluteScale_AK4PFchs_v94LepPreJetVetoHemOnlyV2_JESPt22/mc/variableHists_v4BDT1tau2lV18_fakeTauDataDriven
2016postVFP,v1baselineHadroBtagWeightAdded_JESup_AbsoluteScale_AK4PFchs_v94LepPreJetVetoHemOnlyV2_JESPt22,v3BDT1tau2lV18_fakeTauDataDriven,140,0.34769725799560547,70,0.021472930908203125,210,0.3691701889038086,/publicfs/cms/user/huahuil/tauOfTTTT_NanoAOD/forMVA/2016postVFP/v1baselineHadroBtagWeightAdded_JESup_AbsoluteScale_AK4PFchs_v94LepPreJetVetoHemOnlyV2_JESPt22/mc/variableHists_v3BDT1tau2lV18_fakeTauDataDriven
2016postVFP,v1baselineHadroBtagWeightAdded_JESup_SinglePionECAL_AK4PFchs_v94LepPreJetVetoHemOnlyV2_JESPt22,v5BDT1tau2l_tauFMorphFix,140,0.34766578674316406,70,0.021005630493164062,210,0.3686714172363281,/publicfs/cms/user/huahuil/tauOfTTTT_NanoAOD/forMVA/2016postVFP/v1baselineHadroBtagWeightAdded_JESup_SinglePionECAL_AK4PFchs_v94LepPreJetVetoHemOnlyV2_JESPt22/mc/variableHists_v5BDT1tau2l_tauFMorphFix
2016postVFP,v1baselineHadroBtagWeightAdded_JESup_SinglePionECAL_AK4PFchs_v94LepPreJetVetoHemOnlyV2_JESPt22,v4BDT1tau2lV18_fakeTauDataDriven,140,0.3481903076171875,70,0.021539688110351562,210,0.36972999572753906,/publicfs/cms/user/huahuil/tauOfTTTT_NanoAOD/forMVA/2016postVFP/v1baselineHadroBtagWeightAdded_JESup_SinglePionECAL_AK4PFchs_v94LepPreJetVetoHemOnlyV2_JESPt22/mc/variableHists_v4BDT1tau2lV18_fakeTauDataDriven
2016postVFP,v1baselineHadroBtagWeightAdded_JESup_SinglePionECAL_AK4PFchs_v94LepPreJetVetoHemOnlyV2_JESPt22,v3BDT1tau2lV18_fakeTauDataDriven,140,0.34819793701171875,70,0.021539688110351562,210,0.3697376251220703,/publicfs/cms/user/huahuil/tauOfTTTT_NanoAOD/forMVA/2016postVFP/v1baselineHadroBtagWeightAdded_JESup_SinglePionECAL_AK4PFchs_v94LepPreJetVetoHemOnlyV2_JESPt22/mc/variableHists_v3BDT1tau2lV18_fakeTauDataDriven
2016postVFP,v1baselineHadroBtagWeightAdded_JESup_RelativeStatHF_AK4PFchs_v94LepPreJetVetoHemOnlyV2_JESPt22,v5BDT1tau2l_tauFMorphFix,140,0.3476552963256836,70,0.021005630493164062,210,0.36866092681884766,/publicfs/cms/user/huahuil/tauOfTTTT_NanoAOD/forMVA/2016postVFP/v1baselineHadroBtagWeightAdded_JESup_RelativeStatHF_AK4PFchs_v94LepPreJetVetoHemOnlyV2_JESPt22/mc/variableHists_v5BDT1tau2l_tauFMorphFix
2016postVFP,v1baselineHadroBtagWeightAdded_JESup_RelativeStatHF_AK4PFchs_v94LepPreJetVetoHemOnlyV2_JESPt22,v4BDT1tau2lV18_fakeTauDataDriven,140,0.3481884002685547,70,0.021539688110351562,210,0.36972808837890625,/publicfs/cms/user/huahuil/tauOfTTTT_NanoAOD/forMVA/2016postVFP/v1baselineHadroBtagWeightAdded_JESup_RelativeStatHF_AK4PFchs_v94LepPreJetVetoHemOnlyV2_JESPt22/mc/variableHists_v4BDT1tau2lV18_fakeTauDataDriven
2016postVFP,v1baselineHadroBtagWeightAdded_JESup_RelativeStatHF_AK4PFchs_v94LepPreJetVetoHemOnlyV2_JESPt22,v3BDT1tau2lV18_fakeTauDataDriven,140,0.34819889068603516,70,0.021539688110351562,210,0.3697385787963867,/publicfs/cms/user/huahuil/tauOfTTTT_NanoAOD/forMVA/2016postVFP/v1baselineHadroBtagWeightAdded_JESup_RelativeStatHF_AK4PFchs_v94LepPreJetVetoHemOnlyV2_JESPt22/mc/variableHists_v3BDT1tau2lV18_fakeTauDataDriven
2016postVFP,v1baselineHadroBtagWeightAdded_JESup_RelativeJEREC1_AK4PFchs_v94LepPreJetVetoHemOnlyV2_JESPt22,v5BDT1tau2l_tauFMorphFix,140,0.3476591110229492,70,0.021005630493164062,210,0.3686647415161133,/publicfs/cms/user/huahuil/tauOfTTTT_NanoAOD/forMVA/2016postVFP/v1baselineHadroBtagWeightAdded_JESup_RelativeJEREC1_AK4PFchs_v94LepPreJetVetoHemOnlyV2_JESPt22/mc/variableHists_v5BDT1tau2l_tauFMorphFix
2016postVFP,v1baselineHadroBtagWeightAdded_JESup_RelativeJEREC1_AK4PFchs_v94LepPreJetVetoHemOnlyV2_JESPt22,v4BDT1tau2lV18_fakeTauDataDriven,140,0.34818458557128906,70,0.021539688110351562,210,0.3697242736816406,/publicfs/cms/user/huahuil/tauOfTTTT_NanoAOD/forMVA/2016postVFP/v1baselineHadroBtagWeightAdded_JESup_RelativeJEREC1_AK4PFchs_v94LepPreJetVetoHemOnlyV2_JESPt22/mc/variableHists_v4BDT1tau2lV18_fakeTauDataDriven
2016postVFP,v1baselineHadroBtagWeightAdded_JESup_RelativeJEREC1_AK4PFchs_v94LepPreJetVetoHemOnlyV2_JESPt22,v3BDT1tau2lV18_fakeTauDataDriven,140,0.3482036590576172,70,0.021539688110351562,210,0.36974334716796875,/publicfs/cms/user/huahuil/tauOfTTTT_NanoAOD/forMVA/2016postVFP/v1baselineHadroBtagWeightAdded_JESup_RelativeJEREC1_AK4PFchs_v94LepPreJetVetoHemOnlyV2_JESPt22/mc/variableHists_v3BDT1tau2lV18_fakeTauDataDriven
2016postVFP,v1baselineHadroBtagWeightAdded_JESup_Fragmentation_AK4PFchs_v94LepPreJetVetoHemOnlyV2_JESPt22,v5BDT1tau2l_tauFMorphFix,140,0.3476982116699219,70,0.020938873291015625,210,0.3686370849609375,/publicfs/cms/user/huahuil/tauOfTTTT_NanoAOD/forMVA/2016postVFP/v1baselineHadroBtagWeightAdded_JESup_Fragmentation_AK4PFchs_v94LepPreJetVetoHemOnlyV2_JESPt22/mc/variableHists_v5BDT1tau2l_tauFMorphFix
2016postVFP,v1baselineHadroBtagWeightAdded_JESup_Fragmentation_AK4PFchs_v94LepPreJetVetoHemOnlyV2_JESPt22,v4BDT1tau2lV18_fakeTauDataDriven,140,0.34824466705322266,70,0.021472930908203125,210,0.3697175979614258,/publicfs/cms/user/huahuil/tauOfTTTT_NanoAOD/forMVA/2016postVFP/v1baselineHadroBtagWeightAdded_JESup_Fragmentation_AK4PFchs_v94LepPreJetVetoHemOnlyV2_JESPt22/mc/variableHists_v4BDT1tau2lV18_fakeTauDataDriven
2016postVFP,v1baselineHadroBtagWeightAdded_JESup_Fragmentation_AK4PFchs_v94LepPreJetVetoHemOnlyV2_JESPt22,v3BDT1tau2lV18_fakeTauDataDriven,140,0.3482513427734375,70,0.021472930908203125,210,0.3697242736816406,/publicfs/cms/user/huahuil/tauOfTTTT_NanoAOD/forMVA/2016postVFP/v1baselineHadroBtagWeightAdded_JESup_Fragmentation_AK4PFchs_v94LepPreJetVetoHemOnlyV2_JESPt22/mc/variableHists_v3BDT1tau2lV18_fakeTauDataDriven
2016postVFP,v1baselineHadroBtagWeightAdded_JESup_RelativeStatFSR_AK4PFchs_v94LepPreJetVetoHemOnlyV2_JESPt22,v5BDT1tau2l_tauFMorphFix,140,0.34778881072998047,70,0.0210723876953125,210,0.36886119842529297,/publicfs/cms/user/huahuil/tauOfTTTT_NanoAOD/forMVA/2016postVFP/v1baselineHadroBtagWeightAdded_JESup_RelativeStatFSR_AK4PFchs_v94LepPreJetVetoHemOnlyV2_JESPt22/mc/variableHists_v5BDT1tau2l_tauFMorphFix
2016postVFP,v1baselineHadroBtagWeightAdded_JESup_RelativeStatFSR_AK4PFchs_v94LepPreJetVetoHemOnlyV2_JESPt22,v4BDT1tau2lV18_fakeTauDataDriven,140,0.3483238220214844,70,0.0216064453125,210,0.3699302673339844,/publicfs/cms/user/huahuil/tauOfTTTT_NanoAOD/forMVA/2016postVFP/v1baselineHadroBtagWeightAdded_JESup_RelativeStatFSR_AK4PFchs_v94LepPreJetVetoHemOnlyV2_JESPt22/mc/variableHists_v4BDT1tau2lV18_fakeTauDataDriven
2016postVFP,v1baselineHadroBtagWeightAdded_JESup_RelativeStatFSR_AK4PFchs_v94LepPreJetVetoHemOnlyV2_JESPt22,v3BDT1tau2lV18_fakeTauDataDriven,140,0.34832286834716797,70,0.0216064453125,210,0.36992931365966797,/publicfs/cms/user/huahuil/tauOfTTTT_NanoAOD/forMVA/2016postVFP/v1baselineHadroBtagWeightAdded_JESup_RelativeStatFSR_AK4PFchs_v94LepPreJetVetoHemOnlyV2_JESPt22/mc/variableHists_v3BDT1tau2lV18_fakeTauDataDriven
2016postVFP,v1baselineHadroBtagWeightAdded_JESup_FlavorPureCharm_AK4PFchs_v94LepPreJetVetoHemOnlyV2_JESPt22,v5BDT1tau2l_tauFMorphFix,140,0.34760570526123047,70,0.0210723876953125,210,0.36867809295654297,/publicfs/cms/user/huahuil/tauOfTTTT_NanoAOD/forMVA/2016postVFP/v1baselineHadroBtagWeightAdded_JESup_FlavorPureCharm_AK4PFchs_v94LepPreJetVetoHemOnlyV2_JESPt22/mc/variableHists_v5BDT1tau2l_tauFMorphFix
2016postVFP,v1baselineHadroBtagWeightAdded_JESup_FlavorPureCharm_AK4PFchs_v94LepPreJetVetoHemOnlyV2_JESPt22,v4BDT1tau2lV18_fakeTauDataDriven,140,0.3481407165527344,70,0.0216064453125,210,0.3697471618652344,/publicfs/cms/user/huahuil/tauOfTTTT_NanoAOD/forMVA/2016postVFP/v1baselineHadroBtagWeightAdded_JESup_FlavorPureCharm_AK4PFchs_v94LepPreJetVetoHemOnlyV2_JESPt22/mc/variableHists_v4BDT1tau2lV18_fakeTauDataDriven
2016postVFP,v1baselineHadroBtagWeightAdded_JESup_FlavorPureCharm_AK4PFchs_v94LepPreJetVetoHemOnlyV2_JESPt22,v3BDT1tau2lV18_fakeTauDataDriven,140,0.34813976287841797,70,0.0216064453125,210,0.36974620819091797,/publicfs/cms/user/huahuil/tauOfTTTT_NanoAOD/forMVA/2016postVFP/v1baselineHadroBtagWeightAdded_JESup_FlavorPureCharm_AK4PFchs_v94LepPreJetVetoHemOnlyV2_JESPt22/mc/variableHists_v3BDT1tau2lV18_fakeTauDataDriven
2016postVFP,v1baselineHadroBtagWeightAdded_JESup_RelativeJEREC2_AK4PFchs_v94LepPreJetVetoHemOnlyV2_JESPt22,v5BDT1tau2l_tauFMorphFix,140,0.3474769592285156,70,0.021005630493164062,210,0.3684825897216797,/publicfs/cms/user/huahuil/tauOfTTTT_NanoAOD/forMVA/2016postVFP/v1baselineHadroBtagWeightAdded_JESup_RelativeJEREC2_AK4PFchs_v94LepPreJetVetoHemOnlyV2_JESPt22/mc/variableHists_v5BDT1tau2l_tauFMorphFix
2016postVFP,v1baselineHadroBtagWeightAdded_JESup_RelativeJEREC2_AK4PFchs_v94LepPreJetVetoHemOnlyV2_JESPt22,v4BDT1tau2lV18_fakeTauDataDriven,140,0.3480195999145508,70,0.021539688110351562,210,0.36955928802490234,/publicfs/cms/user/huahuil/tauOfTTTT_NanoAOD/forMVA/2016postVFP/v1baselineHadroBtagWeightAdded_JESup_RelativeJEREC2_AK4PFchs_v94LepPreJetVetoHemOnlyV2_JESPt22/mc/variableHists_v4BDT1tau2lV18_fakeTauDataDriven
2016postVFP,v1baselineHadroBtagWeightAdded_JESup_RelativeJEREC2_AK4PFchs_v94LepPreJetVetoHemOnlyV2_JESPt22,v3BDT1tau2lV18_fakeTauDataDriven,140,0.3480215072631836,70,0.021539688110351562,210,0.36956119537353516,/publicfs/cms/user/huahuil/tauOfTTTT_NanoAOD/forMVA/2016postVFP/v1baselineHadroBtagWeightAdded_JESup_RelativeJEREC2_AK4PFchs_v94LepPreJetVetoHemOnlyV2_JESPt22/mc/variableHists_v3BDT1tau2lV18_fakeTauDataDriven
2016postVFP,v1baselineHadroBtagWeightAdded_JESup_TimePtEta_AK4PFchs_v94LepPreJetVetoHemOnlyV2_JESPt22,v5BDT1tau2l_tauFMorphFix,140,0.3469877243041992,70,0.020671844482421875,210,0.3676595687866211,/publicfs/cms/user/huahuil/tauOfTTTT_NanoAOD/forMVA/2016postVFP/v1baselineHadroBtagWeightAdded_JESup_TimePtEta_AK4PFchs_v94LepPreJetVetoHemOnlyV2_JESPt22/mc/variableHists_v5BDT1tau2l_tauFMorphFix
2016postVFP,v1baselineHadroBtagWeightAdded_JESup_TimePtEta_AK4PFchs_v94LepPreJetVetoHemOnlyV2_JESPt22,v4BDT1tau2lV18_fakeTauDataDriven,140,0.34752368927001953,70,0.021205902099609375,210,0.3687295913696289,/publicfs/cms/user/huahuil/tauOfTTTT_NanoAOD/forMVA/2016postVFP/v1baselineHadroBtagWeightAdded_JESup_TimePtEta_AK4PFchs_v94LepPreJetVetoHemOnlyV2_JESPt22/mc/variableHists_v4BDT1tau2lV18_fakeTauDataDriven
2016postVFP,v1baselineHadroBtagWeightAdded_JESup_TimePtEta_AK4PFchs_v94LepPreJetVetoHemOnlyV2_JESPt22,v3BDT1tau2lV18_fakeTauDataDriven,140,0.3475303649902344,70,0.021205902099609375,210,0.36873626708984375,/publicfs/cms/user/huahuil/tauOfTTTT_NanoAOD/forMVA/2016postVFP/v1baselineHadroBtagWeightAdded_JESup_TimePtEta_AK4PFchs_v94LepPreJetVetoHemOnlyV2_JESPt22/mc/variableHists_v3BDT1tau2lV18_fakeTauDataDriven
2016postVFP,v1baselineHadroBtagWeightAdded_JESup_FlavorPureGluon_AK4PFchs_v94LepPreJetVetoHemOnlyV2_JESPt22,v5BDT1tau2l_tauFMorphFix,140,0.3474302291870117,70,0.0210723876953125,210,0.3685026168823242,/publicfs/cms/user/huahuil/tauOfTTTT_NanoAOD/forMVA/2016postVFP/v1baselineHadroBtagWeightAdded_JESup_FlavorPureGluon_AK4PFchs_v94LepPreJetVetoHemOnlyV2_JESPt22/mc/variableHists_v5BDT1tau2l_tauFMorphFix
2016postVFP,v1baselineHadroBtagWeightAdded_JESup_FlavorPureGluon_AK4PFchs_v94LepPreJetVetoHemOnlyV2_JESPt22,v4BDT1tau2lV18_fakeTauDataDriven,140,0.3479747772216797,70,0.0216064453125,210,0.3695812225341797,/publicfs/cms/user/huahuil/tauOfTTTT_NanoAOD/forMVA/2016postVFP/v1baselineHadroBtagWeightAdded_JESup_FlavorPureGluon_AK4PFchs_v94LepPreJetVetoHemOnlyV2_JESPt22/mc/variableHists_v4BDT1tau2lV18_fakeTauDataDriven
2016postVFP,v1baselineHadroBtagWeightAdded_JESup_FlavorPureGluon_AK4PFchs_v94LepPreJetVetoHemOnlyV2_JESPt22,v3BDT1tau2lV18_fakeTauDataDriven,140,0.3479757308959961,70,0.0216064453125,210,0.3695821762084961,/publicfs/cms/user/huahuil/tauOfTTTT_NanoAOD/forMVA/2016postVFP/v1baselineHadroBtagWeightAdded_JESup_FlavorPureGluon_AK4PFchs_v94LepPreJetVetoHemOnlyV2_JESPt22/mc/variableHists_v3BDT1tau2lV18_fakeTauDataDriven
2016postVFP,v1baselineHadroBtagWeightAdded_JESup_RelativePtEC2_AK4PFchs_v94LepPreJetVetoHemOnlyV2_JESPt22,v5BDT1tau2l_tauFMorphFix,140,0.3475303649902344,70,0.020938873291015625,210,0.36846923828125,/publicfs/cms/user/huahuil/tauOfTTTT_NanoAOD/forMVA/2016postVFP/v1baselineHadroBtagWeightAdded_JESup_RelativePtEC2_AK4PFchs_v94LepPreJetVetoHemOnlyV2_JESPt22/mc/variableHists_v5BDT1tau2l_tauFMorphFix
2016postVFP,v1baselineHadroBtagWeightAdded_JESup_RelativePtEC2_AK4PFchs_v94LepPreJetVetoHemOnlyV2_JESPt22,v4BDT1tau2lV18_fakeTauDataDriven,140,0.3480663299560547,70,0.021472930908203125,210,0.3695392608642578,/publicfs/cms/user/huahuil/tauOfTTTT_NanoAOD/forMVA/2016postVFP/v1baselineHadroBtagWeightAdded_JESup_RelativePtEC2_AK4PFchs_v94LepPreJetVetoHemOnlyV2_JESPt22/mc/variableHists_v4BDT1tau2lV18_fakeTauDataDriven
2016postVFP,v1baselineHadroBtagWeightAdded_JESup_RelativePtEC2_AK4PFchs_v94LepPreJetVetoHemOnlyV2_JESPt22,v3BDT1tau2lV18_fakeTauDataDriven,140,0.3480558395385742,70,0.021472930908203125,210,0.36952877044677734,/publicfs/cms/user/huahuil/tauOfTTTT_NanoAOD/forMVA/2016postVFP/v1baselineHadroBtagWeightAdded_JESup_RelativePtEC2_AK4PFchs_v94LepPreJetVetoHemOnlyV2_JESPt22/mc/variableHists_v3BDT1tau2lV18_fakeTauDataDriven
2016postVFP,v1baselineHadroBtagWeightAdded_JESup_RelativeBal_AK4PFchs_v94LepPreJetVetoHemOnlyV2_JESPt22,v5BDT1tau2l_tauFMorphFix,140,0.3472566604614258,70,0.02080535888671875,210,0.36806201934814453,/publicfs/cms/user/huahuil/tauOfTTTT_NanoAOD/forMVA/2016postVFP/v1baselineHadroBtagWeightAdded_JESup_RelativeBal_AK4PFchs_v94LepPreJetVetoHemOnlyV2_JESPt22/mc/variableHists_v5BDT1tau2l_tauFMorphFix
2016postVFP,v1baselineHadroBtagWeightAdded_JESup_RelativeBal_AK4PFchs_v94LepPreJetVetoHemOnlyV2_JESPt22,v4BDT1tau2lV18_fakeTauDataDriven,140,0.3477897644042969,70,0.02133941650390625,210,0.3691291809082031,/publicfs/cms/user/huahuil/tauOfTTTT_NanoAOD/forMVA/2016postVFP/v1baselineHadroBtagWeightAdded_JESup_RelativeBal_AK4PFchs_v94LepPreJetVetoHemOnlyV2_JESPt22/mc/variableHists_v4BDT1tau2lV18_fakeTauDataDriven
2016postVFP,v1baselineHadroBtagWeightAdded_JESup_RelativeBal_AK4PFchs_v94LepPreJetVetoHemOnlyV2_JESPt22,v3BDT1tau2lV18_fakeTauDataDriven,140,0.3477973937988281,70,0.02133941650390625,210,0.3691368103027344,/publicfs/cms/user/huahuil/tauOfTTTT_NanoAOD/forMVA/2016postVFP/v1baselineHadroBtagWeightAdded_JESup_RelativeBal_AK4PFchs_v94LepPreJetVetoHemOnlyV2_JESPt22/mc/variableHists_v3BDT1tau2lV18_fakeTauDataDriven
2016postVFP,v1baselineHadroBtagWeightAdded_JESup_FlavorPureBottom_AK4PFchs_v94LepPreJetVetoHemOnlyV2_JESPt22,v5BDT1tau2l_tauFMorphFix,140,0.34774017333984375,70,0.021139144897460938,210,0.3688793182373047,/publicfs/cms/user/huahuil/tauOfTTTT_NanoAOD/forMVA/2016postVFP/v1baselineHadroBtagWeightAdded_JESup_FlavorPureBottom_AK4PFchs_v94LepPreJetVetoHemOnlyV2_JESPt22/mc/variableHists_v5BDT1tau2l_tauFMorphFix
2016postVFP,v1baselineHadroBtagWeightAdded_JESup_FlavorPureBottom_AK4PFchs_v94LepPreJetVetoHemOnlyV2_JESPt22,v4BDT1tau2lV18_fakeTauDataDriven,140,0.3482856750488281,70,0.021673202514648438,210,0.36995887756347656,/publicfs/cms/user/huahuil/tauOfTTTT_NanoAOD/forMVA/2016postVFP/v1baselineHadroBtagWeightAdded_JESup_FlavorPureBottom_AK4PFchs_v94LepPreJetVetoHemOnlyV2_JESPt22/mc/variableHists_v4BDT1tau2lV18_fakeTauDataDriven
2016postVFP,v1baselineHadroBtagWeightAdded_JESup_FlavorPureBottom_AK4PFchs_v94LepPreJetVetoHemOnlyV2_JESPt22,v3BDT1tau2lV18_fakeTauDataDriven,140,0.34827423095703125,70,0.021673202514648438,210,0.3699474334716797,/publicfs/cms/user/huahuil/tauOfTTTT_NanoAOD/forMVA/2016postVFP/v1baselineHadroBtagWeightAdded_JESup_FlavorPureBottom_AK4PFchs_v94LepPreJetVetoHemOnlyV2_JESPt22/mc/variableHists_v3BDT1tau2lV18_fakeTauDataDriven
2016postVFP,v1baselineHadroBtagWeightAdded_JESup_AbsoluteStat_AK4PFchs_v94LepPreJetVetoHemOnlyV2_JESPt22,v5BDT1tau2l_tauFMorphFix,140,0.3472099304199219,70,0.020872116088867188,210,0.36808204650878906,/publicfs/cms/user/huahuil/tauOfTTTT_NanoAOD/forMVA/2016postVFP/v1baselineHadroBtagWeightAdded_JESup_AbsoluteStat_AK4PFchs_v94LepPreJetVetoHemOnlyV2_JESPt22/mc/variableHists_v5BDT1tau2l_tauFMorphFix
2016postVFP,v1baselineHadroBtagWeightAdded_JESup_AbsoluteStat_AK4PFchs_v94LepPreJetVetoHemOnlyV2_JESPt22,v4BDT1tau2lV18_fakeTauDataDriven,140,0.3477516174316406,70,0.021406173706054688,210,0.3691577911376953,/publicfs/cms/user/huahuil/tauOfTTTT_NanoAOD/forMVA/2016postVFP/v1baselineHadroBtagWeightAdded_JESup_AbsoluteStat_AK4PFchs_v94LepPreJetVetoHemOnlyV2_JESPt22/mc/variableHists_v4BDT1tau2lV18_fakeTauDataDriven
2016postVFP,v1baselineHadroBtagWeightAdded_JESup_AbsoluteStat_AK4PFchs_v94LepPreJetVetoHemOnlyV2_JESPt22,v3BDT1tau2lV18_fakeTauDataDriven,140,0.3477439880371094,70,0.021406173706054688,210,0.36915016174316406,/publicfs/cms/user/huahuil/tauOfTTTT_NanoAOD/forMVA/2016postVFP/v1baselineHadroBtagWeightAdded_JESup_AbsoluteStat_AK4PFchs_v94LepPreJetVetoHemOnlyV2_JESPt22/mc/variableHists_v3BDT1tau2lV18_fakeTauDataDriven
2016postVFP,v1baselineHadroBtagWeightAdded_JESup_AbsoluteMPFBias_AK4PFchs_v94LepPreJetVetoHemOnlyV2_JESPt22,v5BDT1tau2l_tauFMorphFix,140,0.3474283218383789,70,0.0210723876953125,210,0.3685007095336914,/publicfs/cms/user/huahuil/tauOfTTTT_NanoAOD/forMVA/2016postVFP/v1baselineHadroBtagWeightAdded_JESup_AbsoluteMPFBias_AK4PFchs_v94LepPreJetVetoHemOnlyV2_JESPt22/mc/variableHists_v5BDT1tau2l_tauFMorphFix
2016postVFP,v1baselineHadroBtagWeightAdded_JESup_AbsoluteMPFBias_AK4PFchs_v94LepPreJetVetoHemOnlyV2_JESPt22,v4BDT1tau2lV18_fakeTauDataDriven,140,0.34797191619873047,70,0.0216064453125,210,0.36957836151123047,/publicfs/cms/user/huahuil/tauOfTTTT_NanoAOD/forMVA/2016postVFP/v1baselineHadroBtagWeightAdded_JESup_AbsoluteMPFBias_AK4PFchs_v94LepPreJetVetoHemOnlyV2_JESPt22/mc/variableHists_v4BDT1tau2lV18_fakeTauDataDriven
2016postVFP,v1baselineHadroBtagWeightAdded_JESup_AbsoluteMPFBias_AK4PFchs_v94LepPreJetVetoHemOnlyV2_JESPt22,v3BDT1tau2lV18_fakeTauDataDriven,140,0.34796142578125,70,0.0216064453125,210,0.36956787109375,/publicfs/cms/user/huahuil/tauOfTTTT_NanoAOD/forMVA/2016postVFP/v1baselineHadroBtagWeightAdded_JESup_AbsoluteMPFBias_AK4PFchs_v94LepPreJetVetoHemOnlyV2_JESPt22/mc/variableHists_v3BDT1tau2lV18_fakeTauDataDriven
2017,v1baselineHadroBtagWeightAdded_JESup_SinglePionHCAL_AK4PFchs_v94LepPreJetVetoHemOnlyV2_JESPt22,v5BDT1tau2l_tauFMorphFix,140,0.34676456451416016,70,0.020538330078125,210,0.36730289459228516,/publicfs/cms/user/huahuil/tauOfTTTT_NanoAOD/forMVA/2017/v1baselineHadroBtagWeightAdded_JESup_SinglePionHCAL_AK4PFchs_v94LepPreJetVetoHemOnlyV2_JESPt22/mc/variableHists_v5BDT1tau2l_tauFMorphFix
2017,v1baselineHadroBtagWeightAdded_JESup_SinglePionHCAL_AK4PFchs_v94LepPreJetVetoHemOnlyV2_JESPt22,v4BDT1tau2lV18_fakeTauDataDriven,140,0.3473081588745117,70,0.0210723876953125,210,0.3683805465698242,/publicfs/cms/user/huahuil/tauOfTTTT_NanoAOD/forMVA/2017/v1baselineHadroBtagWeightAdded_JESup_SinglePionHCAL_AK4PFchs_v94LepPreJetVetoHemOnlyV2_JESPt22/mc/variableHists_v4BDT1tau2lV18_fakeTauDataDriven
2017,v1baselineHadroBtagWeightAdded_JESup_SinglePionHCAL_AK4PFchs_v94LepPreJetVetoHemOnlyV2_JESPt22,v3BDT1tau2lV18_fakeTauDataDriven,140,0.34729766845703125,70,0.0210723876953125,210,0.36837005615234375,/publicfs/cms/user/huahuil/tauOfTTTT_NanoAOD/forMVA/2017/v1baselineHadroBtagWeightAdded_JESup_SinglePionHCAL_AK4PFchs_v94LepPreJetVetoHemOnlyV2_JESPt22/mc/variableHists_v3BDT1tau2lV18_fakeTauDataDriven
2017,v1baselineHadroBtagWeightAdded_JESup_RelativeJERHF_AK4PFchs_v94LepPreJetVetoHemOnlyV2_JESPt22,v5BDT1tau2l_tauFMorphFix,140,0.34682559967041016,70,0.020471572875976562,210,0.3672971725463867,/publicfs/cms/user/huahuil/tauOfTTTT_NanoAOD/forMVA/2017/v1baselineHadroBtagWeightAdded_JESup_RelativeJERHF_AK4PFchs_v94LepPreJetVetoHemOnlyV2_JESPt22/mc/variableHists_v5BDT1tau2l_tauFMorphFix
2017,v1baselineHadroBtagWeightAdded_JESup_RelativeJERHF_AK4PFchs_v94LepPreJetVetoHemOnlyV2_JESPt22,v4BDT1tau2lV18_fakeTauDataDriven,140,0.3473482131958008,70,0.021005630493164062,210,0.36835384368896484,/publicfs/cms/user/huahuil/tauOfTTTT_NanoAOD/forMVA/2017/v1baselineHadroBtagWeightAdded_JESup_RelativeJERHF_AK4PFchs_v94LepPreJetVetoHemOnlyV2_JESPt22/mc/variableHists_v4BDT1tau2lV18_fakeTauDataDriven
2017,v1baselineHadroBtagWeightAdded_JESup_RelativeJERHF_AK4PFchs_v94LepPreJetVetoHemOnlyV2_JESPt22,v3BDT1tau2lV18_fakeTauDataDriven,140,0.34735870361328125,70,0.021005630493164062,210,0.3683643341064453,/publicfs/cms/user/huahuil/tauOfTTTT_NanoAOD/forMVA/2017/v1baselineHadroBtagWeightAdded_JESup_RelativeJERHF_AK4PFchs_v94LepPreJetVetoHemOnlyV2_JESPt22/mc/variableHists_v3BDT1tau2lV18_fakeTauDataDriven
2017,v1baselineHadroBtagWeightAdded_JESup_RelativePtHF_AK4PFchs_v94LepPreJetVetoHemOnlyV2_JESPt22,v5BDT1tau2l_tauFMorphFix,140,0.3466806411743164,70,0.020404815673828125,210,0.36708545684814453,/publicfs/cms/user/huahuil/tauOfTTTT_NanoAOD/forMVA/2017/v1baselineHadroBtagWeightAdded_JESup_RelativePtHF_AK4PFchs_v94LepPreJetVetoHemOnlyV2_JESPt22/mc/variableHists_v5BDT1tau2l_tauFMorphFix
2017,v1baselineHadroBtagWeightAdded_JESup_RelativePtHF_AK4PFchs_v94LepPreJetVetoHemOnlyV2_JESPt22,v4BDT1tau2lV18_fakeTauDataDriven,140,0.3472146987915039,70,0.020938873291015625,210,0.36815357208251953,/publicfs/cms/user/huahuil/tauOfTTTT_NanoAOD/forMVA/2017/v1baselineHadroBtagWeightAdded_JESup_RelativePtHF_AK4PFchs_v94LepPreJetVetoHemOnlyV2_JESPt22/mc/variableHists_v4BDT1tau2lV18_fakeTauDataDriven
2017,v1baselineHadroBtagWeightAdded_JESup_RelativePtHF_AK4PFchs_v94LepPreJetVetoHemOnlyV2_JESPt22,v3BDT1tau2lV18_fakeTauDataDriven,140,0.3472270965576172,70,0.020938873291015625,210,0.3681659698486328,/publicfs/cms/user/huahuil/tauOfTTTT_NanoAOD/forMVA/2017/v1baselineHadroBtagWeightAdded_JESup_RelativePtHF_AK4PFchs_v94LepPreJetVetoHemOnlyV2_JESPt22/mc/variableHists_v3BDT1tau2lV18_fakeTauDataDriven
2017,v1baselineHadroBtagWeightAdded_JESup_RelativePtBB_AK4PFchs_v94LepPreJetVetoHemOnlyV2_JESPt22,v5BDT1tau2l_tauFMorphFix,140,0.3466815948486328,70,0.020404815673828125,210,0.36708641052246094,/publicfs/cms/user/huahuil/tauOfTTTT_NanoAOD/forMVA/2017/v1baselineHadroBtagWeightAdded_JESup_RelativePtBB_AK4PFchs_v94LepPreJetVetoHemOnlyV2_JESPt22/mc/variableHists_v5BDT1tau2l_tauFMorphFix
2017,v1baselineHadroBtagWeightAdded_JESup_RelativePtBB_AK4PFchs_v94LepPreJetVetoHemOnlyV2_JESPt22,v4BDT1tau2lV18_fakeTauDataDriven,140,0.34722232818603516,70,0.020938873291015625,210,0.3681612014770508,/publicfs/cms/user/huahuil/tauOfTTTT_NanoAOD/forMVA/2017/v1baselineHadroBtagWeightAdded_JESup_RelativePtBB_AK4PFchs_v94LepPreJetVetoHemOnlyV2_JESPt22/mc/variableHists_v4BDT1tau2lV18_fakeTauDataDriven
2017,v1baselineHadroBtagWeightAdded_JESup_RelativePtBB_AK4PFchs_v94LepPreJetVetoHemOnlyV2_JESPt22,v3BDT1tau2lV18_fakeTauDataDriven,140,0.3472146987915039,70,0.020938873291015625,210,0.36815357208251953,/publicfs/cms/user/huahuil/tauOfTTTT_NanoAOD/forMVA/2017/v1baselineHadroBtagWeightAdded_JESup_RelativePtBB_AK4PFchs_v94LepPreJetVetoHemOnlyV2_JESPt22/mc/variableHists_v3BDT1tau2lV18_fakeTauDataDriven
2017,v1baselineHadroBtagWeightAdded_JESup_FlavorPureQuark_AK4PFchs_v94LepPreJetVetoHemOnlyV2_JESPt22,v5BDT1tau2l_tauFMorphFix,140,0.34778881072998047,70,0.020605087280273438,210,0.3683938980102539,/publicfs/cms/user/huahuil/tauOfTTTT_NanoAOD/forMVA/2017/v1baselineHadroBtagWeightAdded_JESup_FlavorPureQuark_AK4PFchs_v94LepPreJetVetoHemOnlyV2_JESPt22/mc/variableHists_v5BDT1tau2l_tauFMorphFix
2017,v1baselineHadroBtagWeightAdded_JESup_FlavorPureQuark_AK4PFchs_v94LepPreJetVetoHemOnlyV2_JESPt22,v4BDT1tau2lV18_fakeTauDataDriven,140,0.34833431243896484,70,0.021139144897460938,210,0.3694734573364258,/publicfs/cms/user/huahuil/tauOfTTTT_NanoAOD/forMVA/2017/v1baselineHadroBtagWeightAdded_JESup_FlavorPureQuark_AK4PFchs_v94LepPreJetVetoHemOnlyV2_JESPt22/mc/variableHists_v4BDT1tau2lV18_fakeTauDataDriven
2017,v1baselineHadroBtagWeightAdded_JESup_FlavorPureQuark_AK4PFchs_v94LepPreJetVetoHemOnlyV2_JESPt22,v3BDT1tau2lV18_fakeTauDataDriven,140,0.34832286834716797,70,0.021139144897460938,210,0.3694620132446289,/publicfs/cms/user/huahuil/tauOfTTTT_NanoAOD/forMVA/2017/v1baselineHadroBtagWeightAdded_JESup_FlavorPureQuark_AK4PFchs_v94LepPreJetVetoHemOnlyV2_JESPt22/mc/variableHists_v3BDT1tau2lV18_fakeTauDataDriven
2017,v1baselineHadroBtagWeightAdded_JESup_RelativePtEC1_AK4PFchs_v94LepPreJetVetoHemOnlyV2_JESPt22,v5BDT1tau2l_tauFMorphFix,140,0.3466367721557617,70,0.020471572875976562,210,0.3671083450317383,/publicfs/cms/user/huahuil/tauOfTTTT_NanoAOD/forMVA/2017/v1baselineHadroBtagWeightAdded_JESup_RelativePtEC1_AK4PFchs_v94LepPreJetVetoHemOnlyV2_JESPt22/mc/variableHists_v5BDT1tau2l_tauFMorphFix
2017,v1baselineHadroBtagWeightAdded_JESup_RelativePtEC1_AK4PFchs_v94LepPreJetVetoHemOnlyV2_JESPt22,v4BDT1tau2lV18_fakeTauDataDriven,140,0.34716796875,70,0.021005630493164062,210,0.36817359924316406,/publicfs/cms/user/huahuil/tauOfTTTT_NanoAOD/forMVA/2017/v1baselineHadroBtagWeightAdded_JESup_RelativePtEC1_AK4PFchs_v94LepPreJetVetoHemOnlyV2_JESPt22/mc/variableHists_v4BDT1tau2lV18_fakeTauDataDriven
2017,v1baselineHadroBtagWeightAdded_JESup_RelativePtEC1_AK4PFchs_v94LepPreJetVetoHemOnlyV2_JESPt22,v3BDT1tau2lV18_fakeTauDataDriven,140,0.34717655181884766,70,0.021005630493164062,210,0.3681821823120117,/publicfs/cms/user/huahuil/tauOfTTTT_NanoAOD/forMVA/2017/v1baselineHadroBtagWeightAdded_JESup_RelativePtEC1_AK4PFchs_v94LepPreJetVetoHemOnlyV2_JESPt22/mc/variableHists_v3BDT1tau2lV18_fakeTauDataDriven
2017,v1baselineHadroBtagWeightAdded_JESup_RelativeSample_AK4PFchs_v94LepPreJetVetoHemOnlyV2_JESPt22,v5BDT1tau2l_tauFMorphFix,140,0.34676647186279297,70,0.020538330078125,210,0.36730480194091797,/publicfs/cms/user/huahuil/tauOfTTTT_NanoAOD/forMVA/2017/v1baselineHadroBtagWeightAdded_JESup_RelativeSample_AK4PFchs_v94LepPreJetVetoHemOnlyV2_JESPt22/mc/variableHists_v5BDT1tau2l_tauFMorphFix
2017,v1baselineHadroBtagWeightAdded_JESup_RelativeSample_AK4PFchs_v94LepPreJetVetoHemOnlyV2_JESPt22,v4BDT1tau2lV18_fakeTauDataDriven,140,0.34730052947998047,70,0.0210723876953125,210,0.36837291717529297,/publicfs/cms/user/huahuil/tauOfTTTT_NanoAOD/forMVA/2017/v1baselineHadroBtagWeightAdded_JESup_RelativeSample_AK4PFchs_v94LepPreJetVetoHemOnlyV2_JESPt22/mc/variableHists_v4BDT1tau2lV18_fakeTauDataDriven
2017,v1baselineHadroBtagWeightAdded_JESup_RelativeSample_AK4PFchs_v94LepPreJetVetoHemOnlyV2_JESPt22,v3BDT1tau2lV18_fakeTauDataDriven,140,0.3473024368286133,70,0.0210723876953125,210,0.3683748245239258,/publicfs/cms/user/huahuil/tauOfTTTT_NanoAOD/forMVA/2017/v1baselineHadroBtagWeightAdded_JESup_RelativeSample_AK4PFchs_v94LepPreJetVetoHemOnlyV2_JESPt22/mc/variableHists_v3BDT1tau2lV18_fakeTauDataDriven
2017,v1baselineHadroBtagWeightAdded_JESup_RelativeStatEC_AK4PFchs_v94LepPreJetVetoHemOnlyV2_JESPt22,v5BDT1tau2l_tauFMorphFix,140,0.34694385528564453,70,0.020538330078125,210,0.36748218536376953,/publicfs/cms/user/huahuil/tauOfTTTT_NanoAOD/forMVA/2017/v1baselineHadroBtagWeightAdded_JESup_RelativeStatEC_AK4PFchs_v94LepPreJetVetoHemOnlyV2_JESPt22/mc/variableHists_v5BDT1tau2l_tauFMorphFix
2017,v1baselineHadroBtagWeightAdded_JESup_RelativeStatEC_AK4PFchs_v94LepPreJetVetoHemOnlyV2_JESPt22,v4BDT1tau2lV18_fakeTauDataDriven,140,0.34747791290283203,70,0.0210723876953125,210,0.36855030059814453,/publicfs/cms/user/huahuil/tauOfTTTT_NanoAOD/forMVA/2017/v1baselineHadroBtagWeightAdded_JESup_RelativeStatEC_AK4PFchs_v94LepPreJetVetoHemOnlyV2_JESPt22/mc/variableHists_v4BDT1tau2lV18_fakeTauDataDriven
2017,v1baselineHadroBtagWeightAdded_JESup_RelativeStatEC_AK4PFchs_v94LepPreJetVetoHemOnlyV2_JESPt22,v3BDT1tau2lV18_fakeTauDataDriven,140,0.34747791290283203,70,0.0210723876953125,210,0.36855030059814453,/publicfs/cms/user/huahuil/tauOfTTTT_NanoAOD/forMVA/2017/v1baselineHadroBtagWeightAdded_JESup_RelativeStatEC_AK4PFchs_v94LepPreJetVetoHemOnlyV2_JESPt22/mc/variableHists_v3BDT1tau2lV18_fakeTauDataDriven
2017,v1baselineHadroBtagWeightAdded_JESup_RelativeFSR_AK4PFchs_v94LepPreJetVetoHemOnlyV2_JESPt22,v5BDT1tau2l_tauFMorphFix,140,0.3469095230102539,70,0.020338058471679688,210,0.3672475814819336,/publicfs/cms/user/huahuil/tauOfTTTT_NanoAOD/forMVA/2017/v1baselineHadroBtagWeightAdded_JESup_RelativeFSR_AK4PFchs_v94LepPreJetVetoHemOnlyV2_JESPt22/mc/variableHists_v5BDT1tau2l_tauFMorphFix
2017,v1baselineHadroBtagWeightAdded_JESup_RelativeFSR_AK4PFchs_v94LepPreJetVetoHemOnlyV2_JESPt22,v4BDT1tau2lV18_fakeTauDataDriven,140,0.34743595123291016,70,0.020872116088867188,210,0.36830806732177734,/publicfs/cms/user/huahuil/tauOfTTTT_NanoAOD/forMVA/2017/v1baselineHadroBtagWeightAdded_JESup_RelativeFSR_AK4PFchs_v94LepPreJetVetoHemOnlyV2_JESPt22/mc/variableHists_v4BDT1tau2lV18_fakeTauDataDriven
2017,v1baselineHadroBtagWeightAdded_JESup_RelativeFSR_AK4PFchs_v94LepPreJetVetoHemOnlyV2_JESPt22,v3BDT1tau2lV18_fakeTauDataDriven,140,0.34743499755859375,70,0.020872116088867188,210,0.36830711364746094,/publicfs/cms/user/huahuil/tauOfTTTT_NanoAOD/forMVA/2017/v1baselineHadroBtagWeightAdded_JESup_RelativeFSR_AK4PFchs_v94LepPreJetVetoHemOnlyV2_JESPt22/mc/variableHists_v3BDT1tau2lV18_fakeTauDataDriven
2017,v1baselineHadroBtagWeightAdded_JESup_AbsoluteScale_AK4PFchs_v94LepPreJetVetoHemOnlyV2_JESPt22,v5BDT1tau2l_tauFMorphFix,140,0.34682273864746094,70,0.020471572875976562,210,0.3672943115234375,/publicfs/cms/user/huahuil/tauOfTTTT_NanoAOD/forMVA/2017/v1baselineHadroBtagWeightAdded_JESup_AbsoluteScale_AK4PFchs_v94LepPreJetVetoHemOnlyV2_JESPt22/mc/variableHists_v5BDT1tau2l_tauFMorphFix
2017,v1baselineHadroBtagWeightAdded_JESup_AbsoluteScale_AK4PFchs_v94LepPreJetVetoHemOnlyV2_JESPt22,v4BDT1tau2lV18_fakeTauDataDriven,140,0.34734535217285156,70,0.021005630493164062,210,0.3683509826660156,/publicfs/cms/user/huahuil/tauOfTTTT_NanoAOD/forMVA/2017/v1baselineHadroBtagWeightAdded_JESup_AbsoluteScale_AK4PFchs_v94LepPreJetVetoHemOnlyV2_JESPt22/mc/variableHists_v4BDT1tau2lV18_fakeTauDataDriven
2017,v1baselineHadroBtagWeightAdded_JESup_AbsoluteScale_AK4PFchs_v94LepPreJetVetoHemOnlyV2_JESPt22,v3BDT1tau2lV18_fakeTauDataDriven,140,0.34734344482421875,70,0.021005630493164062,210,0.3683490753173828,/publicfs/cms/user/huahuil/tauOfTTTT_NanoAOD/forMVA/2017/v1baselineHadroBtagWeightAdded_JESup_AbsoluteScale_AK4PFchs_v94LepPreJetVetoHemOnlyV2_JESPt22/mc/variableHists_v3BDT1tau2lV18_fakeTauDataDriven
2017,v1baselineHadroBtagWeightAdded_JESup_SinglePionECAL_AK4PFchs_v94LepPreJetVetoHemOnlyV2_JESPt22,v5BDT1tau2l_tauFMorphFix,140,0.34694766998291016,70,0.020538330078125,210,0.36748600006103516,/publicfs/cms/user/huahuil/tauOfTTTT_NanoAOD/forMVA/2017/v1baselineHadroBtagWeightAdded_JESup_SinglePionECAL_AK4PFchs_v94LepPreJetVetoHemOnlyV2_JESPt22/mc/variableHists_v5BDT1tau2l_tauFMorphFix
2017,v1baselineHadroBtagWeightAdded_JESup_SinglePionECAL_AK4PFchs_v94LepPreJetVetoHemOnlyV2_JESPt22,v4BDT1tau2lV18_fakeTauDataDriven,140,0.34748172760009766,70,0.0210723876953125,210,0.36855411529541016,/publicfs/cms/user/huahuil/tauOfTTTT_NanoAOD/forMVA/2017/v1baselineHadroBtagWeightAdded_JESup_SinglePionECAL_AK4PFchs_v94LepPreJetVetoHemOnlyV2_JESPt22/mc/variableHists_v4BDT1tau2lV18_fakeTauDataDriven
2017,v1baselineHadroBtagWeightAdded_JESup_SinglePionECAL_AK4PFchs_v94LepPreJetVetoHemOnlyV2_JESPt22,v3BDT1tau2lV18_fakeTauDataDriven,140,0.34748077392578125,70,0.0210723876953125,210,0.36855316162109375,/publicfs/cms/user/huahuil/tauOfTTTT_NanoAOD/forMVA/2017/v1baselineHadroBtagWeightAdded_JESup_SinglePionECAL_AK4PFchs_v94LepPreJetVetoHemOnlyV2_JESPt22/mc/variableHists_v3BDT1tau2lV18_fakeTauDataDriven
2017,v1baselineHadroBtagWeightAdded_JESup_RelativeStatHF_AK4PFchs_v94LepPreJetVetoHemOnlyV2_JESPt22,v5BDT1tau2l_tauFMorphFix,140,0.34694766998291016,70,0.020538330078125,210,0.36748600006103516,/publicfs/cms/user/huahuil/tauOfTTTT_NanoAOD/forMVA/2017/v1baselineHadroBtagWeightAdded_JESup_RelativeStatHF_AK4PFchs_v94LepPreJetVetoHemOnlyV2_JESPt22/mc/variableHists_v5BDT1tau2l_tauFMorphFix
2017,v1baselineHadroBtagWeightAdded_JESup_RelativeStatHF_AK4PFchs_v94LepPreJetVetoHemOnlyV2_JESPt22,v4BDT1tau2lV18_fakeTauDataDriven,140,0.3474903106689453,70,0.0210723876953125,210,0.3685626983642578,/publicfs/cms/user/huahuil/tauOfTTTT_NanoAOD/forMVA/2017/v1baselineHadroBtagWeightAdded_JESup_RelativeStatHF_AK4PFchs_v94LepPreJetVetoHemOnlyV2_JESPt22/mc/variableHists_v4BDT1tau2lV18_fakeTauDataDriven
2017,v1baselineHadroBtagWeightAdded_JESup_RelativeStatHF_AK4PFchs_v94LepPreJetVetoHemOnlyV2_JESPt22,v3BDT1tau2lV18_fakeTauDataDriven,140,0.34748172760009766,70,0.0210723876953125,210,0.36855411529541016,/publicfs/cms/user/huahuil/tauOfTTTT_NanoAOD/forMVA/2017/v1baselineHadroBtagWeightAdded_JESup_RelativeStatHF_AK4PFchs_v94LepPreJetVetoHemOnlyV2_JESPt22/mc/variableHists_v3BDT1tau2lV18_fakeTauDataDriven
2017,v1baselineHadroBtagWeightAdded_JESup_RelativeJEREC1_AK4PFchs_v94LepPreJetVetoHemOnlyV2_JESPt22,v5BDT1tau2l_tauFMorphFix,140,0.34659767150878906,70,0.020538330078125,210,0.36713600158691406,/publicfs/cms/user/huahuil/tauOfTTTT_NanoAOD/forMVA/2017/v1baselineHadroBtagWeightAdded_JESup_RelativeJEREC1_AK4PFchs_v94LepPreJetVetoHemOnlyV2_JESPt22/mc/variableHists_v5BDT1tau2l_tauFMorphFix
2017,v1baselineHadroBtagWeightAdded_JESup_RelativeJEREC1_AK4PFchs_v94LepPreJetVetoHemOnlyV2_JESPt22,v4BDT1tau2lV18_fakeTauDataDriven,140,0.34713077545166016,70,0.0210723876953125,210,0.36820316314697266,/publicfs/cms/user/huahuil/tauOfTTTT_NanoAOD/forMVA/2017/v1baselineHadroBtagWeightAdded_JESup_RelativeJEREC1_AK4PFchs_v94LepPreJetVetoHemOnlyV2_JESPt22/mc/variableHists_v4BDT1tau2lV18_fakeTauDataDriven
2017,v1baselineHadroBtagWeightAdded_JESup_RelativeJEREC1_AK4PFchs_v94LepPreJetVetoHemOnlyV2_JESPt22,v3BDT1tau2lV18_fakeTauDataDriven,140,0.3471221923828125,70,0.0210723876953125,210,0.368194580078125,/publicfs/cms/user/huahuil/tauOfTTTT_NanoAOD/forMVA/2017/v1baselineHadroBtagWeightAdded_JESup_RelativeJEREC1_AK4PFchs_v94LepPreJetVetoHemOnlyV2_JESPt22/mc/variableHists_v3BDT1tau2lV18_fakeTauDataDriven
2017,v1baselineHadroBtagWeightAdded_JESup_Fragmentation_AK4PFchs_v94LepPreJetVetoHemOnlyV2_JESPt22,v5BDT1tau2l_tauFMorphFix,140,0.3468208312988281,70,0.020471572875976562,210,0.3672924041748047,/publicfs/cms/user/huahuil/tauOfTTTT_NanoAOD/forMVA/2017/v1baselineHadroBtagWeightAdded_JESup_Fragmentation_AK4PFchs_v94LepPreJetVetoHemOnlyV2_JESPt22/mc/variableHists_v5BDT1tau2l_tauFMorphFix
2017,v1baselineHadroBtagWeightAdded_JESup_Fragmentation_AK4PFchs_v94LepPreJetVetoHemOnlyV2_JESPt22,v4BDT1tau2lV18_fakeTauDataDriven,140,0.34734630584716797,70,0.021005630493164062,210,0.36835193634033203,/publicfs/cms/user/huahuil/tauOfTTTT_NanoAOD/forMVA/2017/v1baselineHadroBtagWeightAdded_JESup_Fragmentation_AK4PFchs_v94LepPreJetVetoHemOnlyV2_JESPt22/mc/variableHists_v4BDT1tau2lV18_fakeTauDataDriven
2017,v1baselineHadroBtagWeightAdded_JESup_Fragmentation_AK4PFchs_v94LepPreJetVetoHemOnlyV2_JESPt22,v3BDT1tau2lV18_fakeTauDataDriven,140,0.3473520278930664,70,0.021005630493164062,210,0.36835765838623047,/publicfs/cms/user/huahuil/tauOfTTTT_NanoAOD/forMVA/2017/v1baselineHadroBtagWeightAdded_JESup_Fragmentation_AK4PFchs_v94LepPreJetVetoHemOnlyV2_JESPt22/mc/variableHists_v3BDT1tau2lV18_fakeTauDataDriven
2017,v1baselineHadroBtagWeightAdded_JESup_RelativeStatFSR_AK4PFchs_v94LepPreJetVetoHemOnlyV2_JESPt22,v5BDT1tau2l_tauFMorphFix,140,0.347076416015625,70,0.020605087280273438,210,0.36768150329589844,/publicfs/cms/user/huahuil/tauOfTTTT_NanoAOD/forMVA/2017/v1baselineHadroBtagWeightAdded_JESup_RelativeStatFSR_AK4PFchs_v94LepPreJetVetoHemOnlyV2_JESPt22/mc/variableHists_v5BDT1tau2l_tauFMorphFix
2017,v1baselineHadroBtagWeightAdded_JESup_RelativeStatFSR_AK4PFchs_v94LepPreJetVetoHemOnlyV2_JESPt22,v4BDT1tau2lV18_fakeTauDataDriven,140,0.34762001037597656,70,0.021139144897460938,210,0.3687591552734375,/publicfs/cms/user/huahuil/tauOfTTTT_NanoAOD/forMVA/2017/v1baselineHadroBtagWeightAdded_JESup_RelativeStatFSR_AK4PFchs_v94LepPreJetVetoHemOnlyV2_JESPt22/mc/variableHists_v4BDT1tau2lV18_fakeTauDataDriven
2017,v1baselineHadroBtagWeightAdded_JESup_RelativeStatFSR_AK4PFchs_v94LepPreJetVetoHemOnlyV2_JESPt22,v3BDT1tau2lV18_fakeTauDataDriven,140,0.3476095199584961,70,0.021139144897460938,210,0.36874866485595703,/publicfs/cms/user/huahuil/tauOfTTTT_NanoAOD/forMVA/2017/v1baselineHadroBtagWeightAdded_JESup_RelativeStatFSR_AK4PFchs_v94LepPreJetVetoHemOnlyV2_JESPt22/mc/variableHists_v3BDT1tau2lV18_fakeTauDataDriven
2017,v1baselineHadroBtagWeightAdded_JESup_FlavorPureCharm_AK4PFchs_v94LepPreJetVetoHemOnlyV2_JESPt22,v5BDT1tau2l_tauFMorphFix,140,0.34689807891845703,70,0.020605087280273438,210,0.36750316619873047,/publicfs/cms/user/huahuil/tauOfTTTT_NanoAOD/forMVA/2017/v1baselineHadroBtagWeightAdded_JESup_FlavorPureCharm_AK4PFchs_v94LepPreJetVetoHemOnlyV2_JESPt22/mc/variableHists_v5BDT1tau2l_tauFMorphFix
2017,v1baselineHadroBtagWeightAdded_JESup_FlavorPureCharm_AK4PFchs_v94LepPreJetVetoHemOnlyV2_JESPt22,v4BDT1tau2lV18_fakeTauDataDriven,140,0.347442626953125,70,0.021139144897460938,210,0.36858177185058594,/publicfs/cms/user/huahuil/tauOfTTTT_NanoAOD/forMVA/2017/v1baselineHadroBtagWeightAdded_JESup_FlavorPureCharm_AK4PFchs_v94LepPreJetVetoHemOnlyV2_JESPt22/mc/variableHists_v4BDT1tau2lV18_fakeTauDataDriven
2017,v1baselineHadroBtagWeightAdded_JESup_FlavorPureCharm_AK4PFchs_v94LepPreJetVetoHemOnlyV2_JESPt22,v3BDT1tau2lV18_fakeTauDataDriven,140,0.34743309020996094,70,0.021139144897460938,210,0.3685722351074219,/publicfs/cms/user/huahuil/tauOfTTTT_NanoAOD/forMVA/2017/v1baselineHadroBtagWeightAdded_JESup_FlavorPureCharm_AK4PFchs_v94LepPreJetVetoHemOnlyV2_JESPt22/mc/variableHists_v3BDT1tau2lV18_fakeTauDataDriven
2017,v1baselineHadroBtagWeightAdded_JESup_RelativeJEREC2_AK4PFchs_v94LepPreJetVetoHemOnlyV2_JESPt22,v5BDT1tau2l_tauFMorphFix,140,0.34694480895996094,70,0.020538330078125,210,0.36748313903808594,/publicfs/cms/user/huahuil/tauOfTTTT_NanoAOD/forMVA/2017/v1baselineHadroBtagWeightAdded_JESup_RelativeJEREC2_AK4PFchs_v94LepPreJetVetoHemOnlyV2_JESPt22/mc/variableHists_v5BDT1tau2l_tauFMorphFix
2017,v1baselineHadroBtagWeightAdded_JESup_RelativeJEREC2_AK4PFchs_v94LepPreJetVetoHemOnlyV2_JESPt22,v4BDT1tau2lV18_fakeTauDataDriven,140,0.34747886657714844,70,0.0210723876953125,210,0.36855125427246094,/publicfs/cms/user/huahuil/tauOfTTTT_NanoAOD/forMVA/2017/v1baselineHadroBtagWeightAdded_JESup_RelativeJEREC2_AK4PFchs_v94LepPreJetVetoHemOnlyV2_JESPt22/mc/variableHists_v4BDT1tau2lV18_fakeTauDataDriven
2017,v1baselineHadroBtagWeightAdded_JESup_RelativeJEREC2_AK4PFchs_v94LepPreJetVetoHemOnlyV2_JESPt22,v3BDT1tau2lV18_fakeTauDataDriven,140,0.34747982025146484,70,0.0210723876953125,210,0.36855220794677734,/publicfs/cms/user/huahuil/tauOfTTTT_NanoAOD/forMVA/2017/v1baselineHadroBtagWeightAdded_JESup_RelativeJEREC2_AK4PFchs_v94LepPreJetVetoHemOnlyV2_JESPt22/mc/variableHists_v3BDT1tau2lV18_fakeTauDataDriven
2017,v1baselineHadroBtagWeightAdded_JESup_TimePtEta_AK4PFchs_v94LepPreJetVetoHemOnlyV2_JESPt22,v5BDT1tau2l_tauFMorphFix,140,0.346099853515625,70,0.020204544067382812,210,0.3663043975830078,/publicfs/cms/user/huahuil/tauOfTTTT_NanoAOD/forMVA/2017/v1baselineHadroBtagWeightAdded_JESup_TimePtEta_AK4PFchs_v94LepPreJetVetoHemOnlyV2_JESPt22/mc/variableHists_v5BDT1tau2l_tauFMorphFix
2017,v1baselineHadroBtagWeightAdded_JESup_TimePtEta_AK4PFchs_v94LepPreJetVetoHemOnlyV2_JESPt22,v4BDT1tau2lV18_fakeTauDataDriven,140,0.3466339111328125,70,0.020738601684570312,210,0.3673725128173828,/publicfs/cms/user/huahuil/tauOfTTTT_NanoAOD/forMVA/2017/v1baselineHadroBtagWeightAdded_JESup_TimePtEta_AK4PFchs_v94LepPreJetVetoHemOnlyV2_JESPt22/mc/variableHists_v4BDT1tau2lV18_fakeTauDataDriven
2017,v1baselineHadroBtagWeightAdded_JESup_TimePtEta_AK4PFchs_v94LepPreJetVetoHemOnlyV2_JESPt22,v3BDT1tau2lV18_fakeTauDataDriven,140,0.34664154052734375,70,0.020738601684570312,210,0.36738014221191406,/publicfs/cms/user/huahuil/tauOfTTTT_NanoAOD/forMVA/2017/v1baselineHadroBtagWeightAdded_JESup_TimePtEta_AK4PFchs_v94LepPreJetVetoHemOnlyV2_JESPt22/mc/variableHists_v3BDT1tau2lV18_fakeTauDataDriven
2017,v1baselineHadroBtagWeightAdded_JESup_FlavorPureGluon_AK4PFchs_v94LepPreJetVetoHemOnlyV2_JESPt22,v5BDT1tau2l_tauFMorphFix,140,0.3472557067871094,70,0.020605087280273438,210,0.3678607940673828,/publicfs/cms/user/huahuil/tauOfTTTT_NanoAOD/forMVA/2017/v1baselineHadroBtagWeightAdded_JESup_FlavorPureGluon_AK4PFchs_v94LepPreJetVetoHemOnlyV2_JESPt22/mc/variableHists_v5BDT1tau2l_tauFMorphFix
2017,v1baselineHadroBtagWeightAdded_JESup_FlavorPureGluon_AK4PFchs_v94LepPreJetVetoHemOnlyV2_JESPt22,v4BDT1tau2lV18_fakeTauDataDriven,140,0.3477907180786133,70,0.021139144897460938,210,0.3689298629760742,/publicfs/cms/user/huahuil/tauOfTTTT_NanoAOD/forMVA/2017/v1baselineHadroBtagWeightAdded_JESup_FlavorPureGluon_AK4PFchs_v94LepPreJetVetoHemOnlyV2_JESPt22/mc/variableHists_v4BDT1tau2lV18_fakeTauDataDriven
2017,v1baselineHadroBtagWeightAdded_JESup_FlavorPureGluon_AK4PFchs_v94LepPreJetVetoHemOnlyV2_JESPt22,v3BDT1tau2lV18_fakeTauDataDriven,140,0.34778881072998047,70,0.021139144897460938,210,0.3689279556274414,/publicfs/cms/user/huahuil/tauOfTTTT_NanoAOD/forMVA/2017/v1baselineHadroBtagWeightAdded_JESup_FlavorPureGluon_AK4PFchs_v94LepPreJetVetoHemOnlyV2_JESPt22/mc/variableHists_v3BDT1tau2lV18_fakeTauDataDriven
2017,v1baselineHadroBtagWeightAdded_JESup_RelativePtEC2_AK4PFchs_v94LepPreJetVetoHemOnlyV2_JESPt22,v5BDT1tau2l_tauFMorphFix,140,0.3468160629272461,70,0.020471572875976562,210,0.36728763580322266,/publicfs/cms/user/huahuil/tauOfTTTT_NanoAOD/forMVA/2017/v1baselineHadroBtagWeightAdded_JESup_RelativePtEC2_AK4PFchs_v94LepPreJetVetoHemOnlyV2_JESPt22/mc/variableHists_v5BDT1tau2l_tauFMorphFix
2017,v1baselineHadroBtagWeightAdded_JESup_RelativePtEC2_AK4PFchs_v94LepPreJetVetoHemOnlyV2_JESPt22,v4BDT1tau2lV18_fakeTauDataDriven,140,0.3473529815673828,70,0.021005630493164062,210,0.3683586120605469,/publicfs/cms/user/huahuil/tauOfTTTT_NanoAOD/forMVA/2017/v1baselineHadroBtagWeightAdded_JESup_RelativePtEC2_AK4PFchs_v94LepPreJetVetoHemOnlyV2_JESPt22/mc/variableHists_v4BDT1tau2lV18_fakeTauDataDriven
2017,v1baselineHadroBtagWeightAdded_JESup_RelativePtEC2_AK4PFchs_v94LepPreJetVetoHemOnlyV2_JESPt22,v3BDT1tau2lV18_fakeTauDataDriven,140,0.34734153747558594,70,0.021005630493164062,210,0.36834716796875,/publicfs/cms/user/huahuil/tauOfTTTT_NanoAOD/forMVA/2017/v1baselineHadroBtagWeightAdded_JESup_RelativePtEC2_AK4PFchs_v94LepPreJetVetoHemOnlyV2_JESPt22/mc/variableHists_v3BDT1tau2lV18_fakeTauDataDriven
2017,v1baselineHadroBtagWeightAdded_JESup_RelativeBal_AK4PFchs_v94LepPreJetVetoHemOnlyV2_JESPt22,v5BDT1tau2l_tauFMorphFix,140,0.34654712677001953,70,0.020338058471679688,210,0.3668851852416992,/publicfs/cms/user/huahuil/tauOfTTTT_NanoAOD/forMVA/2017/v1baselineHadroBtagWeightAdded_JESup_RelativeBal_AK4PFchs_v94LepPreJetVetoHemOnlyV2_JESPt22/mc/variableHists_v5BDT1tau2l_tauFMorphFix
2017,v1baselineHadroBtagWeightAdded_JESup_RelativeBal_AK4PFchs_v94LepPreJetVetoHemOnlyV2_JESPt22,v4BDT1tau2lV18_fakeTauDataDriven,140,0.3470802307128906,70,0.020872116088867188,210,0.3679523468017578,/publicfs/cms/user/huahuil/tauOfTTTT_NanoAOD/forMVA/2017/v1baselineHadroBtagWeightAdded_JESup_RelativeBal_AK4PFchs_v94LepPreJetVetoHemOnlyV2_JESPt22/mc/variableHists_v4BDT1tau2lV18_fakeTauDataDriven
2017,v1baselineHadroBtagWeightAdded_JESup_RelativeBal_AK4PFchs_v94LepPreJetVetoHemOnlyV2_JESPt22,v3BDT1tau2lV18_fakeTauDataDriven,140,0.34708213806152344,70,0.020872116088867188,210,0.3679542541503906,/publicfs/cms/user/huahuil/tauOfTTTT_NanoAOD/forMVA/2017/v1baselineHadroBtagWeightAdded_JESup_RelativeBal_AK4PFchs_v94LepPreJetVetoHemOnlyV2_JESPt22/mc/variableHists_v3BDT1tau2lV18_fakeTauDataDriven
2017,v1baselineHadroBtagWeightAdded_JESup_FlavorPureBottom_AK4PFchs_v94LepPreJetVetoHemOnlyV2_JESPt22,v5BDT1tau2l_tauFMorphFix,140,0.3470335006713867,70,0.020671844482421875,210,0.3677053451538086,/publicfs/cms/user/huahuil/tauOfTTTT_NanoAOD/forMVA/2017/v1baselineHadroBtagWeightAdded_JESup_FlavorPureBottom_AK4PFchs_v94LepPreJetVetoHemOnlyV2_JESPt22/mc/variableHists_v5BDT1tau2l_tauFMorphFix
2017,v1baselineHadroBtagWeightAdded_JESup_FlavorPureBottom_AK4PFchs_v94LepPreJetVetoHemOnlyV2_JESPt22,v4BDT1tau2lV18_fakeTauDataDriven,140,0.3475685119628906,70,0.021205902099609375,210,0.3687744140625,/publicfs/cms/user/huahuil/tauOfTTTT_NanoAOD/forMVA/2017/v1baselineHadroBtagWeightAdded_JESup_FlavorPureBottom_AK4PFchs_v94LepPreJetVetoHemOnlyV2_JESPt22/mc/variableHists_v4BDT1tau2lV18_fakeTauDataDriven
2017,v1baselineHadroBtagWeightAdded_JESup_FlavorPureBottom_AK4PFchs_v94LepPreJetVetoHemOnlyV2_JESPt22,v3BDT1tau2lV18_fakeTauDataDriven,140,0.34756946563720703,70,0.021205902099609375,210,0.3687753677368164,/publicfs/cms/user/huahuil/tauOfTTTT_NanoAOD/forMVA/2017/v1baselineHadroBtagWeightAdded_JESup_FlavorPureBottom_AK4PFchs_v94LepPreJetVetoHemOnlyV2_JESPt22/mc/variableHists_v3BDT1tau2lV18_fakeTauDataDriven
2017,v1baselineHadroBtagWeightAdded_JESup_AbsoluteStat_AK4PFchs_v94LepPreJetVetoHemOnlyV2_JESPt22,v5BDT1tau2l_tauFMorphFix,140,0.34669017791748047,70,0.020404815673828125,210,0.3670949935913086,/publicfs/cms/user/huahuil/tauOfTTTT_NanoAOD/forMVA/2017/v1baselineHadroBtagWeightAdded_JESup_AbsoluteStat_AK4PFchs_v94LepPreJetVetoHemOnlyV2_JESPt22/mc/variableHists_v5BDT1tau2l_tauFMorphFix
2017,v1baselineHadroBtagWeightAdded_JESup_AbsoluteStat_AK4PFchs_v94LepPreJetVetoHemOnlyV2_JESPt22,v4BDT1tau2lV18_fakeTauDataDriven,140,0.3472146987915039,70,0.020938873291015625,210,0.36815357208251953,/publicfs/cms/user/huahuil/tauOfTTTT_NanoAOD/forMVA/2017/v1baselineHadroBtagWeightAdded_JESup_AbsoluteStat_AK4PFchs_v94LepPreJetVetoHemOnlyV2_JESPt22/mc/variableHists_v4BDT1tau2lV18_fakeTauDataDriven
2017,v1baselineHadroBtagWeightAdded_JESup_AbsoluteStat_AK4PFchs_v94LepPreJetVetoHemOnlyV2_JESPt22,v3BDT1tau2lV18_fakeTauDataDriven,140,0.3472146987915039,70,0.020938873291015625,210,0.36815357208251953,/publicfs/cms/user/huahuil/tauOfTTTT_NanoAOD/forMVA/2017/v1baselineHadroBtagWeightAdded_JESup_AbsoluteStat_AK4PFchs_v94LepPreJetVetoHemOnlyV2_JESPt22/mc/variableHists_v3BDT1tau2lV18_fakeTauDataDriven
2017,v1baselineHadroBtagWeightAdded_JESup_AbsoluteMPFBias_AK4PFchs_v94LepPreJetVetoHemOnlyV2_JESPt22,v5BDT1tau2l_tauFMorphFix,140,0.34726619720458984,70,0.020605087280273438,210,0.3678712844848633,/publicfs/cms/user/huahuil/tauOfTTTT_NanoAOD/forMVA/2017/v1baselineHadroBtagWeightAdded_JESup_AbsoluteMPFBias_AK4PFchs_v94LepPreJetVetoHemOnlyV2_JESPt22/mc/variableHists_v5BDT1tau2l_tauFMorphFix
2017,v1baselineHadroBtagWeightAdded_JESup_AbsoluteMPFBias_AK4PFchs_v94LepPreJetVetoHemOnlyV2_JESPt22,v4BDT1tau2lV18_fakeTauDataDriven,140,0.3477916717529297,70,0.021139144897460938,210,0.3689308166503906,/publicfs/cms/user/huahuil/tauOfTTTT_NanoAOD/forMVA/2017/v1baselineHadroBtagWeightAdded_JESup_AbsoluteMPFBias_AK4PFchs_v94LepPreJetVetoHemOnlyV2_JESPt22/mc/variableHists_v4BDT1tau2lV18_fakeTauDataDriven
2017,v1baselineHadroBtagWeightAdded_JESup_AbsoluteMPFBias_AK4PFchs_v94LepPreJetVetoHemOnlyV2_JESPt22,v3BDT1tau2lV18_fakeTauDataDriven,140,0.34780025482177734,70,0.021139144897460938,210,0.3689393997192383,/publicfs/cms/user/huahuil/tauOfTTTT_NanoAOD/forMVA/2017/v1baselineHadroBtagWeightAdded_JESup_AbsoluteMPFBias_AK4PFchs_v94LepPreJetVetoHemOnlyV2_JESPt22/mc/variableHists_v3BDT1tau2lV18_fakeTauDataDriven
2016preVFP,v1baselineHadroBtagWeightAdded_JESup_SinglePionHCAL_AK4PFchs_v94LepPreJetVetoHemOnlyV2_JESPt22,v5BDT1tau2l_tauFMorphFix,140,0.34844970703125,70,0.020938873291015625,210,0.3693885803222656,/publicfs/cms/user/huahuil/tauOfTTTT_NanoAOD/forMVA/2016preVFP/v1baselineHadroBtagWeightAdded_JESup_SinglePionHCAL_AK4PFchs_v94LepPreJetVetoHemOnlyV2_JESPt22/mc/variableHists_v5BDT1tau2l_tauFMorphFix
2016preVFP,v1baselineHadroBtagWeightAdded_JESup_SinglePionHCAL_AK4PFchs_v94LepPreJetVetoHemOnlyV2_JESPt22,v4BDT1tau2lV18_fakeTauDataDriven,140,0.34898948669433594,70,0.021472930908203125,210,0.37046241760253906,/publicfs/cms/user/huahuil/tauOfTTTT_NanoAOD/forMVA/2016preVFP/v1baselineHadroBtagWeightAdded_JESup_SinglePionHCAL_AK4PFchs_v94LepPreJetVetoHemOnlyV2_JESPt22/mc/variableHists_v4BDT1tau2lV18_fakeTauDataDriven
2016preVFP,v1baselineHadroBtagWeightAdded_JESup_SinglePionHCAL_AK4PFchs_v94LepPreJetVetoHemOnlyV2_JESPt22,v3BDT1tau2lV18_fakeTauDataDriven,140,0.3489828109741211,70,0.021472930908203125,210,0.3704557418823242,/publicfs/cms/user/huahuil/tauOfTTTT_NanoAOD/forMVA/2016preVFP/v1baselineHadroBtagWeightAdded_JESup_SinglePionHCAL_AK4PFchs_v94LepPreJetVetoHemOnlyV2_JESPt22/mc/variableHists_v3BDT1tau2lV18_fakeTauDataDriven
2016preVFP,v1baselineHadroBtagWeightAdded_JESup_RelativeJERHF_AK4PFchs_v94LepPreJetVetoHemOnlyV2_JESPt22,v5BDT1tau2l_tauFMorphFix,140,0.3486814498901367,70,0.020872116088867188,210,0.3695535659790039,/publicfs/cms/user/huahuil/tauOfTTTT_NanoAOD/forMVA/2016preVFP/v1baselineHadroBtagWeightAdded_JESup_RelativeJERHF_AK4PFchs_v94LepPreJetVetoHemOnlyV2_JESPt22/mc/variableHists_v5BDT1tau2l_tauFMorphFix
2016preVFP,v1baselineHadroBtagWeightAdded_JESup_RelativeJERHF_AK4PFchs_v94LepPreJetVetoHemOnlyV2_JESPt22,v4BDT1tau2lV18_fakeTauDataDriven,140,0.3492155075073242,70,0.021406173706054688,210,0.3706216812133789,/publicfs/cms/user/huahuil/tauOfTTTT_NanoAOD/forMVA/2016preVFP/v1baselineHadroBtagWeightAdded_JESup_RelativeJERHF_AK4PFchs_v94LepPreJetVetoHemOnlyV2_JESPt22/mc/variableHists_v4BDT1tau2lV18_fakeTauDataDriven
2016preVFP,v1baselineHadroBtagWeightAdded_JESup_RelativeJERHF_AK4PFchs_v94LepPreJetVetoHemOnlyV2_JESPt22,v3BDT1tau2lV18_fakeTauDataDriven,140,0.34920787811279297,70,0.021406173706054688,210,0.37061405181884766,/publicfs/cms/user/huahuil/tauOfTTTT_NanoAOD/forMVA/2016preVFP/v1baselineHadroBtagWeightAdded_JESup_RelativeJERHF_AK4PFchs_v94LepPreJetVetoHemOnlyV2_JESPt22/mc/variableHists_v3BDT1tau2lV18_fakeTauDataDriven
2016preVFP,v1baselineHadroBtagWeightAdded_JESup_RelativeJERHF_AK4PFchs_v94LepPreJetVetoHemOnly_JESPt22,v3BDT1tau2lV14,140,0.3533811569213867,70,0.020071029663085938,210,0.37345218658447266,/publicfs/cms/user/huahuil/tauOfTTTT_NanoAOD/forMVA/2016preVFP/v1baselineHadroBtagWeightAdded_JESup_RelativeJERHF_AK4PFchs_v94LepPreJetVetoHemOnly_JESPt22/mc/variableHists_v3BDT1tau2lV14
2016preVFP,v1baselineHadroBtagWeightAdded_JESup_RelativeJERHF_AK4PFchs_v94LepPreJetVetoHemOnly_JESPt22,v0BDT1tau2lV16,140,0.34496212005615234,70,0.020071029663085938,210,0.3650331497192383,/publicfs/cms/user/huahuil/tauOfTTTT_NanoAOD/forMVA/2016preVFP/v1baselineHadroBtagWeightAdded_JESup_RelativeJERHF_AK4PFchs_v94LepPreJetVetoHemOnly_JESPt22/mc/variableHists_v0BDT1tau2lV16
2016preVFP,v1baselineHadroBtagWeightAdded_JESup_RelativePtEC1_AK4PFchs_v94LepPreJetVetoHemOnly_JESPt22,v3BDT1tau2lV14,140,0.3533782958984375,70,0.020071029663085938,210,0.37344932556152344,/publicfs/cms/user/huahuil/tauOfTTTT_NanoAOD/forMVA/2016preVFP/v1baselineHadroBtagWeightAdded_JESup_RelativePtEC1_AK4PFchs_v94LepPreJetVetoHemOnly_JESPt22/mc/variableHists_v3BDT1tau2lV14
2016preVFP,v1baselineHadroBtagWeightAdded_JESup_RelativePtEC1_AK4PFchs_v94LepPreJetVetoHemOnly_JESPt22,v0BDT1tau2lV16,140,0.3449592590332031,70,0.020071029663085938,210,0.36503028869628906,/publicfs/cms/user/huahuil/tauOfTTTT_NanoAOD/forMVA/2016preVFP/v1baselineHadroBtagWeightAdded_JESup_RelativePtEC1_AK4PFchs_v94LepPreJetVetoHemOnly_JESPt22/mc/variableHists_v0BDT1tau2lV16
2016preVFP,v1baselineHadroBtagWeightAdded_JESup_AbsoluteStat_AK4PFchs_v94LepPreJetVetoHemOnly_JESPt22,v3BDT1tau2lV14,140,0.3532381057739258,70,0.0200042724609375,210,0.3732423782348633,/publicfs/cms/user/huahuil/tauOfTTTT_NanoAOD/forMVA/2016preVFP/v1baselineHadroBtagWeightAdded_JESup_AbsoluteStat_AK4PFchs_v94LepPreJetVetoHemOnly_JESPt22/mc/variableHists_v3BDT1tau2lV14
2016preVFP,v1baselineHadroBtagWeightAdded_JESup_AbsoluteStat_AK4PFchs_v94LepPreJetVetoHemOnly_JESPt22,v0BDT1tau2lV16,140,0.3448362350463867,70,0.0200042724609375,210,0.3648405075073242,/publicfs/cms/user/huahuil/tauOfTTTT_NanoAOD/forMVA/2016preVFP/v1baselineHadroBtagWeightAdded_JESup_AbsoluteStat_AK4PFchs_v94LepPreJetVetoHemOnly_JESPt22/mc/variableHists_v0BDT1tau2lV16
2016preVFP,v1baselineHadroBtagWeightAdded_JESup_RelativePtHF_AK4PFchs_v94LepPreJetVetoHemOnlyV2_JESPt22,v5BDT1tau2l_tauFMorphFix,140,0.3485393524169922,70,0.02080535888671875,210,0.36934471130371094,/publicfs/cms/user/huahuil/tauOfTTTT_NanoAOD/forMVA/2016preVFP/v1baselineHadroBtagWeightAdded_JESup_RelativePtHF_AK4PFchs_v94LepPreJetVetoHemOnlyV2_JESPt22/mc/variableHists_v5BDT1tau2l_tauFMorphFix
2016preVFP,v1baselineHadroBtagWeightAdded_JESup_RelativePtHF_AK4PFchs_v94LepPreJetVetoHemOnlyV2_JESPt22,v4BDT1tau2lV18_fakeTauDataDriven,140,0.34910106658935547,70,0.02133941650390625,210,0.3704404830932617,/publicfs/cms/user/huahuil/tauOfTTTT_NanoAOD/forMVA/2016preVFP/v1baselineHadroBtagWeightAdded_JESup_RelativePtHF_AK4PFchs_v94LepPreJetVetoHemOnlyV2_JESPt22/mc/variableHists_v4BDT1tau2lV18_fakeTauDataDriven
2016preVFP,v1baselineHadroBtagWeightAdded_JESup_RelativePtHF_AK4PFchs_v94LepPreJetVetoHemOnlyV2_JESPt22,v3BDT1tau2lV18_fakeTauDataDriven,140,0.3490743637084961,70,0.02133941650390625,210,0.37041378021240234,/publicfs/cms/user/huahuil/tauOfTTTT_NanoAOD/forMVA/2016preVFP/v1baselineHadroBtagWeightAdded_JESup_RelativePtHF_AK4PFchs_v94LepPreJetVetoHemOnlyV2_JESPt22/mc/variableHists_v3BDT1tau2lV18_fakeTauDataDriven
2016preVFP,v1baselineHadroBtagWeightAdded_JESup_RelativeJEREC2_AK4PFchs_v94LepPreJetVetoHemOnly_JESPt22,v3BDT1tau2lV14,140,0.3535127639770508,70,0.020137786865234375,210,0.37365055084228516,/publicfs/cms/user/huahuil/tauOfTTTT_NanoAOD/forMVA/2016preVFP/v1baselineHadroBtagWeightAdded_JESup_RelativeJEREC2_AK4PFchs_v94LepPreJetVetoHemOnly_JESPt22/mc/variableHists_v3BDT1tau2lV14
2016preVFP,v1baselineHadroBtagWeightAdded_JESup_RelativeJEREC2_AK4PFchs_v94LepPreJetVetoHemOnly_JESPt22,v0BDT1tau2lV16,140,0.3451118469238281,70,0.020137786865234375,210,0.3652496337890625,/publicfs/cms/user/huahuil/tauOfTTTT_NanoAOD/forMVA/2016preVFP/v1baselineHadroBtagWeightAdded_JESup_RelativeJEREC2_AK4PFchs_v94LepPreJetVetoHemOnly_JESPt22/mc/variableHists_v0BDT1tau2lV16
2016preVFP,v1baselineHadroBtagWeightAdded_JESup_Fragmentation_AK4PFchs_v94LepPreJetVetoHemOnly_JESPt22,v3BDT1tau2lV14,140,0.35336971282958984,70,0.020071029663085938,210,0.3734407424926758,/publicfs/cms/user/huahuil/tauOfTTTT_NanoAOD/forMVA/2016preVFP/v1baselineHadroBtagWeightAdded_JESup_Fragmentation_AK4PFchs_v94LepPreJetVetoHemOnly_JESPt22/mc/variableHists_v3BDT1tau2lV14
2016preVFP,v1baselineHadroBtagWeightAdded_JESup_Fragmentation_AK4PFchs_v94LepPreJetVetoHemOnly_JESPt22,v0BDT1tau2lV16,140,0.34496593475341797,70,0.020071029663085938,210,0.3650369644165039,/publicfs/cms/user/huahuil/tauOfTTTT_NanoAOD/forMVA/2016preVFP/v1baselineHadroBtagWeightAdded_JESup_Fragmentation_AK4PFchs_v94LepPreJetVetoHemOnly_JESPt22/mc/variableHists_v0BDT1tau2lV16
2016preVFP,v1baselineHadroBtagWeightAdded_JESup_AbsoluteScale_AK4PFchs_v94LepPreJetVetoHemOnly_JESPt22,v3BDT1tau2lV14,140,0.3534107208251953,70,0.020071029663085938,210,0.37348175048828125,/publicfs/cms/user/huahuil/tauOfTTTT_NanoAOD/forMVA/2016preVFP/v1baselineHadroBtagWeightAdded_JESup_AbsoluteScale_AK4PFchs_v94LepPreJetVetoHemOnly_JESPt22/mc/variableHists_v3BDT1tau2lV14
2016preVFP,v1baselineHadroBtagWeightAdded_JESup_AbsoluteScale_AK4PFchs_v94LepPreJetVetoHemOnly_JESPt22,v0BDT1tau2lV16,140,0.3449716567993164,70,0.020071029663085938,210,0.36504268646240234,/publicfs/cms/user/huahuil/tauOfTTTT_NanoAOD/forMVA/2016preVFP/v1baselineHadroBtagWeightAdded_JESup_AbsoluteScale_AK4PFchs_v94LepPreJetVetoHemOnly_JESPt22/mc/variableHists_v0BDT1tau2lV16
2016preVFP,v1baselineHadroBtagWeightAdded_JESup_RelativeBal_AK4PFchs_v94LepPreJetVetoHemOnly_JESPt22,v3BDT1tau2lV14,140,0.35346317291259766,70,0.019937515258789062,210,0.3734006881713867,/publicfs/cms/user/huahuil/tauOfTTTT_NanoAOD/forMVA/2016preVFP/v1baselineHadroBtagWeightAdded_JESup_RelativeBal_AK4PFchs_v94LepPreJetVetoHemOnly_JESPt22/mc/variableHists_v3BDT1tau2lV14
2016preVFP,v1baselineHadroBtagWeightAdded_JESup_RelativeBal_AK4PFchs_v94LepPreJetVetoHemOnly_JESPt22,v0BDT1tau2lV16,140,0.34506893157958984,70,0.019937515258789062,210,0.3650064468383789,/publicfs/cms/user/huahuil/tauOfTTTT_NanoAOD/forMVA/2016preVFP/v1baselineHadroBtagWeightAdded_JESup_RelativeBal_AK4PFchs_v94LepPreJetVetoHemOnly_JESPt22/mc/variableHists_v0BDT1tau2lV16
2016preVFP,v1baselineHadroBtagWeightAdded_JESup_AbsoluteMPFBias_AK4PFchs_v94LepPreJetVetoHemOnly_JESPt22,v3BDT1tau2lV14,140,0.3536367416381836,70,0.020204544067382812,210,0.3738412857055664,/publicfs/cms/user/huahuil/tauOfTTTT_NanoAOD/forMVA/2016preVFP/v1baselineHadroBtagWeightAdded_JESup_AbsoluteMPFBias_AK4PFchs_v94LepPreJetVetoHemOnly_JESPt22/mc/variableHists_v3BDT1tau2lV14
2016preVFP,v1baselineHadroBtagWeightAdded_JESup_AbsoluteMPFBias_AK4PFchs_v94LepPreJetVetoHemOnly_JESPt22,v0BDT1tau2lV16,140,0.34522533416748047,70,0.020204544067382812,210,0.3654298782348633,/publicfs/cms/user/huahuil/tauOfTTTT_NanoAOD/forMVA/2016preVFP/v1baselineHadroBtagWeightAdded_JESup_AbsoluteMPFBias_AK4PFchs_v94LepPreJetVetoHemOnly_JESPt22/mc/variableHists_v0BDT1tau2lV16
2016preVFP,v1baselineHadroBtagWeightAdded_JESup_RelativeStatHF_AK4PFchs_v94LepPreJetVetoHemOnly_JESPt22,v3BDT1tau2lV14,140,0.35352420806884766,70,0.020137786865234375,210,0.37366199493408203,/publicfs/cms/user/huahuil/tauOfTTTT_NanoAOD/forMVA/2016preVFP/v1baselineHadroBtagWeightAdded_JESup_RelativeStatHF_AK4PFchs_v94LepPreJetVetoHemOnly_JESPt22/mc/variableHists_v3BDT1tau2lV14
2016preVFP,v1baselineHadroBtagWeightAdded_JESup_RelativeStatHF_AK4PFchs_v94LepPreJetVetoHemOnly_JESPt22,v0BDT1tau2lV16,140,0.3451042175292969,70,0.020137786865234375,210,0.36524200439453125,/publicfs/cms/user/huahuil/tauOfTTTT_NanoAOD/forMVA/2016preVFP/v1baselineHadroBtagWeightAdded_JESup_RelativeStatHF_AK4PFchs_v94LepPreJetVetoHemOnly_JESPt22/mc/variableHists_v0BDT1tau2lV16
2016preVFP,v1baselineHadroBtagWeightAdded_JESup_RelativeFSR_AK4PFchs_v94LepPreJetVetoHemOnly_JESPt22,v3BDT1tau2lV14,140,0.35310935974121094,70,0.019937515258789062,210,0.373046875,/publicfs/cms/user/huahuil/tauOfTTTT_NanoAOD/forMVA/2016preVFP/v1baselineHadroBtagWeightAdded_JESup_RelativeFSR_AK4PFchs_v94LepPreJetVetoHemOnly_JESPt22/mc/variableHists_v3BDT1tau2lV14
2016preVFP,v1baselineHadroBtagWeightAdded_JESup_RelativeFSR_AK4PFchs_v94LepPreJetVetoHemOnly_JESPt22,v0BDT1tau2lV16,140,0.34468936920166016,70,0.019937515258789062,210,0.3646268844604492,/publicfs/cms/user/huahuil/tauOfTTTT_NanoAOD/forMVA/2016preVFP/v1baselineHadroBtagWeightAdded_JESup_RelativeFSR_AK4PFchs_v94LepPreJetVetoHemOnly_JESPt22/mc/variableHists_v0BDT1tau2lV16
2016preVFP,v1baselineHadroBtagWeightAdded_JESup_TimePtEta_AK4PFchs_v94LepPreJetVetoHemOnly_JESPt22,v3BDT1tau2lV14,140,0.35283565521240234,70,0.019804000854492188,210,0.37263965606689453,/publicfs/cms/user/huahuil/tauOfTTTT_NanoAOD/forMVA/2016preVFP/v1baselineHadroBtagWeightAdded_JESup_TimePtEta_AK4PFchs_v94LepPreJetVetoHemOnly_JESPt22/mc/variableHists_v3BDT1tau2lV14
2016preVFP,v1baselineHadroBtagWeightAdded_JESup_TimePtEta_AK4PFchs_v94LepPreJetVetoHemOnly_JESPt22,v0BDT1tau2lV16,140,0.34444141387939453,70,0.019804000854492188,210,0.3642454147338867,/publicfs/cms/user/huahuil/tauOfTTTT_NanoAOD/forMVA/2016preVFP/v1baselineHadroBtagWeightAdded_JESup_TimePtEta_AK4PFchs_v94LepPreJetVetoHemOnly_JESPt22/mc/variableHists_v0BDT1tau2lV16
2016preVFP,v1baselineHadroBtagWeightAdded_JESup_RelativePtBB_AK4PFchs_v94LepPreJetVetoHemOnlyV2_JESPt22,v5BDT1tau2l_tauFMorphFix,140,0.34854888916015625,70,0.02080535888671875,210,0.369354248046875,/publicfs/cms/user/huahuil/tauOfTTTT_NanoAOD/forMVA/2016preVFP/v1baselineHadroBtagWeightAdded_JESup_RelativePtBB_AK4PFchs_v94LepPreJetVetoHemOnlyV2_JESPt22/mc/variableHists_v5BDT1tau2l_tauFMorphFix
2016preVFP,v1baselineHadroBtagWeightAdded_JESup_RelativePtBB_AK4PFchs_v94LepPreJetVetoHemOnlyV2_JESPt22,v4BDT1tau2lV18_fakeTauDataDriven,140,0.3490734100341797,70,0.02133941650390625,210,0.37041282653808594,/publicfs/cms/user/huahuil/tauOfTTTT_NanoAOD/forMVA/2016preVFP/v1baselineHadroBtagWeightAdded_JESup_RelativePtBB_AK4PFchs_v94LepPreJetVetoHemOnlyV2_JESPt22/mc/variableHists_v4BDT1tau2lV18_fakeTauDataDriven
2016preVFP,v1baselineHadroBtagWeightAdded_JESup_RelativePtBB_AK4PFchs_v94LepPreJetVetoHemOnlyV2_JESPt22,v3BDT1tau2lV18_fakeTauDataDriven,140,0.34908390045166016,70,0.02133941650390625,210,0.3704233169555664,/publicfs/cms/user/huahuil/tauOfTTTT_NanoAOD/forMVA/2016preVFP/v1baselineHadroBtagWeightAdded_JESup_RelativePtBB_AK4PFchs_v94LepPreJetVetoHemOnlyV2_JESPt22/mc/variableHists_v3BDT1tau2lV18_fakeTauDataDriven
2016preVFP,v1baselineHadroBtagWeightAdded_JESup_FlavorPureQuark_AK4PFchs_v94LepPreJetVetoHemOnlyV2_JESPt22,v5BDT1tau2l_tauFMorphFix,140,0.34822845458984375,70,0.021005630493164062,210,0.3692340850830078,/publicfs/cms/user/huahuil/tauOfTTTT_NanoAOD/forMVA/2016preVFP/v1baselineHadroBtagWeightAdded_JESup_FlavorPureQuark_AK4PFchs_v94LepPreJetVetoHemOnlyV2_JESPt22/mc/variableHists_v5BDT1tau2l_tauFMorphFix
2016preVFP,v1baselineHadroBtagWeightAdded_JESup_FlavorPureQuark_AK4PFchs_v94LepPreJetVetoHemOnlyV2_JESPt22,v4BDT1tau2lV18_fakeTauDataDriven,140,0.34876155853271484,70,0.021539688110351562,210,0.3703012466430664,/publicfs/cms/user/huahuil/tauOfTTTT_NanoAOD/forMVA/2016preVFP/v1baselineHadroBtagWeightAdded_JESup_FlavorPureQuark_AK4PFchs_v94LepPreJetVetoHemOnlyV2_JESPt22/mc/variableHists_v4BDT1tau2lV18_fakeTauDataDriven
2016preVFP,v1baselineHadroBtagWeightAdded_JESup_FlavorPureQuark_AK4PFchs_v94LepPreJetVetoHemOnlyV2_JESPt22,v3BDT1tau2lV18_fakeTauDataDriven,140,0.3487730026245117,70,0.021539688110351562,210,0.3703126907348633,/publicfs/cms/user/huahuil/tauOfTTTT_NanoAOD/forMVA/2016preVFP/v1baselineHadroBtagWeightAdded_JESup_FlavorPureQuark_AK4PFchs_v94LepPreJetVetoHemOnlyV2_JESPt22/mc/variableHists_v3BDT1tau2lV18_fakeTauDataDriven
2016preVFP,v1baselineHadroBtagWeightAdded_JESup_RelativeJEREC1_AK4PFchs_v94LepPreJetVetoHemOnly_JESPt22,v3BDT1tau2lV14,140,0.35350990295410156,70,0.020137786865234375,210,0.37364768981933594,/publicfs/cms/user/huahuil/tauOfTTTT_NanoAOD/forMVA/2016preVFP/v1baselineHadroBtagWeightAdded_JESup_RelativeJEREC1_AK4PFchs_v94LepPreJetVetoHemOnly_JESPt22/mc/variableHists_v3BDT1tau2lV14
2016preVFP,v1baselineHadroBtagWeightAdded_JESup_RelativeJEREC1_AK4PFchs_v94LepPreJetVetoHemOnly_JESPt22,v0BDT1tau2lV16,140,0.34509849548339844,70,0.020137786865234375,210,0.3652362823486328,/publicfs/cms/user/huahuil/tauOfTTTT_NanoAOD/forMVA/2016preVFP/v1baselineHadroBtagWeightAdded_JESup_RelativeJEREC1_AK4PFchs_v94LepPreJetVetoHemOnly_JESPt22/mc/variableHists_v0BDT1tau2lV16
2016preVFP,v1baselineHadroBtagWeightAdded_JESup_FlavorQCD_AK4PFchs_v94LepPreJetVetoHemOnly_JESPt22,v3BDT1tau2lV14,140,0.35248756408691406,70,0.019804000854492188,210,0.37229156494140625,/publicfs/cms/user/huahuil/tauOfTTTT_NanoAOD/forMVA/2016preVFP/v1baselineHadroBtagWeightAdded_JESup_FlavorQCD_AK4PFchs_v94LepPreJetVetoHemOnly_JESPt22/mc/variableHists_v3BDT1tau2lV14
2016preVFP,v1baselineHadroBtagWeightAdded_JESup_FlavorQCD_AK4PFchs_v94LepPreJetVetoHemOnly_JESPt22,v0BDT1tau2lV16,140,0.3440732955932617,70,0.019804000854492188,210,0.3638772964477539,/publicfs/cms/user/huahuil/tauOfTTTT_NanoAOD/forMVA/2016preVFP/v1baselineHadroBtagWeightAdded_JESup_FlavorQCD_AK4PFchs_v94LepPreJetVetoHemOnly_JESPt22/mc/variableHists_v0BDT1tau2lV16
2016preVFP,v1baselineHadroBtagWeightAdded_JESup_RelativePtEC1_AK4PFchs_v94LepPreJetVetoHemOnlyV2_JESPt22,v5BDT1tau2l_tauFMorphFix,140,0.3486795425415039,70,0.020872116088867188,210,0.3695516586303711,/publicfs/cms/user/huahuil/tauOfTTTT_NanoAOD/forMVA/2016preVFP/v1baselineHadroBtagWeightAdded_JESup_RelativePtEC1_AK4PFchs_v94LepPreJetVetoHemOnlyV2_JESPt22/mc/variableHists_v5BDT1tau2l_tauFMorphFix
2016preVFP,v1baselineHadroBtagWeightAdded_JESup_RelativePtEC1_AK4PFchs_v94LepPreJetVetoHemOnlyV2_JESPt22,v4BDT1tau2lV18_fakeTauDataDriven,140,0.3492088317871094,70,0.021406173706054688,210,0.37061500549316406,/publicfs/cms/user/huahuil/tauOfTTTT_NanoAOD/forMVA/2016preVFP/v1baselineHadroBtagWeightAdded_JESup_RelativePtEC1_AK4PFchs_v94LepPreJetVetoHemOnlyV2_JESPt22/mc/variableHists_v4BDT1tau2lV18_fakeTauDataDriven
2016preVFP,v1baselineHadroBtagWeightAdded_JESup_RelativePtEC1_AK4PFchs_v94LepPreJetVetoHemOnlyV2_JESPt22,v3BDT1tau2lV18_fakeTauDataDriven,140,0.3492088317871094,70,0.021406173706054688,210,0.37061500549316406,/publicfs/cms/user/huahuil/tauOfTTTT_NanoAOD/forMVA/2016preVFP/v1baselineHadroBtagWeightAdded_JESup_RelativePtEC1_AK4PFchs_v94LepPreJetVetoHemOnlyV2_JESPt22/mc/variableHists_v3BDT1tau2lV18_fakeTauDataDriven
2016preVFP,v1baselineHadroBtagWeightAdded_v94HadroPreJetVetoHemOnly,v0BDT1tau0l,136,2.990449905395508,74,0.018686294555664062,210,3.009136199951172,/publicfs/cms/user/huahuil/tauOfTTTT_NanoAOD/forMVA/2016preVFP/v1baselineHadroBtagWeightAdded_v94HadroPreJetVetoHemOnly/mc/variableHists_v0BDT1tau0l
2016preVFP,v1baselineHadroBtagWeightAdded_v94HadroPreJetVetoHemOnly,v3BDT1tau1lV18_fakeTauDataDriven,136,2.14835262298584,74,0.020168304443359375,210,2.168520927429199,/publicfs/cms/user/huahuil/tauOfTTTT_NanoAOD/forMVA/2016preVFP/v1baselineHadroBtagWeightAdded_v94HadroPreJetVetoHemOnly/mc/variableHists_v3BDT1tau1lV18_fakeTauDataDriven
2016preVFP,v1baselineHadroBtagWeightAdded_v94HadroPreJetVetoHemOnly,v0BDT1tau1lV16,136,2.115304946899414,74,0.01889801025390625,210,2.1342029571533203,/publicfs/cms/user/huahuil/tauOfTTTT_NanoAOD/forMVA/2016preVFP/v1baselineHadroBtagWeightAdded_v94HadroPreJetVetoHemOnly/mc/variableHists_v0BDT1tau1lV16
2016preVFP,v1baselineHadroBtagWeightAdded_v94HadroPreJetVetoHemOnly,v0BDT1tau1lV17,136,2.1533756256103516,74,0.01889801025390625,210,2.172273635864258,/publicfs/cms/user/huahuil/tauOfTTTT_NanoAOD/forMVA/2016preVFP/v1baselineHadroBtagWeightAdded_v94HadroPreJetVetoHemOnly/mc/variableHists_v0BDT1tau1lV17
2016preVFP,v1baselineHadroBtagWeightAdded_v94HadroPreJetVetoHemOnly,v0BDT1tau0lV17,136,3.0244264602661133,74,0.01889801025390625,210,3.0433244705200195,/publicfs/cms/user/huahuil/tauOfTTTT_NanoAOD/forMVA/2016preVFP/v1baselineHadroBtagWeightAdded_v94HadroPreJetVetoHemOnly/mc/variableHists_v0BDT1tau0lV17
2016preVFP,v1baselineHadroBtagWeightAdded_v94HadroPreJetVetoHemOnly,v1BDT1tau1lTestLeading7,136,2.1132335662841797,74,0.019533157348632812,210,2.1327667236328125,/publicfs/cms/user/huahuil/tauOfTTTT_NanoAOD/forMVA/2016preVFP/v1baselineHadroBtagWeightAdded_v94HadroPreJetVetoHemOnly/mc/variableHists_v1BDT1tau1lTestLeading7
2016preVFP,v1baselineHadroBtagWeightAdded_v94HadroPreJetVetoHemOnly,v8BDT1tau0l_refactorAndBtagNameFix,136,2.9824037551879883,74,0.02059173583984375,210,3.002995491027832,/publicfs/cms/user/huahuil/tauOfTTTT_NanoAOD/forMVA/2016preVFP/v1baselineHadroBtagWeightAdded_v94HadroPreJetVetoHemOnly/mc/variableHists_v8BDT1tau0l_refactorAndBtagNameFix
2016preVFP,v1baselineHadroBtagWeightAdded_v94HadroPreJetVetoHemOnly,v0BDT1tau0lV16,136,3.0300722122192383,74,0.01889801025390625,210,3.0489702224731445,/publicfs/cms/user/huahuil/tauOfTTTT_NanoAOD/forMVA/2016preVFP/v1baselineHadroBtagWeightAdded_v94HadroPreJetVetoHemOnly/mc/variableHists_v0BDT1tau0lV16
2016preVFP,v1baselineHadroBtagWeightAdded_v94HadroPreJetVetoHemOnly,v5BDT1tau0l_tauFMorphFix,136,3.0250749588012695,74,0.019603729248046875,210,3.0446786880493164,/publicfs/cms/user/huahuil/tauOfTTTT_NanoAOD/forMVA/2016preVFP/v1baselineHadroBtagWeightAdded_v94HadroPreJetVetoHemOnly/mc/variableHists_v5BDT1tau0l_tauFMorphFix
2016preVFP,v1baselineHadroBtagWeightAdded_JESup_RelativeSample_AK4PFchs_v94LepPreJetVetoHemOnlyV2_JESPt22,v5BDT1tau2l_tauFMorphFix,140,0.34847450256347656,70,0.020938873291015625,210,0.3694133758544922,/publicfs/cms/user/huahuil/tauOfTTTT_NanoAOD/forMVA/2016preVFP/v1baselineHadroBtagWeightAdded_JESup_RelativeSample_AK4PFchs_v94LepPreJetVetoHemOnlyV2_JESPt22/mc/variableHists_v5BDT1tau2l_tauFMorphFix
2016preVFP,v1baselineHadroBtagWeightAdded_JESup_RelativeSample_AK4PFchs_v94LepPreJetVetoHemOnlyV2_JESPt22,v4BDT1tau2lV18_fakeTauDataDriven,140,0.3489990234375,70,0.021472930908203125,210,0.3704719543457031,/publicfs/cms/user/huahuil/tauOfTTTT_NanoAOD/forMVA/2016preVFP/v1baselineHadroBtagWeightAdded_JESup_RelativeSample_AK4PFchs_v94LepPreJetVetoHemOnlyV2_JESPt22/mc/variableHists_v4BDT1tau2lV18_fakeTauDataDriven
2016preVFP,v1baselineHadroBtagWeightAdded_JESup_RelativeSample_AK4PFchs_v94LepPreJetVetoHemOnlyV2_JESPt22,v3BDT1tau2lV18_fakeTauDataDriven,140,0.3489999771118164,70,0.021472930908203125,210,0.37047290802001953,/publicfs/cms/user/huahuil/tauOfTTTT_NanoAOD/forMVA/2016preVFP/v1baselineHadroBtagWeightAdded_JESup_RelativeSample_AK4PFchs_v94LepPreJetVetoHemOnlyV2_JESPt22/mc/variableHists_v3BDT1tau2lV18_fakeTauDataDriven
2016preVFP,v1baselineHadroBtagWeightAdded_JESup_RelativeStatEC_AK4PFchs_v94LepPreJetVetoHemOnlyV2_JESPt22,v5BDT1tau2l_tauFMorphFix,140,0.34880733489990234,70,0.020938873291015625,210,0.36974620819091797,/publicfs/cms/user/huahuil/tauOfTTTT_NanoAOD/forMVA/2016preVFP/v1baselineHadroBtagWeightAdded_JESup_RelativeStatEC_AK4PFchs_v94LepPreJetVetoHemOnlyV2_JESPt22/mc/variableHists_v5BDT1tau2l_tauFMorphFix
2016preVFP,v1baselineHadroBtagWeightAdded_JESup_RelativeStatEC_AK4PFchs_v94LepPreJetVetoHemOnlyV2_JESPt22,v4BDT1tau2lV18_fakeTauDataDriven,140,0.3493518829345703,70,0.021472930908203125,210,0.37082481384277344,/publicfs/cms/user/huahuil/tauOfTTTT_NanoAOD/forMVA/2016preVFP/v1baselineHadroBtagWeightAdded_JESup_RelativeStatEC_AK4PFchs_v94LepPreJetVetoHemOnlyV2_JESPt22/mc/variableHists_v4BDT1tau2lV18_fakeTauDataDriven
2016preVFP,v1baselineHadroBtagWeightAdded_JESup_RelativeStatEC_AK4PFchs_v94LepPreJetVetoHemOnlyV2_JESPt22,v3BDT1tau2lV18_fakeTauDataDriven,140,0.34934139251708984,70,0.021472930908203125,210,0.37081432342529297,/publicfs/cms/user/huahuil/tauOfTTTT_NanoAOD/forMVA/2016preVFP/v1baselineHadroBtagWeightAdded_JESup_RelativeStatEC_AK4PFchs_v94LepPreJetVetoHemOnlyV2_JESPt22/mc/variableHists_v3BDT1tau2lV18_fakeTauDataDriven
2016preVFP,v1baselineHadroBtagWeightAdded_JESup_RelativeStatEC_AK4PFchs_v94LepPreJetVetoHemOnly_JESPt22,v3BDT1tau2lV14,140,0.3535146713256836,70,0.020137786865234375,210,0.37365245819091797,/publicfs/cms/user/huahuil/tauOfTTTT_NanoAOD/forMVA/2016preVFP/v1baselineHadroBtagWeightAdded_JESup_RelativeStatEC_AK4PFchs_v94LepPreJetVetoHemOnly_JESPt22/mc/variableHists_v3BDT1tau2lV14
2016preVFP,v1baselineHadroBtagWeightAdded_JESup_RelativeStatEC_AK4PFchs_v94LepPreJetVetoHemOnly_JESPt22,v0BDT1tau2lV16,140,0.34510326385498047,70,0.020137786865234375,210,0.36524105072021484,/publicfs/cms/user/huahuil/tauOfTTTT_NanoAOD/forMVA/2016preVFP/v1baselineHadroBtagWeightAdded_JESup_RelativeStatEC_AK4PFchs_v94LepPreJetVetoHemOnly_JESPt22/mc/variableHists_v0BDT1tau2lV16
2016preVFP,v1baselineHadroBtagWeightAdded_JESup_RelativePtEC2_AK4PFchs_v94LepPreJetVetoHemOnly_JESPt22,v3BDT1tau2lV14,140,0.35338687896728516,70,0.020071029663085938,210,0.3734579086303711,/publicfs/cms/user/huahuil/tauOfTTTT_NanoAOD/forMVA/2016preVFP/v1baselineHadroBtagWeightAdded_JESup_RelativePtEC2_AK4PFchs_v94LepPreJetVetoHemOnly_JESPt22/mc/variableHists_v3BDT1tau2lV14
2016preVFP,v1baselineHadroBtagWeightAdded_JESup_RelativePtEC2_AK4PFchs_v94LepPreJetVetoHemOnly_JESPt22,v0BDT1tau2lV16,140,0.34496021270751953,70,0.020071029663085938,210,0.36503124237060547,/publicfs/cms/user/huahuil/tauOfTTTT_NanoAOD/forMVA/2016preVFP/v1baselineHadroBtagWeightAdded_JESup_RelativePtEC2_AK4PFchs_v94LepPreJetVetoHemOnly_JESPt22/mc/variableHists_v0BDT1tau2lV16
2016preVFP,v1baselineHadroBtagWeightAdded_JESup_RelativeFSR_AK4PFchs_v94LepPreJetVetoHemOnlyV2_JESPt22,v5BDT1tau2l_tauFMorphFix,140,0.3484077453613281,70,0.020738601684570312,210,0.36914634704589844,/publicfs/cms/user/huahuil/tauOfTTTT_NanoAOD/forMVA/2016preVFP/v1baselineHadroBtagWeightAdded_JESup_RelativeFSR_AK4PFchs_v94LepPreJetVetoHemOnlyV2_JESPt22/mc/variableHists_v5BDT1tau2l_tauFMorphFix
2016preVFP,v1baselineHadroBtagWeightAdded_JESup_RelativeFSR_AK4PFchs_v94LepPreJetVetoHemOnlyV2_JESPt22,v4BDT1tau2lV18_fakeTauDataDriven,140,0.3489418029785156,70,0.021272659301757812,210,0.37021446228027344,/publicfs/cms/user/huahuil/tauOfTTTT_NanoAOD/forMVA/2016preVFP/v1baselineHadroBtagWeightAdded_JESup_RelativeFSR_AK4PFchs_v94LepPreJetVetoHemOnlyV2_JESPt22/mc/variableHists_v4BDT1tau2lV18_fakeTauDataDriven
2016preVFP,v1baselineHadroBtagWeightAdded_JESup_RelativeFSR_AK4PFchs_v94LepPreJetVetoHemOnlyV2_JESPt22,v3BDT1tau2lV18_fakeTauDataDriven,140,0.34895992279052734,70,0.021272659301757812,210,0.37023258209228516,/publicfs/cms/user/huahuil/tauOfTTTT_NanoAOD/forMVA/2016preVFP/v1baselineHadroBtagWeightAdded_JESup_RelativeFSR_AK4PFchs_v94LepPreJetVetoHemOnlyV2_JESPt22/mc/variableHists_v3BDT1tau2lV18_fakeTauDataDriven
2016preVFP,v1baselineHadroBtagWeightAdded_JESup_AbsoluteScale_AK4PFchs_v94LepPreJetVetoHemOnlyV2_JESPt22,v5BDT1tau2l_tauFMorphFix,140,0.3486766815185547,70,0.020872116088867188,210,0.3695487976074219,/publicfs/cms/user/huahuil/tauOfTTTT_NanoAOD/forMVA/2016preVFP/v1baselineHadroBtagWeightAdded_JESup_AbsoluteScale_AK4PFchs_v94LepPreJetVetoHemOnlyV2_JESPt22/mc/variableHists_v5BDT1tau2l_tauFMorphFix
2016preVFP,v1baselineHadroBtagWeightAdded_JESup_AbsoluteScale_AK4PFchs_v94LepPreJetVetoHemOnlyV2_JESPt22,v4BDT1tau2lV18_fakeTauDataDriven,140,0.3492298126220703,70,0.021406173706054688,210,0.370635986328125,/publicfs/cms/user/huahuil/tauOfTTTT_NanoAOD/forMVA/2016preVFP/v1baselineHadroBtagWeightAdded_JESup_AbsoluteScale_AK4PFchs_v94LepPreJetVetoHemOnlyV2_JESPt22/mc/variableHists_v4BDT1tau2lV18_fakeTauDataDriven
2016preVFP,v1baselineHadroBtagWeightAdded_JESup_AbsoluteScale_AK4PFchs_v94LepPreJetVetoHemOnlyV2_JESPt22,v3BDT1tau2lV18_fakeTauDataDriven,140,0.3492107391357422,70,0.021406173706054688,210,0.3706169128417969,/publicfs/cms/user/huahuil/tauOfTTTT_NanoAOD/forMVA/2016preVFP/v1baselineHadroBtagWeightAdded_JESup_AbsoluteScale_AK4PFchs_v94LepPreJetVetoHemOnlyV2_JESPt22/mc/variableHists_v3BDT1tau2lV18_fakeTauDataDriven
2016preVFP,v1baselineHadroBtagWeightAdded_JESup_SinglePionECAL_AK4PFchs_v94LepPreJetVetoHemOnlyV2_JESPt22,v5BDT1tau2l_tauFMorphFix,140,0.34880638122558594,70,0.020938873291015625,210,0.36974525451660156,/publicfs/cms/user/huahuil/tauOfTTTT_NanoAOD/forMVA/2016preVFP/v1baselineHadroBtagWeightAdded_JESup_SinglePionECAL_AK4PFchs_v94LepPreJetVetoHemOnlyV2_JESPt22/mc/variableHists_v5BDT1tau2l_tauFMorphFix
2016preVFP,v1baselineHadroBtagWeightAdded_JESup_SinglePionECAL_AK4PFchs_v94LepPreJetVetoHemOnlyV2_JESPt22,v4BDT1tau2lV18_fakeTauDataDriven,140,0.3493490219116211,70,0.021472930908203125,210,0.3708219528198242,/publicfs/cms/user/huahuil/tauOfTTTT_NanoAOD/forMVA/2016preVFP/v1baselineHadroBtagWeightAdded_JESup_SinglePionECAL_AK4PFchs_v94LepPreJetVetoHemOnlyV2_JESPt22/mc/variableHists_v4BDT1tau2lV18_fakeTauDataDriven
2016preVFP,v1baselineHadroBtagWeightAdded_JESup_SinglePionECAL_AK4PFchs_v94LepPreJetVetoHemOnlyV2_JESPt22,v3BDT1tau2lV18_fakeTauDataDriven,140,0.3493490219116211,70,0.021472930908203125,210,0.3708219528198242,/publicfs/cms/user/huahuil/tauOfTTTT_NanoAOD/forMVA/2016preVFP/v1baselineHadroBtagWeightAdded_JESup_SinglePionECAL_AK4PFchs_v94LepPreJetVetoHemOnlyV2_JESPt22/mc/variableHists_v3BDT1tau2lV18_fakeTauDataDriven
2016preVFP,v1baselineHadroBtagWeightAdded_JESup_RelativePtHF_AK4PFchs_v94LepPreJetVetoHemOnly_JESPt22,v3BDT1tau2lV14,140,0.35324954986572266,70,0.0200042724609375,210,0.37325382232666016,/publicfs/cms/user/huahuil/tauOfTTTT_NanoAOD/forMVA/2016preVFP/v1baselineHadroBtagWeightAdded_JESup_RelativePtHF_AK4PFchs_v94LepPreJetVetoHemOnly_JESPt22/mc/variableHists_v3BDT1tau2lV14
2016preVFP,v1baselineHadroBtagWeightAdded_JESup_RelativePtHF_AK4PFchs_v94LepPreJetVetoHemOnly_JESPt22,v0BDT1tau2lV16,140,0.34482669830322266,70,0.0200042724609375,210,0.36483097076416016,/publicfs/cms/user/huahuil/tauOfTTTT_NanoAOD/forMVA/2016preVFP/v1baselineHadroBtagWeightAdded_JESup_RelativePtHF_AK4PFchs_v94LepPreJetVetoHemOnly_JESPt22/mc/variableHists_v0BDT1tau2lV16
2016preVFP,v1baselineHadroBtagWeightAdded_JESup_RelativeStatHF_AK4PFchs_v94LepPreJetVetoHemOnlyV2_JESPt22,v5BDT1tau2l_tauFMorphFix,140,0.3488340377807617,70,0.020938873291015625,210,0.36977291107177734,/publicfs/cms/user/huahuil/tauOfTTTT_NanoAOD/forMVA/2016preVFP/v1baselineHadroBtagWeightAdded_JESup_RelativeStatHF_AK4PFchs_v94LepPreJetVetoHemOnlyV2_JESPt22/mc/variableHists_v5BDT1tau2l_tauFMorphFix
2016preVFP,v1baselineHadroBtagWeightAdded_JESup_RelativeStatHF_AK4PFchs_v94LepPreJetVetoHemOnlyV2_JESPt22,v4BDT1tau2lV18_fakeTauDataDriven,140,0.34933948516845703,70,0.021472930908203125,210,0.37081241607666016,/publicfs/cms/user/huahuil/tauOfTTTT_NanoAOD/forMVA/2016preVFP/v1baselineHadroBtagWeightAdded_JESup_RelativeStatHF_AK4PFchs_v94LepPreJetVetoHemOnlyV2_JESPt22/mc/variableHists_v4BDT1tau2lV18_fakeTauDataDriven
2016preVFP,v1baselineHadroBtagWeightAdded_JESup_RelativeStatHF_AK4PFchs_v94LepPreJetVetoHemOnlyV2_JESPt22,v3BDT1tau2lV18_fakeTauDataDriven,140,0.3493471145629883,70,0.021472930908203125,210,0.3708200454711914,/publicfs/cms/user/huahuil/tauOfTTTT_NanoAOD/forMVA/2016preVFP/v1baselineHadroBtagWeightAdded_JESup_RelativeStatHF_AK4PFchs_v94LepPreJetVetoHemOnlyV2_JESPt22/mc/variableHists_v3BDT1tau2lV18_fakeTauDataDriven
2016preVFP,v1baselineHadroBtagWeightAdded_JESup_RelativePtBB_AK4PFchs_v94LepPreJetVetoHemOnly_JESPt22,v3BDT1tau2lV14,140,0.35341548919677734,70,0.0200042724609375,210,0.37341976165771484,/publicfs/cms/user/huahuil/tauOfTTTT_NanoAOD/forMVA/2016preVFP/v1baselineHadroBtagWeightAdded_JESup_RelativePtBB_AK4PFchs_v94LepPreJetVetoHemOnly_JESPt22/mc/variableHists_v3BDT1tau2lV14
2016preVFP,v1baselineHadroBtagWeightAdded_JESup_RelativePtBB_AK4PFchs_v94LepPreJetVetoHemOnly_JESPt22,v0BDT1tau2lV16,140,0.3450050354003906,70,0.0200042724609375,210,0.3650093078613281,/publicfs/cms/user/huahuil/tauOfTTTT_NanoAOD/forMVA/2016preVFP/v1baselineHadroBtagWeightAdded_JESup_RelativePtBB_AK4PFchs_v94LepPreJetVetoHemOnly_JESPt22/mc/variableHists_v0BDT1tau2lV16
2016preVFP,v1baselineHadroBtagWeightAdded_JESup_RelativeJEREC1_AK4PFchs_v94LepPreJetVetoHemOnlyV2_JESPt22,v5BDT1tau2l_tauFMorphFix,140,0.34880924224853516,70,0.020938873291015625,210,0.3697481155395508,/publicfs/cms/user/huahuil/tauOfTTTT_NanoAOD/forMVA/2016preVFP/v1baselineHadroBtagWeightAdded_JESup_RelativeJEREC1_AK4PFchs_v94LepPreJetVetoHemOnlyV2_JESPt22/mc/variableHists_v5BDT1tau2l_tauFMorphFix
2016preVFP,v1baselineHadroBtagWeightAdded_JESup_RelativeJEREC1_AK4PFchs_v94LepPreJetVetoHemOnlyV2_JESPt22,v4BDT1tau2lV18_fakeTauDataDriven,140,0.34934234619140625,70,0.021472930908203125,210,0.3708152770996094,/publicfs/cms/user/huahuil/tauOfTTTT_NanoAOD/forMVA/2016preVFP/v1baselineHadroBtagWeightAdded_JESup_RelativeJEREC1_AK4PFchs_v94LepPreJetVetoHemOnlyV2_JESPt22/mc/variableHists_v4BDT1tau2lV18_fakeTauDataDriven
2016preVFP,v1baselineHadroBtagWeightAdded_JESup_RelativeJEREC1_AK4PFchs_v94LepPreJetVetoHemOnlyV2_JESPt22,v3BDT1tau2lV18_fakeTauDataDriven,140,0.34934234619140625,70,0.021472930908203125,210,0.3708152770996094,/publicfs/cms/user/huahuil/tauOfTTTT_NanoAOD/forMVA/2016preVFP/v1baselineHadroBtagWeightAdded_JESup_RelativeJEREC1_AK4PFchs_v94LepPreJetVetoHemOnlyV2_JESPt22/mc/variableHists_v3BDT1tau2lV18_fakeTauDataDriven
2016preVFP,v1baselineHadroBtagWeightAdded_JESup_Fragmentation_AK4PFchs_v94LepPreJetVetoHemOnlyV2_JESPt22,v5BDT1tau2l_tauFMorphFix,140,0.3477964401245117,70,0.020872116088867188,210,0.3686685562133789,/publicfs/cms/user/huahuil/tauOfTTTT_NanoAOD/forMVA/2016preVFP/v1baselineHadroBtagWeightAdded_JESup_Fragmentation_AK4PFchs_v94LepPreJetVetoHemOnlyV2_JESPt22/mc/variableHists_v5BDT1tau2l_tauFMorphFix
2016preVFP,v1baselineHadroBtagWeightAdded_JESup_Fragmentation_AK4PFchs_v94LepPreJetVetoHemOnlyV2_JESPt22,v4BDT1tau2lV18_fakeTauDataDriven,140,0.3483419418334961,70,0.021406173706054688,210,0.3697481155395508,/publicfs/cms/user/huahuil/tauOfTTTT_NanoAOD/forMVA/2016preVFP/v1baselineHadroBtagWeightAdded_JESup_Fragmentation_AK4PFchs_v94LepPreJetVetoHemOnlyV2_JESPt22/mc/variableHists_v4BDT1tau2lV18_fakeTauDataDriven
2016preVFP,v1baselineHadroBtagWeightAdded_JESup_Fragmentation_AK4PFchs_v94LepPreJetVetoHemOnlyV2_JESPt22,v3BDT1tau2lV18_fakeTauDataDriven,140,0.34832191467285156,70,0.021406173706054688,210,0.36972808837890625,/publicfs/cms/user/huahuil/tauOfTTTT_NanoAOD/forMVA/2016preVFP/v1baselineHadroBtagWeightAdded_JESup_Fragmentation_AK4PFchs_v94LepPreJetVetoHemOnlyV2_JESPt22/mc/variableHists_v3BDT1tau2lV18_fakeTauDataDriven
2016preVFP,v1baselineHadroBtagWeightAdded_JESup_RelativeSample_AK4PFchs_v94LepPreJetVetoHemOnly_JESPt22,v3BDT1tau2lV14,140,0.3533439636230469,70,0.020137786865234375,210,0.37348175048828125,/publicfs/cms/user/huahuil/tauOfTTTT_NanoAOD/forMVA/2016preVFP/v1baselineHadroBtagWeightAdded_JESup_RelativeSample_AK4PFchs_v94LepPreJetVetoHemOnly_JESPt22/mc/variableHists_v3BDT1tau2lV14
2016preVFP,v1baselineHadroBtagWeightAdded_JESup_RelativeSample_AK4PFchs_v94LepPreJetVetoHemOnly_JESPt22,v0BDT1tau2lV16,140,0.34495067596435547,70,0.020137786865234375,210,0.36508846282958984,/publicfs/cms/user/huahuil/tauOfTTTT_NanoAOD/forMVA/2016preVFP/v1baselineHadroBtagWeightAdded_JESup_RelativeSample_AK4PFchs_v94LepPreJetVetoHemOnly_JESPt22/mc/variableHists_v0BDT1tau2lV16
2016preVFP,v0baselineHadro_v94HadroPreJetVetoHemOnly,v0BDT1tau0l,136,5.27891731262207,74,0.017467498779296875,210,5.296384811401367,/publicfs/cms/user/huahuil/tauOfTTTT_NanoAOD/forMVA/2016preVFP/v0baselineHadro_v94HadroPreJetVetoHemOnly/mc/variableHists_v0BDT1tau0l
2016preVFP,v0baselineHadro_v94HadroPreJetVetoHemOnly,v1DataMC_noHLTSF,136,0.19315242767333984,74,0.017820358276367188,210,0.21097278594970703,/publicfs/cms/user/huahuil/tauOfTTTT_NanoAOD/forMVA/2016preVFP/v0baselineHadro_v94HadroPreJetVetoHemOnly/mc/variableHists_v1DataMC_noHLTSF
2016preVFP,v0baselineHadro_v94HadroPreJetVetoHemOnly,v0DataMC_sysV2,136,5.435039520263672,74,0.017679214477539062,210,5.452718734741211,/publicfs/cms/user/huahuil/tauOfTTTT_NanoAOD/forMVA/2016preVFP/v0baselineHadro_v94HadroPreJetVetoHemOnly/mc/variableHists_v0DataMC_sysV2
2016preVFP,v0baselineHadro_v94HadroPreJetVetoHemOnly,v0DataMC_sys,136,5.434915542602539,74,0.017538070678710938,210,5.45245361328125,/publicfs/cms/user/huahuil/tauOfTTTT_NanoAOD/forMVA/2016preVFP/v0baselineHadro_v94HadroPreJetVetoHemOnly/mc/variableHists_v0DataMC_sys
2016preVFP,v0baselineHadro_v94HadroPreJetVetoHemOnly,v0BDT1tau1l,136,4.323841094970703,74,0.017467498779296875,210,4.34130859375,/publicfs/cms/user/huahuil/tauOfTTTT_NanoAOD/forMVA/2016preVFP/v0baselineHadro_v94HadroPreJetVetoHemOnly/mc/variableHists_v0BDT1tau1l
2016preVFP,v0baselineHadro_v94HadroPreJetVetoHemOnly,v1dataMC_fakeTauMC,136,0.2030181884765625,74,0.017961502075195312,210,0.2209796905517578,/publicfs/cms/user/huahuil/tauOfTTTT_NanoAOD/forMVA/2016preVFP/v0baselineHadro_v94HadroPreJetVetoHemOnly/mc/variableHists_v1dataMC_fakeTauMC
2016preVFP,v1baselineHadroBtagWeightAdded_JESup_RelativeStatFSR_AK4PFchs_v94LepPreJetVetoHemOnlyV2_JESPt22,v5BDT1tau2l_tauFMorphFix,140,0.3489408493041992,70,0.021005630493164062,210,0.3699464797973633,/publicfs/cms/user/huahuil/tauOfTTTT_NanoAOD/forMVA/2016preVFP/v1baselineHadroBtagWeightAdded_JESup_RelativeStatFSR_AK4PFchs_v94LepPreJetVetoHemOnlyV2_JESPt22/mc/variableHists_v5BDT1tau2l_tauFMorphFix
2016preVFP,v1baselineHadroBtagWeightAdded_JESup_RelativeStatFSR_AK4PFchs_v94LepPreJetVetoHemOnlyV2_JESPt22,v4BDT1tau2lV18_fakeTauDataDriven,140,0.3494749069213867,70,0.021539688110351562,210,0.3710145950317383,/publicfs/cms/user/huahuil/tauOfTTTT_NanoAOD/forMVA/2016preVFP/v1baselineHadroBtagWeightAdded_JESup_RelativeStatFSR_AK4PFchs_v94LepPreJetVetoHemOnlyV2_JESPt22/mc/variableHists_v4BDT1tau2lV18_fakeTauDataDriven
2016preVFP,v1baselineHadroBtagWeightAdded_JESup_RelativeStatFSR_AK4PFchs_v94LepPreJetVetoHemOnlyV2_JESPt22,v3BDT1tau2lV18_fakeTauDataDriven,140,0.3494749069213867,70,0.021539688110351562,210,0.3710145950317383,/publicfs/cms/user/huahuil/tauOfTTTT_NanoAOD/forMVA/2016preVFP/v1baselineHadroBtagWeightAdded_JESup_RelativeStatFSR_AK4PFchs_v94LepPreJetVetoHemOnlyV2_JESPt22/mc/variableHists_v3BDT1tau2lV18_fakeTauDataDriven
2016preVFP,v1baselineHadroBtagWeightAdded_JESup_FlavorPureCharm_AK4PFchs_v94LepPreJetVetoHemOnlyV2_JESPt22,v5BDT1tau2l_tauFMorphFix,140,0.34822845458984375,70,0.021005630493164062,210,0.3692340850830078,/publicfs/cms/user/huahuil/tauOfTTTT_NanoAOD/forMVA/2016preVFP/v1baselineHadroBtagWeightAdded_JESup_FlavorPureCharm_AK4PFchs_v94LepPreJetVetoHemOnlyV2_JESPt22/mc/variableHists_v5BDT1tau2l_tauFMorphFix
2016preVFP,v1baselineHadroBtagWeightAdded_JESup_FlavorPureCharm_AK4PFchs_v94LepPreJetVetoHemOnlyV2_JESPt22,v4BDT1tau2lV18_fakeTauDataDriven,140,0.34876155853271484,70,0.021539688110351562,210,0.3703012466430664,/publicfs/cms/user/huahuil/tauOfTTTT_NanoAOD/forMVA/2016preVFP/v1baselineHadroBtagWeightAdded_JESup_FlavorPureCharm_AK4PFchs_v94LepPreJetVetoHemOnlyV2_JESPt22/mc/variableHists_v4BDT1tau2lV18_fakeTauDataDriven
2016preVFP,v1baselineHadroBtagWeightAdded_JESup_FlavorPureCharm_AK4PFchs_v94LepPreJetVetoHemOnlyV2_JESPt22,v3BDT1tau2lV18_fakeTauDataDriven,140,0.34876155853271484,70,0.021539688110351562,210,0.3703012466430664,/publicfs/cms/user/huahuil/tauOfTTTT_NanoAOD/forMVA/2016preVFP/v1baselineHadroBtagWeightAdded_JESup_FlavorPureCharm_AK4PFchs_v94LepPreJetVetoHemOnlyV2_JESPt22/mc/variableHists_v3BDT1tau2lV18_fakeTauDataDriven
2016preVFP,v1baselineHadroBtagWeightAdded_JESup_SinglePionHCAL_AK4PFchs_v94LepPreJetVetoHemOnly_JESPt22,v3BDT1tau2lV14,140,0.35370826721191406,70,0.020137786865234375,210,0.37384605407714844,/publicfs/cms/user/huahuil/tauOfTTTT_NanoAOD/forMVA/2016preVFP/v1baselineHadroBtagWeightAdded_JESup_SinglePionHCAL_AK4PFchs_v94LepPreJetVetoHemOnly_JESPt22/mc/variableHists_v3BDT1tau2lV14
2016preVFP,v1baselineHadroBtagWeightAdded_JESup_SinglePionHCAL_AK4PFchs_v94LepPreJetVetoHemOnly_JESPt22,v0BDT1tau2lV16,140,0.34527111053466797,70,0.020137786865234375,210,0.36540889739990234,/publicfs/cms/user/huahuil/tauOfTTTT_NanoAOD/forMVA/2016preVFP/v1baselineHadroBtagWeightAdded_JESup_SinglePionHCAL_AK4PFchs_v94LepPreJetVetoHemOnly_JESPt22/mc/variableHists_v0BDT1tau2lV16
2016preVFP,v1baselineHadroBtagWeightAdded_JESup_RelativeJEREC2_AK4PFchs_v94LepPreJetVetoHemOnlyV2_JESPt22,v5BDT1tau2l_tauFMorphFix,140,0.34882640838623047,70,0.020938873291015625,210,0.3697652816772461,/publicfs/cms/user/huahuil/tauOfTTTT_NanoAOD/forMVA/2016preVFP/v1baselineHadroBtagWeightAdded_JESup_RelativeJEREC2_AK4PFchs_v94LepPreJetVetoHemOnlyV2_JESPt22/mc/variableHists_v5BDT1tau2l_tauFMorphFix
2016preVFP,v1baselineHadroBtagWeightAdded_JESup_RelativeJEREC2_AK4PFchs_v94LepPreJetVetoHemOnlyV2_JESPt22,v4BDT1tau2lV18_fakeTauDataDriven,140,0.3493518829345703,70,0.021472930908203125,210,0.37082481384277344,/publicfs/cms/user/huahuil/tauOfTTTT_NanoAOD/forMVA/2016preVFP/v1baselineHadroBtagWeightAdded_JESup_RelativeJEREC2_AK4PFchs_v94LepPreJetVetoHemOnlyV2_JESPt22/mc/variableHists_v4BDT1tau2lV18_fakeTauDataDriven
2016preVFP,v1baselineHadroBtagWeightAdded_JESup_RelativeJEREC2_AK4PFchs_v94LepPreJetVetoHemOnlyV2_JESPt22,v3BDT1tau2lV18_fakeTauDataDriven,140,0.34934425354003906,70,0.021472930908203125,210,0.3708171844482422,/publicfs/cms/user/huahuil/tauOfTTTT_NanoAOD/forMVA/2016preVFP/v1baselineHadroBtagWeightAdded_JESup_RelativeJEREC2_AK4PFchs_v94LepPreJetVetoHemOnlyV2_JESPt22/mc/variableHists_v3BDT1tau2lV18_fakeTauDataDriven
2016preVFP,v1baselineHadroBtagWeightAdded_JESup_RelativeStatFSR_AK4PFchs_v94LepPreJetVetoHemOnly_JESPt22,v3BDT1tau2lV14,140,0.35364723205566406,70,0.020204544067382812,210,0.3738517761230469,/publicfs/cms/user/huahuil/tauOfTTTT_NanoAOD/forMVA/2016preVFP/v1baselineHadroBtagWeightAdded_JESup_RelativeStatFSR_AK4PFchs_v94LepPreJetVetoHemOnly_JESPt22/mc/variableHists_v3BDT1tau2lV14
2016preVFP,v1baselineHadroBtagWeightAdded_JESup_RelativeStatFSR_AK4PFchs_v94LepPreJetVetoHemOnly_JESPt22,v0BDT1tau2lV16,140,0.34523773193359375,70,0.020204544067382812,210,0.36544227600097656,/publicfs/cms/user/huahuil/tauOfTTTT_NanoAOD/forMVA/2016preVFP/v1baselineHadroBtagWeightAdded_JESup_RelativeStatFSR_AK4PFchs_v94LepPreJetVetoHemOnly_JESPt22/mc/variableHists_v0BDT1tau2lV16
2016preVFP,v1baselineHadroBtagWeightAdded_JESup_TimePtEta_AK4PFchs_v94LepPreJetVetoHemOnlyV2_JESPt22,v5BDT1tau2l_tauFMorphFix,140,0.34813594818115234,70,0.020605087280273438,210,0.3687410354614258,/publicfs/cms/user/huahuil/tauOfTTTT_NanoAOD/forMVA/2016preVFP/v1baselineHadroBtagWeightAdded_JESup_TimePtEta_AK4PFchs_v94LepPreJetVetoHemOnlyV2_JESPt22/mc/variableHists_v5BDT1tau2l_tauFMorphFix
2016preVFP,v1baselineHadroBtagWeightAdded_JESup_TimePtEta_AK4PFchs_v94LepPreJetVetoHemOnlyV2_JESPt22,v4BDT1tau2lV18_fakeTauDataDriven,140,0.34867095947265625,70,0.021139144897460938,210,0.3698101043701172,/publicfs/cms/user/huahuil/tauOfTTTT_NanoAOD/forMVA/2016preVFP/v1baselineHadroBtagWeightAdded_JESup_TimePtEta_AK4PFchs_v94LepPreJetVetoHemOnlyV2_JESPt22/mc/variableHists_v4BDT1tau2lV18_fakeTauDataDriven
2016preVFP,v1baselineHadroBtagWeightAdded_JESup_TimePtEta_AK4PFchs_v94LepPreJetVetoHemOnlyV2_JESPt22,v3BDT1tau2lV18_fakeTauDataDriven,140,0.3486795425415039,70,0.021139144897460938,210,0.36981868743896484,/publicfs/cms/user/huahuil/tauOfTTTT_NanoAOD/forMVA/2016preVFP/v1baselineHadroBtagWeightAdded_JESup_TimePtEta_AK4PFchs_v94LepPreJetVetoHemOnlyV2_JESPt22/mc/variableHists_v3BDT1tau2lV18_fakeTauDataDriven
2016preVFP,v1baselineHadroBtagWeightAdded_JESup_FlavorPureGluon_AK4PFchs_v94LepPreJetVetoHemOnlyV2_JESPt22,v5BDT1tau2l_tauFMorphFix,140,0.34894847869873047,70,0.021005630493164062,210,0.36995410919189453,/publicfs/cms/user/huahuil/tauOfTTTT_NanoAOD/forMVA/2016preVFP/v1baselineHadroBtagWeightAdded_JESup_FlavorPureGluon_AK4PFchs_v94LepPreJetVetoHemOnlyV2_JESPt22/mc/variableHists_v5BDT1tau2l_tauFMorphFix
2016preVFP,v1baselineHadroBtagWeightAdded_JESup_FlavorPureGluon_AK4PFchs_v94LepPreJetVetoHemOnlyV2_JESPt22,v4BDT1tau2lV18_fakeTauDataDriven,140,0.3494720458984375,70,0.021539688110351562,210,0.37101173400878906,/publicfs/cms/user/huahuil/tauOfTTTT_NanoAOD/forMVA/2016preVFP/v1baselineHadroBtagWeightAdded_JESup_FlavorPureGluon_AK4PFchs_v94LepPreJetVetoHemOnlyV2_JESPt22/mc/variableHists_v4BDT1tau2lV18_fakeTauDataDriven
2016preVFP,v1baselineHadroBtagWeightAdded_JESup_FlavorPureGluon_AK4PFchs_v94LepPreJetVetoHemOnlyV2_JESPt22,v3BDT1tau2lV18_fakeTauDataDriven,140,0.3494729995727539,70,0.021539688110351562,210,0.37101268768310547,/publicfs/cms/user/huahuil/tauOfTTTT_NanoAOD/forMVA/2016preVFP/v1baselineHadroBtagWeightAdded_JESup_FlavorPureGluon_AK4PFchs_v94LepPreJetVetoHemOnlyV2_JESPt22/mc/variableHists_v3BDT1tau2lV18_fakeTauDataDriven
2016preVFP,v1baselineHadroBtagWeightAdded_JESup_RelativePtEC2_AK4PFchs_v94LepPreJetVetoHemOnlyV2_JESPt22,v5BDT1tau2l_tauFMorphFix,140,0.34867286682128906,70,0.020872116088867188,210,0.36954498291015625,/publicfs/cms/user/huahuil/tauOfTTTT_NanoAOD/forMVA/2016preVFP/v1baselineHadroBtagWeightAdded_JESup_RelativePtEC2_AK4PFchs_v94LepPreJetVetoHemOnlyV2_JESPt22/mc/variableHists_v5BDT1tau2l_tauFMorphFix
2016preVFP,v1baselineHadroBtagWeightAdded_JESup_RelativePtEC2_AK4PFchs_v94LepPreJetVetoHemOnlyV2_JESPt22,v4BDT1tau2lV18_fakeTauDataDriven,140,0.3492164611816406,70,0.021406173706054688,210,0.3706226348876953,/publicfs/cms/user/huahuil/tauOfTTTT_NanoAOD/forMVA/2016preVFP/v1baselineHadroBtagWeightAdded_JESup_RelativePtEC2_AK4PFchs_v94LepPreJetVetoHemOnlyV2_JESPt22/mc/variableHists_v4BDT1tau2lV18_fakeTauDataDriven
2016preVFP,v1baselineHadroBtagWeightAdded_JESup_RelativePtEC2_AK4PFchs_v94LepPreJetVetoHemOnlyV2_JESPt22,v3BDT1tau2lV18_fakeTauDataDriven,140,0.34920597076416016,70,0.021406173706054688,210,0.37061214447021484,/publicfs/cms/user/huahuil/tauOfTTTT_NanoAOD/forMVA/2016preVFP/v1baselineHadroBtagWeightAdded_JESup_RelativePtEC2_AK4PFchs_v94LepPreJetVetoHemOnlyV2_JESPt22/mc/variableHists_v3BDT1tau2lV18_fakeTauDataDriven
2016preVFP,v1baselineHadroBtagWeightAdded_JESup_RelativeBal_AK4PFchs_v94LepPreJetVetoHemOnlyV2_JESPt22,v5BDT1tau2l_tauFMorphFix,140,0.34841442108154297,70,0.020738601684570312,210,0.3691530227661133,/publicfs/cms/user/huahuil/tauOfTTTT_NanoAOD/forMVA/2016preVFP/v1baselineHadroBtagWeightAdded_JESup_RelativeBal_AK4PFchs_v94LepPreJetVetoHemOnlyV2_JESPt22/mc/variableHists_v5BDT1tau2l_tauFMorphFix
2016preVFP,v1baselineHadroBtagWeightAdded_JESup_RelativeBal_AK4PFchs_v94LepPreJetVetoHemOnlyV2_JESPt22,v4BDT1tau2lV18_fakeTauDataDriven,140,0.3489398956298828,70,0.021272659301757812,210,0.3702125549316406,/publicfs/cms/user/huahuil/tauOfTTTT_NanoAOD/forMVA/2016preVFP/v1baselineHadroBtagWeightAdded_JESup_RelativeBal_AK4PFchs_v94LepPreJetVetoHemOnlyV2_JESPt22/mc/variableHists_v4BDT1tau2lV18_fakeTauDataDriven
2016preVFP,v1baselineHadroBtagWeightAdded_JESup_RelativeBal_AK4PFchs_v94LepPreJetVetoHemOnlyV2_JESPt22,v3BDT1tau2lV18_fakeTauDataDriven,140,0.3489408493041992,70,0.021272659301757812,210,0.37021350860595703,/publicfs/cms/user/huahuil/tauOfTTTT_NanoAOD/forMVA/2016preVFP/v1baselineHadroBtagWeightAdded_JESup_RelativeBal_AK4PFchs_v94LepPreJetVetoHemOnlyV2_JESPt22/mc/variableHists_v3BDT1tau2lV18_fakeTauDataDriven
2016preVFP,v1baselineHadroBtagWeightAdded_JESup_FlavorPureBottom_AK4PFchs_v94LepPreJetVetoHemOnlyV2_JESPt22,v5BDT1tau2l_tauFMorphFix,140,0.3488950729370117,70,0.0210723876953125,210,0.3699674606323242,/publicfs/cms/user/huahuil/tauOfTTTT_NanoAOD/forMVA/2016preVFP/v1baselineHadroBtagWeightAdded_JESup_FlavorPureBottom_AK4PFchs_v94LepPreJetVetoHemOnlyV2_JESPt22/mc/variableHists_v5BDT1tau2l_tauFMorphFix
2016preVFP,v1baselineHadroBtagWeightAdded_JESup_FlavorPureBottom_AK4PFchs_v94LepPreJetVetoHemOnlyV2_JESPt22,v4BDT1tau2lV18_fakeTauDataDriven,140,0.3494281768798828,70,0.0216064453125,210,0.3710346221923828,/publicfs/cms/user/huahuil/tauOfTTTT_NanoAOD/forMVA/2016preVFP/v1baselineHadroBtagWeightAdded_JESup_FlavorPureBottom_AK4PFchs_v94LepPreJetVetoHemOnlyV2_JESPt22/mc/variableHists_v4BDT1tau2lV18_fakeTauDataDriven
2016preVFP,v1baselineHadroBtagWeightAdded_JESup_FlavorPureBottom_AK4PFchs_v94LepPreJetVetoHemOnlyV2_JESPt22,v3BDT1tau2lV18_fakeTauDataDriven,140,0.34943675994873047,70,0.0216064453125,210,0.37104320526123047,/publicfs/cms/user/huahuil/tauOfTTTT_NanoAOD/forMVA/2016preVFP/v1baselineHadroBtagWeightAdded_JESup_FlavorPureBottom_AK4PFchs_v94LepPreJetVetoHemOnlyV2_JESPt22/mc/variableHists_v3BDT1tau2lV18_fakeTauDataDriven
2016preVFP,v1baselineHadroBtagWeightAdded_JESup_AbsoluteStat_AK4PFchs_v94LepPreJetVetoHemOnlyV2_JESPt22,v5BDT1tau2l_tauFMorphFix,140,0.3485422134399414,70,0.02080535888671875,210,0.36934757232666016,/publicfs/cms/user/huahuil/tauOfTTTT_NanoAOD/forMVA/2016preVFP/v1baselineHadroBtagWeightAdded_JESup_AbsoluteStat_AK4PFchs_v94LepPreJetVetoHemOnlyV2_JESPt22/mc/variableHists_v5BDT1tau2l_tauFMorphFix
2016preVFP,v1baselineHadroBtagWeightAdded_JESup_AbsoluteStat_AK4PFchs_v94LepPreJetVetoHemOnlyV2_JESPt22,v4BDT1tau2lV18_fakeTauDataDriven,140,0.3490762710571289,70,0.02133941650390625,210,0.37041568756103516,/publicfs/cms/user/huahuil/tauOfTTTT_NanoAOD/forMVA/2016preVFP/v1baselineHadroBtagWeightAdded_JESup_AbsoluteStat_AK4PFchs_v94LepPreJetVetoHemOnlyV2_JESPt22/mc/variableHists_v4BDT1tau2lV18_fakeTauDataDriven
2016preVFP,v1baselineHadroBtagWeightAdded_JESup_AbsoluteStat_AK4PFchs_v94LepPreJetVetoHemOnlyV2_JESPt22,v3BDT1tau2lV18_fakeTauDataDriven,140,0.34908485412597656,70,0.02133941650390625,210,0.3704242706298828,/publicfs/cms/user/huahuil/tauOfTTTT_NanoAOD/forMVA/2016preVFP/v1baselineHadroBtagWeightAdded_JESup_AbsoluteStat_AK4PFchs_v94LepPreJetVetoHemOnlyV2_JESPt22/mc/variableHists_v3BDT1tau2lV18_fakeTauDataDriven
2016preVFP,v1baselineHadroBtagWeightAdded_JESup_SinglePionECAL_AK4PFchs_v94LepPreJetVetoHemOnly_JESPt22,v3BDT1tau2lV14,140,0.3536863327026367,70,0.020137786865234375,210,0.3738241195678711,/publicfs/cms/user/huahuil/tauOfTTTT_NanoAOD/forMVA/2016preVFP/v1baselineHadroBtagWeightAdded_JESup_SinglePionECAL_AK4PFchs_v94LepPreJetVetoHemOnly_JESPt22/mc/variableHists_v3BDT1tau2lV14
2016preVFP,v1baselineHadroBtagWeightAdded_JESup_SinglePionECAL_AK4PFchs_v94LepPreJetVetoHemOnly_JESPt22,v0BDT1tau2lV16,140,0.3452777862548828,70,0.020137786865234375,210,0.3654155731201172,/publicfs/cms/user/huahuil/tauOfTTTT_NanoAOD/forMVA/2016preVFP/v1baselineHadroBtagWeightAdded_JESup_SinglePionECAL_AK4PFchs_v94LepPreJetVetoHemOnly_JESPt22/mc/variableHists_v0BDT1tau2lV16
2016preVFP,v1baselineHadroBtagWeightAdded_JESup_AbsoluteMPFBias_AK4PFchs_v94LepPreJetVetoHemOnlyV2_JESPt22,v5BDT1tau2l_tauFMorphFix,140,0.3489408493041992,70,0.021005630493164062,210,0.3699464797973633,/publicfs/cms/user/huahuil/tauOfTTTT_NanoAOD/forMVA/2016preVFP/v1baselineHadroBtagWeightAdded_JESup_AbsoluteMPFBias_AK4PFchs_v94LepPreJetVetoHemOnlyV2_JESPt22/mc/variableHists_v5BDT1tau2l_tauFMorphFix
2016preVFP,v1baselineHadroBtagWeightAdded_JESup_AbsoluteMPFBias_AK4PFchs_v94LepPreJetVetoHemOnlyV2_JESPt22,v4BDT1tau2lV18_fakeTauDataDriven,140,0.35456085205078125,70,0.021539688110351562,210,0.3761005401611328,/publicfs/cms/user/huahuil/tauOfTTTT_NanoAOD/forMVA/2016preVFP/v1baselineHadroBtagWeightAdded_JESup_AbsoluteMPFBias_AK4PFchs_v94LepPreJetVetoHemOnlyV2_JESPt22/mc/variableHists_v4BDT1tau2lV18_fakeTauDataDriven
2016preVFP,v1baselineHadroBtagWeightAdded_JESup_AbsoluteMPFBias_AK4PFchs_v94LepPreJetVetoHemOnlyV2_JESPt22,v3BDT1tau2lV18_fakeTauDataDriven,140,0.3494749069213867,70,0.021539688110351562,210,0.3710145950317383,/publicfs/cms/user/huahuil/tauOfTTTT_NanoAOD/forMVA/2016preVFP/v1baselineHadroBtagWeightAdded_JESup_AbsoluteMPFBias_AK4PFchs_v94LepPreJetVetoHemOnlyV2_JESPt22/mc/variableHists_v3BDT1tau2lV18_fakeTauDataDriven
2017,v1baselineHadroBtagWeightAdded_v94HadroPreJetVetoHemOnly,v0BDT1tau1lAddMCFakeTV3,132,2.039133071899414,76,0.019593238830566406,208,2.0587263107299805,/publicfs/cms/user/huahuil/tauOfTTTT_NanoAOD/forMVA/2017/v1baselineHadroBtagWeightAdded_v94HadroPreJetVetoHemOnly/mc/variableHists_v0BDT1tau1lAddMCFakeTV3
2016postVFP,v1baselineHadroBtagWeightAdded_v94HadroPreJetVetoHemOnly,v0BDT1tau0l,136,3.0142459869384766,71,0.017968177795410156,207,3.0322141647338867,/publicfs/cms/user/huahuil/tauOfTTTT_NanoAOD/forMVA/2016postVFP/v1baselineHadroBtagWeightAdded_v94HadroPreJetVetoHemOnly/mc/variableHists_v0BDT1tau0l
2016postVFP,v1baselineHadroBtagWeightAdded_v94HadroPreJetVetoHemOnly,v3BDT1tau1lV18_fakeTauDataDriven,136,2.1620521545410156,71,0.019390106201171875,207,2.1814422607421875,/publicfs/cms/user/huahuil/tauOfTTTT_NanoAOD/forMVA/2016postVFP/v1baselineHadroBtagWeightAdded_v94HadroPreJetVetoHemOnly/mc/variableHists_v3BDT1tau1lV18_fakeTauDataDriven
2016postVFP,v1baselineHadroBtagWeightAdded_v94HadroPreJetVetoHemOnly,v0BDT1tau1lV16,136,2.1325111389160156,71,0.018171310424804688,207,2.1506824493408203,/publicfs/cms/user/huahuil/tauOfTTTT_NanoAOD/forMVA/2016postVFP/v1baselineHadroBtagWeightAdded_v94HadroPreJetVetoHemOnly/mc/variableHists_v0BDT1tau1lV16
2016postVFP,v1baselineHadroBtagWeightAdded_v94HadroPreJetVetoHemOnly,v0BDT1tau1lV17,136,2.1700878143310547,71,0.018171310424804688,207,2.1882591247558594,/publicfs/cms/user/huahuil/tauOfTTTT_NanoAOD/forMVA/2016postVFP/v1baselineHadroBtagWeightAdded_v94HadroPreJetVetoHemOnly/mc/variableHists_v0BDT1tau1lV17
2016postVFP,v1baselineHadroBtagWeightAdded_v94HadroPreJetVetoHemOnly,v0BDT1tau0lV17,136,3.0474233627319336,71,0.018171310424804688,207,3.0655946731567383,/publicfs/cms/user/huahuil/tauOfTTTT_NanoAOD/forMVA/2016postVFP/v1baselineHadroBtagWeightAdded_v94HadroPreJetVetoHemOnly/mc/variableHists_v0BDT1tau0lV17
2016postVFP,v1baselineHadroBtagWeightAdded_v94HadroPreJetVetoHemOnly,v1BDT1tau1lTestLeading7Remove1,136,2.1337718963623047,71,0.019254684448242188,207,2.153026580810547,/publicfs/cms/user/huahuil/tauOfTTTT_NanoAOD/forMVA/2016postVFP/v1baselineHadroBtagWeightAdded_v94HadroPreJetVetoHemOnly/mc/variableHists_v1BDT1tau1lTestLeading7Remove1
2016postVFP,v1baselineHadroBtagWeightAdded_v94HadroPreJetVetoHemOnly,v1BDT1tau1lTestLeading7,136,2.12994384765625,71,0.01878070831298828,207,2.1487245559692383,/publicfs/cms/user/huahuil/tauOfTTTT_NanoAOD/forMVA/2016postVFP/v1baselineHadroBtagWeightAdded_v94HadroPreJetVetoHemOnly/mc/variableHists_v1BDT1tau1lTestLeading7
2016postVFP,v1baselineHadroBtagWeightAdded_v94HadroPreJetVetoHemOnly,v1BDT1tau1lTestLeading7Remove2,136,2.13201904296875,71,0.019254684448242188,207,2.151273727416992,/publicfs/cms/user/huahuil/tauOfTTTT_NanoAOD/forMVA/2016postVFP/v1baselineHadroBtagWeightAdded_v94HadroPreJetVetoHemOnly/mc/variableHists_v1BDT1tau1lTestLeading7Remove2
2016postVFP,v1baselineHadroBtagWeightAdded_v94HadroPreJetVetoHemOnly,v8BDT1tau0l_refactorAndBtagNameFix,136,3.005335807800293,71,0.019796371459960938,207,3.025132179260254,/publicfs/cms/user/huahuil/tauOfTTTT_NanoAOD/forMVA/2016postVFP/v1baselineHadroBtagWeightAdded_v94HadroPreJetVetoHemOnly/mc/variableHists_v8BDT1tau0l_refactorAndBtagNameFix
2016postVFP,v1baselineHadroBtagWeightAdded_v94HadroPreJetVetoHemOnly,v0BDT1tau0lV16,136,3.0538673400878906,71,0.018171310424804688,207,3.0720386505126953,/publicfs/cms/user/huahuil/tauOfTTTT_NanoAOD/forMVA/2016postVFP/v1baselineHadroBtagWeightAdded_v94HadroPreJetVetoHemOnly/mc/variableHists_v0BDT1tau0lV16
2016postVFP,v1baselineHadroBtagWeightAdded_v94HadroPreJetVetoHemOnly,v5BDT1tau0l_tauFMorphFix,136,3.0480709075927734,71,0.018848419189453125,207,3.0669193267822266,/publicfs/cms/user/huahuil/tauOfTTTT_NanoAOD/forMVA/2016postVFP/v1baselineHadroBtagWeightAdded_v94HadroPreJetVetoHemOnly/mc/variableHists_v5BDT1tau0l_tauFMorphFix
2016postVFP,v0baselineHadro_v94HadroPreJetVetoHemOnly,v0BDT1tau0l,136,5.321751594543457,71,0.016798019409179688,207,5.338549613952637,/publicfs/cms/user/huahuil/tauOfTTTT_NanoAOD/forMVA/2016postVFP/v0baselineHadro_v94HadroPreJetVetoHemOnly/mc/variableHists_v0BDT1tau0l
2016postVFP,v0baselineHadro_v94HadroPreJetVetoHemOnly,v1DataMC_noHLTSF,136,0.19339370727539062,71,0.017136573791503906,207,0.21053028106689453,/publicfs/cms/user/huahuil/tauOfTTTT_NanoAOD/forMVA/2016postVFP/v0baselineHadro_v94HadroPreJetVetoHemOnly/mc/variableHists_v1DataMC_noHLTSF
2016postVFP,v0baselineHadro_v94HadroPreJetVetoHemOnly,v0DataMC_sysV2,136,5.479398727416992,71,0.01700115203857422,207,5.496399879455566,/publicfs/cms/user/huahuil/tauOfTTTT_NanoAOD/forMVA/2016postVFP/v0baselineHadro_v94HadroPreJetVetoHemOnly/mc/variableHists_v0DataMC_sysV2
2016postVFP,v0baselineHadro_v94HadroPreJetVetoHemOnly,v0DataMC_sys,136,5.479276657104492,71,0.01686573028564453,207,5.496142387390137,/publicfs/cms/user/huahuil/tauOfTTTT_NanoAOD/forMVA/2016postVFP/v0baselineHadro_v94HadroPreJetVetoHemOnly/mc/variableHists_v0DataMC_sys
2016postVFP,v0baselineHadro_v94HadroPreJetVetoHemOnly,v0BDT1tau1l,136,4.36054801940918,71,0.016798019409179688,207,4.377346038818359,/publicfs/cms/user/huahuil/tauOfTTTT_NanoAOD/forMVA/2016postVFP/v0baselineHadro_v94HadroPreJetVetoHemOnly/mc/variableHists_v0BDT1tau1l
2016postVFP,v0baselineHadro_v94HadroPreJetVetoHemOnly,v1dataMC_fakeTauMC,136,0.20325851440429688,71,0.017271995544433594,207,0.22053050994873047,/publicfs/cms/user/huahuil/tauOfTTTT_NanoAOD/forMVA/2016postVFP/v0baselineHadro_v94HadroPreJetVetoHemOnly/mc/variableHists_v1dataMC_fakeTauMC
2016preVFP,v1baselineHadroBtagWeightAdded_v94HadroPreJetVetoHemOnly,v0BDT1tau1lAddMCFakeTV3,132,2.119295120239258,72,0.01898956298828125,204,2.138284683227539,/publicfs/cms/user/huahuil/tauOfTTTT_NanoAOD/forMVA/2016preVFP/v1baselineHadroBtagWeightAdded_v94HadroPreJetVetoHemOnly/mc/variableHists_v0BDT1tau1lAddMCFakeTV3
2018,v0baselineHardro_v86HadroPreSelWithGammaRemoval,v0BDT1tau1l,202,2.796628952026367,0,0,202,2.796628952026367,/publicfs/cms/user/huahuil/tauOfTTTT_NanoAOD/forMVA/2018/v0baselineHardro_v86HadroPreSelWithGammaRemoval/mc/variableHists_v0BDT1tau1l
2016postVFP,v1baselineHadroBtagWeightAdded_v94HadroPreJetVetoHemOnly,v0BDT1tau1lAddMCFakeTV3,132,2.1364879608154297,69,0.018235206604003906,201,2.1547231674194336,/publicfs/cms/user/huahuil/tauOfTTTT_NanoAOD/forMVA/2016postVFP/v1baselineHadroBtagWeightAdded_v94HadroPreJetVetoHemOnly/mc/variableHists_v0BDT1tau1lAddMCFakeTV3
2018,v1baselineHadroBtagWeightAdded_JESup_SinglePionHCAL_AK4PFchs_v94HadroPreJetVetoHemOnly_JESPt22,v8BDT1tau1lV_refactorAndBtagNameFix,114,0.30613040924072266,57,0.017604827880859375,171,0.32373523712158203,/publicfs/cms/user/huahuil/tauOfTTTT_NanoAOD/forMVA/2018/v1baselineHadroBtagWeightAdded_JESup_SinglePionHCAL_AK4PFchs_v94HadroPreJetVetoHemOnly_JESPt22/mc/variableHists_v8BDT1tau1lV_refactorAndBtagNameFix
2018,v1baselineHadroBtagWeightAdded_JESup_SinglePionHCAL_AK4PFchs_v94HadroPreJetVetoHemOnly_JESPt22,v3BDT1tau1lV18_fakeTauDataDriven,114,0.3090667724609375,57,0.01722431182861328,171,0.3262910842895508,/publicfs/cms/user/huahuil/tauOfTTTT_NanoAOD/forMVA/2018/v1baselineHadroBtagWeightAdded_JESup_SinglePionHCAL_AK4PFchs_v94HadroPreJetVetoHemOnly_JESPt22/mc/variableHists_v3BDT1tau1lV18_fakeTauDataDriven
2018,v1baselineHadroBtagWeightAdded_JESup_SinglePionHCAL_AK4PFchs_v94HadroPreJetVetoHemOnly_JESPt22,v0BDT1tau0lV17,114,0.29027557373046875,57,0.01624584197998047,171,0.3065214157104492,/publicfs/cms/user/huahuil/tauOfTTTT_NanoAOD/forMVA/2018/v1baselineHadroBtagWeightAdded_JESup_SinglePionHCAL_AK4PFchs_v94HadroPreJetVetoHemOnly_JESPt22/mc/variableHists_v0BDT1tau0lV17
2018,v1baselineHadroBtagWeightAdded_JESup_SinglePionHCAL_AK4PFchs_v94HadroPreJetVetoHemOnly_JESPt22,v5BDT1tau0l_tauFMorphFix,114,0.29080772399902344,57,0.01678943634033203,171,0.30759716033935547,/publicfs/cms/user/huahuil/tauOfTTTT_NanoAOD/forMVA/2018/v1baselineHadroBtagWeightAdded_JESup_SinglePionHCAL_AK4PFchs_v94HadroPreJetVetoHemOnly_JESPt22/mc/variableHists_v5BDT1tau0l_tauFMorphFix
2018,v1baselineHadroBtagWeightAdded_JESup_RelativePtBB_AK4PFchs_v94HadroPreJetVetoHemOnly_JESPt22,v8BDT1tau1lV_refactorAndBtagNameFix,114,0.30591487884521484,57,0.017496109008789062,171,0.3234109878540039,/publicfs/cms/user/huahuil/tauOfTTTT_NanoAOD/forMVA/2018/v1baselineHadroBtagWeightAdded_JESup_RelativePtBB_AK4PFchs_v94HadroPreJetVetoHemOnly_JESPt22/mc/variableHists_v8BDT1tau1lV_refactorAndBtagNameFix
2018,v1baselineHadroBtagWeightAdded_JESup_RelativePtBB_AK4PFchs_v94HadroPreJetVetoHemOnly_JESPt22,v3BDT1tau1lV18_fakeTauDataDriven,114,0.3088541030883789,57,0.01711559295654297,171,0.3259696960449219,/publicfs/cms/user/huahuil/tauOfTTTT_NanoAOD/forMVA/2018/v1baselineHadroBtagWeightAdded_JESup_RelativePtBB_AK4PFchs_v94HadroPreJetVetoHemOnly_JESPt22/mc/variableHists_v3BDT1tau1lV18_fakeTauDataDriven
2018,v1baselineHadroBtagWeightAdded_JESup_RelativePtBB_AK4PFchs_v94HadroPreJetVetoHemOnly_JESPt22,v0BDT1tau0lV17,114,0.2900571823120117,57,0.016137123107910156,171,0.3061943054199219,/publicfs/cms/user/huahuil/tauOfTTTT_NanoAOD/forMVA/2018/v1baselineHadroBtagWeightAdded_JESup_RelativePtBB_AK4PFchs_v94HadroPreJetVetoHemOnly_JESPt22/mc/variableHists_v0BDT1tau0lV17
2018,v1baselineHadroBtagWeightAdded_JESup_RelativePtBB_AK4PFchs_v94HadroPreJetVetoHemOnly_JESPt22,v5BDT1tau0l_tauFMorphFix,114,0.29059410095214844,57,0.01668071746826172,171,0.30727481842041016,/publicfs/cms/user/huahuil/tauOfTTTT_NanoAOD/forMVA/2018/v1baselineHadroBtagWeightAdded_JESup_RelativePtBB_AK4PFchs_v94HadroPreJetVetoHemOnly_JESPt22/mc/variableHists_v5BDT1tau0l_tauFMorphFix
2018,v1baselineHadroBtagWeightAdded_JESup_RelativeBal_AK4PFchs_v94HadroPreJetVetoHemOnly_JESPt22,v8BDT1tau1lV_refactorAndBtagNameFix,114,0.3058176040649414,57,0.017441749572753906,171,0.3232593536376953,/publicfs/cms/user/huahuil/tauOfTTTT_NanoAOD/forMVA/2018/v1baselineHadroBtagWeightAdded_JESup_RelativeBal_AK4PFchs_v94HadroPreJetVetoHemOnly_JESPt22/mc/variableHists_v8BDT1tau1lV_refactorAndBtagNameFix
2018,v1baselineHadroBtagWeightAdded_JESup_RelativeBal_AK4PFchs_v94HadroPreJetVetoHemOnly_JESPt22,v3BDT1tau1lV18_fakeTauDataDriven,114,0.3087491989135742,57,0.017061233520507812,171,0.32581043243408203,/publicfs/cms/user/huahuil/tauOfTTTT_NanoAOD/forMVA/2018/v1baselineHadroBtagWeightAdded_JESup_RelativeBal_AK4PFchs_v94HadroPreJetVetoHemOnly_JESPt22/mc/variableHists_v3BDT1tau1lV18_fakeTauDataDriven
2018,v1baselineHadroBtagWeightAdded_JESup_RelativeBal_AK4PFchs_v94HadroPreJetVetoHemOnly_JESPt22,v0BDT1tau0lV17,114,0.2899513244628906,57,0.016082763671875,171,0.3060340881347656,/publicfs/cms/user/huahuil/tauOfTTTT_NanoAOD/forMVA/2018/v1baselineHadroBtagWeightAdded_JESup_RelativeBal_AK4PFchs_v94HadroPreJetVetoHemOnly_JESPt22/mc/variableHists_v0BDT1tau0lV17
2018,v1baselineHadroBtagWeightAdded_JESup_RelativeBal_AK4PFchs_v94HadroPreJetVetoHemOnly_JESPt22,v5BDT1tau0l_tauFMorphFix,114,0.2904853820800781,57,0.016626358032226562,171,0.3071117401123047,/publicfs/cms/user/huahuil/tauOfTTTT_NanoAOD/forMVA/2018/v1baselineHadroBtagWeightAdded_JESup_RelativeBal_AK4PFchs_v94HadroPreJetVetoHemOnly_JESPt22/mc/variableHists_v5BDT1tau0l_tauFMorphFix
2018,v1baselineHadroBtagWeightAdded_JESup_FlavorPureCharm_AK4PFchs_v94HadroPreJetVetoHemOnly_JESPt22,v8BDT1tau1lV_refactorAndBtagNameFix,114,0.30623435974121094,57,0.01765918731689453,171,0.32389354705810547,/publicfs/cms/user/huahuil/tauOfTTTT_NanoAOD/forMVA/2018/v1baselineHadroBtagWeightAdded_JESup_FlavorPureCharm_AK4PFchs_v94HadroPreJetVetoHemOnly_JESPt22/mc/variableHists_v8BDT1tau1lV_refactorAndBtagNameFix
2018,v1baselineHadroBtagWeightAdded_JESup_FlavorPureCharm_AK4PFchs_v94HadroPreJetVetoHemOnly_JESPt22,v3BDT1tau1lV18_fakeTauDataDriven,114,0.30918121337890625,57,0.017278671264648438,171,0.3264598846435547,/publicfs/cms/user/huahuil/tauOfTTTT_NanoAOD/forMVA/2018/v1baselineHadroBtagWeightAdded_JESup_FlavorPureCharm_AK4PFchs_v94HadroPreJetVetoHemOnly_JESPt22/mc/variableHists_v3BDT1tau1lV18_fakeTauDataDriven
2018,v1baselineHadroBtagWeightAdded_JESup_FlavorPureCharm_AK4PFchs_v94HadroPreJetVetoHemOnly_JESPt22,v0BDT1tau0lV17,114,0.2903757095336914,57,0.016300201416015625,171,0.30667591094970703,/publicfs/cms/user/huahuil/tauOfTTTT_NanoAOD/forMVA/2018/v1baselineHadroBtagWeightAdded_JESup_FlavorPureCharm_AK4PFchs_v94HadroPreJetVetoHemOnly_JESPt22/mc/variableHists_v0BDT1tau0lV17
2018,v1baselineHadroBtagWeightAdded_JESup_FlavorPureCharm_AK4PFchs_v94HadroPreJetVetoHemOnly_JESPt22,v5BDT1tau0l_tauFMorphFix,114,0.2909126281738281,57,0.016843795776367188,171,0.3077564239501953,/publicfs/cms/user/huahuil/tauOfTTTT_NanoAOD/forMVA/2018/v1baselineHadroBtagWeightAdded_JESup_FlavorPureCharm_AK4PFchs_v94HadroPreJetVetoHemOnly_JESPt22/mc/variableHists_v5BDT1tau0l_tauFMorphFix
2018,v1baselineHadroBtagWeightAdded_JESup_FlavorPureQuark_AK4PFchs_v94HadroPreJetVetoHemOnly_JESPt22,v8BDT1tau1lV_refactorAndBtagNameFix,114,0.30623435974121094,57,0.01765918731689453,171,0.32389354705810547,/publicfs/cms/user/huahuil/tauOfTTTT_NanoAOD/forMVA/2018/v1baselineHadroBtagWeightAdded_JESup_FlavorPureQuark_AK4PFchs_v94HadroPreJetVetoHemOnly_JESPt22/mc/variableHists_v8BDT1tau1lV_refactorAndBtagNameFix
2018,v1baselineHadroBtagWeightAdded_JESup_FlavorPureQuark_AK4PFchs_v94HadroPreJetVetoHemOnly_JESPt22,v3BDT1tau1lV18_fakeTauDataDriven,114,0.3091764450073242,57,0.017278671264648438,171,0.32645511627197266,/publicfs/cms/user/huahuil/tauOfTTTT_NanoAOD/forMVA/2018/v1baselineHadroBtagWeightAdded_JESup_FlavorPureQuark_AK4PFchs_v94HadroPreJetVetoHemOnly_JESPt22/mc/variableHists_v3BDT1tau1lV18_fakeTauDataDriven
2018,v1baselineHadroBtagWeightAdded_JESup_FlavorPureQuark_AK4PFchs_v94HadroPreJetVetoHemOnly_JESPt22,v0BDT1tau0lV17,114,0.29036808013916016,57,0.016300201416015625,171,0.3066682815551758,/publicfs/cms/user/huahuil/tauOfTTTT_NanoAOD/forMVA/2018/v1baselineHadroBtagWeightAdded_JESup_FlavorPureQuark_AK4PFchs_v94HadroPreJetVetoHemOnly_JESPt22/mc/variableHists_v0BDT1tau0lV17
2018,v1baselineHadroBtagWeightAdded_JESup_FlavorPureQuark_AK4PFchs_v94HadroPreJetVetoHemOnly_JESPt22,v5BDT1tau0l_tauFMorphFix,114,0.2909059524536133,57,0.016843795776367188,171,0.30774974822998047,/publicfs/cms/user/huahuil/tauOfTTTT_NanoAOD/forMVA/2018/v1baselineHadroBtagWeightAdded_JESup_FlavorPureQuark_AK4PFchs_v94HadroPreJetVetoHemOnly_JESPt22/mc/variableHists_v5BDT1tau0l_tauFMorphFix
2018,v1baselineHadroBtagWeightAdded_JESup_RelativePtEC2_AK4PFchs_v94HadroPreJetVetoHemOnly_JESPt22,v8BDT1tau1lV_refactorAndBtagNameFix,114,0.30602169036865234,57,0.01755046844482422,171,0.32357215881347656,/publicfs/cms/user/huahuil/tauOfTTTT_NanoAOD/forMVA/2018/v1baselineHadroBtagWeightAdded_JESup_RelativePtEC2_AK4PFchs_v94HadroPreJetVetoHemOnly_JESPt22/mc/variableHists_v8BDT1tau1lV_refactorAndBtagNameFix
2018,v1baselineHadroBtagWeightAdded_JESup_RelativePtEC2_AK4PFchs_v94HadroPreJetVetoHemOnly_JESPt22,v3BDT1tau1lV18_fakeTauDataDriven,114,0.3089637756347656,57,0.017169952392578125,171,0.32613372802734375,/publicfs/cms/user/huahuil/tauOfTTTT_NanoAOD/forMVA/2018/v1baselineHadroBtagWeightAdded_JESup_RelativePtEC2_AK4PFchs_v94HadroPreJetVetoHemOnly_JESPt22/mc/variableHists_v3BDT1tau1lV18_fakeTauDataDriven
2018,v1baselineHadroBtagWeightAdded_JESup_RelativePtEC2_AK4PFchs_v94HadroPreJetVetoHemOnly_JESPt22,v0BDT1tau0lV17,114,0.29016780853271484,57,0.016191482543945312,171,0.30635929107666016,/publicfs/cms/user/huahuil/tauOfTTTT_NanoAOD/forMVA/2018/v1baselineHadroBtagWeightAdded_JESup_RelativePtEC2_AK4PFchs_v94HadroPreJetVetoHemOnly_JESPt22/mc/variableHists_v0BDT1tau0lV17
2018,v1baselineHadroBtagWeightAdded_JESup_RelativePtEC2_AK4PFchs_v94HadroPreJetVetoHemOnly_JESPt22,v5BDT1tau0l_tauFMorphFix,114,0.29070186614990234,57,0.016735076904296875,171,0.3074369430541992,/publicfs/cms/user/huahuil/tauOfTTTT_NanoAOD/forMVA/2018/v1baselineHadroBtagWeightAdded_JESup_RelativePtEC2_AK4PFchs_v94HadroPreJetVetoHemOnly_JESPt22/mc/variableHists_v5BDT1tau0l_tauFMorphFix
2018,v1baselineHadroBtagWeightAdded_JESup_RelativeJERHF_AK4PFchs_v94HadroPreJetVetoHemOnly_JESPt22,v8BDT1tau1lV_refactorAndBtagNameFix,114,0.30602359771728516,57,0.01755046844482422,171,0.3235740661621094,/publicfs/cms/user/huahuil/tauOfTTTT_NanoAOD/forMVA/2018/v1baselineHadroBtagWeightAdded_JESup_RelativeJERHF_AK4PFchs_v94HadroPreJetVetoHemOnly_JESPt22/mc/variableHists_v8BDT1tau1lV_refactorAndBtagNameFix
2018,v1baselineHadroBtagWeightAdded_JESup_RelativeJERHF_AK4PFchs_v94HadroPreJetVetoHemOnly_JESPt22,v3BDT1tau1lV18_fakeTauDataDriven,114,0.30896472930908203,57,0.017169952392578125,171,0.32613468170166016,/publicfs/cms/user/huahuil/tauOfTTTT_NanoAOD/forMVA/2018/v1baselineHadroBtagWeightAdded_JESup_RelativeJERHF_AK4PFchs_v94HadroPreJetVetoHemOnly_JESPt22/mc/variableHists_v3BDT1tau1lV18_fakeTauDataDriven
2018,v1baselineHadroBtagWeightAdded_JESup_RelativeJERHF_AK4PFchs_v94HadroPreJetVetoHemOnly_JESPt22,v0BDT1tau0lV17,114,0.29016590118408203,57,0.016191482543945312,171,0.30635738372802734,/publicfs/cms/user/huahuil/tauOfTTTT_NanoAOD/forMVA/2018/v1baselineHadroBtagWeightAdded_JESup_RelativeJERHF_AK4PFchs_v94HadroPreJetVetoHemOnly_JESPt22/mc/variableHists_v0BDT1tau0lV17
2018,v1baselineHadroBtagWeightAdded_JESup_RelativeJERHF_AK4PFchs_v94HadroPreJetVetoHemOnly_JESPt22,v5BDT1tau0l_tauFMorphFix,114,0.2907066345214844,57,0.016735076904296875,171,0.30744171142578125,/publicfs/cms/user/huahuil/tauOfTTTT_NanoAOD/forMVA/2018/v1baselineHadroBtagWeightAdded_JESup_RelativeJERHF_AK4PFchs_v94HadroPreJetVetoHemOnly_JESPt22/mc/variableHists_v5BDT1tau0l_tauFMorphFix
2018,v1baselineHadroBtagWeightAdded_JESup_SinglePionECAL_AK4PFchs_v94HadroPreJetVetoHemOnly_JESPt22,v8BDT1tau1lV_refactorAndBtagNameFix,114,0.3061246871948242,57,0.017604827880859375,171,0.3237295150756836,/publicfs/cms/user/huahuil/tauOfTTTT_NanoAOD/forMVA/2018/v1baselineHadroBtagWeightAdded_JESup_SinglePionECAL_AK4PFchs_v94HadroPreJetVetoHemOnly_JESPt22/mc/variableHists_v8BDT1tau1lV_refactorAndBtagNameFix
2018,v1baselineHadroBtagWeightAdded_JESup_SinglePionECAL_AK4PFchs_v94HadroPreJetVetoHemOnly_JESPt22,v3BDT1tau1lV18_fakeTauDataDriven,114,0.3090629577636719,57,0.01722431182861328,171,0.32628726959228516,/publicfs/cms/user/huahuil/tauOfTTTT_NanoAOD/forMVA/2018/v1baselineHadroBtagWeightAdded_JESup_SinglePionECAL_AK4PFchs_v94HadroPreJetVetoHemOnly_JESPt22/mc/variableHists_v3BDT1tau1lV18_fakeTauDataDriven
2018,v1baselineHadroBtagWeightAdded_JESup_SinglePionECAL_AK4PFchs_v94HadroPreJetVetoHemOnly_JESPt22,v0BDT1tau0lV17,114,0.2902660369873047,57,0.01624584197998047,171,0.30651187896728516,/publicfs/cms/user/huahuil/tauOfTTTT_NanoAOD/forMVA/2018/v1baselineHadroBtagWeightAdded_JESup_SinglePionECAL_AK4PFchs_v94HadroPreJetVetoHemOnly_JESPt22/mc/variableHists_v0BDT1tau0lV17
2018,v1baselineHadroBtagWeightAdded_JESup_SinglePionECAL_AK4PFchs_v94HadroPreJetVetoHemOnly_JESPt22,v5BDT1tau0l_tauFMorphFix,114,0.2908039093017578,57,0.01678943634033203,171,0.30759334564208984,/publicfs/cms/user/huahuil/tauOfTTTT_NanoAOD/forMVA/2018/v1baselineHadroBtagWeightAdded_JESup_SinglePionECAL_AK4PFchs_v94HadroPreJetVetoHemOnly_JESPt22/mc/variableHists_v5BDT1tau0l_tauFMorphFix
2018,v1baselineHadroBtagWeightAdded_JESup_TimePtEta_AK4PFchs_v94HadroPreJetVetoHemOnly_JESPt22,v8BDT1tau1lV_refactorAndBtagNameFix,114,0.3055839538574219,57,0.017333030700683594,171,0.32291698455810547,/publicfs/cms/user/huahuil/tauOfTTTT_NanoAOD/forMVA/2018/v1baselineHadroBtagWeightAdded_JESup_TimePtEta_AK4PFchs_v94HadroPreJetVetoHemOnly_JESPt22/mc/variableHists_v8BDT1tau1lV_refactorAndBtagNameFix
2018,v1baselineHadroBtagWeightAdded_JESup_TimePtEta_AK4PFchs_v94HadroPreJetVetoHemOnly_JESPt22,v3BDT1tau1lV18_fakeTauDataDriven,114,0.30852413177490234,57,0.0169525146484375,171,0.32547664642333984,/publicfs/cms/user/huahuil/tauOfTTTT_NanoAOD/forMVA/2018/v1baselineHadroBtagWeightAdded_JESup_TimePtEta_AK4PFchs_v94HadroPreJetVetoHemOnly_JESPt22/mc/variableHists_v3BDT1tau1lV18_fakeTauDataDriven
2018,v1baselineHadroBtagWeightAdded_JESup_TimePtEta_AK4PFchs_v94HadroPreJetVetoHemOnly_JESPt22,v0BDT1tau0lV17,114,0.28973865509033203,57,0.015974044799804688,171,0.3057126998901367,/publicfs/cms/user/huahuil/tauOfTTTT_NanoAOD/forMVA/2018/v1baselineHadroBtagWeightAdded_JESup_TimePtEta_AK4PFchs_v94HadroPreJetVetoHemOnly_JESPt22/mc/variableHists_v0BDT1tau0lV17
2018,v1baselineHadroBtagWeightAdded_JESup_TimePtEta_AK4PFchs_v94HadroPreJetVetoHemOnly_JESPt22,v5BDT1tau0l_tauFMorphFix,114,0.2902841567993164,57,0.01651763916015625,171,0.30680179595947266,/publicfs/cms/user/huahuil/tauOfTTTT_NanoAOD/forMVA/2018/v1baselineHadroBtagWeightAdded_JESup_TimePtEta_AK4PFchs_v94HadroPreJetVetoHemOnly_JESPt22/mc/variableHists_v5BDT1tau0l_tauFMorphFix
2018,v1baselineHadroBtagWeightAdded_JESup_FlavorPureGluon_AK4PFchs_v94HadroPreJetVetoHemOnly_JESPt22,v8BDT1tau1lV_refactorAndBtagNameFix,114,0.3062419891357422,57,0.01765918731689453,171,0.3239011764526367,/publicfs/cms/user/huahuil/tauOfTTTT_NanoAOD/forMVA/2018/v1baselineHadroBtagWeightAdded_JESup_FlavorPureGluon_AK4PFchs_v94HadroPreJetVetoHemOnly_JESPt22/mc/variableHists_v8BDT1tau1lV_refactorAndBtagNameFix
2018,v1baselineHadroBtagWeightAdded_JESup_FlavorPureGluon_AK4PFchs_v94HadroPreJetVetoHemOnly_JESPt22,v3BDT1tau1lV18_fakeTauDataDriven,114,0.3091878890991211,57,0.017278671264648438,171,0.32646656036376953,/publicfs/cms/user/huahuil/tauOfTTTT_NanoAOD/forMVA/2018/v1baselineHadroBtagWeightAdded_JESup_FlavorPureGluon_AK4PFchs_v94HadroPreJetVetoHemOnly_JESPt22/mc/variableHists_v3BDT1tau1lV18_fakeTauDataDriven
2018,v1baselineHadroBtagWeightAdded_JESup_FlavorPureGluon_AK4PFchs_v94HadroPreJetVetoHemOnly_JESPt22,v0BDT1tau0lV17,114,0.2903928756713867,57,0.016300201416015625,171,0.30669307708740234,/publicfs/cms/user/huahuil/tauOfTTTT_NanoAOD/forMVA/2018/v1baselineHadroBtagWeightAdded_JESup_FlavorPureGluon_AK4PFchs_v94HadroPreJetVetoHemOnly_JESPt22/mc/variableHists_v0BDT1tau0lV17
2018,v1baselineHadroBtagWeightAdded_JESup_FlavorPureGluon_AK4PFchs_v94HadroPreJetVetoHemOnly_JESPt22,v5BDT1tau0l_tauFMorphFix,114,0.290924072265625,57,0.016843795776367188,171,0.3077678680419922,/publicfs/cms/user/huahuil/tauOfTTTT_NanoAOD/forMVA/2018/v1baselineHadroBtagWeightAdded_JESup_FlavorPureGluon_AK4PFchs_v94HadroPreJetVetoHemOnly_JESPt22/mc/variableHists_v5BDT1tau0l_tauFMorphFix
2018,v1baselineHadroBtagWeightAdded_JESup_AbsoluteStat_AK4PFchs_v94HadroPreJetVetoHemOnly_JESPt22,v8BDT1tau1lV_refactorAndBtagNameFix,114,0.3059091567993164,57,0.017496109008789062,171,0.32340526580810547,/publicfs/cms/user/huahuil/tauOfTTTT_NanoAOD/forMVA/2018/v1baselineHadroBtagWeightAdded_JESup_AbsoluteStat_AK4PFchs_v94HadroPreJetVetoHemOnly_JESPt22/mc/variableHists_v8BDT1tau1lV_refactorAndBtagNameFix
2018,v1baselineHadroBtagWeightAdded_JESup_AbsoluteStat_AK4PFchs_v94HadroPreJetVetoHemOnly_JESPt22,v3BDT1tau1lV18_fakeTauDataDriven,114,0.3088493347167969,57,0.01711559295654297,171,0.32596492767333984,/publicfs/cms/user/huahuil/tauOfTTTT_NanoAOD/forMVA/2018/v1baselineHadroBtagWeightAdded_JESup_AbsoluteStat_AK4PFchs_v94HadroPreJetVetoHemOnly_JESPt22/mc/variableHists_v3BDT1tau1lV18_fakeTauDataDriven
2018,v1baselineHadroBtagWeightAdded_JESup_AbsoluteStat_AK4PFchs_v94HadroPreJetVetoHemOnly_JESPt22,v0BDT1tau0lV17,114,0.2900571823120117,57,0.016137123107910156,171,0.3061943054199219,/publicfs/cms/user/huahuil/tauOfTTTT_NanoAOD/forMVA/2018/v1baselineHadroBtagWeightAdded_JESup_AbsoluteStat_AK4PFchs_v94HadroPreJetVetoHemOnly_JESPt22/mc/variableHists_v0BDT1tau0lV17
2018,v1baselineHadroBtagWeightAdded_JESup_AbsoluteStat_AK4PFchs_v94HadroPreJetVetoHemOnly_JESPt22,v5BDT1tau0l_tauFMorphFix,114,0.2905893325805664,57,0.01668071746826172,171,0.3072700500488281,/publicfs/cms/user/huahuil/tauOfTTTT_NanoAOD/forMVA/2018/v1baselineHadroBtagWeightAdded_JESup_AbsoluteStat_AK4PFchs_v94HadroPreJetVetoHemOnly_JESPt22/mc/variableHists_v5BDT1tau0l_tauFMorphFix
2018,v1baselineHadroBtagWeightAdded_JESup_RelativeSample_AK4PFchs_v94HadroPreJetVetoHemOnly_JESPt22,v8BDT1tau1lV_refactorAndBtagNameFix,114,0.30614566802978516,57,0.017604827880859375,171,0.32375049591064453,/publicfs/cms/user/huahuil/tauOfTTTT_NanoAOD/forMVA/2018/v1baselineHadroBtagWeightAdded_JESup_RelativeSample_AK4PFchs_v94HadroPreJetVetoHemOnly_JESPt22/mc/variableHists_v8BDT1tau1lV_refactorAndBtagNameFix
2018,v1baselineHadroBtagWeightAdded_JESup_RelativeSample_AK4PFchs_v94HadroPreJetVetoHemOnly_JESPt22,v3BDT1tau1lV18_fakeTauDataDriven,114,0.30907154083251953,57,0.01722431182861328,171,0.3262958526611328,/publicfs/cms/user/huahuil/tauOfTTTT_NanoAOD/forMVA/2018/v1baselineHadroBtagWeightAdded_JESup_RelativeSample_AK4PFchs_v94HadroPreJetVetoHemOnly_JESPt22/mc/variableHists_v3BDT1tau1lV18_fakeTauDataDriven
2018,v1baselineHadroBtagWeightAdded_JESup_RelativeSample_AK4PFchs_v94HadroPreJetVetoHemOnly_JESPt22,v0BDT1tau0lV17,114,0.2902812957763672,57,0.01624584197998047,171,0.30652713775634766,/publicfs/cms/user/huahuil/tauOfTTTT_NanoAOD/forMVA/2018/v1baselineHadroBtagWeightAdded_JESup_RelativeSample_AK4PFchs_v94HadroPreJetVetoHemOnly_JESPt22/mc/variableHists_v0BDT1tau0lV17
2018,v1baselineHadroBtagWeightAdded_JESup_RelativeSample_AK4PFchs_v94HadroPreJetVetoHemOnly_JESPt22,v5BDT1tau0l_tauFMorphFix,114,0.29081153869628906,57,0.01678943634033203,171,0.3076009750366211,/publicfs/cms/user/huahuil/tauOfTTTT_NanoAOD/forMVA/2018/v1baselineHadroBtagWeightAdded_JESup_RelativeSample_AK4PFchs_v94HadroPreJetVetoHemOnly_JESPt22/mc/variableHists_v5BDT1tau0l_tauFMorphFix
2018,v1baselineHadroBtagWeightAdded_JESup_RelativePtHF_AK4PFchs_v94HadroPreJetVetoHemOnly_JESPt22,v8BDT1tau1lV_refactorAndBtagNameFix,114,0.30591297149658203,57,0.017496109008789062,171,0.3234090805053711,/publicfs/cms/user/huahuil/tauOfTTTT_NanoAOD/forMVA/2018/v1baselineHadroBtagWeightAdded_JESup_RelativePtHF_AK4PFchs_v94HadroPreJetVetoHemOnly_JESPt22/mc/variableHists_v8BDT1tau1lV_refactorAndBtagNameFix
2018,v1baselineHadroBtagWeightAdded_JESup_RelativePtHF_AK4PFchs_v94HadroPreJetVetoHemOnly_JESPt22,v3BDT1tau1lV18_fakeTauDataDriven,114,0.3088550567626953,57,0.01711559295654297,171,0.3259706497192383,/publicfs/cms/user/huahuil/tauOfTTTT_NanoAOD/forMVA/2018/v1baselineHadroBtagWeightAdded_JESup_RelativePtHF_AK4PFchs_v94HadroPreJetVetoHemOnly_JESPt22/mc/variableHists_v3BDT1tau1lV18_fakeTauDataDriven
2018,v1baselineHadroBtagWeightAdded_JESup_RelativePtHF_AK4PFchs_v94HadroPreJetVetoHemOnly_JESPt22,v0BDT1tau0lV17,114,0.29006004333496094,57,0.016137123107910156,171,0.3061971664428711,/publicfs/cms/user/huahuil/tauOfTTTT_NanoAOD/forMVA/2018/v1baselineHadroBtagWeightAdded_JESup_RelativePtHF_AK4PFchs_v94HadroPreJetVetoHemOnly_JESPt22/mc/variableHists_v0BDT1tau0lV17
2018,v1baselineHadroBtagWeightAdded_JESup_RelativePtHF_AK4PFchs_v94HadroPreJetVetoHemOnly_JESPt22,v5BDT1tau0l_tauFMorphFix,114,0.29059410095214844,57,0.01668071746826172,171,0.30727481842041016,/publicfs/cms/user/huahuil/tauOfTTTT_NanoAOD/forMVA/2018/v1baselineHadroBtagWeightAdded_JESup_RelativePtHF_AK4PFchs_v94HadroPreJetVetoHemOnly_JESPt22/mc/variableHists_v5BDT1tau0l_tauFMorphFix
2018,v1baselineHadroBtagWeightAdded_JESup_RelativeStatHF_AK4PFchs_v94HadroPreJetVetoHemOnly_JESPt22,v8BDT1tau1lV_refactorAndBtagNameFix,114,0.3061332702636719,57,0.017604827880859375,171,0.32373809814453125,/publicfs/cms/user/huahuil/tauOfTTTT_NanoAOD/forMVA/2018/v1baselineHadroBtagWeightAdded_JESup_RelativeStatHF_AK4PFchs_v94HadroPreJetVetoHemOnly_JESPt22/mc/variableHists_v8BDT1tau1lV_refactorAndBtagNameFix
2018,v1baselineHadroBtagWeightAdded_JESup_RelativeStatHF_AK4PFchs_v94HadroPreJetVetoHemOnly_JESPt22,v3BDT1tau1lV18_fakeTauDataDriven,114,0.3090677261352539,57,0.01722431182861328,171,0.3262920379638672,/publicfs/cms/user/huahuil/tauOfTTTT_NanoAOD/forMVA/2018/v1baselineHadroBtagWeightAdded_JESup_RelativeStatHF_AK4PFchs_v94HadroPreJetVetoHemOnly_JESPt22/mc/variableHists_v3BDT1tau1lV18_fakeTauDataDriven
2018,v1baselineHadroBtagWeightAdded_JESup_RelativeStatHF_AK4PFchs_v94HadroPreJetVetoHemOnly_JESPt22,v0BDT1tau0lV17,114,0.29027652740478516,57,0.01624584197998047,171,0.3065223693847656,/publicfs/cms/user/huahuil/tauOfTTTT_NanoAOD/forMVA/2018/v1baselineHadroBtagWeightAdded_JESup_RelativeStatHF_AK4PFchs_v94HadroPreJetVetoHemOnly_JESPt22/mc/variableHists_v0BDT1tau0lV17
2018,v1baselineHadroBtagWeightAdded_JESup_RelativeStatHF_AK4PFchs_v94HadroPreJetVetoHemOnly_JESPt22,v5BDT1tau0l_tauFMorphFix,114,0.29080867767333984,57,0.01678943634033203,171,0.3075981140136719,/publicfs/cms/user/huahuil/tauOfTTTT_NanoAOD/forMVA/2018/v1baselineHadroBtagWeightAdded_JESup_RelativeStatHF_AK4PFchs_v94HadroPreJetVetoHemOnly_JESPt22/mc/variableHists_v5BDT1tau0l_tauFMorphFix
2018,v1baselineHadroBtagWeightAdded_JESup_AbsoluteScale_AK4PFchs_v94HadroPreJetVetoHemOnly_JESPt22,v8BDT1tau1lV_refactorAndBtagNameFix,114,0.30602550506591797,57,0.01755046844482422,171,0.3235759735107422,/publicfs/cms/user/huahuil/tauOfTTTT_NanoAOD/forMVA/2018/v1baselineHadroBtagWeightAdded_JESup_AbsoluteScale_AK4PFchs_v94HadroPreJetVetoHemOnly_JESPt22/mc/variableHists_v8BDT1tau1lV_refactorAndBtagNameFix
2018,v1baselineHadroBtagWeightAdded_JESup_AbsoluteScale_AK4PFchs_v94HadroPreJetVetoHemOnly_JESPt22,v3BDT1tau1lV18_fakeTauDataDriven,114,0.30896472930908203,57,0.017169952392578125,171,0.32613468170166016,/publicfs/cms/user/huahuil/tauOfTTTT_NanoAOD/forMVA/2018/v1baselineHadroBtagWeightAdded_JESup_AbsoluteScale_AK4PFchs_v94HadroPreJetVetoHemOnly_JESPt22/mc/variableHists_v3BDT1tau1lV18_fakeTauDataDriven
2018,v1baselineHadroBtagWeightAdded_JESup_AbsoluteScale_AK4PFchs_v94HadroPreJetVetoHemOnly_JESPt22,v0BDT1tau0lV17,114,0.2901725769042969,57,0.016191482543945312,171,0.3063640594482422,/publicfs/cms/user/huahuil/tauOfTTTT_NanoAOD/forMVA/2018/v1baselineHadroBtagWeightAdded_JESup_AbsoluteScale_AK4PFchs_v94HadroPreJetVetoHemOnly_JESPt22/mc/variableHists_v0BDT1tau0lV17
2018,v1baselineHadroBtagWeightAdded_JESup_AbsoluteScale_AK4PFchs_v94HadroPreJetVetoHemOnly_JESPt22,v5BDT1tau0l_tauFMorphFix,114,0.2906951904296875,57,0.016735076904296875,171,0.3074302673339844,/publicfs/cms/user/huahuil/tauOfTTTT_NanoAOD/forMVA/2018/v1baselineHadroBtagWeightAdded_JESup_AbsoluteScale_AK4PFchs_v94HadroPreJetVetoHemOnly_JESPt22/mc/variableHists_v5BDT1tau0l_tauFMorphFix
2018,v1baselineHadroBtagWeightAdded_JESup_Fragmentation_AK4PFchs_v94HadroPreJetVetoHemOnly_JESPt22,v8BDT1tau1lV_refactorAndBtagNameFix,114,0.30601978302001953,57,0.01755046844482422,171,0.32357025146484375,/publicfs/cms/user/huahuil/tauOfTTTT_NanoAOD/forMVA/2018/v1baselineHadroBtagWeightAdded_JESup_Fragmentation_AK4PFchs_v94HadroPreJetVetoHemOnly_JESPt22/mc/variableHists_v8BDT1tau1lV_refactorAndBtagNameFix
2018,v1baselineHadroBtagWeightAdded_JESup_Fragmentation_AK4PFchs_v94HadroPreJetVetoHemOnly_JESPt22,v3BDT1tau1lV18_fakeTauDataDriven,114,0.30896854400634766,57,0.017169952392578125,171,0.3261384963989258,/publicfs/cms/user/huahuil/tauOfTTTT_NanoAOD/forMVA/2018/v1baselineHadroBtagWeightAdded_JESup_Fragmentation_AK4PFchs_v94HadroPreJetVetoHemOnly_JESPt22/mc/variableHists_v3BDT1tau1lV18_fakeTauDataDriven
2018,v1baselineHadroBtagWeightAdded_JESup_Fragmentation_AK4PFchs_v94HadroPreJetVetoHemOnly_JESPt22,v0BDT1tau0lV17,114,0.2901582717895508,57,0.016191482543945312,171,0.3063497543334961,/publicfs/cms/user/huahuil/tauOfTTTT_NanoAOD/forMVA/2018/v1baselineHadroBtagWeightAdded_JESup_Fragmentation_AK4PFchs_v94HadroPreJetVetoHemOnly_JESPt22/mc/variableHists_v0BDT1tau0lV17
2018,v1baselineHadroBtagWeightAdded_JESup_Fragmentation_AK4PFchs_v94HadroPreJetVetoHemOnly_JESPt22,v5BDT1tau0l_tauFMorphFix,114,0.29069042205810547,57,0.016735076904296875,171,0.30742549896240234,/publicfs/cms/user/huahuil/tauOfTTTT_NanoAOD/forMVA/2018/v1baselineHadroBtagWeightAdded_JESup_Fragmentation_AK4PFchs_v94HadroPreJetVetoHemOnly_JESPt22/mc/variableHists_v5BDT1tau0l_tauFMorphFix
2018,v1baselineHadroBtagWeightAdded_JESup_RelativeStatEC_AK4PFchs_v94HadroPreJetVetoHemOnly_JESPt22,v8BDT1tau1lV_refactorAndBtagNameFix,114,0.3061237335205078,57,0.017604827880859375,171,0.3237285614013672,/publicfs/cms/user/huahuil/tauOfTTTT_NanoAOD/forMVA/2018/v1baselineHadroBtagWeightAdded_JESup_RelativeStatEC_AK4PFchs_v94HadroPreJetVetoHemOnly_JESPt22/mc/variableHists_v8BDT1tau1lV_refactorAndBtagNameFix
2018,v1baselineHadroBtagWeightAdded_JESup_RelativeStatEC_AK4PFchs_v94HadroPreJetVetoHemOnly_JESPt22,v3BDT1tau1lV18_fakeTauDataDriven,114,0.30905818939208984,57,0.01722431182861328,171,0.3262825012207031,/publicfs/cms/user/huahuil/tauOfTTTT_NanoAOD/forMVA/2018/v1baselineHadroBtagWeightAdded_JESup_RelativeStatEC_AK4PFchs_v94HadroPreJetVetoHemOnly_JESPt22/mc/variableHists_v3BDT1tau1lV18_fakeTauDataDriven
2018,v1baselineHadroBtagWeightAdded_JESup_RelativeStatEC_AK4PFchs_v94HadroPreJetVetoHemOnly_JESPt22,v0BDT1tau0lV17,114,0.2902669906616211,57,0.01624584197998047,171,0.30651283264160156,/publicfs/cms/user/huahuil/tauOfTTTT_NanoAOD/forMVA/2018/v1baselineHadroBtagWeightAdded_JESup_RelativeStatEC_AK4PFchs_v94HadroPreJetVetoHemOnly_JESPt22/mc/variableHists_v0BDT1tau0lV17
2018,v1baselineHadroBtagWeightAdded_JESup_RelativeStatEC_AK4PFchs_v94HadroPreJetVetoHemOnly_JESPt22,v5BDT1tau0l_tauFMorphFix,114,0.290802001953125,57,0.01678943634033203,171,0.30759143829345703,/publicfs/cms/user/huahuil/tauOfTTTT_NanoAOD/forMVA/2018/v1baselineHadroBtagWeightAdded_JESup_RelativeStatEC_AK4PFchs_v94HadroPreJetVetoHemOnly_JESPt22/mc/variableHists_v5BDT1tau0l_tauFMorphFix
2018,v1baselineHadroBtagWeightAdded_JESup_RelativeJEREC1_AK4PFchs_v94HadroPreJetVetoHemOnly_JESPt22,v8BDT1tau1lV_refactorAndBtagNameFix,114,0.30613040924072266,57,0.017604827880859375,171,0.32373523712158203,/publicfs/cms/user/huahuil/tauOfTTTT_NanoAOD/forMVA/2018/v1baselineHadroBtagWeightAdded_JESup_RelativeJEREC1_AK4PFchs_v94HadroPreJetVetoHemOnly_JESPt22/mc/variableHists_v8BDT1tau1lV_refactorAndBtagNameFix
2018,v1baselineHadroBtagWeightAdded_JESup_RelativeJEREC1_AK4PFchs_v94HadroPreJetVetoHemOnly_JESPt22,v3BDT1tau1lV18_fakeTauDataDriven,114,0.3090686798095703,57,0.01722431182861328,171,0.3262929916381836,/publicfs/cms/user/huahuil/tauOfTTTT_NanoAOD/forMVA/2018/v1baselineHadroBtagWeightAdded_JESup_RelativeJEREC1_AK4PFchs_v94HadroPreJetVetoHemOnly_JESPt22/mc/variableHists_v3BDT1tau1lV18_fakeTauDataDriven
2018,v1baselineHadroBtagWeightAdded_JESup_RelativeJEREC1_AK4PFchs_v94HadroPreJetVetoHemOnly_JESPt22,v0BDT1tau0lV17,114,0.2902698516845703,57,0.01624584197998047,171,0.3065156936645508,/publicfs/cms/user/huahuil/tauOfTTTT_NanoAOD/forMVA/2018/v1baselineHadroBtagWeightAdded_JESup_RelativeJEREC1_AK4PFchs_v94HadroPreJetVetoHemOnly_JESPt22/mc/variableHists_v0BDT1tau0lV17
2018,v1baselineHadroBtagWeightAdded_JESup_RelativeJEREC1_AK4PFchs_v94HadroPreJetVetoHemOnly_JESPt22,v5BDT1tau0l_tauFMorphFix,114,0.29080677032470703,57,0.01678943634033203,171,0.30759620666503906,/publicfs/cms/user/huahuil/tauOfTTTT_NanoAOD/forMVA/2018/v1baselineHadroBtagWeightAdded_JESup_RelativeJEREC1_AK4PFchs_v94HadroPreJetVetoHemOnly_JESPt22/mc/variableHists_v5BDT1tau0l_tauFMorphFix
2018,v1baselineHadroBtagWeightAdded_JESup_AbsoluteMPFBias_AK4PFchs_v94HadroPreJetVetoHemOnly_JESPt22,v8BDT1tau1lV_refactorAndBtagNameFix,114,0.30623912811279297,57,0.01765918731689453,171,0.3238983154296875,/publicfs/cms/user/huahuil/tauOfTTTT_NanoAOD/forMVA/2018/v1baselineHadroBtagWeightAdded_JESup_AbsoluteMPFBias_AK4PFchs_v94HadroPreJetVetoHemOnly_JESPt22/mc/variableHists_v8BDT1tau1lV_refactorAndBtagNameFix
2018,v1baselineHadroBtagWeightAdded_JESup_AbsoluteMPFBias_AK4PFchs_v94HadroPreJetVetoHemOnly_JESPt22,v3BDT1tau1lV18_fakeTauDataDriven,114,0.30917835235595703,57,0.017278671264648438,171,0.32645702362060547,/publicfs/cms/user/huahuil/tauOfTTTT_NanoAOD/forMVA/2018/v1baselineHadroBtagWeightAdded_JESup_AbsoluteMPFBias_AK4PFchs_v94HadroPreJetVetoHemOnly_JESPt22/mc/variableHists_v3BDT1tau1lV18_fakeTauDataDriven
2018,v1baselineHadroBtagWeightAdded_JESup_AbsoluteMPFBias_AK4PFchs_v94HadroPreJetVetoHemOnly_JESPt22,v0BDT1tau0lV17,114,0.2903738021850586,57,0.016300201416015625,171,0.3066740036010742,/publicfs/cms/user/huahuil/tauOfTTTT_NanoAOD/forMVA/2018/v1baselineHadroBtagWeightAdded_JESup_AbsoluteMPFBias_AK4PFchs_v94HadroPreJetVetoHemOnly_JESPt22/mc/variableHists_v0BDT1tau0lV17
2018,v1baselineHadroBtagWeightAdded_JESup_AbsoluteMPFBias_AK4PFchs_v94HadroPreJetVetoHemOnly_JESPt22,v5BDT1tau0l_tauFMorphFix,114,0.2909069061279297,57,0.016843795776367188,171,0.3077507019042969,/publicfs/cms/user/huahuil/tauOfTTTT_NanoAOD/forMVA/2018/v1baselineHadroBtagWeightAdded_JESup_AbsoluteMPFBias_AK4PFchs_v94HadroPreJetVetoHemOnly_JESPt22/mc/variableHists_v5BDT1tau0l_tauFMorphFix
2018,v1baselineHadroBtagWeightAdded_JESup_RelativeJEREC2_AK4PFchs_v94HadroPreJetVetoHemOnly_JESPt22,v8BDT1tau1lV_refactorAndBtagNameFix,114,0.30614185333251953,57,0.017604827880859375,171,0.3237466812133789,/publicfs/cms/user/huahuil/tauOfTTTT_NanoAOD/forMVA/2018/v1baselineHadroBtagWeightAdded_JESup_RelativeJEREC2_AK4PFchs_v94HadroPreJetVetoHemOnly_JESPt22/mc/variableHists_v8BDT1tau1lV_refactorAndBtagNameFix
2018,v1baselineHadroBtagWeightAdded_JESup_RelativeJEREC2_AK4PFchs_v94HadroPreJetVetoHemOnly_JESPt22,v3BDT1tau1lV18_fakeTauDataDriven,114,0.30907154083251953,57,0.01722431182861328,171,0.3262958526611328,/publicfs/cms/user/huahuil/tauOfTTTT_NanoAOD/forMVA/2018/v1baselineHadroBtagWeightAdded_JESup_RelativeJEREC2_AK4PFchs_v94HadroPreJetVetoHemOnly_JESPt22/mc/variableHists_v3BDT1tau1lV18_fakeTauDataDriven
2018,v1baselineHadroBtagWeightAdded_JESup_RelativeJEREC2_AK4PFchs_v94HadroPreJetVetoHemOnly_JESPt22,v0BDT1tau0lV17,114,0.29027652740478516,57,0.01624584197998047,171,0.3065223693847656,/publicfs/cms/user/huahuil/tauOfTTTT_NanoAOD/forMVA/2018/v1baselineHadroBtagWeightAdded_JESup_RelativeJEREC2_AK4PFchs_v94HadroPreJetVetoHemOnly_JESPt22/mc/variableHists_v0BDT1tau0lV17
2018,v1baselineHadroBtagWeightAdded_JESup_RelativeJEREC2_AK4PFchs_v94HadroPreJetVetoHemOnly_JESPt22,v5BDT1tau0l_tauFMorphFix,114,0.2908134460449219,57,0.01678943634033203,171,0.3076028823852539,/publicfs/cms/user/huahuil/tauOfTTTT_NanoAOD/forMVA/2018/v1baselineHadroBtagWeightAdded_JESup_RelativeJEREC2_AK4PFchs_v94HadroPreJetVetoHemOnly_JESPt22/mc/variableHists_v5BDT1tau0l_tauFMorphFix
2018,v1baselineHadroBtagWeightAdded_JESup_RelativeStatFSR_AK4PFchs_v94HadroPreJetVetoHemOnly_JESPt22,v8BDT1tau1lV_refactorAndBtagNameFix,114,0.30623912811279297,57,0.01765918731689453,171,0.3238983154296875,/publicfs/cms/user/huahuil/tauOfTTTT_NanoAOD/forMVA/2018/v1baselineHadroBtagWeightAdded_JESup_RelativeStatFSR_AK4PFchs_v94HadroPreJetVetoHemOnly_JESPt22/mc/variableHists_v8BDT1tau1lV_refactorAndBtagNameFix
2018,v1baselineHadroBtagWeightAdded_JESup_RelativeStatFSR_AK4PFchs_v94HadroPreJetVetoHemOnly_JESPt22,v3BDT1tau1lV18_fakeTauDataDriven,114,0.3091745376586914,57,0.017278671264648438,171,0.32645320892333984,/publicfs/cms/user/huahuil/tauOfTTTT_NanoAOD/forMVA/2018/v1baselineHadroBtagWeightAdded_JESup_RelativeStatFSR_AK4PFchs_v94HadroPreJetVetoHemOnly_JESPt22/mc/variableHists_v3BDT1tau1lV18_fakeTauDataDriven
2018,v1baselineHadroBtagWeightAdded_JESup_RelativeStatFSR_AK4PFchs_v94HadroPreJetVetoHemOnly_JESPt22,v0BDT1tau0lV17,114,0.2903728485107422,57,0.016300201416015625,171,0.3066730499267578,/publicfs/cms/user/huahuil/tauOfTTTT_NanoAOD/forMVA/2018/v1baselineHadroBtagWeightAdded_JESup_RelativeStatFSR_AK4PFchs_v94HadroPreJetVetoHemOnly_JESPt22/mc/variableHists_v0BDT1tau0lV17
2018,v1baselineHadroBtagWeightAdded_JESup_RelativeStatFSR_AK4PFchs_v94HadroPreJetVetoHemOnly_JESPt22,v5BDT1tau0l_tauFMorphFix,114,0.2909069061279297,57,0.016843795776367188,171,0.3077507019042969,/publicfs/cms/user/huahuil/tauOfTTTT_NanoAOD/forMVA/2018/v1baselineHadroBtagWeightAdded_JESup_RelativeStatFSR_AK4PFchs_v94HadroPreJetVetoHemOnly_JESPt22/mc/variableHists_v5BDT1tau0l_tauFMorphFix
2018,v1baselineHadroBtagWeightAdded_JESup_RelativeFSR_AK4PFchs_v94HadroPreJetVetoHemOnly_JESPt22,v8BDT1tau1lV_refactorAndBtagNameFix,114,0.3058023452758789,57,0.017441749572753906,171,0.3232440948486328,/publicfs/cms/user/huahuil/tauOfTTTT_NanoAOD/forMVA/2018/v1baselineHadroBtagWeightAdded_JESup_RelativeFSR_AK4PFchs_v94HadroPreJetVetoHemOnly_JESPt22/mc/variableHists_v8BDT1tau1lV_refactorAndBtagNameFix
2018,v1baselineHadroBtagWeightAdded_JESup_RelativeFSR_AK4PFchs_v94HadroPreJetVetoHemOnly_JESPt22,v3BDT1tau1lV18_fakeTauDataDriven,114,0.3087491989135742,57,0.017061233520507812,171,0.32581043243408203,/publicfs/cms/user/huahuil/tauOfTTTT_NanoAOD/forMVA/2018/v1baselineHadroBtagWeightAdded_JESup_RelativeFSR_AK4PFchs_v94HadroPreJetVetoHemOnly_JESPt22/mc/variableHists_v3BDT1tau1lV18_fakeTauDataDriven
2018,v1baselineHadroBtagWeightAdded_JESup_RelativeFSR_AK4PFchs_v94HadroPreJetVetoHemOnly_JESPt22,v0BDT1tau0lV17,114,0.28995323181152344,57,0.016082763671875,171,0.30603599548339844,/publicfs/cms/user/huahuil/tauOfTTTT_NanoAOD/forMVA/2018/v1baselineHadroBtagWeightAdded_JESup_RelativeFSR_AK4PFchs_v94HadroPreJetVetoHemOnly_JESPt22/mc/variableHists_v0BDT1tau0lV17
2018,v1baselineHadroBtagWeightAdded_JESup_RelativeFSR_AK4PFchs_v94HadroPreJetVetoHemOnly_JESPt22,v5BDT1tau0l_tauFMorphFix,114,0.29049015045166016,57,0.016626358032226562,171,0.3071165084838867,/publicfs/cms/user/huahuil/tauOfTTTT_NanoAOD/forMVA/2018/v1baselineHadroBtagWeightAdded_JESup_RelativeFSR_AK4PFchs_v94HadroPreJetVetoHemOnly_JESPt22/mc/variableHists_v5BDT1tau0l_tauFMorphFix
2018,v1baselineHadroBtagWeightAdded_JESup_FlavorPureBottom_AK4PFchs_v94HadroPreJetVetoHemOnly_JESPt22,v8BDT1tau1lV_refactorAndBtagNameFix,114,0.3063488006591797,57,0.017713546752929688,171,0.3240623474121094,/publicfs/cms/user/huahuil/tauOfTTTT_NanoAOD/forMVA/2018/v1baselineHadroBtagWeightAdded_JESup_FlavorPureBottom_AK4PFchs_v94HadroPreJetVetoHemOnly_JESPt22/mc/variableHists_v8BDT1tau1lV_refactorAndBtagNameFix
2018,v1baselineHadroBtagWeightAdded_JESup_FlavorPureBottom_AK4PFchs_v94HadroPreJetVetoHemOnly_JESPt22,v3BDT1tau1lV18_fakeTauDataDriven,114,0.3092842102050781,57,0.017333030700683594,171,0.3266172409057617,/publicfs/cms/user/huahuil/tauOfTTTT_NanoAOD/forMVA/2018/v1baselineHadroBtagWeightAdded_JESup_FlavorPureBottom_AK4PFchs_v94HadroPreJetVetoHemOnly_JESPt22/mc/variableHists_v3BDT1tau1lV18_fakeTauDataDriven
2018,v1baselineHadroBtagWeightAdded_JESup_FlavorPureBottom_AK4PFchs_v94HadroPreJetVetoHemOnly_JESPt22,v0BDT1tau0lV17,114,0.2904844284057617,57,0.01635456085205078,171,0.3068389892578125,/publicfs/cms/user/huahuil/tauOfTTTT_NanoAOD/forMVA/2018/v1baselineHadroBtagWeightAdded_JESup_FlavorPureBottom_AK4PFchs_v94HadroPreJetVetoHemOnly_JESPt22/mc/variableHists_v0BDT1tau0lV17
2018,v1baselineHadroBtagWeightAdded_JESup_FlavorPureBottom_AK4PFchs_v94HadroPreJetVetoHemOnly_JESPt22,v5BDT1tau0l_tauFMorphFix,114,0.29102039337158203,57,0.016898155212402344,171,0.3079185485839844,/publicfs/cms/user/huahuil/tauOfTTTT_NanoAOD/forMVA/2018/v1baselineHadroBtagWeightAdded_JESup_FlavorPureBottom_AK4PFchs_v94HadroPreJetVetoHemOnly_JESPt22/mc/variableHists_v5BDT1tau0l_tauFMorphFix
2018,v1baselineHadroBtagWeightAdded_JESup_RelativePtEC1_AK4PFchs_v94HadroPreJetVetoHemOnly_JESPt22,v8BDT1tau1lV_refactorAndBtagNameFix,114,0.30601978302001953,57,0.01755046844482422,171,0.32357025146484375,/publicfs/cms/user/huahuil/tauOfTTTT_NanoAOD/forMVA/2018/v1baselineHadroBtagWeightAdded_JESup_RelativePtEC1_AK4PFchs_v94HadroPreJetVetoHemOnly_JESPt22/mc/variableHists_v8BDT1tau1lV_refactorAndBtagNameFix
2018,v1baselineHadroBtagWeightAdded_JESup_RelativePtEC1_AK4PFchs_v94HadroPreJetVetoHemOnly_JESPt22,v3BDT1tau1lV18_fakeTauDataDriven,114,0.3089599609375,57,0.017169952392578125,171,0.3261299133300781,/publicfs/cms/user/huahuil/tauOfTTTT_NanoAOD/forMVA/2018/v1baselineHadroBtagWeightAdded_JESup_RelativePtEC1_AK4PFchs_v94HadroPreJetVetoHemOnly_JESPt22/mc/variableHists_v3BDT1tau1lV18_fakeTauDataDriven
2018,v1baselineHadroBtagWeightAdded_JESup_RelativePtEC1_AK4PFchs_v94HadroPreJetVetoHemOnly_JESPt22,v0BDT1tau0lV17,114,0.29016685485839844,57,0.016191482543945312,171,0.30635833740234375,/publicfs/cms/user/huahuil/tauOfTTTT_NanoAOD/forMVA/2018/v1baselineHadroBtagWeightAdded_JESup_RelativePtEC1_AK4PFchs_v94HadroPreJetVetoHemOnly_JESPt22/mc/variableHists_v0BDT1tau0lV17
2018,v1baselineHadroBtagWeightAdded_JESup_RelativePtEC1_AK4PFchs_v94HadroPreJetVetoHemOnly_JESPt22,v5BDT1tau0l_tauFMorphFix,114,0.29070186614990234,57,0.016735076904296875,171,0.3074369430541992,/publicfs/cms/user/huahuil/tauOfTTTT_NanoAOD/forMVA/2018/v1baselineHadroBtagWeightAdded_JESup_RelativePtEC1_AK4PFchs_v94HadroPreJetVetoHemOnly_JESPt22/mc/variableHists_v5BDT1tau0l_tauFMorphFix
2016postVFP,v1baselineHadroBtagWeightAdded_v94HadroPreJetVetoHemOnly_TESdm0Up,v8BDT1tau0l_refactorAndBtagNameFix,112,0.2855997085571289,56,0.016077041625976562,168,0.30167675018310547,/publicfs/cms/user/huahuil/tauOfTTTT_NanoAOD/forMVA/2016postVFP/v1baselineHadroBtagWeightAdded_v94HadroPreJetVetoHemOnly_TESdm0Up/mc/variableHists_v8BDT1tau0l_refactorAndBtagNameFix
2016postVFP,v1baselineHadroBtagWeightAdded_JESDown_RelativeSample_AK4PFchs_v94HadroPreJetVetoHemOnly_JESPt22,v8BDT1tau0l_refactorAndBtagNameFix,112,0.28891563415527344,56,0.017732620239257812,168,0.30664825439453125,/publicfs/cms/user/huahuil/tauOfTTTT_NanoAOD/forMVA/2016postVFP/v1baselineHadroBtagWeightAdded_JESDown_RelativeSample_AK4PFchs_v94HadroPreJetVetoHemOnly_JESPt22/mc/variableHists_v8BDT1tau0l_refactorAndBtagNameFix
2016postVFP,v1baselineHadroBtagWeightAdded_JESup_SinglePionHCAL_AK4PFchs_v94HadroPreJetVetoHemOnly_JESPt22,v0BDT1tau0l,112,0.28502559661865234,56,0.016183853149414062,168,0.3012094497680664,/publicfs/cms/user/huahuil/tauOfTTTT_NanoAOD/forMVA/2016postVFP/v1baselineHadroBtagWeightAdded_JESup_SinglePionHCAL_AK4PFchs_v94HadroPreJetVetoHemOnly_JESPt22/mc/variableHists_v0BDT1tau0l
2016postVFP,v1baselineHadroBtagWeightAdded_JESup_SinglePionHCAL_AK4PFchs_v94HadroPreJetVetoHemOnly_JESPt22,v3BDT1tau1lV18_fakeTauDataDriven,112,0.3067302703857422,56,0.017305374145507812,168,0.32403564453125,/publicfs/cms/user/huahuil/tauOfTTTT_NanoAOD/forMVA/2016postVFP/v1baselineHadroBtagWeightAdded_JESup_SinglePionHCAL_AK4PFchs_v94HadroPreJetVetoHemOnly_JESPt22/mc/variableHists_v3BDT1tau1lV18_fakeTauDataDriven
2016postVFP,v1baselineHadroBtagWeightAdded_JESup_SinglePionHCAL_AK4PFchs_v94HadroPreJetVetoHemOnly_JESPt22,v0BDT1tau1lV16,112,0.26950550079345703,56,0.016344070434570312,168,0.28584957122802734,/publicfs/cms/user/huahuil/tauOfTTTT_NanoAOD/forMVA/2016postVFP/v1baselineHadroBtagWeightAdded_JESup_SinglePionHCAL_AK4PFchs_v94HadroPreJetVetoHemOnly_JESPt22/mc/variableHists_v0BDT1tau1lV16
2016postVFP,v1baselineHadroBtagWeightAdded_JESup_SinglePionHCAL_AK4PFchs_v94HadroPreJetVetoHemOnly_JESPt22,v0BDT1tau1lV17,112,0.3058767318725586,56,0.016344070434570312,168,0.3222208023071289,/publicfs/cms/user/huahuil/tauOfTTTT_NanoAOD/forMVA/2016postVFP/v1baselineHadroBtagWeightAdded_JESup_SinglePionHCAL_AK4PFchs_v94HadroPreJetVetoHemOnly_JESPt22/mc/variableHists_v0BDT1tau1lV17
2016postVFP,v1baselineHadroBtagWeightAdded_JESup_SinglePionHCAL_AK4PFchs_v94HadroPreJetVetoHemOnly_JESPt22,v0BDT1tau0lV17,112,0.28801727294921875,56,0.016344070434570312,168,0.30436134338378906,/publicfs/cms/user/huahuil/tauOfTTTT_NanoAOD/forMVA/2016postVFP/v1baselineHadroBtagWeightAdded_JESup_SinglePionHCAL_AK4PFchs_v94HadroPreJetVetoHemOnly_JESPt22/mc/variableHists_v0BDT1tau0lV17
2016postVFP,v1baselineHadroBtagWeightAdded_JESup_SinglePionHCAL_AK4PFchs_v94HadroPreJetVetoHemOnly_JESPt22,v0BDT1tau1lAddMCFakeTV3,112,0.3035249710083008,56,0.016824722290039062,168,0.32034969329833984,/publicfs/cms/user/huahuil/tauOfTTTT_NanoAOD/forMVA/2016postVFP/v1baselineHadroBtagWeightAdded_JESup_SinglePionHCAL_AK4PFchs_v94HadroPreJetVetoHemOnly_JESPt22/mc/variableHists_v0BDT1tau1lAddMCFakeTV3
2016postVFP,v1baselineHadroBtagWeightAdded_JESup_SinglePionHCAL_AK4PFchs_v94HadroPreJetVetoHemOnly_JESPt22,v8BDT1tau0l_refactorAndBtagNameFix,112,0.2887125015258789,56,0.017625808715820312,168,0.3063383102416992,/publicfs/cms/user/huahuil/tauOfTTTT_NanoAOD/forMVA/2016postVFP/v1baselineHadroBtagWeightAdded_JESup_SinglePionHCAL_AK4PFchs_v94HadroPreJetVetoHemOnly_JESPt22/mc/variableHists_v8BDT1tau0l_refactorAndBtagNameFix
2016postVFP,v1baselineHadroBtagWeightAdded_JESup_SinglePionHCAL_AK4PFchs_v94HadroPreJetVetoHemOnly_JESPt22,v0BDT1tau0lV16,112,0.2851848602294922,56,0.016344070434570312,168,0.3015289306640625,/publicfs/cms/user/huahuil/tauOfTTTT_NanoAOD/forMVA/2016postVFP/v1baselineHadroBtagWeightAdded_JESup_SinglePionHCAL_AK4PFchs_v94HadroPreJetVetoHemOnly_JESPt22/mc/variableHists_v0BDT1tau0lV16
2016postVFP,v1baselineHadroBtagWeightAdded_JESup_SinglePionHCAL_AK4PFchs_v94HadroPreJetVetoHemOnly_JESPt22,v5BDT1tau0l_tauFMorphFix,112,0.28855133056640625,56,0.016878128051757812,168,0.30542945861816406,/publicfs/cms/user/huahuil/tauOfTTTT_NanoAOD/forMVA/2016postVFP/v1baselineHadroBtagWeightAdded_JESup_SinglePionHCAL_AK4PFchs_v94HadroPreJetVetoHemOnly_JESPt22/mc/variableHists_v5BDT1tau0l_tauFMorphFix
2016postVFP,v1baselineHadroBtagWeightAdded_v94HadroPreJetVetoHemOnly_TESdm1Down,v8BDT1tau0l_refactorAndBtagNameFix,112,0.28582000732421875,56,0.016183853149414062,168,0.3020038604736328,/publicfs/cms/user/huahuil/tauOfTTTT_NanoAOD/forMVA/2016postVFP/v1baselineHadroBtagWeightAdded_v94HadroPreJetVetoHemOnly_TESdm1Down/mc/variableHists_v8BDT1tau0l_refactorAndBtagNameFix
2016postVFP,v1baselineHadroBtagWeightAdded_v94HadroPreJetVetoHemOnly_METDown,v8BDT1tau0l_refactorAndBtagNameFix,112,0.28549957275390625,56,0.016023635864257812,168,0.30152320861816406,/publicfs/cms/user/huahuil/tauOfTTTT_NanoAOD/forMVA/2016postVFP/v1baselineHadroBtagWeightAdded_v94HadroPreJetVetoHemOnly_METDown/mc/variableHists_v8BDT1tau0l_refactorAndBtagNameFix
2016postVFP,v1baselineHadroBtagWeightAdded_JESup_RelativePtBB_AK4PFchs_v94HadroPreJetVetoHemOnly_JESPt22,v0BDT1tau0l,112,0.2848072052001953,56,0.016077041625976562,168,0.3008842468261719,/publicfs/cms/user/huahuil/tauOfTTTT_NanoAOD/forMVA/2016postVFP/v1baselineHadroBtagWeightAdded_JESup_RelativePtBB_AK4PFchs_v94HadroPreJetVetoHemOnly_JESPt22/mc/variableHists_v0BDT1tau0l
2016postVFP,v1baselineHadroBtagWeightAdded_JESup_RelativePtBB_AK4PFchs_v94HadroPreJetVetoHemOnly_JESPt22,v3BDT1tau1lV18_fakeTauDataDriven,112,0.3065195083618164,56,0.017198562622070312,168,0.3237180709838867,/publicfs/cms/user/huahuil/tauOfTTTT_NanoAOD/forMVA/2016postVFP/v1baselineHadroBtagWeightAdded_JESup_RelativePtBB_AK4PFchs_v94HadroPreJetVetoHemOnly_JESPt22/mc/variableHists_v3BDT1tau1lV18_fakeTauDataDriven
2016postVFP,v1baselineHadroBtagWeightAdded_JESup_RelativePtBB_AK4PFchs_v94HadroPreJetVetoHemOnly_JESPt22,v0BDT1tau1lV16,112,0.2692852020263672,56,0.016237258911132812,168,0.2855224609375,/publicfs/cms/user/huahuil/tauOfTTTT_NanoAOD/forMVA/2016postVFP/v1baselineHadroBtagWeightAdded_JESup_RelativePtBB_AK4PFchs_v94HadroPreJetVetoHemOnly_JESPt22/mc/variableHists_v0BDT1tau1lV16
2016postVFP,v1baselineHadroBtagWeightAdded_JESup_RelativePtBB_AK4PFchs_v94HadroPreJetVetoHemOnly_JESPt22,v0BDT1tau1lV17,112,0.30565643310546875,56,0.016237258911132812,168,0.32189369201660156,/publicfs/cms/user/huahuil/tauOfTTTT_NanoAOD/forMVA/2016postVFP/v1baselineHadroBtagWeightAdded_JESup_RelativePtBB_AK4PFchs_v94HadroPreJetVetoHemOnly_JESPt22/mc/variableHists_v0BDT1tau1lV17
2016postVFP,v1baselineHadroBtagWeightAdded_JESup_RelativePtBB_AK4PFchs_v94HadroPreJetVetoHemOnly_JESPt22,v0BDT1tau0lV17,112,0.2877998352050781,56,0.016237258911132812,168,0.30403709411621094,/publicfs/cms/user/huahuil/tauOfTTTT_NanoAOD/forMVA/2016postVFP/v1baselineHadroBtagWeightAdded_JESup_RelativePtBB_AK4PFchs_v94HadroPreJetVetoHemOnly_JESPt22/mc/variableHists_v0BDT1tau0lV17
2016postVFP,v1baselineHadroBtagWeightAdded_JESup_RelativePtBB_AK4PFchs_v94HadroPreJetVetoHemOnly_JESPt22,v0BDT1tau1lAddMCFakeTV3,112,0.30330467224121094,56,0.016717910766601562,168,0.3200225830078125,/publicfs/cms/user/huahuil/tauOfTTTT_NanoAOD/forMVA/2016postVFP/v1baselineHadroBtagWeightAdded_JESup_RelativePtBB_AK4PFchs_v94HadroPreJetVetoHemOnly_JESPt22/mc/variableHists_v0BDT1tau1lAddMCFakeTV3
2016postVFP,v1baselineHadroBtagWeightAdded_JESup_RelativePtBB_AK4PFchs_v94HadroPreJetVetoHemOnly_JESPt22,v8BDT1tau0l_refactorAndBtagNameFix,112,0.2884941101074219,56,0.017518997192382812,168,0.3060131072998047,/publicfs/cms/user/huahuil/tauOfTTTT_NanoAOD/forMVA/2016postVFP/v1baselineHadroBtagWeightAdded_JESup_RelativePtBB_AK4PFchs_v94HadroPreJetVetoHemOnly_JESPt22/mc/variableHists_v8BDT1tau0l_refactorAndBtagNameFix
2016postVFP,v1baselineHadroBtagWeightAdded_JESup_RelativePtBB_AK4PFchs_v94HadroPreJetVetoHemOnly_JESPt22,v0BDT1tau0lV16,112,0.28496646881103516,56,0.016237258911132812,168,0.30120372772216797,/publicfs/cms/user/huahuil/tauOfTTTT_NanoAOD/forMVA/2016postVFP/v1baselineHadroBtagWeightAdded_JESup_RelativePtBB_AK4PFchs_v94HadroPreJetVetoHemOnly_JESPt22/mc/variableHists_v0BDT1tau0lV16
2016postVFP,v1baselineHadroBtagWeightAdded_JESup_RelativePtBB_AK4PFchs_v94HadroPreJetVetoHemOnly_JESPt22,v5BDT1tau0l_tauFMorphFix,112,0.28833484649658203,56,0.016771316528320312,168,0.30510616302490234,/publicfs/cms/user/huahuil/tauOfTTTT_NanoAOD/forMVA/2016postVFP/v1baselineHadroBtagWeightAdded_JESup_RelativePtBB_AK4PFchs_v94HadroPreJetVetoHemOnly_JESPt22/mc/variableHists_v5BDT1tau0l_tauFMorphFix
2016postVFP,v1baselineHadroBtagWeightAdded_JESup_RelativeBal_AK4PFchs_v94HadroPreJetVetoHemOnly_JESPt22,v0BDT1tau0l,112,0.2846994400024414,56,0.016023635864257812,168,0.3007230758666992,/publicfs/cms/user/huahuil/tauOfTTTT_NanoAOD/forMVA/2016postVFP/v1baselineHadroBtagWeightAdded_JESup_RelativeBal_AK4PFchs_v94HadroPreJetVetoHemOnly_JESPt22/mc/variableHists_v0BDT1tau0l
2016postVFP,v1baselineHadroBtagWeightAdded_JESup_RelativeBal_AK4PFchs_v94HadroPreJetVetoHemOnly_JESPt22,v3BDT1tau1lV18_fakeTauDataDriven,112,0.30641746520996094,56,0.017145156860351562,168,0.3235626220703125,/publicfs/cms/user/huahuil/tauOfTTTT_NanoAOD/forMVA/2016postVFP/v1baselineHadroBtagWeightAdded_JESup_RelativeBal_AK4PFchs_v94HadroPreJetVetoHemOnly_JESPt22/mc/variableHists_v3BDT1tau1lV18_fakeTauDataDriven
2016postVFP,v1baselineHadroBtagWeightAdded_JESup_RelativeBal_AK4PFchs_v94HadroPreJetVetoHemOnly_JESPt22,v0BDT1tau1lV16,112,0.26917552947998047,56,0.016183853149414062,168,0.28535938262939453,/publicfs/cms/user/huahuil/tauOfTTTT_NanoAOD/forMVA/2016postVFP/v1baselineHadroBtagWeightAdded_JESup_RelativeBal_AK4PFchs_v94HadroPreJetVetoHemOnly_JESPt22/mc/variableHists_v0BDT1tau1lV16
2016postVFP,v1baselineHadroBtagWeightAdded_JESup_RelativeBal_AK4PFchs_v94HadroPreJetVetoHemOnly_JESPt22,v0BDT1tau1lV17,112,0.30554676055908203,56,0.016183853149414062,168,0.3217306137084961,/publicfs/cms/user/huahuil/tauOfTTTT_NanoAOD/forMVA/2016postVFP/v1baselineHadroBtagWeightAdded_JESup_RelativeBal_AK4PFchs_v94HadroPreJetVetoHemOnly_JESPt22/mc/variableHists_v0BDT1tau1lV17
2016postVFP,v1baselineHadroBtagWeightAdded_JESup_RelativeBal_AK4PFchs_v94HadroPreJetVetoHemOnly_JESPt22,v0BDT1tau0lV17,112,0.2876930236816406,56,0.016183853149414062,168,0.3038768768310547,/publicfs/cms/user/huahuil/tauOfTTTT_NanoAOD/forMVA/2016postVFP/v1baselineHadroBtagWeightAdded_JESup_RelativeBal_AK4PFchs_v94HadroPreJetVetoHemOnly_JESPt22/mc/variableHists_v0BDT1tau0lV17
2016postVFP,v1baselineHadroBtagWeightAdded_JESup_RelativeBal_AK4PFchs_v94HadroPreJetVetoHemOnly_JESPt22,v0BDT1tau1lAddMCFakeTV3,112,0.3031940460205078,56,0.016664505004882812,168,0.3198585510253906,/publicfs/cms/user/huahuil/tauOfTTTT_NanoAOD/forMVA/2016postVFP/v1baselineHadroBtagWeightAdded_JESup_RelativeBal_AK4PFchs_v94HadroPreJetVetoHemOnly_JESPt22/mc/variableHists_v0BDT1tau1lAddMCFakeTV3
2016postVFP,v1baselineHadroBtagWeightAdded_JESup_RelativeBal_AK4PFchs_v94HadroPreJetVetoHemOnly_JESPt22,v8BDT1tau0l_refactorAndBtagNameFix,112,0.28839683532714844,56,0.017465591430664062,168,0.3058624267578125,/publicfs/cms/user/huahuil/tauOfTTTT_NanoAOD/forMVA/2016postVFP/v1baselineHadroBtagWeightAdded_JESup_RelativeBal_AK4PFchs_v94HadroPreJetVetoHemOnly_JESPt22/mc/variableHists_v8BDT1tau0l_refactorAndBtagNameFix
2016postVFP,v1baselineHadroBtagWeightAdded_JESup_RelativeBal_AK4PFchs_v94HadroPreJetVetoHemOnly_JESPt22,v0BDT1tau0lV16,112,0.28485870361328125,56,0.016183853149414062,168,0.3010425567626953,/publicfs/cms/user/huahuil/tauOfTTTT_NanoAOD/forMVA/2016postVFP/v1baselineHadroBtagWeightAdded_JESup_RelativeBal_AK4PFchs_v94HadroPreJetVetoHemOnly_JESPt22/mc/variableHists_v0BDT1tau0lV16
2016postVFP,v1baselineHadroBtagWeightAdded_JESup_RelativeBal_AK4PFchs_v94HadroPreJetVetoHemOnly_JESPt22,v5BDT1tau0l_tauFMorphFix,112,0.2882261276245117,56,0.016717910766601562,168,0.3049440383911133,/publicfs/cms/user/huahuil/tauOfTTTT_NanoAOD/forMVA/2016postVFP/v1baselineHadroBtagWeightAdded_JESup_RelativeBal_AK4PFchs_v94HadroPreJetVetoHemOnly_JESPt22/mc/variableHists_v5BDT1tau0l_tauFMorphFix
2016postVFP,v1baselineHadroBtagWeightAdded_JESup_FlavorPureCharm_AK4PFchs_v94HadroPreJetVetoHemOnly_JESPt22,v3BDT1tau1lV18_fakeTauDataDriven,112,0.30684375762939453,56,0.017358779907226562,168,0.3242025375366211,/publicfs/cms/user/huahuil/tauOfTTTT_NanoAOD/forMVA/2016postVFP/v1baselineHadroBtagWeightAdded_JESup_FlavorPureCharm_AK4PFchs_v94HadroPreJetVetoHemOnly_JESPt22/mc/variableHists_v3BDT1tau1lV18_fakeTauDataDriven
2016postVFP,v1baselineHadroBtagWeightAdded_JESup_FlavorPureCharm_AK4PFchs_v94HadroPreJetVetoHemOnly_JESPt22,v0BDT1tau1lV17,112,0.30597686767578125,56,0.016397476196289062,168,0.3223743438720703,/publicfs/cms/user/huahuil/tauOfTTTT_NanoAOD/forMVA/2016postVFP/v1baselineHadroBtagWeightAdded_JESup_FlavorPureCharm_AK4PFchs_v94HadroPreJetVetoHemOnly_JESPt22/mc/variableHists_v0BDT1tau1lV17
2016postVFP,v1baselineHadroBtagWeightAdded_JESup_FlavorPureCharm_AK4PFchs_v94HadroPreJetVetoHemOnly_JESPt22,v0BDT1tau0lV17,112,0.28810977935791016,56,0.016397476196289062,168,0.3045072555541992,/publicfs/cms/user/huahuil/tauOfTTTT_NanoAOD/forMVA/2016postVFP/v1baselineHadroBtagWeightAdded_JESup_FlavorPureCharm_AK4PFchs_v94HadroPreJetVetoHemOnly_JESPt22/mc/variableHists_v0BDT1tau0lV17
2016postVFP,v1baselineHadroBtagWeightAdded_JESup_FlavorPureCharm_AK4PFchs_v94HadroPreJetVetoHemOnly_JESPt22,v8BDT1tau0l_refactorAndBtagNameFix,112,0.2888031005859375,56,0.017679214477539062,168,0.30648231506347656,/publicfs/cms/user/huahuil/tauOfTTTT_NanoAOD/forMVA/2016postVFP/v1baselineHadroBtagWeightAdded_JESup_FlavorPureCharm_AK4PFchs_v94HadroPreJetVetoHemOnly_JESPt22/mc/variableHists_v8BDT1tau0l_refactorAndBtagNameFix
2016postVFP,v1baselineHadroBtagWeightAdded_JESup_FlavorPureCharm_AK4PFchs_v94HadroPreJetVetoHemOnly_JESPt22,v5BDT1tau0l_tauFMorphFix,112,0.28864288330078125,56,0.016931533813476562,168,0.3055744171142578,/publicfs/cms/user/huahuil/tauOfTTTT_NanoAOD/forMVA/2016postVFP/v1baselineHadroBtagWeightAdded_JESup_FlavorPureCharm_AK4PFchs_v94HadroPreJetVetoHemOnly_JESPt22/mc/variableHists_v5BDT1tau0l_tauFMorphFix
2016postVFP,v1baselineHadroBtagWeightAdded_JESup_PileUpPtEC2_AK4PFchs_v94HadroPreJetVetoHemOnly_JESPt22,v8BDT1tau0l_refactorAndBtagNameFix,112,0.28838443756103516,56,0.017465591430664062,168,0.3058500289916992,/publicfs/cms/user/huahuil/tauOfTTTT_NanoAOD/forMVA/2016postVFP/v1baselineHadroBtagWeightAdded_JESup_PileUpPtEC2_AK4PFchs_v94HadroPreJetVetoHemOnly_JESPt22/mc/variableHists_v8BDT1tau0l_refactorAndBtagNameFix
2016postVFP,v1baselineHadroBtagWeightAdded_JESDown_RelativeJEREC1_AK4PFchs_v94HadroPreJetVetoHemOnly_JESPt22,v8BDT1tau0l_refactorAndBtagNameFix,112,0.28891468048095703,56,0.017732620239257812,168,0.30664730072021484,/publicfs/cms/user/huahuil/tauOfTTTT_NanoAOD/forMVA/2016postVFP/v1baselineHadroBtagWeightAdded_JESDown_RelativeJEREC1_AK4PFchs_v94HadroPreJetVetoHemOnly_JESPt22/mc/variableHists_v8BDT1tau0l_refactorAndBtagNameFix
2016postVFP,v1baselineHadroBtagWeightAdded_v94HadroPreJetVetoHemOnly_TESdm0Down,v8BDT1tau0l_refactorAndBtagNameFix,112,0.2858133316040039,56,0.016183853149414062,168,0.30199718475341797,/publicfs/cms/user/huahuil/tauOfTTTT_NanoAOD/forMVA/2016postVFP/v1baselineHadroBtagWeightAdded_v94HadroPreJetVetoHemOnly_TESdm0Down/mc/variableHists_v8BDT1tau0l_refactorAndBtagNameFix
2016postVFP,v1baselineHadroBtagWeightAdded_JESup_FlavorPureQuark_AK4PFchs_v94HadroPreJetVetoHemOnly_JESPt22,v3BDT1tau1lV18_fakeTauDataDriven,112,0.3068399429321289,56,0.017358779907226562,168,0.32419872283935547,/publicfs/cms/user/huahuil/tauOfTTTT_NanoAOD/forMVA/2016postVFP/v1baselineHadroBtagWeightAdded_JESup_FlavorPureQuark_AK4PFchs_v94HadroPreJetVetoHemOnly_JESPt22/mc/variableHists_v3BDT1tau1lV18_fakeTauDataDriven
2016postVFP,v1baselineHadroBtagWeightAdded_JESup_FlavorPureQuark_AK4PFchs_v94HadroPreJetVetoHemOnly_JESPt22,v0BDT1tau1lV17,112,0.3059806823730469,56,0.016397476196289062,168,0.32237815856933594,/publicfs/cms/user/huahuil/tauOfTTTT_NanoAOD/forMVA/2016postVFP/v1baselineHadroBtagWeightAdded_JESup_FlavorPureQuark_AK4PFchs_v94HadroPreJetVetoHemOnly_JESPt22/mc/variableHists_v0BDT1tau1lV17
2016postVFP,v1baselineHadroBtagWeightAdded_JESup_FlavorPureQuark_AK4PFchs_v94HadroPreJetVetoHemOnly_JESPt22,v0BDT1tau0lV17,112,0.2881345748901367,56,0.016397476196289062,168,0.3045320510864258,/publicfs/cms/user/huahuil/tauOfTTTT_NanoAOD/forMVA/2016postVFP/v1baselineHadroBtagWeightAdded_JESup_FlavorPureQuark_AK4PFchs_v94HadroPreJetVetoHemOnly_JESPt22/mc/variableHists_v0BDT1tau0lV17
2016postVFP,v1baselineHadroBtagWeightAdded_JESup_FlavorPureQuark_AK4PFchs_v94HadroPreJetVetoHemOnly_JESPt22,v8BDT1tau0l_refactorAndBtagNameFix,112,0.288818359375,56,0.017679214477539062,168,0.30649757385253906,/publicfs/cms/user/huahuil/tauOfTTTT_NanoAOD/forMVA/2016postVFP/v1baselineHadroBtagWeightAdded_JESup_FlavorPureQuark_AK4PFchs_v94HadroPreJetVetoHemOnly_JESPt22/mc/variableHists_v8BDT1tau0l_refactorAndBtagNameFix
2016postVFP,v1baselineHadroBtagWeightAdded_JESup_FlavorPureQuark_AK4PFchs_v94HadroPreJetVetoHemOnly_JESPt22,v5BDT1tau0l_tauFMorphFix,112,0.28865909576416016,56,0.016931533813476562,168,0.3055906295776367,/publicfs/cms/user/huahuil/tauOfTTTT_NanoAOD/forMVA/2016postVFP/v1baselineHadroBtagWeightAdded_JESup_FlavorPureQuark_AK4PFchs_v94HadroPreJetVetoHemOnly_JESPt22/mc/variableHists_v5BDT1tau0l_tauFMorphFix
2016postVFP,v1baselineHadroBtagWeightAdded_JESup_RelativePtEC2_AK4PFchs_v94HadroPreJetVetoHemOnly_JESPt22,v0BDT1tau0l,112,0.2849111557006836,56,0.016130447387695312,168,0.3010416030883789,/publicfs/cms/user/huahuil/tauOfTTTT_NanoAOD/forMVA/2016postVFP/v1baselineHadroBtagWeightAdded_JESup_RelativePtEC2_AK4PFchs_v94HadroPreJetVetoHemOnly_JESPt22/mc/variableHists_v0BDT1tau0l
2016postVFP,v1baselineHadroBtagWeightAdded_JESup_RelativePtEC2_AK4PFchs_v94HadroPreJetVetoHemOnly_JESPt22,v3BDT1tau1lV18_fakeTauDataDriven,112,0.3066263198852539,56,0.017251968383789062,168,0.32387828826904297,/publicfs/cms/user/huahuil/tauOfTTTT_NanoAOD/forMVA/2016postVFP/v1baselineHadroBtagWeightAdded_JESup_RelativePtEC2_AK4PFchs_v94HadroPreJetVetoHemOnly_JESPt22/mc/variableHists_v3BDT1tau1lV18_fakeTauDataDriven
2016postVFP,v1baselineHadroBtagWeightAdded_JESup_RelativePtEC2_AK4PFchs_v94HadroPreJetVetoHemOnly_JESPt22,v0BDT1tau1lV16,112,0.2693948745727539,56,0.016290664672851562,168,0.28568553924560547,/publicfs/cms/user/huahuil/tauOfTTTT_NanoAOD/forMVA/2016postVFP/v1baselineHadroBtagWeightAdded_JESup_RelativePtEC2_AK4PFchs_v94HadroPreJetVetoHemOnly_JESPt22/mc/variableHists_v0BDT1tau1lV16
2016postVFP,v1baselineHadroBtagWeightAdded_JESup_RelativePtEC2_AK4PFchs_v94HadroPreJetVetoHemOnly_JESPt22,v0BDT1tau1lV17,112,0.30576610565185547,56,0.016290664672851562,168,0.32205677032470703,/publicfs/cms/user/huahuil/tauOfTTTT_NanoAOD/forMVA/2016postVFP/v1baselineHadroBtagWeightAdded_JESup_RelativePtEC2_AK4PFchs_v94HadroPreJetVetoHemOnly_JESPt22/mc/variableHists_v0BDT1tau1lV17
2016postVFP,v1baselineHadroBtagWeightAdded_JESup_RelativePtEC2_AK4PFchs_v94HadroPreJetVetoHemOnly_JESPt22,v0BDT1tau0lV17,112,0.2879047393798828,56,0.016290664672851562,168,0.3041954040527344,/publicfs/cms/user/huahuil/tauOfTTTT_NanoAOD/forMVA/2016postVFP/v1baselineHadroBtagWeightAdded_JESup_RelativePtEC2_AK4PFchs_v94HadroPreJetVetoHemOnly_JESPt22/mc/variableHists_v0BDT1tau0lV17
2016postVFP,v1baselineHadroBtagWeightAdded_JESup_RelativePtEC2_AK4PFchs_v94HadroPreJetVetoHemOnly_JESPt22,v0BDT1tau1lAddMCFakeTV3,112,0.30341434478759766,56,0.016771316528320312,168,0.32018566131591797,/publicfs/cms/user/huahuil/tauOfTTTT_NanoAOD/forMVA/2016postVFP/v1baselineHadroBtagWeightAdded_JESup_RelativePtEC2_AK4PFchs_v94HadroPreJetVetoHemOnly_JESPt22/mc/variableHists_v0BDT1tau1lAddMCFakeTV3
2016postVFP,v1baselineHadroBtagWeightAdded_JESup_RelativePtEC2_AK4PFchs_v94HadroPreJetVetoHemOnly_JESPt22,v8BDT1tau0l_refactorAndBtagNameFix,112,0.28859901428222656,56,0.017572402954101562,168,0.3061714172363281,/publicfs/cms/user/huahuil/tauOfTTTT_NanoAOD/forMVA/2016postVFP/v1baselineHadroBtagWeightAdded_JESup_RelativePtEC2_AK4PFchs_v94HadroPreJetVetoHemOnly_JESPt22/mc/variableHists_v8BDT1tau0l_refactorAndBtagNameFix
2016postVFP,v1baselineHadroBtagWeightAdded_JESup_RelativePtEC2_AK4PFchs_v94HadroPreJetVetoHemOnly_JESPt22,v0BDT1tau0lV16,112,0.28507137298583984,56,0.016290664672851562,168,0.3013620376586914,/publicfs/cms/user/huahuil/tauOfTTTT_NanoAOD/forMVA/2016postVFP/v1baselineHadroBtagWeightAdded_JESup_RelativePtEC2_AK4PFchs_v94HadroPreJetVetoHemOnly_JESPt22/mc/variableHists_v0BDT1tau0lV16
2016postVFP,v1baselineHadroBtagWeightAdded_JESup_RelativePtEC2_AK4PFchs_v94HadroPreJetVetoHemOnly_JESPt22,v5BDT1tau0l_tauFMorphFix,112,0.2884378433227539,56,0.016824722290039062,168,0.30526256561279297,/publicfs/cms/user/huahuil/tauOfTTTT_NanoAOD/forMVA/2016postVFP/v1baselineHadroBtagWeightAdded_JESup_RelativePtEC2_AK4PFchs_v94HadroPreJetVetoHemOnly_JESPt22/mc/variableHists_v5BDT1tau0l_tauFMorphFix
2016postVFP,v1baselineHadroBtagWeightAdded_JESup_RelativeJERHF_AK4PFchs_v94HadroPreJetVetoHemOnly_JESPt22,v0BDT1tau0l,112,0.2849111557006836,56,0.016130447387695312,168,0.3010416030883789,/publicfs/cms/user/huahuil/tauOfTTTT_NanoAOD/forMVA/2016postVFP/v1baselineHadroBtagWeightAdded_JESup_RelativeJERHF_AK4PFchs_v94HadroPreJetVetoHemOnly_JESPt22/mc/variableHists_v0BDT1tau0l
2016postVFP,v1baselineHadroBtagWeightAdded_JESup_RelativeJERHF_AK4PFchs_v94HadroPreJetVetoHemOnly_JESPt22,v3BDT1tau1lV18_fakeTauDataDriven,112,0.3066263198852539,56,0.017251968383789062,168,0.32387828826904297,/publicfs/cms/user/huahuil/tauOfTTTT_NanoAOD/forMVA/2016postVFP/v1baselineHadroBtagWeightAdded_JESup_RelativeJERHF_AK4PFchs_v94HadroPreJetVetoHemOnly_JESPt22/mc/variableHists_v3BDT1tau1lV18_fakeTauDataDriven
2016postVFP,v1baselineHadroBtagWeightAdded_JESup_RelativeJERHF_AK4PFchs_v94HadroPreJetVetoHemOnly_JESPt22,v0BDT1tau1lV16,112,0.2693948745727539,56,0.016290664672851562,168,0.28568553924560547,/publicfs/cms/user/huahuil/tauOfTTTT_NanoAOD/forMVA/2016postVFP/v1baselineHadroBtagWeightAdded_JESup_RelativeJERHF_AK4PFchs_v94HadroPreJetVetoHemOnly_JESPt22/mc/variableHists_v0BDT1tau1lV16
2016postVFP,v1baselineHadroBtagWeightAdded_JESup_RelativeJERHF_AK4PFchs_v94HadroPreJetVetoHemOnly_JESPt22,v0BDT1tau1lV17,112,0.30576610565185547,56,0.016290664672851562,168,0.32205677032470703,/publicfs/cms/user/huahuil/tauOfTTTT_NanoAOD/forMVA/2016postVFP/v1baselineHadroBtagWeightAdded_JESup_RelativeJERHF_AK4PFchs_v94HadroPreJetVetoHemOnly_JESPt22/mc/variableHists_v0BDT1tau1lV17
2016postVFP,v1baselineHadroBtagWeightAdded_JESup_RelativeJERHF_AK4PFchs_v94HadroPreJetVetoHemOnly_JESPt22,v0BDT1tau0lV17,112,0.2879037857055664,56,0.016290664672851562,168,0.30419445037841797,/publicfs/cms/user/huahuil/tauOfTTTT_NanoAOD/forMVA/2016postVFP/v1baselineHadroBtagWeightAdded_JESup_RelativeJERHF_AK4PFchs_v94HadroPreJetVetoHemOnly_JESPt22/mc/variableHists_v0BDT1tau0lV17
2016postVFP,v1baselineHadroBtagWeightAdded_JESup_RelativeJERHF_AK4PFchs_v94HadroPreJetVetoHemOnly_JESPt22,v0BDT1tau1lAddMCFakeTV3,112,0.30341434478759766,56,0.016771316528320312,168,0.32018566131591797,/publicfs/cms/user/huahuil/tauOfTTTT_NanoAOD/forMVA/2016postVFP/v1baselineHadroBtagWeightAdded_JESup_RelativeJERHF_AK4PFchs_v94HadroPreJetVetoHemOnly_JESPt22/mc/variableHists_v0BDT1tau1lAddMCFakeTV3
2016postVFP,v1baselineHadroBtagWeightAdded_JESup_RelativeJERHF_AK4PFchs_v94HadroPreJetVetoHemOnly_JESPt22,v8BDT1tau0l_refactorAndBtagNameFix,112,0.28859806060791016,56,0.017572402954101562,168,0.3061704635620117,/publicfs/cms/user/huahuil/tauOfTTTT_NanoAOD/forMVA/2016postVFP/v1baselineHadroBtagWeightAdded_JESup_RelativeJERHF_AK4PFchs_v94HadroPreJetVetoHemOnly_JESPt22/mc/variableHists_v8BDT1tau0l_refactorAndBtagNameFix
2016postVFP,v1baselineHadroBtagWeightAdded_JESup_RelativeJERHF_AK4PFchs_v94HadroPreJetVetoHemOnly_JESPt22,v0BDT1tau0lV16,112,0.28507041931152344,56,0.016290664672851562,168,0.301361083984375,/publicfs/cms/user/huahuil/tauOfTTTT_NanoAOD/forMVA/2016postVFP/v1baselineHadroBtagWeightAdded_JESup_RelativeJERHF_AK4PFchs_v94HadroPreJetVetoHemOnly_JESPt22/mc/variableHists_v0BDT1tau0lV16
2016postVFP,v1baselineHadroBtagWeightAdded_JESup_RelativeJERHF_AK4PFchs_v94HadroPreJetVetoHemOnly_JESPt22,v5BDT1tau0l_tauFMorphFix,112,0.2884387969970703,56,0.016824722290039062,168,0.3052635192871094,/publicfs/cms/user/huahuil/tauOfTTTT_NanoAOD/forMVA/2016postVFP/v1baselineHadroBtagWeightAdded_JESup_RelativeJERHF_AK4PFchs_v94HadroPreJetVetoHemOnly_JESPt22/mc/variableHists_v5BDT1tau0l_tauFMorphFix
2016postVFP,v1baselineHadroBtagWeightAdded_v94HadroPreJetVetoHemOnly_JERUp,v8BDT1tau0l_refactorAndBtagNameFix,112,0.2852811813354492,56,0.015916824340820312,168,0.30119800567626953,/publicfs/cms/user/huahuil/tauOfTTTT_NanoAOD/forMVA/2016postVFP/v1baselineHadroBtagWeightAdded_v94HadroPreJetVetoHemOnly_JERUp/mc/variableHists_v8BDT1tau0l_refactorAndBtagNameFix
2016postVFP,v1baselineHadroBtagWeightAdded_JESup_SinglePionECAL_AK4PFchs_v94HadroPreJetVetoHemOnly_JESPt22,v0BDT1tau0l,112,0.2850170135498047,56,0.016183853149414062,168,0.30120086669921875,/publicfs/cms/user/huahuil/tauOfTTTT_NanoAOD/forMVA/2016postVFP/v1baselineHadroBtagWeightAdded_JESup_SinglePionECAL_AK4PFchs_v94HadroPreJetVetoHemOnly_JESPt22/mc/variableHists_v0BDT1tau0l
2016postVFP,v1baselineHadroBtagWeightAdded_JESup_SinglePionECAL_AK4PFchs_v94HadroPreJetVetoHemOnly_JESPt22,v3BDT1tau1lV18_fakeTauDataDriven,112,0.3067350387573242,56,0.017305374145507812,168,0.32404041290283203,/publicfs/cms/user/huahuil/tauOfTTTT_NanoAOD/forMVA/2016postVFP/v1baselineHadroBtagWeightAdded_JESup_SinglePionECAL_AK4PFchs_v94HadroPreJetVetoHemOnly_JESPt22/mc/variableHists_v3BDT1tau1lV18_fakeTauDataDriven
2016postVFP,v1baselineHadroBtagWeightAdded_JESup_SinglePionECAL_AK4PFchs_v94HadroPreJetVetoHemOnly_JESPt22,v0BDT1tau1lV16,112,0.2695026397705078,56,0.016344070434570312,168,0.2858467102050781,/publicfs/cms/user/huahuil/tauOfTTTT_NanoAOD/forMVA/2016postVFP/v1baselineHadroBtagWeightAdded_JESup_SinglePionECAL_AK4PFchs_v94HadroPreJetVetoHemOnly_JESPt22/mc/variableHists_v0BDT1tau1lV16
2016postVFP,v1baselineHadroBtagWeightAdded_JESup_SinglePionECAL_AK4PFchs_v94HadroPreJetVetoHemOnly_JESPt22,v0BDT1tau1lV17,112,0.3058738708496094,56,0.016344070434570312,168,0.3222179412841797,/publicfs/cms/user/huahuil/tauOfTTTT_NanoAOD/forMVA/2016postVFP/v1baselineHadroBtagWeightAdded_JESup_SinglePionECAL_AK4PFchs_v94HadroPreJetVetoHemOnly_JESPt22/mc/variableHists_v0BDT1tau1lV17
2016postVFP,v1baselineHadroBtagWeightAdded_JESup_SinglePionECAL_AK4PFchs_v94HadroPreJetVetoHemOnly_JESPt22,v0BDT1tau0lV17,112,0.2880105972290039,56,0.016344070434570312,168,0.3043546676635742,/publicfs/cms/user/huahuil/tauOfTTTT_NanoAOD/forMVA/2016postVFP/v1baselineHadroBtagWeightAdded_JESup_SinglePionECAL_AK4PFchs_v94HadroPreJetVetoHemOnly_JESPt22/mc/variableHists_v0BDT1tau0lV17
2016postVFP,v1baselineHadroBtagWeightAdded_JESup_SinglePionECAL_AK4PFchs_v94HadroPreJetVetoHemOnly_JESPt22,v0BDT1tau1lAddMCFakeTV3,112,0.30352210998535156,56,0.016824722290039062,168,0.3203468322753906,/publicfs/cms/user/huahuil/tauOfTTTT_NanoAOD/forMVA/2016postVFP/v1baselineHadroBtagWeightAdded_JESup_SinglePionECAL_AK4PFchs_v94HadroPreJetVetoHemOnly_JESPt22/mc/variableHists_v0BDT1tau1lAddMCFakeTV3
2016postVFP,v1baselineHadroBtagWeightAdded_JESup_SinglePionECAL_AK4PFchs_v94HadroPreJetVetoHemOnly_JESPt22,v8BDT1tau0l_refactorAndBtagNameFix,112,0.28870582580566406,56,0.017625808715820312,168,0.3063316345214844,/publicfs/cms/user/huahuil/tauOfTTTT_NanoAOD/forMVA/2016postVFP/v1baselineHadroBtagWeightAdded_JESup_SinglePionECAL_AK4PFchs_v94HadroPreJetVetoHemOnly_JESPt22/mc/variableHists_v8BDT1tau0l_refactorAndBtagNameFix
2016postVFP,v1baselineHadroBtagWeightAdded_JESup_SinglePionECAL_AK4PFchs_v94HadroPreJetVetoHemOnly_JESPt22,v0BDT1tau0lV16,112,0.28517627716064453,56,0.016344070434570312,168,0.30152034759521484,/publicfs/cms/user/huahuil/tauOfTTTT_NanoAOD/forMVA/2016postVFP/v1baselineHadroBtagWeightAdded_JESup_SinglePionECAL_AK4PFchs_v94HadroPreJetVetoHemOnly_JESPt22/mc/variableHists_v0BDT1tau0lV16
2016postVFP,v1baselineHadroBtagWeightAdded_JESup_SinglePionECAL_AK4PFchs_v94HadroPreJetVetoHemOnly_JESPt22,v5BDT1tau0l_tauFMorphFix,112,0.2885446548461914,56,0.016878128051757812,168,0.3054227828979492,/publicfs/cms/user/huahuil/tauOfTTTT_NanoAOD/forMVA/2016postVFP/v1baselineHadroBtagWeightAdded_JESup_SinglePionECAL_AK4PFchs_v94HadroPreJetVetoHemOnly_JESPt22/mc/variableHists_v5BDT1tau0l_tauFMorphFix
2016postVFP,v1baselineHadroBtagWeightAdded_JESDown_SinglePionECAL_AK4PFchs_v94HadroPreJetVetoHemOnly_JESPt22,v8BDT1tau0l_refactorAndBtagNameFix,112,0.2889213562011719,56,0.017732620239257812,168,0.3066539764404297,/publicfs/cms/user/huahuil/tauOfTTTT_NanoAOD/forMVA/2016postVFP/v1baselineHadroBtagWeightAdded_JESDown_SinglePionECAL_AK4PFchs_v94HadroPreJetVetoHemOnly_JESPt22/mc/variableHists_v8BDT1tau0l_refactorAndBtagNameFix
2016postVFP,v1baselineHadroBtagWeightAdded_JESDown_PileUpPtEC2_AK4PFchs_v94HadroPreJetVetoHemOnly_JESPt22,v8BDT1tau0l_refactorAndBtagNameFix,112,0.28859806060791016,56,0.017572402954101562,168,0.3061704635620117,/publicfs/cms/user/huahuil/tauOfTTTT_NanoAOD/forMVA/2016postVFP/v1baselineHadroBtagWeightAdded_JESDown_PileUpPtEC2_AK4PFchs_v94HadroPreJetVetoHemOnly_JESPt22/mc/variableHists_v8BDT1tau0l_refactorAndBtagNameFix
2016postVFP,v1baselineHadroBtagWeightAdded_JESDown_RelativePtEC1_AK4PFchs_v94HadroPreJetVetoHemOnly_JESPt22,v8BDT1tau0l_refactorAndBtagNameFix,112,0.2888154983520508,56,0.017679214477539062,168,0.30649471282958984,/publicfs/cms/user/huahuil/tauOfTTTT_NanoAOD/forMVA/2016postVFP/v1baselineHadroBtagWeightAdded_JESDown_RelativePtEC1_AK4PFchs_v94HadroPreJetVetoHemOnly_JESPt22/mc/variableHists_v8BDT1tau0l_refactorAndBtagNameFix
2016postVFP,v1baselineHadroBtagWeightAdded_JESDown_RelativeJEREC2_AK4PFchs_v94HadroPreJetVetoHemOnly_JESPt22,v8BDT1tau0l_refactorAndBtagNameFix,112,0.28891849517822266,56,0.017732620239257812,168,0.30665111541748047,/publicfs/cms/user/huahuil/tauOfTTTT_NanoAOD/forMVA/2016postVFP/v1baselineHadroBtagWeightAdded_JESDown_RelativeJEREC2_AK4PFchs_v94HadroPreJetVetoHemOnly_JESPt22/mc/variableHists_v8BDT1tau0l_refactorAndBtagNameFix
2016postVFP,v1baselineHadroBtagWeightAdded_JESDown_PileUpPtRef_AK4PFchs_v94HadroPreJetVetoHemOnly_JESPt22,v8BDT1tau0l_refactorAndBtagNameFix,112,0.28859710693359375,56,0.017572402954101562,168,0.3061695098876953,/publicfs/cms/user/huahuil/tauOfTTTT_NanoAOD/forMVA/2016postVFP/v1baselineHadroBtagWeightAdded_JESDown_PileUpPtRef_AK4PFchs_v94HadroPreJetVetoHemOnly_JESPt22/mc/variableHists_v8BDT1tau0l_refactorAndBtagNameFix
2016postVFP,v1baselineHadroBtagWeightAdded_JESDown_AbsoluteMPFBias_AK4PFchs_v94HadroPreJetVetoHemOnly_JESPt22,v8BDT1tau0l_refactorAndBtagNameFix,112,0.2890300750732422,56,0.017786026000976562,168,0.30681610107421875,/publicfs/cms/user/huahuil/tauOfTTTT_NanoAOD/forMVA/2016postVFP/v1baselineHadroBtagWeightAdded_JESDown_AbsoluteMPFBias_AK4PFchs_v94HadroPreJetVetoHemOnly_JESPt22/mc/variableHists_v8BDT1tau0l_refactorAndBtagNameFix
2016postVFP,v1baselineHadroBtagWeightAdded_JESup_PileUpPtBB_AK4PFchs_v94HadroPreJetVetoHemOnly_JESPt22,v8BDT1tau0l_refactorAndBtagNameFix,112,0.2882699966430664,56,0.017412185668945312,168,0.3056821823120117,/publicfs/cms/user/huahuil/tauOfTTTT_NanoAOD/forMVA/2016postVFP/v1baselineHadroBtagWeightAdded_JESup_PileUpPtBB_AK4PFchs_v94HadroPreJetVetoHemOnly_JESPt22/mc/variableHists_v8BDT1tau0l_refactorAndBtagNameFix
2016postVFP,v1baselineHadroBtagWeightAdded_JESDown_RelativeStatEC_AK4PFchs_v94HadroPreJetVetoHemOnly_JESPt22,v8BDT1tau0l_refactorAndBtagNameFix,112,0.28891944885253906,56,0.017732620239257812,168,0.3066520690917969,/publicfs/cms/user/huahuil/tauOfTTTT_NanoAOD/forMVA/2016postVFP/v1baselineHadroBtagWeightAdded_JESDown_RelativeStatEC_AK4PFchs_v94HadroPreJetVetoHemOnly_JESPt22/mc/variableHists_v8BDT1tau0l_refactorAndBtagNameFix
2016postVFP,v1baselineHadroBtagWeightAdded_JESup_TimePtEta_AK4PFchs_v94HadroPreJetVetoHemOnly_JESPt22,v0BDT1tau0l,112,0.2844829559326172,56,0.015916824340820312,168,0.3003997802734375,/publicfs/cms/user/huahuil/tauOfTTTT_NanoAOD/forMVA/2016postVFP/v1baselineHadroBtagWeightAdded_JESup_TimePtEta_AK4PFchs_v94HadroPreJetVetoHemOnly_JESPt22/mc/variableHists_v0BDT1tau0l
2016postVFP,v1baselineHadroBtagWeightAdded_JESup_TimePtEta_AK4PFchs_v94HadroPreJetVetoHemOnly_JESPt22,v3BDT1tau1lV18_fakeTauDataDriven,112,0.3061952590942383,56,0.017038345336914062,168,0.32323360443115234,/publicfs/cms/user/huahuil/tauOfTTTT_NanoAOD/forMVA/2016postVFP/v1baselineHadroBtagWeightAdded_JESup_TimePtEta_AK4PFchs_v94HadroPreJetVetoHemOnly_JESPt22/mc/variableHists_v3BDT1tau1lV18_fakeTauDataDriven
2016postVFP,v1baselineHadroBtagWeightAdded_JESup_TimePtEta_AK4PFchs_v94HadroPreJetVetoHemOnly_JESPt22,v0BDT1tau1lV16,112,0.2689647674560547,56,0.016077041625976562,168,0.28504180908203125,/publicfs/cms/user/huahuil/tauOfTTTT_NanoAOD/forMVA/2016postVFP/v1baselineHadroBtagWeightAdded_JESup_TimePtEta_AK4PFchs_v94HadroPreJetVetoHemOnly_JESPt22/mc/variableHists_v0BDT1tau1lV16
2016postVFP,v1baselineHadroBtagWeightAdded_JESup_TimePtEta_AK4PFchs_v94HadroPreJetVetoHemOnly_JESPt22,v0BDT1tau1lV17,112,0.30533599853515625,56,0.016077041625976562,168,0.3214130401611328,/publicfs/cms/user/huahuil/tauOfTTTT_NanoAOD/forMVA/2016postVFP/v1baselineHadroBtagWeightAdded_JESup_TimePtEta_AK4PFchs_v94HadroPreJetVetoHemOnly_JESPt22/mc/variableHists_v0BDT1tau1lV17
2016postVFP,v1baselineHadroBtagWeightAdded_JESup_TimePtEta_AK4PFchs_v94HadroPreJetVetoHemOnly_JESPt22,v0BDT1tau0lV17,112,0.2874746322631836,56,0.016077041625976562,168,0.30355167388916016,/publicfs/cms/user/huahuil/tauOfTTTT_NanoAOD/forMVA/2016postVFP/v1baselineHadroBtagWeightAdded_JESup_TimePtEta_AK4PFchs_v94HadroPreJetVetoHemOnly_JESPt22/mc/variableHists_v0BDT1tau0lV17
2016postVFP,v1baselineHadroBtagWeightAdded_JESup_TimePtEta_AK4PFchs_v94HadroPreJetVetoHemOnly_JESPt22,v0BDT1tau1lAddMCFakeTV3,112,0.30298423767089844,56,0.016557693481445312,168,0.31954193115234375,/publicfs/cms/user/huahuil/tauOfTTTT_NanoAOD/forMVA/2016postVFP/v1baselineHadroBtagWeightAdded_JESup_TimePtEta_AK4PFchs_v94HadroPreJetVetoHemOnly_JESPt22/mc/variableHists_v0BDT1tau1lAddMCFakeTV3
2016postVFP,v1baselineHadroBtagWeightAdded_JESup_TimePtEta_AK4PFchs_v94HadroPreJetVetoHemOnly_JESPt22,v8BDT1tau0l_refactorAndBtagNameFix,112,0.28816890716552734,56,0.017358779907226562,168,0.3055276870727539,/publicfs/cms/user/huahuil/tauOfTTTT_NanoAOD/forMVA/2016postVFP/v1baselineHadroBtagWeightAdded_JESup_TimePtEta_AK4PFchs_v94HadroPreJetVetoHemOnly_JESPt22/mc/variableHists_v8BDT1tau0l_refactorAndBtagNameFix
2016postVFP,v1baselineHadroBtagWeightAdded_JESup_TimePtEta_AK4PFchs_v94HadroPreJetVetoHemOnly_JESPt22,v0BDT1tau0lV16,112,0.2846536636352539,56,0.016077041625976562,168,0.30073070526123047,/publicfs/cms/user/huahuil/tauOfTTTT_NanoAOD/forMVA/2016postVFP/v1baselineHadroBtagWeightAdded_JESup_TimePtEta_AK4PFchs_v94HadroPreJetVetoHemOnly_JESPt22/mc/variableHists_v0BDT1tau0lV16
2016postVFP,v1baselineHadroBtagWeightAdded_JESup_TimePtEta_AK4PFchs_v94HadroPreJetVetoHemOnly_JESPt22,v5BDT1tau0l_tauFMorphFix,112,0.2880086898803711,56,0.016611099243164062,168,0.30461978912353516,/publicfs/cms/user/huahuil/tauOfTTTT_NanoAOD/forMVA/2016postVFP/v1baselineHadroBtagWeightAdded_JESup_TimePtEta_AK4PFchs_v94HadroPreJetVetoHemOnly_JESPt22/mc/variableHists_v5BDT1tau0l_tauFMorphFix
2016postVFP,v1baselineHadroBtagWeightAdded_JESDown_TimePtEta_AK4PFchs_v94HadroPreJetVetoHemOnly_JESPt22,v8BDT1tau0l_refactorAndBtagNameFix,112,0.28838062286376953,56,0.017465591430664062,168,0.3058462142944336,/publicfs/cms/user/huahuil/tauOfTTTT_NanoAOD/forMVA/2016postVFP/v1baselineHadroBtagWeightAdded_JESDown_TimePtEta_AK4PFchs_v94HadroPreJetVetoHemOnly_JESPt22/mc/variableHists_v8BDT1tau0l_refactorAndBtagNameFix
2016postVFP,v1baselineHadroBtagWeightAdded_JESDown_RelativePtHF_AK4PFchs_v94HadroPreJetVetoHemOnly_JESPt22,v8BDT1tau0l_refactorAndBtagNameFix,112,0.28870582580566406,56,0.017625808715820312,168,0.3063316345214844,/publicfs/cms/user/huahuil/tauOfTTTT_NanoAOD/forMVA/2016postVFP/v1baselineHadroBtagWeightAdded_JESDown_RelativePtHF_AK4PFchs_v94HadroPreJetVetoHemOnly_JESPt22/mc/variableHists_v8BDT1tau0l_refactorAndBtagNameFix
2016postVFP,v1baselineHadroBtagWeightAdded_JESDown_PileUpDataMC_AK4PFchs_v94HadroPreJetVetoHemOnly_JESPt22,v8BDT1tau0l_refactorAndBtagNameFix,112,0.2887144088745117,56,0.017625808715820312,168,0.30634021759033203,/publicfs/cms/user/huahuil/tauOfTTTT_NanoAOD/forMVA/2016postVFP/v1baselineHadroBtagWeightAdded_JESDown_PileUpDataMC_AK4PFchs_v94HadroPreJetVetoHemOnly_JESPt22/mc/variableHists_v8BDT1tau0l_refactorAndBtagNameFix
2016postVFP,v1baselineHadroBtagWeightAdded_JESDown_RelativeJERHF_AK4PFchs_v94HadroPreJetVetoHemOnly_JESPt22,v8BDT1tau0l_refactorAndBtagNameFix,112,0.28881263732910156,56,0.017679214477539062,168,0.3064918518066406,/publicfs/cms/user/huahuil/tauOfTTTT_NanoAOD/forMVA/2016postVFP/v1baselineHadroBtagWeightAdded_JESDown_RelativeJERHF_AK4PFchs_v94HadroPreJetVetoHemOnly_JESPt22/mc/variableHists_v8BDT1tau0l_refactorAndBtagNameFix
2016postVFP,v1baselineHadroBtagWeightAdded_JESup_FlavorPureGluon_AK4PFchs_v94HadroPreJetVetoHemOnly_JESPt22,v3BDT1tau1lV18_fakeTauDataDriven,112,0.3068361282348633,56,0.017358779907226562,168,0.32419490814208984,/publicfs/cms/user/huahuil/tauOfTTTT_NanoAOD/forMVA/2016postVFP/v1baselineHadroBtagWeightAdded_JESup_FlavorPureGluon_AK4PFchs_v94HadroPreJetVetoHemOnly_JESPt22/mc/variableHists_v3BDT1tau1lV18_fakeTauDataDriven
2016postVFP,v1baselineHadroBtagWeightAdded_JESup_FlavorPureGluon_AK4PFchs_v94HadroPreJetVetoHemOnly_JESPt22,v0BDT1tau1lV17,112,0.30597591400146484,56,0.016397476196289062,168,0.3223733901977539,/publicfs/cms/user/huahuil/tauOfTTTT_NanoAOD/forMVA/2016postVFP/v1baselineHadroBtagWeightAdded_JESup_FlavorPureGluon_AK4PFchs_v94HadroPreJetVetoHemOnly_JESPt22/mc/variableHists_v0BDT1tau1lV17
2016postVFP,v1baselineHadroBtagWeightAdded_JESup_FlavorPureGluon_AK4PFchs_v94HadroPreJetVetoHemOnly_JESPt22,v0BDT1tau0lV17,112,0.288116455078125,56,0.016397476196289062,168,0.30451393127441406,/publicfs/cms/user/huahuil/tauOfTTTT_NanoAOD/forMVA/2016postVFP/v1baselineHadroBtagWeightAdded_JESup_FlavorPureGluon_AK4PFchs_v94HadroPreJetVetoHemOnly_JESPt22/mc/variableHists_v0BDT1tau0lV17
2016postVFP,v1baselineHadroBtagWeightAdded_JESup_FlavorPureGluon_AK4PFchs_v94HadroPreJetVetoHemOnly_JESPt22,v8BDT1tau0l_refactorAndBtagNameFix,112,0.2888221740722656,56,0.017679214477539062,168,0.3065013885498047,/publicfs/cms/user/huahuil/tauOfTTTT_NanoAOD/forMVA/2016postVFP/v1baselineHadroBtagWeightAdded_JESup_FlavorPureGluon_AK4PFchs_v94HadroPreJetVetoHemOnly_JESPt22/mc/variableHists_v8BDT1tau0l_refactorAndBtagNameFix
2016postVFP,v1baselineHadroBtagWeightAdded_JESup_FlavorPureGluon_AK4PFchs_v94HadroPreJetVetoHemOnly_JESPt22,v5BDT1tau0l_tauFMorphFix,112,0.2886505126953125,56,0.016931533813476562,168,0.30558204650878906,/publicfs/cms/user/huahuil/tauOfTTTT_NanoAOD/forMVA/2016postVFP/v1baselineHadroBtagWeightAdded_JESup_FlavorPureGluon_AK4PFchs_v94HadroPreJetVetoHemOnly_JESPt22/mc/variableHists_v5BDT1tau0l_tauFMorphFix
2016postVFP,v1baselineHadroBtagWeightAdded_JESup_PileUpDataMC_AK4PFchs_v94HadroPreJetVetoHemOnly_JESPt22,v8BDT1tau0l_refactorAndBtagNameFix,112,0.28850555419921875,56,0.017518997192382812,168,0.30602455139160156,/publicfs/cms/user/huahuil/tauOfTTTT_NanoAOD/forMVA/2016postVFP/v1baselineHadroBtagWeightAdded_JESup_PileUpDataMC_AK4PFchs_v94HadroPreJetVetoHemOnly_JESPt22/mc/variableHists_v8BDT1tau0l_refactorAndBtagNameFix
2016postVFP,v1baselineHadroBtagWeightAdded_JESup_AbsoluteStat_AK4PFchs_v94HadroPreJetVetoHemOnly_JESPt22,v0BDT1tau0l,112,0.2848062515258789,56,0.016077041625976562,168,0.30088329315185547,/publicfs/cms/user/huahuil/tauOfTTTT_NanoAOD/forMVA/2016postVFP/v1baselineHadroBtagWeightAdded_JESup_AbsoluteStat_AK4PFchs_v94HadroPreJetVetoHemOnly_JESPt22/mc/variableHists_v0BDT1tau0l
2016postVFP,v1baselineHadroBtagWeightAdded_JESup_AbsoluteStat_AK4PFchs_v94HadroPreJetVetoHemOnly_JESPt22,v3BDT1tau1lV18_fakeTauDataDriven,112,0.3065176010131836,56,0.017198562622070312,168,0.3237161636352539,/publicfs/cms/user/huahuil/tauOfTTTT_NanoAOD/forMVA/2016postVFP/v1baselineHadroBtagWeightAdded_JESup_AbsoluteStat_AK4PFchs_v94HadroPreJetVetoHemOnly_JESPt22/mc/variableHists_v3BDT1tau1lV18_fakeTauDataDriven
2016postVFP,v1baselineHadroBtagWeightAdded_JESup_AbsoluteStat_AK4PFchs_v94HadroPreJetVetoHemOnly_JESPt22,v0BDT1tau1lV16,112,0.2692861557006836,56,0.016237258911132812,168,0.2855234146118164,/publicfs/cms/user/huahuil/tauOfTTTT_NanoAOD/forMVA/2016postVFP/v1baselineHadroBtagWeightAdded_JESup_AbsoluteStat_AK4PFchs_v94HadroPreJetVetoHemOnly_JESPt22/mc/variableHists_v0BDT1tau1lV16
2016postVFP,v1baselineHadroBtagWeightAdded_JESup_AbsoluteStat_AK4PFchs_v94HadroPreJetVetoHemOnly_JESPt22,v0BDT1tau1lV17,112,0.30565738677978516,56,0.016237258911132812,168,0.32189464569091797,/publicfs/cms/user/huahuil/tauOfTTTT_NanoAOD/forMVA/2016postVFP/v1baselineHadroBtagWeightAdded_JESup_AbsoluteStat_AK4PFchs_v94HadroPreJetVetoHemOnly_JESPt22/mc/variableHists_v0BDT1tau1lV17
2016postVFP,v1baselineHadroBtagWeightAdded_JESup_AbsoluteStat_AK4PFchs_v94HadroPreJetVetoHemOnly_JESPt22,v0BDT1tau0lV17,112,0.28780174255371094,56,0.016237258911132812,168,0.30403900146484375,/publicfs/cms/user/huahuil/tauOfTTTT_NanoAOD/forMVA/2016postVFP/v1baselineHadroBtagWeightAdded_JESup_AbsoluteStat_AK4PFchs_v94HadroPreJetVetoHemOnly_JESPt22/mc/variableHists_v0BDT1tau0lV17
2016postVFP,v1baselineHadroBtagWeightAdded_JESup_AbsoluteStat_AK4PFchs_v94HadroPreJetVetoHemOnly_JESPt22,v0BDT1tau1lAddMCFakeTV3,112,0.3033266067504883,56,0.016717910766601562,168,0.32004451751708984,/publicfs/cms/user/huahuil/tauOfTTTT_NanoAOD/forMVA/2016postVFP/v1baselineHadroBtagWeightAdded_JESup_AbsoluteStat_AK4PFchs_v94HadroPreJetVetoHemOnly_JESPt22/mc/variableHists_v0BDT1tau1lAddMCFakeTV3
2016postVFP,v1baselineHadroBtagWeightAdded_JESup_AbsoluteStat_AK4PFchs_v94HadroPreJetVetoHemOnly_JESPt22,v8BDT1tau0l_refactorAndBtagNameFix,112,0.2884950637817383,56,0.017518997192382812,168,0.3060140609741211,/publicfs/cms/user/huahuil/tauOfTTTT_NanoAOD/forMVA/2016postVFP/v1baselineHadroBtagWeightAdded_JESup_AbsoluteStat_AK4PFchs_v94HadroPreJetVetoHemOnly_JESPt22/mc/variableHists_v8BDT1tau0l_refactorAndBtagNameFix
2016postVFP,v1baselineHadroBtagWeightAdded_JESup_AbsoluteStat_AK4PFchs_v94HadroPreJetVetoHemOnly_JESPt22,v0BDT1tau0lV16,112,0.28496551513671875,56,0.016237258911132812,168,0.30120277404785156,/publicfs/cms/user/huahuil/tauOfTTTT_NanoAOD/forMVA/2016postVFP/v1baselineHadroBtagWeightAdded_JESup_AbsoluteStat_AK4PFchs_v94HadroPreJetVetoHemOnly_JESPt22/mc/variableHists_v0BDT1tau0lV16
2016postVFP,v1baselineHadroBtagWeightAdded_JESup_AbsoluteStat_AK4PFchs_v94HadroPreJetVetoHemOnly_JESPt22,v5BDT1tau0l_tauFMorphFix,112,0.2883338928222656,56,0.016771316528320312,168,0.30510520935058594,/publicfs/cms/user/huahuil/tauOfTTTT_NanoAOD/forMVA/2016postVFP/v1baselineHadroBtagWeightAdded_JESup_AbsoluteStat_AK4PFchs_v94HadroPreJetVetoHemOnly_JESPt22/mc/variableHists_v5BDT1tau0l_tauFMorphFix
2016postVFP,v1baselineHadroBtagWeightAdded_JESup_RelativeSample_AK4PFchs_v94HadroPreJetVetoHemOnly_JESPt22,v0BDT1tau0l,112,0.2850151062011719,56,0.016183853149414062,168,0.30119895935058594,/publicfs/cms/user/huahuil/tauOfTTTT_NanoAOD/forMVA/2016postVFP/v1baselineHadroBtagWeightAdded_JESup_RelativeSample_AK4PFchs_v94HadroPreJetVetoHemOnly_JESPt22/mc/variableHists_v0BDT1tau0l
2016postVFP,v1baselineHadroBtagWeightAdded_JESup_RelativeSample_AK4PFchs_v94HadroPreJetVetoHemOnly_JESPt22,v3BDT1tau1lV18_fakeTauDataDriven,112,0.3067293167114258,56,0.017305374145507812,168,0.3240346908569336,/publicfs/cms/user/huahuil/tauOfTTTT_NanoAOD/forMVA/2016postVFP/v1baselineHadroBtagWeightAdded_JESup_RelativeSample_AK4PFchs_v94HadroPreJetVetoHemOnly_JESPt22/mc/variableHists_v3BDT1tau1lV18_fakeTauDataDriven
2016postVFP,v1baselineHadroBtagWeightAdded_JESup_RelativeSample_AK4PFchs_v94HadroPreJetVetoHemOnly_JESPt22,v0BDT1tau1lV16,112,0.26949405670166016,56,0.016344070434570312,168,0.28583812713623047,/publicfs/cms/user/huahuil/tauOfTTTT_NanoAOD/forMVA/2016postVFP/v1baselineHadroBtagWeightAdded_JESup_RelativeSample_AK4PFchs_v94HadroPreJetVetoHemOnly_JESPt22/mc/variableHists_v0BDT1tau1lV16
2016postVFP,v1baselineHadroBtagWeightAdded_JESup_RelativeSample_AK4PFchs_v94HadroPreJetVetoHemOnly_JESPt22,v0BDT1tau1lV17,112,0.3058652877807617,56,0.016344070434570312,168,0.32220935821533203,/publicfs/cms/user/huahuil/tauOfTTTT_NanoAOD/forMVA/2016postVFP/v1baselineHadroBtagWeightAdded_JESup_RelativeSample_AK4PFchs_v94HadroPreJetVetoHemOnly_JESPt22/mc/variableHists_v0BDT1tau1lV17
2016postVFP,v1baselineHadroBtagWeightAdded_JESup_RelativeSample_AK4PFchs_v94HadroPreJetVetoHemOnly_JESPt22,v0BDT1tau0lV17,112,0.2880096435546875,56,0.016344070434570312,168,0.3043537139892578,/publicfs/cms/user/huahuil/tauOfTTTT_NanoAOD/forMVA/2016postVFP/v1baselineHadroBtagWeightAdded_JESup_RelativeSample_AK4PFchs_v94HadroPreJetVetoHemOnly_JESPt22/mc/variableHists_v0BDT1tau0lV17
2016postVFP,v1baselineHadroBtagWeightAdded_JESup_RelativeSample_AK4PFchs_v94HadroPreJetVetoHemOnly_JESPt22,v0BDT1tau1lAddMCFakeTV3,112,0.3035135269165039,56,0.016824722290039062,168,0.32033824920654297,/publicfs/cms/user/huahuil/tauOfTTTT_NanoAOD/forMVA/2016postVFP/v1baselineHadroBtagWeightAdded_JESup_RelativeSample_AK4PFchs_v94HadroPreJetVetoHemOnly_JESPt22/mc/variableHists_v0BDT1tau1lAddMCFakeTV3
2016postVFP,v1baselineHadroBtagWeightAdded_JESup_RelativeSample_AK4PFchs_v94HadroPreJetVetoHemOnly_JESPt22,v8BDT1tau0l_refactorAndBtagNameFix,112,0.28870296478271484,56,0.017625808715820312,168,0.30632877349853516,/publicfs/cms/user/huahuil/tauOfTTTT_NanoAOD/forMVA/2016postVFP/v1baselineHadroBtagWeightAdded_JESup_RelativeSample_AK4PFchs_v94HadroPreJetVetoHemOnly_JESPt22/mc/variableHists_v8BDT1tau0l_refactorAndBtagNameFix
2016postVFP,v1baselineHadroBtagWeightAdded_JESup_RelativeSample_AK4PFchs_v94HadroPreJetVetoHemOnly_JESPt22,v0BDT1tau0lV16,112,0.2851753234863281,56,0.016344070434570312,168,0.30151939392089844,/publicfs/cms/user/huahuil/tauOfTTTT_NanoAOD/forMVA/2016postVFP/v1baselineHadroBtagWeightAdded_JESup_RelativeSample_AK4PFchs_v94HadroPreJetVetoHemOnly_JESPt22/mc/variableHists_v0BDT1tau0lV16
2016postVFP,v1baselineHadroBtagWeightAdded_JESup_RelativeSample_AK4PFchs_v94HadroPreJetVetoHemOnly_JESPt22,v5BDT1tau0l_tauFMorphFix,112,0.2885427474975586,56,0.016878128051757812,168,0.3054208755493164,/publicfs/cms/user/huahuil/tauOfTTTT_NanoAOD/forMVA/2016postVFP/v1baselineHadroBtagWeightAdded_JESup_RelativeSample_AK4PFchs_v94HadroPreJetVetoHemOnly_JESPt22/mc/variableHists_v5BDT1tau0l_tauFMorphFix
2016postVFP,v1baselineHadroBtagWeightAdded_JESup_RelativePtHF_AK4PFchs_v94HadroPreJetVetoHemOnly_JESPt22,v0BDT1tau0l,112,0.2848043441772461,56,0.016077041625976562,168,0.30088138580322266,/publicfs/cms/user/huahuil/tauOfTTTT_NanoAOD/forMVA/2016postVFP/v1baselineHadroBtagWeightAdded_JESup_RelativePtHF_AK4PFchs_v94HadroPreJetVetoHemOnly_JESPt22/mc/variableHists_v0BDT1tau0l
2016postVFP,v1baselineHadroBtagWeightAdded_JESup_RelativePtHF_AK4PFchs_v94HadroPreJetVetoHemOnly_JESPt22,v3BDT1tau1lV18_fakeTauDataDriven,112,0.3065195083618164,56,0.017198562622070312,168,0.3237180709838867,/publicfs/cms/user/huahuil/tauOfTTTT_NanoAOD/forMVA/2016postVFP/v1baselineHadroBtagWeightAdded_JESup_RelativePtHF_AK4PFchs_v94HadroPreJetVetoHemOnly_JESPt22/mc/variableHists_v3BDT1tau1lV18_fakeTauDataDriven
2016postVFP,v1baselineHadroBtagWeightAdded_JESup_RelativePtHF_AK4PFchs_v94HadroPreJetVetoHemOnly_JESPt22,v0BDT1tau1lV16,112,0.2692880630493164,56,0.016237258911132812,168,0.2855253219604492,/publicfs/cms/user/huahuil/tauOfTTTT_NanoAOD/forMVA/2016postVFP/v1baselineHadroBtagWeightAdded_JESup_RelativePtHF_AK4PFchs_v94HadroPreJetVetoHemOnly_JESPt22/mc/variableHists_v0BDT1tau1lV16
2016postVFP,v1baselineHadroBtagWeightAdded_JESup_RelativePtHF_AK4PFchs_v94HadroPreJetVetoHemOnly_JESPt22,v0BDT1tau1lV17,112,0.30565929412841797,56,0.016237258911132812,168,0.3218965530395508,/publicfs/cms/user/huahuil/tauOfTTTT_NanoAOD/forMVA/2016postVFP/v1baselineHadroBtagWeightAdded_JESup_RelativePtHF_AK4PFchs_v94HadroPreJetVetoHemOnly_JESPt22/mc/variableHists_v0BDT1tau1lV17
2016postVFP,v1baselineHadroBtagWeightAdded_JESup_RelativePtHF_AK4PFchs_v94HadroPreJetVetoHemOnly_JESPt22,v0BDT1tau0lV17,112,0.2877969741821289,56,0.016237258911132812,168,0.3040342330932617,/publicfs/cms/user/huahuil/tauOfTTTT_NanoAOD/forMVA/2016postVFP/v1baselineHadroBtagWeightAdded_JESup_RelativePtHF_AK4PFchs_v94HadroPreJetVetoHemOnly_JESPt22/mc/variableHists_v0BDT1tau0lV17
2016postVFP,v1baselineHadroBtagWeightAdded_JESup_RelativePtHF_AK4PFchs_v94HadroPreJetVetoHemOnly_JESPt22,v0BDT1tau1lAddMCFakeTV3,112,0.30330753326416016,56,0.016717910766601562,168,0.3200254440307617,/publicfs/cms/user/huahuil/tauOfTTTT_NanoAOD/forMVA/2016postVFP/v1baselineHadroBtagWeightAdded_JESup_RelativePtHF_AK4PFchs_v94HadroPreJetVetoHemOnly_JESPt22/mc/variableHists_v0BDT1tau1lAddMCFakeTV3
2016postVFP,v1baselineHadroBtagWeightAdded_JESup_RelativePtHF_AK4PFchs_v94HadroPreJetVetoHemOnly_JESPt22,v8BDT1tau0l_refactorAndBtagNameFix,112,0.28849124908447266,56,0.017518997192382812,168,0.30601024627685547,/publicfs/cms/user/huahuil/tauOfTTTT_NanoAOD/forMVA/2016postVFP/v1baselineHadroBtagWeightAdded_JESup_RelativePtHF_AK4PFchs_v94HadroPreJetVetoHemOnly_JESPt22/mc/variableHists_v8BDT1tau0l_refactorAndBtagNameFix
2016postVFP,v1baselineHadroBtagWeightAdded_JESup_RelativePtHF_AK4PFchs_v94HadroPreJetVetoHemOnly_JESPt22,v0BDT1tau0lV16,112,0.2849750518798828,56,0.016237258911132812,168,0.3012123107910156,/publicfs/cms/user/huahuil/tauOfTTTT_NanoAOD/forMVA/2016postVFP/v1baselineHadroBtagWeightAdded_JESup_RelativePtHF_AK4PFchs_v94HadroPreJetVetoHemOnly_JESPt22/mc/variableHists_v0BDT1tau0lV16
2016postVFP,v1baselineHadroBtagWeightAdded_JESup_RelativePtHF_AK4PFchs_v94HadroPreJetVetoHemOnly_JESPt22,v5BDT1tau0l_tauFMorphFix,112,0.2883310317993164,56,0.016771316528320312,168,0.3051023483276367,/publicfs/cms/user/huahuil/tauOfTTTT_NanoAOD/forMVA/2016postVFP/v1baselineHadroBtagWeightAdded_JESup_RelativePtHF_AK4PFchs_v94HadroPreJetVetoHemOnly_JESPt22/mc/variableHists_v5BDT1tau0l_tauFMorphFix
2016postVFP,v1baselineHadroBtagWeightAdded_JESDown_RelativeStatFSR_AK4PFchs_v94HadroPreJetVetoHemOnly_JESPt22,v8BDT1tau0l_refactorAndBtagNameFix,112,0.28902435302734375,56,0.017786026000976562,168,0.3068103790283203,/publicfs/cms/user/huahuil/tauOfTTTT_NanoAOD/forMVA/2016postVFP/v1baselineHadroBtagWeightAdded_JESDown_RelativeStatFSR_AK4PFchs_v94HadroPreJetVetoHemOnly_JESPt22/mc/variableHists_v8BDT1tau0l_refactorAndBtagNameFix
2016postVFP,v1baselineHadroBtagWeightAdded_JESup_PileUpPtHF_AK4PFchs_v94HadroPreJetVetoHemOnly_JESPt22,v8BDT1tau0l_refactorAndBtagNameFix,112,0.28827667236328125,56,0.017412185668945312,168,0.30568885803222656,/publicfs/cms/user/huahuil/tauOfTTTT_NanoAOD/forMVA/2016postVFP/v1baselineHadroBtagWeightAdded_JESup_PileUpPtHF_AK4PFchs_v94HadroPreJetVetoHemOnly_JESPt22/mc/variableHists_v8BDT1tau0l_refactorAndBtagNameFix
2016postVFP,v1baselineHadroBtagWeightAdded_JESup_RelativeStatHF_AK4PFchs_v94HadroPreJetVetoHemOnly_JESPt22,v0BDT1tau0l,112,0.2850179672241211,56,0.016183853149414062,168,0.30120182037353516,/publicfs/cms/user/huahuil/tauOfTTTT_NanoAOD/forMVA/2016postVFP/v1baselineHadroBtagWeightAdded_JESup_RelativeStatHF_AK4PFchs_v94HadroPreJetVetoHemOnly_JESPt22/mc/variableHists_v0BDT1tau0l
2016postVFP,v1baselineHadroBtagWeightAdded_JESup_RelativeStatHF_AK4PFchs_v94HadroPreJetVetoHemOnly_JESPt22,v3BDT1tau1lV18_fakeTauDataDriven,112,0.3067331314086914,56,0.017305374145507812,168,0.3240385055541992,/publicfs/cms/user/huahuil/tauOfTTTT_NanoAOD/forMVA/2016postVFP/v1baselineHadroBtagWeightAdded_JESup_RelativeStatHF_AK4PFchs_v94HadroPreJetVetoHemOnly_JESPt22/mc/variableHists_v3BDT1tau1lV18_fakeTauDataDriven
2016postVFP,v1baselineHadroBtagWeightAdded_JESup_RelativeStatHF_AK4PFchs_v94HadroPreJetVetoHemOnly_JESPt22,v0BDT1tau1lV16,112,0.269500732421875,56,0.016344070434570312,168,0.2858448028564453,/publicfs/cms/user/huahuil/tauOfTTTT_NanoAOD/forMVA/2016postVFP/v1baselineHadroBtagWeightAdded_JESup_RelativeStatHF_AK4PFchs_v94HadroPreJetVetoHemOnly_JESPt22/mc/variableHists_v0BDT1tau1lV16
2016postVFP,v1baselineHadroBtagWeightAdded_JESup_RelativeStatHF_AK4PFchs_v94HadroPreJetVetoHemOnly_JESPt22,v0BDT1tau1lV17,112,0.30587291717529297,56,0.016344070434570312,168,0.3222169876098633,/publicfs/cms/user/huahuil/tauOfTTTT_NanoAOD/forMVA/2016postVFP/v1baselineHadroBtagWeightAdded_JESup_RelativeStatHF_AK4PFchs_v94HadroPreJetVetoHemOnly_JESPt22/mc/variableHists_v0BDT1tau1lV17
2016postVFP,v1baselineHadroBtagWeightAdded_JESup_RelativeStatHF_AK4PFchs_v94HadroPreJetVetoHemOnly_JESPt22,v0BDT1tau0lV17,112,0.2880125045776367,56,0.016344070434570312,168,0.30435657501220703,/publicfs/cms/user/huahuil/tauOfTTTT_NanoAOD/forMVA/2016postVFP/v1baselineHadroBtagWeightAdded_JESup_RelativeStatHF_AK4PFchs_v94HadroPreJetVetoHemOnly_JESPt22/mc/variableHists_v0BDT1tau0lV17
2016postVFP,v1baselineHadroBtagWeightAdded_JESup_RelativeStatHF_AK4PFchs_v94HadroPreJetVetoHemOnly_JESPt22,v0BDT1tau1lAddMCFakeTV3,112,0.30352020263671875,56,0.016824722290039062,168,0.3203449249267578,/publicfs/cms/user/huahuil/tauOfTTTT_NanoAOD/forMVA/2016postVFP/v1baselineHadroBtagWeightAdded_JESup_RelativeStatHF_AK4PFchs_v94HadroPreJetVetoHemOnly_JESPt22/mc/variableHists_v0BDT1tau1lAddMCFakeTV3
2016postVFP,v1baselineHadroBtagWeightAdded_JESup_RelativeStatHF_AK4PFchs_v94HadroPreJetVetoHemOnly_JESPt22,v8BDT1tau0l_refactorAndBtagNameFix,112,0.28870582580566406,56,0.017625808715820312,168,0.3063316345214844,/publicfs/cms/user/huahuil/tauOfTTTT_NanoAOD/forMVA/2016postVFP/v1baselineHadroBtagWeightAdded_JESup_RelativeStatHF_AK4PFchs_v94HadroPreJetVetoHemOnly_JESPt22/mc/variableHists_v8BDT1tau0l_refactorAndBtagNameFix
2016postVFP,v1baselineHadroBtagWeightAdded_JESup_RelativeStatHF_AK4PFchs_v94HadroPreJetVetoHemOnly_JESPt22,v0BDT1tau0lV16,112,0.28517818450927734,56,0.016344070434570312,168,0.30152225494384766,/publicfs/cms/user/huahuil/tauOfTTTT_NanoAOD/forMVA/2016postVFP/v1baselineHadroBtagWeightAdded_JESup_RelativeStatHF_AK4PFchs_v94HadroPreJetVetoHemOnly_JESPt22/mc/variableHists_v0BDT1tau0lV16
2016postVFP,v1baselineHadroBtagWeightAdded_JESup_RelativeStatHF_AK4PFchs_v94HadroPreJetVetoHemOnly_JESPt22,v5BDT1tau0l_tauFMorphFix,112,0.2885456085205078,56,0.016878128051757812,168,0.3054237365722656,/publicfs/cms/user/huahuil/tauOfTTTT_NanoAOD/forMVA/2016postVFP/v1baselineHadroBtagWeightAdded_JESup_RelativeStatHF_AK4PFchs_v94HadroPreJetVetoHemOnly_JESPt22/mc/variableHists_v5BDT1tau0l_tauFMorphFix
2016postVFP,v1baselineHadroBtagWeightAdded_JESup_AbsoluteScale_AK4PFchs_v94HadroPreJetVetoHemOnly_JESPt22,v0BDT1tau0l,112,0.2849111557006836,56,0.016130447387695312,168,0.3010416030883789,/publicfs/cms/user/huahuil/tauOfTTTT_NanoAOD/forMVA/2016postVFP/v1baselineHadroBtagWeightAdded_JESup_AbsoluteScale_AK4PFchs_v94HadroPreJetVetoHemOnly_JESPt22/mc/variableHists_v0BDT1tau0l
2016postVFP,v1baselineHadroBtagWeightAdded_JESup_AbsoluteScale_AK4PFchs_v94HadroPreJetVetoHemOnly_JESPt22,v3BDT1tau1lV18_fakeTauDataDriven,112,0.3066244125366211,56,0.017251968383789062,168,0.32387638092041016,/publicfs/cms/user/huahuil/tauOfTTTT_NanoAOD/forMVA/2016postVFP/v1baselineHadroBtagWeightAdded_JESup_AbsoluteScale_AK4PFchs_v94HadroPreJetVetoHemOnly_JESPt22/mc/variableHists_v3BDT1tau1lV18_fakeTauDataDriven
2016postVFP,v1baselineHadroBtagWeightAdded_JESup_AbsoluteScale_AK4PFchs_v94HadroPreJetVetoHemOnly_JESPt22,v0BDT1tau1lV16,112,0.2693910598754883,56,0.016290664672851562,168,0.28568172454833984,/publicfs/cms/user/huahuil/tauOfTTTT_NanoAOD/forMVA/2016postVFP/v1baselineHadroBtagWeightAdded_JESup_AbsoluteScale_AK4PFchs_v94HadroPreJetVetoHemOnly_JESPt22/mc/variableHists_v0BDT1tau1lV16
2016postVFP,v1baselineHadroBtagWeightAdded_JESup_AbsoluteScale_AK4PFchs_v94HadroPreJetVetoHemOnly_JESPt22,v0BDT1tau1lV17,112,0.30576229095458984,56,0.016290664672851562,168,0.3220529556274414,/publicfs/cms/user/huahuil/tauOfTTTT_NanoAOD/forMVA/2016postVFP/v1baselineHadroBtagWeightAdded_JESup_AbsoluteScale_AK4PFchs_v94HadroPreJetVetoHemOnly_JESPt22/mc/variableHists_v0BDT1tau1lV17
2016postVFP,v1baselineHadroBtagWeightAdded_JESup_AbsoluteScale_AK4PFchs_v94HadroPreJetVetoHemOnly_JESPt22,v0BDT1tau0lV17,112,0.2879047393798828,56,0.016290664672851562,168,0.3041954040527344,/publicfs/cms/user/huahuil/tauOfTTTT_NanoAOD/forMVA/2016postVFP/v1baselineHadroBtagWeightAdded_JESup_AbsoluteScale_AK4PFchs_v94HadroPreJetVetoHemOnly_JESPt22/mc/variableHists_v0BDT1tau0lV17
2016postVFP,v1baselineHadroBtagWeightAdded_JESup_AbsoluteScale_AK4PFchs_v94HadroPreJetVetoHemOnly_JESPt22,v0BDT1tau1lAddMCFakeTV3,112,0.3034095764160156,56,0.016771316528320312,168,0.32018089294433594,/publicfs/cms/user/huahuil/tauOfTTTT_NanoAOD/forMVA/2016postVFP/v1baselineHadroBtagWeightAdded_JESup_AbsoluteScale_AK4PFchs_v94HadroPreJetVetoHemOnly_JESPt22/mc/variableHists_v0BDT1tau1lAddMCFakeTV3
2016postVFP,v1baselineHadroBtagWeightAdded_JESup_AbsoluteScale_AK4PFchs_v94HadroPreJetVetoHemOnly_JESPt22,v8BDT1tau0l_refactorAndBtagNameFix,112,0.2886075973510742,56,0.017572402954101562,168,0.3061800003051758,/publicfs/cms/user/huahuil/tauOfTTTT_NanoAOD/forMVA/2016postVFP/v1baselineHadroBtagWeightAdded_JESup_AbsoluteScale_AK4PFchs_v94HadroPreJetVetoHemOnly_JESPt22/mc/variableHists_v8BDT1tau0l_refactorAndBtagNameFix
2016postVFP,v1baselineHadroBtagWeightAdded_JESup_AbsoluteScale_AK4PFchs_v94HadroPreJetVetoHemOnly_JESPt22,v0BDT1tau0lV16,112,0.28507041931152344,56,0.016290664672851562,168,0.301361083984375,/publicfs/cms/user/huahuil/tauOfTTTT_NanoAOD/forMVA/2016postVFP/v1baselineHadroBtagWeightAdded_JESup_AbsoluteScale_AK4PFchs_v94HadroPreJetVetoHemOnly_JESPt22/mc/variableHists_v0BDT1tau0lV16
2016postVFP,v1baselineHadroBtagWeightAdded_JESup_AbsoluteScale_AK4PFchs_v94HadroPreJetVetoHemOnly_JESPt22,v5BDT1tau0l_tauFMorphFix,112,0.2884387969970703,56,0.016824722290039062,168,0.3052635192871094,/publicfs/cms/user/huahuil/tauOfTTTT_NanoAOD/forMVA/2016postVFP/v1baselineHadroBtagWeightAdded_JESup_AbsoluteScale_AK4PFchs_v94HadroPreJetVetoHemOnly_JESPt22/mc/variableHists_v5BDT1tau0l_tauFMorphFix
2016postVFP,v1baselineHadroBtagWeightAdded_JESDown_PileUpPtEC1_AK4PFchs_v94HadroPreJetVetoHemOnly_JESPt22,v8BDT1tau0l_refactorAndBtagNameFix,112,0.28859901428222656,56,0.017572402954101562,168,0.3061714172363281,/publicfs/cms/user/huahuil/tauOfTTTT_NanoAOD/forMVA/2016postVFP/v1baselineHadroBtagWeightAdded_JESDown_PileUpPtEC1_AK4PFchs_v94HadroPreJetVetoHemOnly_JESPt22/mc/variableHists_v8BDT1tau0l_refactorAndBtagNameFix
2016postVFP,v1baselineHadroBtagWeightAdded_JESup_Fragmentation_AK4PFchs_v94HadroPreJetVetoHemOnly_JESPt22,v0BDT1tau0l,112,0.2849130630493164,56,0.016130447387695312,168,0.3010435104370117,/publicfs/cms/user/huahuil/tauOfTTTT_NanoAOD/forMVA/2016postVFP/v1baselineHadroBtagWeightAdded_JESup_Fragmentation_AK4PFchs_v94HadroPreJetVetoHemOnly_JESPt22/mc/variableHists_v0BDT1tau0l
2016postVFP,v1baselineHadroBtagWeightAdded_JESup_Fragmentation_AK4PFchs_v94HadroPreJetVetoHemOnly_JESPt22,v3BDT1tau1lV18_fakeTauDataDriven,112,0.3066234588623047,56,0.017251968383789062,168,0.32387542724609375,/publicfs/cms/user/huahuil/tauOfTTTT_NanoAOD/forMVA/2016postVFP/v1baselineHadroBtagWeightAdded_JESup_Fragmentation_AK4PFchs_v94HadroPreJetVetoHemOnly_JESPt22/mc/variableHists_v3BDT1tau1lV18_fakeTauDataDriven
2016postVFP,v1baselineHadroBtagWeightAdded_JESup_Fragmentation_AK4PFchs_v94HadroPreJetVetoHemOnly_JESPt22,v0BDT1tau1lV16,112,0.26938915252685547,56,0.016290664672851562,168,0.28567981719970703,/publicfs/cms/user/huahuil/tauOfTTTT_NanoAOD/forMVA/2016postVFP/v1baselineHadroBtagWeightAdded_JESup_Fragmentation_AK4PFchs_v94HadroPreJetVetoHemOnly_JESPt22/mc/variableHists_v0BDT1tau1lV16
2016postVFP,v1baselineHadroBtagWeightAdded_JESup_Fragmentation_AK4PFchs_v94HadroPreJetVetoHemOnly_JESPt22,v0BDT1tau1lV17,112,0.30576038360595703,56,0.016290664672851562,168,0.3220510482788086,/publicfs/cms/user/huahuil/tauOfTTTT_NanoAOD/forMVA/2016postVFP/v1baselineHadroBtagWeightAdded_JESup_Fragmentation_AK4PFchs_v94HadroPreJetVetoHemOnly_JESPt22/mc/variableHists_v0BDT1tau1lV17
2016postVFP,v1baselineHadroBtagWeightAdded_JESup_Fragmentation_AK4PFchs_v94HadroPreJetVetoHemOnly_JESPt22,v0BDT1tau0lV17,112,0.28790855407714844,56,0.016290664672851562,168,0.30419921875,/publicfs/cms/user/huahuil/tauOfTTTT_NanoAOD/forMVA/2016postVFP/v1baselineHadroBtagWeightAdded_JESup_Fragmentation_AK4PFchs_v94HadroPreJetVetoHemOnly_JESPt22/mc/variableHists_v0BDT1tau0lV17
2016postVFP,v1baselineHadroBtagWeightAdded_JESup_Fragmentation_AK4PFchs_v94HadroPreJetVetoHemOnly_JESPt22,v0BDT1tau1lAddMCFakeTV3,112,0.3034086227416992,56,0.016771316528320312,168,0.32017993927001953,/publicfs/cms/user/huahuil/tauOfTTTT_NanoAOD/forMVA/2016postVFP/v1baselineHadroBtagWeightAdded_JESup_Fragmentation_AK4PFchs_v94HadroPreJetVetoHemOnly_JESPt22/mc/variableHists_v0BDT1tau1lAddMCFakeTV3
2016postVFP,v1baselineHadroBtagWeightAdded_JESup_Fragmentation_AK4PFchs_v94HadroPreJetVetoHemOnly_JESPt22,v8BDT1tau0l_refactorAndBtagNameFix,112,0.2886018753051758,56,0.017572402954101562,168,0.30617427825927734,/publicfs/cms/user/huahuil/tauOfTTTT_NanoAOD/forMVA/2016postVFP/v1baselineHadroBtagWeightAdded_JESup_Fragmentation_AK4PFchs_v94HadroPreJetVetoHemOnly_JESPt22/mc/variableHists_v8BDT1tau0l_refactorAndBtagNameFix
2016postVFP,v1baselineHadroBtagWeightAdded_JESup_Fragmentation_AK4PFchs_v94HadroPreJetVetoHemOnly_JESPt22,v0BDT1tau0lV16,112,0.28507328033447266,56,0.016290664672851562,168,0.3013639450073242,/publicfs/cms/user/huahuil/tauOfTTTT_NanoAOD/forMVA/2016postVFP/v1baselineHadroBtagWeightAdded_JESup_Fragmentation_AK4PFchs_v94HadroPreJetVetoHemOnly_JESPt22/mc/variableHists_v0BDT1tau0lV16
2016postVFP,v1baselineHadroBtagWeightAdded_JESup_Fragmentation_AK4PFchs_v94HadroPreJetVetoHemOnly_JESPt22,v5BDT1tau0l_tauFMorphFix,112,0.28844165802001953,56,0.016824722290039062,168,0.3052663803100586,/publicfs/cms/user/huahuil/tauOfTTTT_NanoAOD/forMVA/2016postVFP/v1baselineHadroBtagWeightAdded_JESup_Fragmentation_AK4PFchs_v94HadroPreJetVetoHemOnly_JESPt22/mc/variableHists_v5BDT1tau0l_tauFMorphFix
2016postVFP,v1baselineHadroBtagWeightAdded_JESDown_FlavorPureQuark_AK4PFchs_v94HadroPreJetVetoHemOnly_JESPt22,v8BDT1tau0l_refactorAndBtagNameFix,112,0.28902244567871094,56,0.017786026000976562,168,0.3068084716796875,/publicfs/cms/user/huahuil/tauOfTTTT_NanoAOD/forMVA/2016postVFP/v1baselineHadroBtagWeightAdded_JESDown_FlavorPureQuark_AK4PFchs_v94HadroPreJetVetoHemOnly_JESPt22/mc/variableHists_v8BDT1tau0l_refactorAndBtagNameFix
2016postVFP,v1baselineHadroBtagWeightAdded_JESup_PileUpPtEC1_AK4PFchs_v94HadroPreJetVetoHemOnly_JESPt22,v8BDT1tau0l_refactorAndBtagNameFix,112,0.2883882522583008,56,0.017465591430664062,168,0.30585384368896484,/publicfs/cms/user/huahuil/tauOfTTTT_NanoAOD/forMVA/2016postVFP/v1baselineHadroBtagWeightAdded_JESup_PileUpPtEC1_AK4PFchs_v94HadroPreJetVetoHemOnly_JESPt22/mc/variableHists_v8BDT1tau0l_refactorAndBtagNameFix
2016postVFP,v1baselineHadroBtagWeightAdded_JESDown_RelativeStatHF_AK4PFchs_v94HadroPreJetVetoHemOnly_JESPt22,v8BDT1tau0l_refactorAndBtagNameFix,112,0.28891849517822266,56,0.017732620239257812,168,0.30665111541748047,/publicfs/cms/user/huahuil/tauOfTTTT_NanoAOD/forMVA/2016postVFP/v1baselineHadroBtagWeightAdded_JESDown_RelativeStatHF_AK4PFchs_v94HadroPreJetVetoHemOnly_JESPt22/mc/variableHists_v8BDT1tau0l_refactorAndBtagNameFix
2016postVFP,v1baselineHadroBtagWeightAdded_JESDown_RelativeFSR_AK4PFchs_v94HadroPreJetVetoHemOnly_JESPt22,v8BDT1tau0l_refactorAndBtagNameFix,112,0.2886037826538086,56,0.017572402954101562,168,0.30617618560791016,/publicfs/cms/user/huahuil/tauOfTTTT_NanoAOD/forMVA/2016postVFP/v1baselineHadroBtagWeightAdded_JESDown_RelativeFSR_AK4PFchs_v94HadroPreJetVetoHemOnly_JESPt22/mc/variableHists_v8BDT1tau0l_refactorAndBtagNameFix
2016postVFP,v1baselineHadroBtagWeightAdded_v94HadroPreJetVetoHemOnly_EleScaleUp,v8BDT1tau0l_refactorAndBtagNameFix,112,0.28582096099853516,56,0.016183853149414062,168,0.3020048141479492,/publicfs/cms/user/huahuil/tauOfTTTT_NanoAOD/forMVA/2016postVFP/v1baselineHadroBtagWeightAdded_v94HadroPreJetVetoHemOnly_EleScaleUp/mc/variableHists_v8BDT1tau0l_refactorAndBtagNameFix
2016postVFP,v1baselineHadroBtagWeightAdded_JESup_RelativeStatEC_AK4PFchs_v94HadroPreJetVetoHemOnly_JESPt22,v0BDT1tau0l,112,0.28502559661865234,56,0.016183853149414062,168,0.3012094497680664,/publicfs/cms/user/huahuil/tauOfTTTT_NanoAOD/forMVA/2016postVFP/v1baselineHadroBtagWeightAdded_JESup_RelativeStatEC_AK4PFchs_v94HadroPreJetVetoHemOnly_JESPt22/mc/variableHists_v0BDT1tau0l
2016postVFP,v1baselineHadroBtagWeightAdded_JESup_RelativeStatEC_AK4PFchs_v94HadroPreJetVetoHemOnly_JESPt22,v3BDT1tau1lV18_fakeTauDataDriven,112,0.3067312240600586,56,0.017305374145507812,168,0.3240365982055664,/publicfs/cms/user/huahuil/tauOfTTTT_NanoAOD/forMVA/2016postVFP/v1baselineHadroBtagWeightAdded_JESup_RelativeStatEC_AK4PFchs_v94HadroPreJetVetoHemOnly_JESPt22/mc/variableHists_v3BDT1tau1lV18_fakeTauDataDriven
2016postVFP,v1baselineHadroBtagWeightAdded_JESup_RelativeStatEC_AK4PFchs_v94HadroPreJetVetoHemOnly_JESPt22,v0BDT1tau1lV16,112,0.2695026397705078,56,0.016344070434570312,168,0.2858467102050781,/publicfs/cms/user/huahuil/tauOfTTTT_NanoAOD/forMVA/2016postVFP/v1baselineHadroBtagWeightAdded_JESup_RelativeStatEC_AK4PFchs_v94HadroPreJetVetoHemOnly_JESPt22/mc/variableHists_v0BDT1tau1lV16
2016postVFP,v1baselineHadroBtagWeightAdded_JESup_RelativeStatEC_AK4PFchs_v94HadroPreJetVetoHemOnly_JESPt22,v0BDT1tau1lV17,112,0.3058738708496094,56,0.016344070434570312,168,0.3222179412841797,/publicfs/cms/user/huahuil/tauOfTTTT_NanoAOD/forMVA/2016postVFP/v1baselineHadroBtagWeightAdded_JESup_RelativeStatEC_AK4PFchs_v94HadroPreJetVetoHemOnly_JESPt22/mc/variableHists_v0BDT1tau1lV17
2016postVFP,v1baselineHadroBtagWeightAdded_JESup_RelativeStatEC_AK4PFchs_v94HadroPreJetVetoHemOnly_JESPt22,v0BDT1tau0lV17,112,0.28801822662353516,56,0.016344070434570312,168,0.30436229705810547,/publicfs/cms/user/huahuil/tauOfTTTT_NanoAOD/forMVA/2016postVFP/v1baselineHadroBtagWeightAdded_JESup_RelativeStatEC_AK4PFchs_v94HadroPreJetVetoHemOnly_JESPt22/mc/variableHists_v0BDT1tau0lV17
2016postVFP,v1baselineHadroBtagWeightAdded_JESup_RelativeStatEC_AK4PFchs_v94HadroPreJetVetoHemOnly_JESPt22,v0BDT1tau1lAddMCFakeTV3,112,0.30352306365966797,56,0.016824722290039062,168,0.32034778594970703,/publicfs/cms/user/huahuil/tauOfTTTT_NanoAOD/forMVA/2016postVFP/v1baselineHadroBtagWeightAdded_JESup_RelativeStatEC_AK4PFchs_v94HadroPreJetVetoHemOnly_JESPt22/mc/variableHists_v0BDT1tau1lAddMCFakeTV3
2016postVFP,v1baselineHadroBtagWeightAdded_JESup_RelativeStatEC_AK4PFchs_v94HadroPreJetVetoHemOnly_JESPt22,v8BDT1tau0l_refactorAndBtagNameFix,112,0.2887125015258789,56,0.017625808715820312,168,0.3063383102416992,/publicfs/cms/user/huahuil/tauOfTTTT_NanoAOD/forMVA/2016postVFP/v1baselineHadroBtagWeightAdded_JESup_RelativeStatEC_AK4PFchs_v94HadroPreJetVetoHemOnly_JESPt22/mc/variableHists_v8BDT1tau0l_refactorAndBtagNameFix
2016postVFP,v1baselineHadroBtagWeightAdded_JESup_RelativeStatEC_AK4PFchs_v94HadroPreJetVetoHemOnly_JESPt22,v0BDT1tau0lV16,112,0.2851858139038086,56,0.016344070434570312,168,0.3015298843383789,/publicfs/cms/user/huahuil/tauOfTTTT_NanoAOD/forMVA/2016postVFP/v1baselineHadroBtagWeightAdded_JESup_RelativeStatEC_AK4PFchs_v94HadroPreJetVetoHemOnly_JESPt22/mc/variableHists_v0BDT1tau0lV16
2016postVFP,v1baselineHadroBtagWeightAdded_JESup_RelativeStatEC_AK4PFchs_v94HadroPreJetVetoHemOnly_JESPt22,v5BDT1tau0l_tauFMorphFix,112,0.28855323791503906,56,0.016878128051757812,168,0.3054313659667969,/publicfs/cms/user/huahuil/tauOfTTTT_NanoAOD/forMVA/2016postVFP/v1baselineHadroBtagWeightAdded_JESup_RelativeStatEC_AK4PFchs_v94HadroPreJetVetoHemOnly_JESPt22/mc/variableHists_v5BDT1tau0l_tauFMorphFix
2016postVFP,v1baselineHadroBtagWeightAdded_v94HadroPreJetVetoHemOnly_TESdm1Up,v8BDT1tau0l_refactorAndBtagNameFix,112,0.2855968475341797,56,0.016077041625976562,168,0.30167388916015625,/publicfs/cms/user/huahuil/tauOfTTTT_NanoAOD/forMVA/2016postVFP/v1baselineHadroBtagWeightAdded_v94HadroPreJetVetoHemOnly_TESdm1Up/mc/variableHists_v8BDT1tau0l_refactorAndBtagNameFix
2016postVFP,v1baselineHadroBtagWeightAdded_v94HadroPreJetVetoHemOnly_TESdm10Up,v8BDT1tau0l_refactorAndBtagNameFix,112,0.28571510314941406,56,0.016130447387695312,168,0.3018455505371094,/publicfs/cms/user/huahuil/tauOfTTTT_NanoAOD/forMVA/2016postVFP/v1baselineHadroBtagWeightAdded_v94HadroPreJetVetoHemOnly_TESdm10Up/mc/variableHists_v8BDT1tau0l_refactorAndBtagNameFix
2016postVFP,v1baselineHadroBtagWeightAdded_JESup_RelativeJEREC1_AK4PFchs_v94HadroPreJetVetoHemOnly_JESPt22,v0BDT1tau0l,112,0.28502559661865234,56,0.016183853149414062,168,0.3012094497680664,/publicfs/cms/user/huahuil/tauOfTTTT_NanoAOD/forMVA/2016postVFP/v1baselineHadroBtagWeightAdded_JESup_RelativeJEREC1_AK4PFchs_v94HadroPreJetVetoHemOnly_JESPt22/mc/variableHists_v0BDT1tau0l
2016postVFP,v1baselineHadroBtagWeightAdded_JESup_RelativeJEREC1_AK4PFchs_v94HadroPreJetVetoHemOnly_JESPt22,v3BDT1tau1lV18_fakeTauDataDriven,112,0.3067331314086914,56,0.017305374145507812,168,0.3240385055541992,/publicfs/cms/user/huahuil/tauOfTTTT_NanoAOD/forMVA/2016postVFP/v1baselineHadroBtagWeightAdded_JESup_RelativeJEREC1_AK4PFchs_v94HadroPreJetVetoHemOnly_JESPt22/mc/variableHists_v3BDT1tau1lV18_fakeTauDataDriven
2016postVFP,v1baselineHadroBtagWeightAdded_JESup_RelativeJEREC1_AK4PFchs_v94HadroPreJetVetoHemOnly_JESPt22,v0BDT1tau1lV16,112,0.2694997787475586,56,0.016344070434570312,168,0.2858438491821289,/publicfs/cms/user/huahuil/tauOfTTTT_NanoAOD/forMVA/2016postVFP/v1baselineHadroBtagWeightAdded_JESup_RelativeJEREC1_AK4PFchs_v94HadroPreJetVetoHemOnly_JESPt22/mc/variableHists_v0BDT1tau1lV16
2016postVFP,v1baselineHadroBtagWeightAdded_JESup_RelativeJEREC1_AK4PFchs_v94HadroPreJetVetoHemOnly_JESPt22,v0BDT1tau1lV17,112,0.30587100982666016,56,0.016344070434570312,168,0.32221508026123047,/publicfs/cms/user/huahuil/tauOfTTTT_NanoAOD/forMVA/2016postVFP/v1baselineHadroBtagWeightAdded_JESup_RelativeJEREC1_AK4PFchs_v94HadroPreJetVetoHemOnly_JESPt22/mc/variableHists_v0BDT1tau1lV17
2016postVFP,v1baselineHadroBtagWeightAdded_JESup_RelativeJEREC1_AK4PFchs_v94HadroPreJetVetoHemOnly_JESPt22,v0BDT1tau0lV17,112,0.28801727294921875,56,0.016344070434570312,168,0.30436134338378906,/publicfs/cms/user/huahuil/tauOfTTTT_NanoAOD/forMVA/2016postVFP/v1baselineHadroBtagWeightAdded_JESup_RelativeJEREC1_AK4PFchs_v94HadroPreJetVetoHemOnly_JESPt22/mc/variableHists_v0BDT1tau0lV17
2016postVFP,v1baselineHadroBtagWeightAdded_JESup_RelativeJEREC1_AK4PFchs_v94HadroPreJetVetoHemOnly_JESPt22,v0BDT1tau1lAddMCFakeTV3,112,0.30351924896240234,56,0.016824722290039062,168,0.3203439712524414,/publicfs/cms/user/huahuil/tauOfTTTT_NanoAOD/forMVA/2016postVFP/v1baselineHadroBtagWeightAdded_JESup_RelativeJEREC1_AK4PFchs_v94HadroPreJetVetoHemOnly_JESPt22/mc/variableHists_v0BDT1tau1lAddMCFakeTV3
2016postVFP,v1baselineHadroBtagWeightAdded_JESup_RelativeJEREC1_AK4PFchs_v94HadroPreJetVetoHemOnly_JESPt22,v8BDT1tau0l_refactorAndBtagNameFix,112,0.2887115478515625,56,0.017625808715820312,168,0.3063373565673828,/publicfs/cms/user/huahuil/tauOfTTTT_NanoAOD/forMVA/2016postVFP/v1baselineHadroBtagWeightAdded_JESup_RelativeJEREC1_AK4PFchs_v94HadroPreJetVetoHemOnly_JESPt22/mc/variableHists_v8BDT1tau0l_refactorAndBtagNameFix
2016postVFP,v1baselineHadroBtagWeightAdded_JESup_RelativeJEREC1_AK4PFchs_v94HadroPreJetVetoHemOnly_JESPt22,v0BDT1tau0lV16,112,0.2851839065551758,56,0.016344070434570312,168,0.3015279769897461,/publicfs/cms/user/huahuil/tauOfTTTT_NanoAOD/forMVA/2016postVFP/v1baselineHadroBtagWeightAdded_JESup_RelativeJEREC1_AK4PFchs_v94HadroPreJetVetoHemOnly_JESPt22/mc/variableHists_v0BDT1tau0lV16
2016postVFP,v1baselineHadroBtagWeightAdded_JESup_RelativeJEREC1_AK4PFchs_v94HadroPreJetVetoHemOnly_JESPt22,v5BDT1tau0l_tauFMorphFix,112,0.2885618209838867,56,0.016878128051757812,168,0.30543994903564453,/publicfs/cms/user/huahuil/tauOfTTTT_NanoAOD/forMVA/2016postVFP/v1baselineHadroBtagWeightAdded_JESup_RelativeJEREC1_AK4PFchs_v94HadroPreJetVetoHemOnly_JESPt22/mc/variableHists_v5BDT1tau0l_tauFMorphFix
2016postVFP,v1baselineHadroBtagWeightAdded_JESDown_RelativeBal_AK4PFchs_v94HadroPreJetVetoHemOnly_JESPt22,v8BDT1tau0l_refactorAndBtagNameFix,112,0.28859901428222656,56,0.017572402954101562,168,0.3061714172363281,/publicfs/cms/user/huahuil/tauOfTTTT_NanoAOD/forMVA/2016postVFP/v1baselineHadroBtagWeightAdded_JESDown_RelativeBal_AK4PFchs_v94HadroPreJetVetoHemOnly_JESPt22/mc/variableHists_v8BDT1tau0l_refactorAndBtagNameFix
2016postVFP,v1baselineHadroBtagWeightAdded_JESDown_PileUpPtBB_AK4PFchs_v94HadroPreJetVetoHemOnly_JESPt22,v8BDT1tau0l_refactorAndBtagNameFix,112,0.2884864807128906,56,0.017518997192382812,168,0.30600547790527344,/publicfs/cms/user/huahuil/tauOfTTTT_NanoAOD/forMVA/2016postVFP/v1baselineHadroBtagWeightAdded_JESDown_PileUpPtBB_AK4PFchs_v94HadroPreJetVetoHemOnly_JESPt22/mc/variableHists_v8BDT1tau0l_refactorAndBtagNameFix
2016postVFP,v1baselineHadroBtagWeightAdded_JESDown_SinglePionHCAL_AK4PFchs_v94HadroPreJetVetoHemOnly_JESPt22,v8BDT1tau0l_refactorAndBtagNameFix,112,0.28891754150390625,56,0.017732620239257812,168,0.30665016174316406,/publicfs/cms/user/huahuil/tauOfTTTT_NanoAOD/forMVA/2016postVFP/v1baselineHadroBtagWeightAdded_JESDown_SinglePionHCAL_AK4PFchs_v94HadroPreJetVetoHemOnly_JESPt22/mc/variableHists_v8BDT1tau0l_refactorAndBtagNameFix
2016postVFP,v1baselineHadroBtagWeightAdded_JESup_AbsoluteMPFBias_AK4PFchs_v94HadroPreJetVetoHemOnly_JESPt22,v0BDT1tau0l,112,0.2851238250732422,56,0.016237258911132812,168,0.301361083984375,/publicfs/cms/user/huahuil/tauOfTTTT_NanoAOD/forMVA/2016postVFP/v1baselineHadroBtagWeightAdded_JESup_AbsoluteMPFBias_AK4PFchs_v94HadroPreJetVetoHemOnly_JESPt22/mc/variableHists_v0BDT1tau0l
2016postVFP,v1baselineHadroBtagWeightAdded_JESup_AbsoluteMPFBias_AK4PFchs_v94HadroPreJetVetoHemOnly_JESPt22,v3BDT1tau1lV18_fakeTauDataDriven,112,0.3068380355834961,56,0.017358779907226562,168,0.32419681549072266,/publicfs/cms/user/huahuil/tauOfTTTT_NanoAOD/forMVA/2016postVFP/v1baselineHadroBtagWeightAdded_JESup_AbsoluteMPFBias_AK4PFchs_v94HadroPreJetVetoHemOnly_JESPt22/mc/variableHists_v3BDT1tau1lV18_fakeTauDataDriven
2016postVFP,v1baselineHadroBtagWeightAdded_JESup_AbsoluteMPFBias_AK4PFchs_v94HadroPreJetVetoHemOnly_JESPt22,v0BDT1tau1lV16,112,0.2696046829223633,56,0.016397476196289062,168,0.28600215911865234,/publicfs/cms/user/huahuil/tauOfTTTT_NanoAOD/forMVA/2016postVFP/v1baselineHadroBtagWeightAdded_JESup_AbsoluteMPFBias_AK4PFchs_v94HadroPreJetVetoHemOnly_JESPt22/mc/variableHists_v0BDT1tau1lV16
2016postVFP,v1baselineHadroBtagWeightAdded_JESup_AbsoluteMPFBias_AK4PFchs_v94HadroPreJetVetoHemOnly_JESPt22,v0BDT1tau1lV17,112,0.30597686767578125,56,0.016397476196289062,168,0.3223743438720703,/publicfs/cms/user/huahuil/tauOfTTTT_NanoAOD/forMVA/2016postVFP/v1baselineHadroBtagWeightAdded_JESup_AbsoluteMPFBias_AK4PFchs_v94HadroPreJetVetoHemOnly_JESPt22/mc/variableHists_v0BDT1tau1lV17
2016postVFP,v1baselineHadroBtagWeightAdded_JESup_AbsoluteMPFBias_AK4PFchs_v94HadroPreJetVetoHemOnly_JESPt22,v0BDT1tau0lV17,112,0.2881183624267578,56,0.016397476196289062,168,0.3045158386230469,/publicfs/cms/user/huahuil/tauOfTTTT_NanoAOD/forMVA/2016postVFP/v1baselineHadroBtagWeightAdded_JESup_AbsoluteMPFBias_AK4PFchs_v94HadroPreJetVetoHemOnly_JESPt22/mc/variableHists_v0BDT1tau0lV17
2016postVFP,v1baselineHadroBtagWeightAdded_JESup_AbsoluteMPFBias_AK4PFchs_v94HadroPreJetVetoHemOnly_JESPt22,v0BDT1tau1lAddMCFakeTV3,112,0.30362415313720703,56,0.016878128051757812,168,0.32050228118896484,/publicfs/cms/user/huahuil/tauOfTTTT_NanoAOD/forMVA/2016postVFP/v1baselineHadroBtagWeightAdded_JESup_AbsoluteMPFBias_AK4PFchs_v94HadroPreJetVetoHemOnly_JESPt22/mc/variableHists_v0BDT1tau1lAddMCFakeTV3
2016postVFP,v1baselineHadroBtagWeightAdded_JESup_AbsoluteMPFBias_AK4PFchs_v94HadroPreJetVetoHemOnly_JESPt22,v8BDT1tau0l_refactorAndBtagNameFix,112,0.28881263732910156,56,0.017679214477539062,168,0.3064918518066406,/publicfs/cms/user/huahuil/tauOfTTTT_NanoAOD/forMVA/2016postVFP/v1baselineHadroBtagWeightAdded_JESup_AbsoluteMPFBias_AK4PFchs_v94HadroPreJetVetoHemOnly_JESPt22/mc/variableHists_v8BDT1tau0l_refactorAndBtagNameFix
2016postVFP,v1baselineHadroBtagWeightAdded_JESup_AbsoluteMPFBias_AK4PFchs_v94HadroPreJetVetoHemOnly_JESPt22,v0BDT1tau0lV16,112,0.28528308868408203,56,0.016397476196289062,168,0.3016805648803711,/publicfs/cms/user/huahuil/tauOfTTTT_NanoAOD/forMVA/2016postVFP/v1baselineHadroBtagWeightAdded_JESup_AbsoluteMPFBias_AK4PFchs_v94HadroPreJetVetoHemOnly_JESPt22/mc/variableHists_v0BDT1tau0lV16
2016postVFP,v1baselineHadroBtagWeightAdded_JESup_AbsoluteMPFBias_AK4PFchs_v94HadroPreJetVetoHemOnly_JESPt22,v5BDT1tau0l_tauFMorphFix,112,0.2886524200439453,56,0.016931533813476562,168,0.3055839538574219,/publicfs/cms/user/huahuil/tauOfTTTT_NanoAOD/forMVA/2016postVFP/v1baselineHadroBtagWeightAdded_JESup_AbsoluteMPFBias_AK4PFchs_v94HadroPreJetVetoHemOnly_JESPt22/mc/variableHists_v5BDT1tau0l_tauFMorphFix
2016postVFP,v1baselineHadroBtagWeightAdded_JESup_RelativeJEREC2_AK4PFchs_v94HadroPreJetVetoHemOnly_JESPt22,v0BDT1tau0l,112,0.2850179672241211,56,0.016183853149414062,168,0.30120182037353516,/publicfs/cms/user/huahuil/tauOfTTTT_NanoAOD/forMVA/2016postVFP/v1baselineHadroBtagWeightAdded_JESup_RelativeJEREC2_AK4PFchs_v94HadroPreJetVetoHemOnly_JESPt22/mc/variableHists_v0BDT1tau0l
2016postVFP,v1baselineHadroBtagWeightAdded_JESup_RelativeJEREC2_AK4PFchs_v94HadroPreJetVetoHemOnly_JESPt22,v3BDT1tau1lV18_fakeTauDataDriven,112,0.3067331314086914,56,0.017305374145507812,168,0.3240385055541992,/publicfs/cms/user/huahuil/tauOfTTTT_NanoAOD/forMVA/2016postVFP/v1baselineHadroBtagWeightAdded_JESup_RelativeJEREC2_AK4PFchs_v94HadroPreJetVetoHemOnly_JESPt22/mc/variableHists_v3BDT1tau1lV18_fakeTauDataDriven
2016postVFP,v1baselineHadroBtagWeightAdded_JESup_RelativeJEREC2_AK4PFchs_v94HadroPreJetVetoHemOnly_JESPt22,v0BDT1tau1lV16,112,0.2695016860961914,56,0.016344070434570312,168,0.2858457565307617,/publicfs/cms/user/huahuil/tauOfTTTT_NanoAOD/forMVA/2016postVFP/v1baselineHadroBtagWeightAdded_JESup_RelativeJEREC2_AK4PFchs_v94HadroPreJetVetoHemOnly_JESPt22/mc/variableHists_v0BDT1tau1lV16
2016postVFP,v1baselineHadroBtagWeightAdded_JESup_RelativeJEREC2_AK4PFchs_v94HadroPreJetVetoHemOnly_JESPt22,v0BDT1tau1lV17,112,0.30587291717529297,56,0.016344070434570312,168,0.3222169876098633,/publicfs/cms/user/huahuil/tauOfTTTT_NanoAOD/forMVA/2016postVFP/v1baselineHadroBtagWeightAdded_JESup_RelativeJEREC2_AK4PFchs_v94HadroPreJetVetoHemOnly_JESPt22/mc/variableHists_v0BDT1tau1lV17
2016postVFP,v1baselineHadroBtagWeightAdded_JESup_RelativeJEREC2_AK4PFchs_v94HadroPreJetVetoHemOnly_JESPt22,v0BDT1tau0lV17,112,0.2880105972290039,56,0.016344070434570312,168,0.3043546676635742,/publicfs/cms/user/huahuil/tauOfTTTT_NanoAOD/forMVA/2016postVFP/v1baselineHadroBtagWeightAdded_JESup_RelativeJEREC2_AK4PFchs_v94HadroPreJetVetoHemOnly_JESPt22/mc/variableHists_v0BDT1tau0lV17
2016postVFP,v1baselineHadroBtagWeightAdded_JESup_RelativeJEREC2_AK4PFchs_v94HadroPreJetVetoHemOnly_JESPt22,v0BDT1tau1lAddMCFakeTV3,112,0.30352210998535156,56,0.016824722290039062,168,0.3203468322753906,/publicfs/cms/user/huahuil/tauOfTTTT_NanoAOD/forMVA/2016postVFP/v1baselineHadroBtagWeightAdded_JESup_RelativeJEREC2_AK4PFchs_v94HadroPreJetVetoHemOnly_JESPt22/mc/variableHists_v0BDT1tau1lAddMCFakeTV3
2016postVFP,v1baselineHadroBtagWeightAdded_JESup_RelativeJEREC2_AK4PFchs_v94HadroPreJetVetoHemOnly_JESPt22,v8BDT1tau0l_refactorAndBtagNameFix,112,0.28870487213134766,56,0.017625808715820312,168,0.30633068084716797,/publicfs/cms/user/huahuil/tauOfTTTT_NanoAOD/forMVA/2016postVFP/v1baselineHadroBtagWeightAdded_JESup_RelativeJEREC2_AK4PFchs_v94HadroPreJetVetoHemOnly_JESPt22/mc/variableHists_v8BDT1tau0l_refactorAndBtagNameFix
2016postVFP,v1baselineHadroBtagWeightAdded_JESup_RelativeJEREC2_AK4PFchs_v94HadroPreJetVetoHemOnly_JESPt22,v0BDT1tau0lV16,112,0.28517818450927734,56,0.016344070434570312,168,0.30152225494384766,/publicfs/cms/user/huahuil/tauOfTTTT_NanoAOD/forMVA/2016postVFP/v1baselineHadroBtagWeightAdded_JESup_RelativeJEREC2_AK4PFchs_v94HadroPreJetVetoHemOnly_JESPt22/mc/variableHists_v0BDT1tau0lV16
2016postVFP,v1baselineHadroBtagWeightAdded_JESup_RelativeJEREC2_AK4PFchs_v94HadroPreJetVetoHemOnly_JESPt22,v5BDT1tau0l_tauFMorphFix,112,0.2885446548461914,56,0.016878128051757812,168,0.3054227828979492,/publicfs/cms/user/huahuil/tauOfTTTT_NanoAOD/forMVA/2016postVFP/v1baselineHadroBtagWeightAdded_JESup_RelativeJEREC2_AK4PFchs_v94HadroPreJetVetoHemOnly_JESPt22/mc/variableHists_v5BDT1tau0l_tauFMorphFix
2016postVFP,v1baselineHadroBtagWeightAdded_JESDown_FlavorPureCharm_AK4PFchs_v94HadroPreJetVetoHemOnly_JESPt22,v8BDT1tau0l_refactorAndBtagNameFix,112,0.28902626037597656,56,0.017786026000976562,168,0.3068122863769531,/publicfs/cms/user/huahuil/tauOfTTTT_NanoAOD/forMVA/2016postVFP/v1baselineHadroBtagWeightAdded_JESDown_FlavorPureCharm_AK4PFchs_v94HadroPreJetVetoHemOnly_JESPt22/mc/variableHists_v8BDT1tau0l_refactorAndBtagNameFix
2016postVFP,v1baselineHadroBtagWeightAdded_JESDown_RelativePtEC2_AK4PFchs_v94HadroPreJetVetoHemOnly_JESPt22,v8BDT1tau0l_refactorAndBtagNameFix,112,0.28881168365478516,56,0.017679214477539062,168,0.3064908981323242,/publicfs/cms/user/huahuil/tauOfTTTT_NanoAOD/forMVA/2016postVFP/v1baselineHadroBtagWeightAdded_JESDown_RelativePtEC2_AK4PFchs_v94HadroPreJetVetoHemOnly_JESPt22/mc/variableHists_v8BDT1tau0l_refactorAndBtagNameFix
2016postVFP,v1baselineHadroBtagWeightAdded_JESup_RelativeStatFSR_AK4PFchs_v94HadroPreJetVetoHemOnly_JESPt22,v0BDT1tau0l,112,0.2851266860961914,56,0.016237258911132812,168,0.3013639450073242,/publicfs/cms/user/huahuil/tauOfTTTT_NanoAOD/forMVA/2016postVFP/v1baselineHadroBtagWeightAdded_JESup_RelativeStatFSR_AK4PFchs_v94HadroPreJetVetoHemOnly_JESPt22/mc/variableHists_v0BDT1tau0l
2016postVFP,v1baselineHadroBtagWeightAdded_JESup_RelativeStatFSR_AK4PFchs_v94HadroPreJetVetoHemOnly_JESPt22,v3BDT1tau1lV18_fakeTauDataDriven,112,0.3068380355834961,56,0.017358779907226562,168,0.32419681549072266,/publicfs/cms/user/huahuil/tauOfTTTT_NanoAOD/forMVA/2016postVFP/v1baselineHadroBtagWeightAdded_JESup_RelativeStatFSR_AK4PFchs_v94HadroPreJetVetoHemOnly_JESPt22/mc/variableHists_v3BDT1tau1lV18_fakeTauDataDriven
2016postVFP,v1baselineHadroBtagWeightAdded_JESup_RelativeStatFSR_AK4PFchs_v94HadroPreJetVetoHemOnly_JESPt22,v0BDT1tau1lV16,112,0.26959991455078125,56,0.016397476196289062,168,0.2859973907470703,/publicfs/cms/user/huahuil/tauOfTTTT_NanoAOD/forMVA/2016postVFP/v1baselineHadroBtagWeightAdded_JESup_RelativeStatFSR_AK4PFchs_v94HadroPreJetVetoHemOnly_JESPt22/mc/variableHists_v0BDT1tau1lV16
2016postVFP,v1baselineHadroBtagWeightAdded_JESup_RelativeStatFSR_AK4PFchs_v94HadroPreJetVetoHemOnly_JESPt22,v0BDT1tau1lV17,112,0.3059711456298828,56,0.016397476196289062,168,0.3223686218261719,/publicfs/cms/user/huahuil/tauOfTTTT_NanoAOD/forMVA/2016postVFP/v1baselineHadroBtagWeightAdded_JESup_RelativeStatFSR_AK4PFchs_v94HadroPreJetVetoHemOnly_JESPt22/mc/variableHists_v0BDT1tau1lV17
2016postVFP,v1baselineHadroBtagWeightAdded_JESup_RelativeStatFSR_AK4PFchs_v94HadroPreJetVetoHemOnly_JESPt22,v0BDT1tau0lV17,112,0.2881202697753906,56,0.016397476196289062,168,0.3045177459716797,/publicfs/cms/user/huahuil/tauOfTTTT_NanoAOD/forMVA/2016postVFP/v1baselineHadroBtagWeightAdded_JESup_RelativeStatFSR_AK4PFchs_v94HadroPreJetVetoHemOnly_JESPt22/mc/variableHists_v0BDT1tau0lV17
2016postVFP,v1baselineHadroBtagWeightAdded_JESup_RelativeStatFSR_AK4PFchs_v94HadroPreJetVetoHemOnly_JESPt22,v0BDT1tau1lAddMCFakeTV3,112,0.3036184310913086,56,0.016878128051757812,168,0.3204965591430664,/publicfs/cms/user/huahuil/tauOfTTTT_NanoAOD/forMVA/2016postVFP/v1baselineHadroBtagWeightAdded_JESup_RelativeStatFSR_AK4PFchs_v94HadroPreJetVetoHemOnly_JESPt22/mc/variableHists_v0BDT1tau1lAddMCFakeTV3
2016postVFP,v1baselineHadroBtagWeightAdded_JESup_RelativeStatFSR_AK4PFchs_v94HadroPreJetVetoHemOnly_JESPt22,v8BDT1tau0l_refactorAndBtagNameFix,112,0.28881263732910156,56,0.017679214477539062,168,0.3064918518066406,/publicfs/cms/user/huahuil/tauOfTTTT_NanoAOD/forMVA/2016postVFP/v1baselineHadroBtagWeightAdded_JESup_RelativeStatFSR_AK4PFchs_v94HadroPreJetVetoHemOnly_JESPt22/mc/variableHists_v8BDT1tau0l_refactorAndBtagNameFix
2016postVFP,v1baselineHadroBtagWeightAdded_JESup_RelativeStatFSR_AK4PFchs_v94HadroPreJetVetoHemOnly_JESPt22,v0BDT1tau0lV16,112,0.28528499603271484,56,0.016397476196289062,168,0.3016824722290039,/publicfs/cms/user/huahuil/tauOfTTTT_NanoAOD/forMVA/2016postVFP/v1baselineHadroBtagWeightAdded_JESup_RelativeStatFSR_AK4PFchs_v94HadroPreJetVetoHemOnly_JESPt22/mc/variableHists_v0BDT1tau0lV16
2016postVFP,v1baselineHadroBtagWeightAdded_JESup_RelativeStatFSR_AK4PFchs_v94HadroPreJetVetoHemOnly_JESPt22,v5BDT1tau0l_tauFMorphFix,112,0.2886524200439453,56,0.016931533813476562,168,0.3055839538574219,/publicfs/cms/user/huahuil/tauOfTTTT_NanoAOD/forMVA/2016postVFP/v1baselineHadroBtagWeightAdded_JESup_RelativeStatFSR_AK4PFchs_v94HadroPreJetVetoHemOnly_JESPt22/mc/variableHists_v5BDT1tau0l_tauFMorphFix
2016postVFP,v1baselineHadroBtagWeightAdded_v94HadroPreJetVetoHemOnly_EleScaleDown,v8BDT1tau0l_refactorAndBtagNameFix,112,0.28603363037109375,56,0.016290664672851562,168,0.3023242950439453,/publicfs/cms/user/huahuil/tauOfTTTT_NanoAOD/forMVA/2016postVFP/v1baselineHadroBtagWeightAdded_v94HadroPreJetVetoHemOnly_EleScaleDown/mc/variableHists_v8BDT1tau0l_refactorAndBtagNameFix
2016postVFP,v1baselineHadroBtagWeightAdded_JESDown_FlavorPureBottom_AK4PFchs_v94HadroPreJetVetoHemOnly_JESPt22,v8BDT1tau0l_refactorAndBtagNameFix,112,0.2891359329223633,56,0.017839431762695312,168,0.3069753646850586,/publicfs/cms/user/huahuil/tauOfTTTT_NanoAOD/forMVA/2016postVFP/v1baselineHadroBtagWeightAdded_JESDown_FlavorPureBottom_AK4PFchs_v94HadroPreJetVetoHemOnly_JESPt22/mc/variableHists_v8BDT1tau0l_refactorAndBtagNameFix
2016postVFP,v1baselineHadroBtagWeightAdded_JESDown_FlavorPureGluon_AK4PFchs_v94HadroPreJetVetoHemOnly_JESPt22,v8BDT1tau0l_refactorAndBtagNameFix,112,0.2890205383300781,56,0.017786026000976562,168,0.3068065643310547,/publicfs/cms/user/huahuil/tauOfTTTT_NanoAOD/forMVA/2016postVFP/v1baselineHadroBtagWeightAdded_JESDown_FlavorPureGluon_AK4PFchs_v94HadroPreJetVetoHemOnly_JESPt22/mc/variableHists_v8BDT1tau0l_refactorAndBtagNameFix
2016postVFP,v1baselineHadroBtagWeightAdded_JESup_FlavorQCD_AK4PFchs_v94HadroPreJetVetoHemOnly_JESPt22,v0BDT1tau0l,112,0.2844829559326172,56,0.015916824340820312,168,0.3003997802734375,/publicfs/cms/user/huahuil/tauOfTTTT_NanoAOD/forMVA/2016postVFP/v1baselineHadroBtagWeightAdded_JESup_FlavorQCD_AK4PFchs_v94HadroPreJetVetoHemOnly_JESPt22/mc/variableHists_v0BDT1tau0l
2016postVFP,v1baselineHadroBtagWeightAdded_JESup_FlavorQCD_AK4PFchs_v94HadroPreJetVetoHemOnly_JESPt22,v0BDT1tau1lV16,112,0.2689685821533203,56,0.016077041625976562,168,0.2850456237792969,/publicfs/cms/user/huahuil/tauOfTTTT_NanoAOD/forMVA/2016postVFP/v1baselineHadroBtagWeightAdded_JESup_FlavorQCD_AK4PFchs_v94HadroPreJetVetoHemOnly_JESPt22/mc/variableHists_v0BDT1tau1lV16
2016postVFP,v1baselineHadroBtagWeightAdded_JESup_FlavorQCD_AK4PFchs_v94HadroPreJetVetoHemOnly_JESPt22,v0BDT1tau1lAddMCFakeTV3,112,0.30298900604248047,56,0.016557693481445312,168,0.3195466995239258,/publicfs/cms/user/huahuil/tauOfTTTT_NanoAOD/forMVA/2016postVFP/v1baselineHadroBtagWeightAdded_JESup_FlavorQCD_AK4PFchs_v94HadroPreJetVetoHemOnly_JESPt22/mc/variableHists_v0BDT1tau1lAddMCFakeTV3
2016postVFP,v1baselineHadroBtagWeightAdded_JESup_FlavorQCD_AK4PFchs_v94HadroPreJetVetoHemOnly_JESPt22,v0BDT1tau0lV16,112,0.28464221954345703,56,0.016077041625976562,168,0.3007192611694336,/publicfs/cms/user/huahuil/tauOfTTTT_NanoAOD/forMVA/2016postVFP/v1baselineHadroBtagWeightAdded_JESup_FlavorQCD_AK4PFchs_v94HadroPreJetVetoHemOnly_JESPt22/mc/variableHists_v0BDT1tau0lV16
2016postVFP,v1baselineHadroBtagWeightAdded_JESDown_RelativePtBB_AK4PFchs_v94HadroPreJetVetoHemOnly_JESPt22,v8BDT1tau0l_refactorAndBtagNameFix,112,0.2887001037597656,56,0.017625808715820312,168,0.30632591247558594,/publicfs/cms/user/huahuil/tauOfTTTT_NanoAOD/forMVA/2016postVFP/v1baselineHadroBtagWeightAdded_JESDown_RelativePtBB_AK4PFchs_v94HadroPreJetVetoHemOnly_JESPt22/mc/variableHists_v8BDT1tau0l_refactorAndBtagNameFix
2016postVFP,v1baselineHadroBtagWeightAdded_v94HadroPreJetVetoHemOnly_JERDown,v8BDT1tau0l_refactorAndBtagNameFix,112,0.2854890823364258,56,0.016023635864257812,168,0.3015127182006836,/publicfs/cms/user/huahuil/tauOfTTTT_NanoAOD/forMVA/2016postVFP/v1baselineHadroBtagWeightAdded_v94HadroPreJetVetoHemOnly_JERDown/mc/variableHists_v8BDT1tau0l_refactorAndBtagNameFix
2016postVFP,v1baselineHadroBtagWeightAdded_v94HadroPreJetVetoHemOnly_TESdm11Up,v8BDT1tau0l_refactorAndBtagNameFix,112,0.28571414947509766,56,0.016130447387695312,168,0.30184459686279297,/publicfs/cms/user/huahuil/tauOfTTTT_NanoAOD/forMVA/2016postVFP/v1baselineHadroBtagWeightAdded_v94HadroPreJetVetoHemOnly_TESdm11Up/mc/variableHists_v8BDT1tau0l_refactorAndBtagNameFix
2016postVFP,v1baselineHadroBtagWeightAdded_JESup_PileUpPtRef_AK4PFchs_v94HadroPreJetVetoHemOnly_JESPt22,v8BDT1tau0l_refactorAndBtagNameFix,112,0.28838348388671875,56,0.017465591430664062,168,0.3058490753173828,/publicfs/cms/user/huahuil/tauOfTTTT_NanoAOD/forMVA/2016postVFP/v1baselineHadroBtagWeightAdded_JESup_PileUpPtRef_AK4PFchs_v94HadroPreJetVetoHemOnly_JESPt22/mc/variableHists_v8BDT1tau0l_refactorAndBtagNameFix
2016postVFP,v1baselineHadroBtagWeightAdded_JESDown_PileUpPtHF_AK4PFchs_v94HadroPreJetVetoHemOnly_JESPt22,v8BDT1tau0l_refactorAndBtagNameFix,112,0.28849029541015625,56,0.017518997192382812,168,0.30600929260253906,/publicfs/cms/user/huahuil/tauOfTTTT_NanoAOD/forMVA/2016postVFP/v1baselineHadroBtagWeightAdded_JESDown_PileUpPtHF_AK4PFchs_v94HadroPreJetVetoHemOnly_JESPt22/mc/variableHists_v8BDT1tau0l_refactorAndBtagNameFix
2016postVFP,v1baselineHadroBtagWeightAdded_JESDown_AbsoluteScale_AK4PFchs_v94HadroPreJetVetoHemOnly_JESPt22,v8BDT1tau0l_refactorAndBtagNameFix,112,0.28882503509521484,56,0.017679214477539062,168,0.3065042495727539,/publicfs/cms/user/huahuil/tauOfTTTT_NanoAOD/forMVA/2016postVFP/v1baselineHadroBtagWeightAdded_JESDown_AbsoluteScale_AK4PFchs_v94HadroPreJetVetoHemOnly_JESPt22/mc/variableHists_v8BDT1tau0l_refactorAndBtagNameFix
2016postVFP,v1baselineHadroBtagWeightAdded_JESDown_AbsoluteStat_AK4PFchs_v94HadroPreJetVetoHemOnly_JESPt22,v8BDT1tau0l_refactorAndBtagNameFix,112,0.2886991500854492,56,0.017625808715820312,168,0.30632495880126953,/publicfs/cms/user/huahuil/tauOfTTTT_NanoAOD/forMVA/2016postVFP/v1baselineHadroBtagWeightAdded_JESDown_AbsoluteStat_AK4PFchs_v94HadroPreJetVetoHemOnly_JESPt22/mc/variableHists_v8BDT1tau0l_refactorAndBtagNameFix
2016postVFP,v1baselineHadroBtagWeightAdded_JESup_RelativeFSR_AK4PFchs_v94HadroPreJetVetoHemOnly_JESPt22,v0BDT1tau0l,112,0.2846975326538086,56,0.016023635864257812,168,0.3007211685180664,/publicfs/cms/user/huahuil/tauOfTTTT_NanoAOD/forMVA/2016postVFP/v1baselineHadroBtagWeightAdded_JESup_RelativeFSR_AK4PFchs_v94HadroPreJetVetoHemOnly_JESPt22/mc/variableHists_v0BDT1tau0l
2016postVFP,v1baselineHadroBtagWeightAdded_JESup_RelativeFSR_AK4PFchs_v94HadroPreJetVetoHemOnly_JESPt22,v3BDT1tau1lV18_fakeTauDataDriven,112,0.306427001953125,56,0.017145156860351562,168,0.32357215881347656,/publicfs/cms/user/huahuil/tauOfTTTT_NanoAOD/forMVA/2016postVFP/v1baselineHadroBtagWeightAdded_JESup_RelativeFSR_AK4PFchs_v94HadroPreJetVetoHemOnly_JESPt22/mc/variableHists_v3BDT1tau1lV18_fakeTauDataDriven
2016postVFP,v1baselineHadroBtagWeightAdded_JESup_RelativeFSR_AK4PFchs_v94HadroPreJetVetoHemOnly_JESPt22,v0BDT1tau1lV16,112,0.2691783905029297,56,0.016183853149414062,168,0.28536224365234375,/publicfs/cms/user/huahuil/tauOfTTTT_NanoAOD/forMVA/2016postVFP/v1baselineHadroBtagWeightAdded_JESup_RelativeFSR_AK4PFchs_v94HadroPreJetVetoHemOnly_JESPt22/mc/variableHists_v0BDT1tau1lV16
2016postVFP,v1baselineHadroBtagWeightAdded_JESup_RelativeFSR_AK4PFchs_v94HadroPreJetVetoHemOnly_JESPt22,v0BDT1tau1lV17,112,0.30554962158203125,56,0.016183853149414062,168,0.3217334747314453,/publicfs/cms/user/huahuil/tauOfTTTT_NanoAOD/forMVA/2016postVFP/v1baselineHadroBtagWeightAdded_JESup_RelativeFSR_AK4PFchs_v94HadroPreJetVetoHemOnly_JESPt22/mc/variableHists_v0BDT1tau1lV17
2016postVFP,v1baselineHadroBtagWeightAdded_JESup_RelativeFSR_AK4PFchs_v94HadroPreJetVetoHemOnly_JESPt22,v0BDT1tau0lV17,112,0.2876920700073242,56,0.016183853149414062,168,0.3038759231567383,/publicfs/cms/user/huahuil/tauOfTTTT_NanoAOD/forMVA/2016postVFP/v1baselineHadroBtagWeightAdded_JESup_RelativeFSR_AK4PFchs_v94HadroPreJetVetoHemOnly_JESPt22/mc/variableHists_v0BDT1tau0lV17
2016postVFP,v1baselineHadroBtagWeightAdded_JESup_RelativeFSR_AK4PFchs_v94HadroPreJetVetoHemOnly_JESPt22,v0BDT1tau1lAddMCFakeTV3,112,0.30319786071777344,56,0.016664505004882812,168,0.31986236572265625,/publicfs/cms/user/huahuil/tauOfTTTT_NanoAOD/forMVA/2016postVFP/v1baselineHadroBtagWeightAdded_JESup_RelativeFSR_AK4PFchs_v94HadroPreJetVetoHemOnly_JESPt22/mc/variableHists_v0BDT1tau1lAddMCFakeTV3
2016postVFP,v1baselineHadroBtagWeightAdded_JESup_RelativeFSR_AK4PFchs_v94HadroPreJetVetoHemOnly_JESPt22,v8BDT1tau0l_refactorAndBtagNameFix,112,0.28838539123535156,56,0.017465591430664062,168,0.3058509826660156,/publicfs/cms/user/huahuil/tauOfTTTT_NanoAOD/forMVA/2016postVFP/v1baselineHadroBtagWeightAdded_JESup_RelativeFSR_AK4PFchs_v94HadroPreJetVetoHemOnly_JESPt22/mc/variableHists_v8BDT1tau0l_refactorAndBtagNameFix
2016postVFP,v1baselineHadroBtagWeightAdded_JESup_RelativeFSR_AK4PFchs_v94HadroPreJetVetoHemOnly_JESPt22,v0BDT1tau0lV16,112,0.28485870361328125,56,0.016183853149414062,168,0.3010425567626953,/publicfs/cms/user/huahuil/tauOfTTTT_NanoAOD/forMVA/2016postVFP/v1baselineHadroBtagWeightAdded_JESup_RelativeFSR_AK4PFchs_v94HadroPreJetVetoHemOnly_JESPt22/mc/variableHists_v0BDT1tau0lV16
2016postVFP,v1baselineHadroBtagWeightAdded_JESup_RelativeFSR_AK4PFchs_v94HadroPreJetVetoHemOnly_JESPt22,v5BDT1tau0l_tauFMorphFix,112,0.2882251739501953,56,0.016717910766601562,168,0.3049430847167969,/publicfs/cms/user/huahuil/tauOfTTTT_NanoAOD/forMVA/2016postVFP/v1baselineHadroBtagWeightAdded_JESup_RelativeFSR_AK4PFchs_v94HadroPreJetVetoHemOnly_JESPt22/mc/variableHists_v5BDT1tau0l_tauFMorphFix
2016postVFP,v1baselineHadroBtagWeightAdded_JESup_FlavorPureBottom_AK4PFchs_v94HadroPreJetVetoHemOnly_JESPt22,v3BDT1tau1lV18_fakeTauDataDriven,112,0.3069467544555664,56,0.017412185668945312,168,0.3243589401245117,/publicfs/cms/user/huahuil/tauOfTTTT_NanoAOD/forMVA/2016postVFP/v1baselineHadroBtagWeightAdded_JESup_FlavorPureBottom_AK4PFchs_v94HadroPreJetVetoHemOnly_JESPt22/mc/variableHists_v3BDT1tau1lV18_fakeTauDataDriven
2016postVFP,v1baselineHadroBtagWeightAdded_JESup_FlavorPureBottom_AK4PFchs_v94HadroPreJetVetoHemOnly_JESPt22,v0BDT1tau1lV17,112,0.30608367919921875,56,0.016450881958007812,168,0.32253456115722656,/publicfs/cms/user/huahuil/tauOfTTTT_NanoAOD/forMVA/2016postVFP/v1baselineHadroBtagWeightAdded_JESup_FlavorPureBottom_AK4PFchs_v94HadroPreJetVetoHemOnly_JESPt22/mc/variableHists_v0BDT1tau1lV17
2016postVFP,v1baselineHadroBtagWeightAdded_JESup_FlavorPureBottom_AK4PFchs_v94HadroPreJetVetoHemOnly_JESPt22,v0BDT1tau0lV17,112,0.2882213592529297,56,0.016450881958007812,168,0.3046722412109375,/publicfs/cms/user/huahuil/tauOfTTTT_NanoAOD/forMVA/2016postVFP/v1baselineHadroBtagWeightAdded_JESup_FlavorPureBottom_AK4PFchs_v94HadroPreJetVetoHemOnly_JESPt22/mc/variableHists_v0BDT1tau0lV17
2016postVFP,v1baselineHadroBtagWeightAdded_JESup_FlavorPureBottom_AK4PFchs_v94HadroPreJetVetoHemOnly_JESPt22,v8BDT1tau0l_refactorAndBtagNameFix,112,0.28891563415527344,56,0.017732620239257812,168,0.30664825439453125,/publicfs/cms/user/huahuil/tauOfTTTT_NanoAOD/forMVA/2016postVFP/v1baselineHadroBtagWeightAdded_JESup_FlavorPureBottom_AK4PFchs_v94HadroPreJetVetoHemOnly_JESPt22/mc/variableHists_v8BDT1tau0l_refactorAndBtagNameFix
2016postVFP,v1baselineHadroBtagWeightAdded_JESup_FlavorPureBottom_AK4PFchs_v94HadroPreJetVetoHemOnly_JESPt22,v5BDT1tau0l_tauFMorphFix,112,0.2887544631958008,56,0.016984939575195312,168,0.3057394027709961,/publicfs/cms/user/huahuil/tauOfTTTT_NanoAOD/forMVA/2016postVFP/v1baselineHadroBtagWeightAdded_JESup_FlavorPureBottom_AK4PFchs_v94HadroPreJetVetoHemOnly_JESPt22/mc/variableHists_v5BDT1tau0l_tauFMorphFix
2016postVFP,v1baselineHadroBtagWeightAdded_v94HadroPreJetVetoHemOnly_TESdm11Down,v8BDT1tau0l_refactorAndBtagNameFix,112,0.28592395782470703,56,0.016237258911132812,168,0.30216121673583984,/publicfs/cms/user/huahuil/tauOfTTTT_NanoAOD/forMVA/2016postVFP/v1baselineHadroBtagWeightAdded_v94HadroPreJetVetoHemOnly_TESdm11Down/mc/variableHists_v8BDT1tau0l_refactorAndBtagNameFix
2016postVFP,v1baselineHadroBtagWeightAdded_v94HadroPreJetVetoHemOnly_METUp,v8BDT1tau0l_refactorAndBtagNameFix,112,0.28528690338134766,56,0.015916824340820312,168,0.30120372772216797,/publicfs/cms/user/huahuil/tauOfTTTT_NanoAOD/forMVA/2016postVFP/v1baselineHadroBtagWeightAdded_v94HadroPreJetVetoHemOnly_METUp/mc/variableHists_v8BDT1tau0l_refactorAndBtagNameFix
2016postVFP,v1baselineHadroBtagWeightAdded_v94HadroPreJetVetoHemOnly_TESdm10Down,v8BDT1tau0l_refactorAndBtagNameFix,112,0.28592967987060547,56,0.016237258911132812,168,0.3021669387817383,/publicfs/cms/user/huahuil/tauOfTTTT_NanoAOD/forMVA/2016postVFP/v1baselineHadroBtagWeightAdded_v94HadroPreJetVetoHemOnly_TESdm10Down/mc/variableHists_v8BDT1tau0l_refactorAndBtagNameFix
2016postVFP,v1baselineHadroBtagWeightAdded_JESDown_Fragmentation_AK4PFchs_v94HadroPreJetVetoHemOnly_JESPt22,v8BDT1tau0l_refactorAndBtagNameFix,112,0.2888069152832031,56,0.017679214477539062,168,0.3064861297607422,/publicfs/cms/user/huahuil/tauOfTTTT_NanoAOD/forMVA/2016postVFP/v1baselineHadroBtagWeightAdded_JESDown_Fragmentation_AK4PFchs_v94HadroPreJetVetoHemOnly_JESPt22/mc/variableHists_v8BDT1tau0l_refactorAndBtagNameFix
2016postVFP,v1baselineHadroBtagWeightAdded_JESup_RelativePtEC1_AK4PFchs_v94HadroPreJetVetoHemOnly_JESPt22,v0BDT1tau0l,112,0.2848987579345703,56,0.016130447387695312,168,0.3010292053222656,/publicfs/cms/user/huahuil/tauOfTTTT_NanoAOD/forMVA/2016postVFP/v1baselineHadroBtagWeightAdded_JESup_RelativePtEC1_AK4PFchs_v94HadroPreJetVetoHemOnly_JESPt22/mc/variableHists_v0BDT1tau0l
2016postVFP,v1baselineHadroBtagWeightAdded_JESup_RelativePtEC1_AK4PFchs_v94HadroPreJetVetoHemOnly_JESPt22,v3BDT1tau1lV18_fakeTauDataDriven,112,0.3066377639770508,56,0.017251968383789062,168,0.32388973236083984,/publicfs/cms/user/huahuil/tauOfTTTT_NanoAOD/forMVA/2016postVFP/v1baselineHadroBtagWeightAdded_JESup_RelativePtEC1_AK4PFchs_v94HadroPreJetVetoHemOnly_JESPt22/mc/variableHists_v3BDT1tau1lV18_fakeTauDataDriven
2016postVFP,v1baselineHadroBtagWeightAdded_JESup_RelativePtEC1_AK4PFchs_v94HadroPreJetVetoHemOnly_JESPt22,v0BDT1tau1lV16,112,0.2693929672241211,56,0.016290664672851562,168,0.28568363189697266,/publicfs/cms/user/huahuil/tauOfTTTT_NanoAOD/forMVA/2016postVFP/v1baselineHadroBtagWeightAdded_JESup_RelativePtEC1_AK4PFchs_v94HadroPreJetVetoHemOnly_JESPt22/mc/variableHists_v0BDT1tau1lV16
2016postVFP,v1baselineHadroBtagWeightAdded_JESup_RelativePtEC1_AK4PFchs_v94HadroPreJetVetoHemOnly_JESPt22,v0BDT1tau1lV17,112,0.30576419830322266,56,0.016290664672851562,168,0.3220548629760742,/publicfs/cms/user/huahuil/tauOfTTTT_NanoAOD/forMVA/2016postVFP/v1baselineHadroBtagWeightAdded_JESup_RelativePtEC1_AK4PFchs_v94HadroPreJetVetoHemOnly_JESPt22/mc/variableHists_v0BDT1tau1lV17
2016postVFP,v1baselineHadroBtagWeightAdded_JESup_RelativePtEC1_AK4PFchs_v94HadroPreJetVetoHemOnly_JESPt22,v0BDT1tau0lV17,112,0.28789234161376953,56,0.016290664672851562,168,0.3041830062866211,/publicfs/cms/user/huahuil/tauOfTTTT_NanoAOD/forMVA/2016postVFP/v1baselineHadroBtagWeightAdded_JESup_RelativePtEC1_AK4PFchs_v94HadroPreJetVetoHemOnly_JESPt22/mc/variableHists_v0BDT1tau0lV17
2016postVFP,v1baselineHadroBtagWeightAdded_JESup_RelativePtEC1_AK4PFchs_v94HadroPreJetVetoHemOnly_JESPt22,v0BDT1tau1lAddMCFakeTV3,112,0.30341339111328125,56,0.016771316528320312,168,0.32018470764160156,/publicfs/cms/user/huahuil/tauOfTTTT_NanoAOD/forMVA/2016postVFP/v1baselineHadroBtagWeightAdded_JESup_RelativePtEC1_AK4PFchs_v94HadroPreJetVetoHemOnly_JESPt22/mc/variableHists_v0BDT1tau1lAddMCFakeTV3
2016postVFP,v1baselineHadroBtagWeightAdded_JESup_RelativePtEC1_AK4PFchs_v94HadroPreJetVetoHemOnly_JESPt22,v8BDT1tau0l_refactorAndBtagNameFix,112,0.2885866165161133,56,0.017572402954101562,168,0.30615901947021484,/publicfs/cms/user/huahuil/tauOfTTTT_NanoAOD/forMVA/2016postVFP/v1baselineHadroBtagWeightAdded_JESup_RelativePtEC1_AK4PFchs_v94HadroPreJetVetoHemOnly_JESPt22/mc/variableHists_v8BDT1tau0l_refactorAndBtagNameFix
2016postVFP,v1baselineHadroBtagWeightAdded_JESup_RelativePtEC1_AK4PFchs_v94HadroPreJetVetoHemOnly_JESPt22,v0BDT1tau0lV16,112,0.28505802154541016,56,0.016290664672851562,168,0.3013486862182617,/publicfs/cms/user/huahuil/tauOfTTTT_NanoAOD/forMVA/2016postVFP/v1baselineHadroBtagWeightAdded_JESup_RelativePtEC1_AK4PFchs_v94HadroPreJetVetoHemOnly_JESPt22/mc/variableHists_v0BDT1tau0lV16
2016postVFP,v1baselineHadroBtagWeightAdded_JESup_RelativePtEC1_AK4PFchs_v94HadroPreJetVetoHemOnly_JESPt22,v5BDT1tau0l_tauFMorphFix,112,0.28842735290527344,56,0.016824722290039062,168,0.3052520751953125,/publicfs/cms/user/huahuil/tauOfTTTT_NanoAOD/forMVA/2016postVFP/v1baselineHadroBtagWeightAdded_JESup_RelativePtEC1_AK4PFchs_v94HadroPreJetVetoHemOnly_JESPt22/mc/variableHists_v5BDT1tau0l_tauFMorphFix
2017,v1baselineHadroBtagWeightAdded_v94HadroPreJetVetoHemOnly_TESdm0Up,v8BDT1tau0l_refactorAndBtagNameFix,112,0.2843494415283203,56,0.015703201293945312,168,0.3000526428222656,/publicfs/cms/user/huahuil/tauOfTTTT_NanoAOD/forMVA/2017/v1baselineHadroBtagWeightAdded_v94HadroPreJetVetoHemOnly_TESdm0Up/mc/variableHists_v8BDT1tau0l_refactorAndBtagNameFix
2017,v1baselineHadroBtagWeightAdded_JESDown_RelativeSample_AK4PFchs_v94HadroPreJetVetoHemOnly_JESPt22,v8BDT1tau0l_refactorAndBtagNameFix,112,0.2876577377319336,56,0.017358779907226562,168,0.30501651763916016,/publicfs/cms/user/huahuil/tauOfTTTT_NanoAOD/forMVA/2017/v1baselineHadroBtagWeightAdded_JESDown_RelativeSample_AK4PFchs_v94HadroPreJetVetoHemOnly_JESPt22/mc/variableHists_v8BDT1tau0l_refactorAndBtagNameFix
2017,v1baselineHadroBtagWeightAdded_JESup_SinglePionHCAL_AK4PFchs_v94HadroPreJetVetoHemOnly_JESPt22,v3BDT1tau1lV18_fakeTauDataDriven,112,0.3055086135864258,56,0.016931533813476562,168,0.32244014739990234,/publicfs/cms/user/huahuil/tauOfTTTT_NanoAOD/forMVA/2017/v1baselineHadroBtagWeightAdded_JESup_SinglePionHCAL_AK4PFchs_v94HadroPreJetVetoHemOnly_JESPt22/mc/variableHists_v3BDT1tau1lV18_fakeTauDataDriven
2017,v1baselineHadroBtagWeightAdded_JESup_SinglePionHCAL_AK4PFchs_v94HadroPreJetVetoHemOnly_JESPt22,v0BDT1tau1lV17,112,0.30464839935302734,56,0.015970230102539062,168,0.3206186294555664,/publicfs/cms/user/huahuil/tauOfTTTT_NanoAOD/forMVA/2017/v1baselineHadroBtagWeightAdded_JESup_SinglePionHCAL_AK4PFchs_v94HadroPreJetVetoHemOnly_JESPt22/mc/variableHists_v0BDT1tau1lV17
2017,v1baselineHadroBtagWeightAdded_JESup_SinglePionHCAL_AK4PFchs_v94HadroPreJetVetoHemOnly_JESPt22,v0BDT1tau0lV17,112,0.2867593765258789,56,0.015970230102539062,168,0.30272960662841797,/publicfs/cms/user/huahuil/tauOfTTTT_NanoAOD/forMVA/2017/v1baselineHadroBtagWeightAdded_JESup_SinglePionHCAL_AK4PFchs_v94HadroPreJetVetoHemOnly_JESPt22/mc/variableHists_v0BDT1tau0lV17
2017,v1baselineHadroBtagWeightAdded_JESup_SinglePionHCAL_AK4PFchs_v94HadroPreJetVetoHemOnly_JESPt22,v8BDT1tau0l_refactorAndBtagNameFix,112,0.28745365142822266,56,0.017251968383789062,168,0.3047056198120117,/publicfs/cms/user/huahuil/tauOfTTTT_NanoAOD/forMVA/2017/v1baselineHadroBtagWeightAdded_JESup_SinglePionHCAL_AK4PFchs_v94HadroPreJetVetoHemOnly_JESPt22/mc/variableHists_v8BDT1tau0l_refactorAndBtagNameFix
2017,v1baselineHadroBtagWeightAdded_JESup_SinglePionHCAL_AK4PFchs_v94HadroPreJetVetoHemOnly_JESPt22,v5BDT1tau0l_tauFMorphFix,112,0.2872962951660156,56,0.016504287719726562,168,0.3038005828857422,/publicfs/cms/user/huahuil/tauOfTTTT_NanoAOD/forMVA/2017/v1baselineHadroBtagWeightAdded_JESup_SinglePionHCAL_AK4PFchs_v94HadroPreJetVetoHemOnly_JESPt22/mc/variableHists_v5BDT1tau0l_tauFMorphFix
2017,v1baselineHadroBtagWeightAdded_v94HadroPreJetVetoHemOnly_TESdm1Down,v8BDT1tau0l_refactorAndBtagNameFix,112,0.28456592559814453,56,0.015810012817382812,168,0.30037593841552734,/publicfs/cms/user/huahuil/tauOfTTTT_NanoAOD/forMVA/2017/v1baselineHadroBtagWeightAdded_v94HadroPreJetVetoHemOnly_TESdm1Down/mc/variableHists_v8BDT1tau0l_refactorAndBtagNameFix
2017,v1baselineHadroBtagWeightAdded_v94HadroPreJetVetoHemOnly_METDown,v8BDT1tau0l_refactorAndBtagNameFix,112,0.2842521667480469,56,0.015649795532226562,168,0.29990196228027344,/publicfs/cms/user/huahuil/tauOfTTTT_NanoAOD/forMVA/2017/v1baselineHadroBtagWeightAdded_v94HadroPreJetVetoHemOnly_METDown/mc/variableHists_v8BDT1tau0l_refactorAndBtagNameFix
2017,v1baselineHadroBtagWeightAdded_JESup_RelativePtBB_AK4PFchs_v94HadroPreJetVetoHemOnly_JESPt22,v3BDT1tau1lV18_fakeTauDataDriven,112,0.3052949905395508,56,0.016824722290039062,168,0.32211971282958984,/publicfs/cms/user/huahuil/tauOfTTTT_NanoAOD/forMVA/2017/v1baselineHadroBtagWeightAdded_JESup_RelativePtBB_AK4PFchs_v94HadroPreJetVetoHemOnly_JESPt22/mc/variableHists_v3BDT1tau1lV18_fakeTauDataDriven
2017,v1baselineHadroBtagWeightAdded_JESup_RelativePtBB_AK4PFchs_v94HadroPreJetVetoHemOnly_JESPt22,v0BDT1tau1lV17,112,0.3044319152832031,56,0.015863418579101562,168,0.3202953338623047,/publicfs/cms/user/huahuil/tauOfTTTT_NanoAOD/forMVA/2017/v1baselineHadroBtagWeightAdded_JESup_RelativePtBB_AK4PFchs_v94HadroPreJetVetoHemOnly_JESPt22/mc/variableHists_v0BDT1tau1lV17
2017,v1baselineHadroBtagWeightAdded_JESup_RelativePtBB_AK4PFchs_v94HadroPreJetVetoHemOnly_JESPt22,v0BDT1tau0lV17,112,0.2865486145019531,56,0.015863418579101562,168,0.3024120330810547,/publicfs/cms/user/huahuil/tauOfTTTT_NanoAOD/forMVA/2017/v1baselineHadroBtagWeightAdded_JESup_RelativePtBB_AK4PFchs_v94HadroPreJetVetoHemOnly_JESPt22/mc/variableHists_v0BDT1tau0lV17
2017,v1baselineHadroBtagWeightAdded_JESup_RelativePtBB_AK4PFchs_v94HadroPreJetVetoHemOnly_JESPt22,v8BDT1tau0l_refactorAndBtagNameFix,112,0.2872428894042969,56,0.017145156860351562,168,0.30438804626464844,/publicfs/cms/user/huahuil/tauOfTTTT_NanoAOD/forMVA/2017/v1baselineHadroBtagWeightAdded_JESup_RelativePtBB_AK4PFchs_v94HadroPreJetVetoHemOnly_JESPt22/mc/variableHists_v8BDT1tau0l_refactorAndBtagNameFix
2017,v1baselineHadroBtagWeightAdded_JESup_RelativePtBB_AK4PFchs_v94HadroPreJetVetoHemOnly_JESPt22,v5BDT1tau0l_tauFMorphFix,112,0.28708362579345703,56,0.016397476196289062,168,0.3034811019897461,/publicfs/cms/user/huahuil/tauOfTTTT_NanoAOD/forMVA/2017/v1baselineHadroBtagWeightAdded_JESup_RelativePtBB_AK4PFchs_v94HadroPreJetVetoHemOnly_JESPt22/mc/variableHists_v5BDT1tau0l_tauFMorphFix
2017,v1baselineHadroBtagWeightAdded_JESup_RelativeBal_AK4PFchs_v94HadroPreJetVetoHemOnly_JESPt22,v3BDT1tau1lV18_fakeTauDataDriven,112,0.30518341064453125,56,0.016771316528320312,168,0.32195472717285156,/publicfs/cms/user/huahuil/tauOfTTTT_NanoAOD/forMVA/2017/v1baselineHadroBtagWeightAdded_JESup_RelativeBal_AK4PFchs_v94HadroPreJetVetoHemOnly_JESPt22/mc/variableHists_v3BDT1tau1lV18_fakeTauDataDriven
2017,v1baselineHadroBtagWeightAdded_JESup_RelativeBal_AK4PFchs_v94HadroPreJetVetoHemOnly_JESPt22,v0BDT1tau1lV17,112,0.30432605743408203,56,0.015810012817382812,168,0.32013607025146484,/publicfs/cms/user/huahuil/tauOfTTTT_NanoAOD/forMVA/2017/v1baselineHadroBtagWeightAdded_JESup_RelativeBal_AK4PFchs_v94HadroPreJetVetoHemOnly_JESPt22/mc/variableHists_v0BDT1tau1lV17
2017,v1baselineHadroBtagWeightAdded_JESup_RelativeBal_AK4PFchs_v94HadroPreJetVetoHemOnly_JESPt22,v0BDT1tau0lV17,112,0.28644371032714844,56,0.015810012817382812,168,0.30225372314453125,/publicfs/cms/user/huahuil/tauOfTTTT_NanoAOD/forMVA/2017/v1baselineHadroBtagWeightAdded_JESup_RelativeBal_AK4PFchs_v94HadroPreJetVetoHemOnly_JESPt22/mc/variableHists_v0BDT1tau0lV17
2017,v1baselineHadroBtagWeightAdded_JESup_RelativeBal_AK4PFchs_v94HadroPreJetVetoHemOnly_JESPt22,v8BDT1tau0l_refactorAndBtagNameFix,112,0.28713226318359375,56,0.017091751098632812,168,0.30422401428222656,/publicfs/cms/user/huahuil/tauOfTTTT_NanoAOD/forMVA/2017/v1baselineHadroBtagWeightAdded_JESup_RelativeBal_AK4PFchs_v94HadroPreJetVetoHemOnly_JESPt22/mc/variableHists_v8BDT1tau0l_refactorAndBtagNameFix
2017,v1baselineHadroBtagWeightAdded_JESup_RelativeBal_AK4PFchs_v94HadroPreJetVetoHemOnly_JESPt22,v5BDT1tau0l_tauFMorphFix,112,0.2869758605957031,56,0.016344070434570312,168,0.30331993103027344,/publicfs/cms/user/huahuil/tauOfTTTT_NanoAOD/forMVA/2017/v1baselineHadroBtagWeightAdded_JESup_RelativeBal_AK4PFchs_v94HadroPreJetVetoHemOnly_JESPt22/mc/variableHists_v5BDT1tau0l_tauFMorphFix
2017,v1baselineHadroBtagWeightAdded_JESup_FlavorPureCharm_AK4PFchs_v94HadroPreJetVetoHemOnly_JESPt22,v3BDT1tau1lV18_fakeTauDataDriven,112,0.3056068420410156,56,0.016984939575195312,168,0.32259178161621094,/publicfs/cms/user/huahuil/tauOfTTTT_NanoAOD/forMVA/2017/v1baselineHadroBtagWeightAdded_JESup_FlavorPureCharm_AK4PFchs_v94HadroPreJetVetoHemOnly_JESPt22/mc/variableHists_v3BDT1tau1lV18_fakeTauDataDriven
2017,v1baselineHadroBtagWeightAdded_JESup_FlavorPureCharm_AK4PFchs_v94HadroPreJetVetoHemOnly_JESPt22,v0BDT1tau1lV17,112,0.3047456741333008,56,0.016023635864257812,168,0.3207693099975586,/publicfs/cms/user/huahuil/tauOfTTTT_NanoAOD/forMVA/2017/v1baselineHadroBtagWeightAdded_JESup_FlavorPureCharm_AK4PFchs_v94HadroPreJetVetoHemOnly_JESPt22/mc/variableHists_v0BDT1tau1lV17
2017,v1baselineHadroBtagWeightAdded_JESup_FlavorPureCharm_AK4PFchs_v94HadroPreJetVetoHemOnly_JESPt22,v0BDT1tau0lV17,112,0.2868680953979492,56,0.016023635864257812,168,0.30289173126220703,/publicfs/cms/user/huahuil/tauOfTTTT_NanoAOD/forMVA/2017/v1baselineHadroBtagWeightAdded_JESup_FlavorPureCharm_AK4PFchs_v94HadroPreJetVetoHemOnly_JESPt22/mc/variableHists_v0BDT1tau0lV17
2017,v1baselineHadroBtagWeightAdded_JESup_FlavorPureCharm_AK4PFchs_v94HadroPreJetVetoHemOnly_JESPt22,v8BDT1tau0l_refactorAndBtagNameFix,112,0.28755855560302734,56,0.017305374145507812,168,0.30486392974853516,/publicfs/cms/user/huahuil/tauOfTTTT_NanoAOD/forMVA/2017/v1baselineHadroBtagWeightAdded_JESup_FlavorPureCharm_AK4PFchs_v94HadroPreJetVetoHemOnly_JESPt22/mc/variableHists_v8BDT1tau0l_refactorAndBtagNameFix
2017,v1baselineHadroBtagWeightAdded_JESup_FlavorPureCharm_AK4PFchs_v94HadroPreJetVetoHemOnly_JESPt22,v5BDT1tau0l_tauFMorphFix,112,0.2874002456665039,56,0.016557693481445312,168,0.3039579391479492,/publicfs/cms/user/huahuil/tauOfTTTT_NanoAOD/forMVA/2017/v1baselineHadroBtagWeightAdded_JESup_FlavorPureCharm_AK4PFchs_v94HadroPreJetVetoHemOnly_JESPt22/mc/variableHists_v5BDT1tau0l_tauFMorphFix
2017,v1baselineHadroBtagWeightAdded_JESup_PileUpPtEC2_AK4PFchs_v94HadroPreJetVetoHemOnly_JESPt22,v8BDT1tau0l_refactorAndBtagNameFix,112,0.28713512420654297,56,0.017091751098632812,168,0.3042268753051758,/publicfs/cms/user/huahuil/tauOfTTTT_NanoAOD/forMVA/2017/v1baselineHadroBtagWeightAdded_JESup_PileUpPtEC2_AK4PFchs_v94HadroPreJetVetoHemOnly_JESPt22/mc/variableHists_v8BDT1tau0l_refactorAndBtagNameFix
2017,v1baselineHadroBtagWeightAdded_JESDown_RelativeJEREC1_AK4PFchs_v94HadroPreJetVetoHemOnly_JESPt22,v8BDT1tau0l_refactorAndBtagNameFix,112,0.2876625061035156,56,0.017358779907226562,168,0.3050212860107422,/publicfs/cms/user/huahuil/tauOfTTTT_NanoAOD/forMVA/2017/v1baselineHadroBtagWeightAdded_JESDown_RelativeJEREC1_AK4PFchs_v94HadroPreJetVetoHemOnly_JESPt22/mc/variableHists_v8BDT1tau0l_refactorAndBtagNameFix
2017,v1baselineHadroBtagWeightAdded_v94HadroPreJetVetoHemOnly_TESdm0Down,v8BDT1tau0l_refactorAndBtagNameFix,112,0.28456687927246094,56,0.015810012817382812,168,0.30037689208984375,/publicfs/cms/user/huahuil/tauOfTTTT_NanoAOD/forMVA/2017/v1baselineHadroBtagWeightAdded_v94HadroPreJetVetoHemOnly_TESdm0Down/mc/variableHists_v8BDT1tau0l_refactorAndBtagNameFix
2017,v1baselineHadroBtagWeightAdded_JESup_FlavorPureQuark_AK4PFchs_v94HadroPreJetVetoHemOnly_JESPt22,v3BDT1tau1lV18_fakeTauDataDriven,112,0.3056182861328125,56,0.016984939575195312,168,0.3226032257080078,/publicfs/cms/user/huahuil/tauOfTTTT_NanoAOD/forMVA/2017/v1baselineHadroBtagWeightAdded_JESup_FlavorPureQuark_AK4PFchs_v94HadroPreJetVetoHemOnly_JESPt22/mc/variableHists_v3BDT1tau1lV18_fakeTauDataDriven
2017,v1baselineHadroBtagWeightAdded_JESup_FlavorPureQuark_AK4PFchs_v94HadroPreJetVetoHemOnly_JESPt22,v0BDT1tau1lV17,112,0.3047475814819336,56,0.016023635864257812,168,0.3207712173461914,/publicfs/cms/user/huahuil/tauOfTTTT_NanoAOD/forMVA/2017/v1baselineHadroBtagWeightAdded_JESup_FlavorPureQuark_AK4PFchs_v94HadroPreJetVetoHemOnly_JESPt22/mc/variableHists_v0BDT1tau1lV17
2017,v1baselineHadroBtagWeightAdded_JESup_FlavorPureQuark_AK4PFchs_v94HadroPreJetVetoHemOnly_JESPt22,v0BDT1tau0lV17,112,0.28687477111816406,56,0.016023635864257812,168,0.3028984069824219,/publicfs/cms/user/huahuil/tauOfTTTT_NanoAOD/forMVA/2017/v1baselineHadroBtagWeightAdded_JESup_FlavorPureQuark_AK4PFchs_v94HadroPreJetVetoHemOnly_JESPt22/mc/variableHists_v0BDT1tau0lV17
2017,v1baselineHadroBtagWeightAdded_JESup_FlavorPureQuark_AK4PFchs_v94HadroPreJetVetoHemOnly_JESPt22,v8BDT1tau0l_refactorAndBtagNameFix,112,0.28756237030029297,56,0.017305374145507812,168,0.3048677444458008,/publicfs/cms/user/huahuil/tauOfTTTT_NanoAOD/forMVA/2017/v1baselineHadroBtagWeightAdded_JESup_FlavorPureQuark_AK4PFchs_v94HadroPreJetVetoHemOnly_JESPt22/mc/variableHists_v8BDT1tau0l_refactorAndBtagNameFix
2017,v1baselineHadroBtagWeightAdded_JESup_FlavorPureQuark_AK4PFchs_v94HadroPreJetVetoHemOnly_JESPt22,v5BDT1tau0l_tauFMorphFix,112,0.28740596771240234,56,0.016557693481445312,168,0.30396366119384766,/publicfs/cms/user/huahuil/tauOfTTTT_NanoAOD/forMVA/2017/v1baselineHadroBtagWeightAdded_JESup_FlavorPureQuark_AK4PFchs_v94HadroPreJetVetoHemOnly_JESPt22/mc/variableHists_v5BDT1tau0l_tauFMorphFix
2017,v1baselineHadroBtagWeightAdded_JESup_RelativePtEC2_AK4PFchs_v94HadroPreJetVetoHemOnly_JESPt22,v3BDT1tau1lV18_fakeTauDataDriven,112,0.30539608001708984,56,0.016878128051757812,168,0.32227420806884766,/publicfs/cms/user/huahuil/tauOfTTTT_NanoAOD/forMVA/2017/v1baselineHadroBtagWeightAdded_JESup_RelativePtEC2_AK4PFchs_v94HadroPreJetVetoHemOnly_JESPt22/mc/variableHists_v3BDT1tau1lV18_fakeTauDataDriven
2017,v1baselineHadroBtagWeightAdded_JESup_RelativePtEC2_AK4PFchs_v94HadroPreJetVetoHemOnly_JESPt22,v0BDT1tau1lV17,112,0.30454540252685547,56,0.015916824340820312,168,0.3204622268676758,/publicfs/cms/user/huahuil/tauOfTTTT_NanoAOD/forMVA/2017/v1baselineHadroBtagWeightAdded_JESup_RelativePtEC2_AK4PFchs_v94HadroPreJetVetoHemOnly_JESPt22/mc/variableHists_v0BDT1tau1lV17
2017,v1baselineHadroBtagWeightAdded_JESup_RelativePtEC2_AK4PFchs_v94HadroPreJetVetoHemOnly_JESPt22,v0BDT1tau0lV17,112,0.2866668701171875,56,0.015916824340820312,168,0.3025836944580078,/publicfs/cms/user/huahuil/tauOfTTTT_NanoAOD/forMVA/2017/v1baselineHadroBtagWeightAdded_JESup_RelativePtEC2_AK4PFchs_v94HadroPreJetVetoHemOnly_JESPt22/mc/variableHists_v0BDT1tau0lV17
2017,v1baselineHadroBtagWeightAdded_JESup_RelativePtEC2_AK4PFchs_v94HadroPreJetVetoHemOnly_JESPt22,v8BDT1tau0l_refactorAndBtagNameFix,112,0.2873506546020508,56,0.017198562622070312,168,0.3045492172241211,/publicfs/cms/user/huahuil/tauOfTTTT_NanoAOD/forMVA/2017/v1baselineHadroBtagWeightAdded_JESup_RelativePtEC2_AK4PFchs_v94HadroPreJetVetoHemOnly_JESPt22/mc/variableHists_v8BDT1tau0l_refactorAndBtagNameFix
2017,v1baselineHadroBtagWeightAdded_JESup_RelativePtEC2_AK4PFchs_v94HadroPreJetVetoHemOnly_JESPt22,v5BDT1tau0l_tauFMorphFix,112,0.28719139099121094,56,0.016450881958007812,168,0.30364227294921875,/publicfs/cms/user/huahuil/tauOfTTTT_NanoAOD/forMVA/2017/v1baselineHadroBtagWeightAdded_JESup_RelativePtEC2_AK4PFchs_v94HadroPreJetVetoHemOnly_JESPt22/mc/variableHists_v5BDT1tau0l_tauFMorphFix
2017,v1baselineHadroBtagWeightAdded_JESup_RelativeJERHF_AK4PFchs_v94HadroPreJetVetoHemOnly_JESPt22,v3BDT1tau1lV18_fakeTauDataDriven,112,0.30539703369140625,56,0.016878128051757812,168,0.32227516174316406,/publicfs/cms/user/huahuil/tauOfTTTT_NanoAOD/forMVA/2017/v1baselineHadroBtagWeightAdded_JESup_RelativeJERHF_AK4PFchs_v94HadroPreJetVetoHemOnly_JESPt22/mc/variableHists_v3BDT1tau1lV18_fakeTauDataDriven
2017,v1baselineHadroBtagWeightAdded_JESup_RelativeJERHF_AK4PFchs_v94HadroPreJetVetoHemOnly_JESPt22,v0BDT1tau1lV17,112,0.30454158782958984,56,0.015916824340820312,168,0.32045841217041016,/publicfs/cms/user/huahuil/tauOfTTTT_NanoAOD/forMVA/2017/v1baselineHadroBtagWeightAdded_JESup_RelativeJERHF_AK4PFchs_v94HadroPreJetVetoHemOnly_JESPt22/mc/variableHists_v0BDT1tau1lV17
2017,v1baselineHadroBtagWeightAdded_JESup_RelativeJERHF_AK4PFchs_v94HadroPreJetVetoHemOnly_JESPt22,v0BDT1tau0lV17,112,0.28665733337402344,56,0.015916824340820312,168,0.30257415771484375,/publicfs/cms/user/huahuil/tauOfTTTT_NanoAOD/forMVA/2017/v1baselineHadroBtagWeightAdded_JESup_RelativeJERHF_AK4PFchs_v94HadroPreJetVetoHemOnly_JESPt22/mc/variableHists_v0BDT1tau0lV17
2017,v1baselineHadroBtagWeightAdded_JESup_RelativeJERHF_AK4PFchs_v94HadroPreJetVetoHemOnly_JESPt22,v8BDT1tau0l_refactorAndBtagNameFix,112,0.2873497009277344,56,0.017198562622070312,168,0.3045482635498047,/publicfs/cms/user/huahuil/tauOfTTTT_NanoAOD/forMVA/2017/v1baselineHadroBtagWeightAdded_JESup_RelativeJERHF_AK4PFchs_v94HadroPreJetVetoHemOnly_JESPt22/mc/variableHists_v8BDT1tau0l_refactorAndBtagNameFix
2017,v1baselineHadroBtagWeightAdded_JESup_RelativeJERHF_AK4PFchs_v94HadroPreJetVetoHemOnly_JESPt22,v5BDT1tau0l_tauFMorphFix,112,0.28719520568847656,56,0.016450881958007812,168,0.3036460876464844,/publicfs/cms/user/huahuil/tauOfTTTT_NanoAOD/forMVA/2017/v1baselineHadroBtagWeightAdded_JESup_RelativeJERHF_AK4PFchs_v94HadroPreJetVetoHemOnly_JESPt22/mc/variableHists_v5BDT1tau0l_tauFMorphFix
2017,v1baselineHadroBtagWeightAdded_v94HadroPreJetVetoHemOnly_JERUp,v8BDT1tau0l_refactorAndBtagNameFix,112,0.2840394973754883,56,0.015542984008789062,168,0.29958248138427734,/publicfs/cms/user/huahuil/tauOfTTTT_NanoAOD/forMVA/2017/v1baselineHadroBtagWeightAdded_v94HadroPreJetVetoHemOnly_JERUp/mc/variableHists_v8BDT1tau0l_refactorAndBtagNameFix
2017,v1baselineHadroBtagWeightAdded_JESup_SinglePionECAL_AK4PFchs_v94HadroPreJetVetoHemOnly_JESPt22,v3BDT1tau1lV18_fakeTauDataDriven,112,0.30550575256347656,56,0.016931533813476562,168,0.3224372863769531,/publicfs/cms/user/huahuil/tauOfTTTT_NanoAOD/forMVA/2017/v1baselineHadroBtagWeightAdded_JESup_SinglePionECAL_AK4PFchs_v94HadroPreJetVetoHemOnly_JESPt22/mc/variableHists_v3BDT1tau1lV18_fakeTauDataDriven
2017,v1baselineHadroBtagWeightAdded_JESup_SinglePionECAL_AK4PFchs_v94HadroPreJetVetoHemOnly_JESPt22,v0BDT1tau1lV17,112,0.30463504791259766,56,0.015970230102539062,168,0.3206052780151367,/publicfs/cms/user/huahuil/tauOfTTTT_NanoAOD/forMVA/2017/v1baselineHadroBtagWeightAdded_JESup_SinglePionECAL_AK4PFchs_v94HadroPreJetVetoHemOnly_JESPt22/mc/variableHists_v0BDT1tau1lV17
2017,v1baselineHadroBtagWeightAdded_JESup_SinglePionECAL_AK4PFchs_v94HadroPreJetVetoHemOnly_JESPt22,v0BDT1tau0lV17,112,0.2867565155029297,56,0.015970230102539062,168,0.30272674560546875,/publicfs/cms/user/huahuil/tauOfTTTT_NanoAOD/forMVA/2017/v1baselineHadroBtagWeightAdded_JESup_SinglePionECAL_AK4PFchs_v94HadroPreJetVetoHemOnly_JESPt22/mc/variableHists_v0BDT1tau0lV17
2017,v1baselineHadroBtagWeightAdded_JESup_SinglePionECAL_AK4PFchs_v94HadroPreJetVetoHemOnly_JESPt22,v8BDT1tau0l_refactorAndBtagNameFix,112,0.28745079040527344,56,0.017251968383789062,168,0.3047027587890625,/publicfs/cms/user/huahuil/tauOfTTTT_NanoAOD/forMVA/2017/v1baselineHadroBtagWeightAdded_JESup_SinglePionECAL_AK4PFchs_v94HadroPreJetVetoHemOnly_JESPt22/mc/variableHists_v8BDT1tau0l_refactorAndBtagNameFix
2017,v1baselineHadroBtagWeightAdded_JESup_SinglePionECAL_AK4PFchs_v94HadroPreJetVetoHemOnly_JESPt22,v5BDT1tau0l_tauFMorphFix,112,0.2872943878173828,56,0.016504287719726562,168,0.3037986755371094,/publicfs/cms/user/huahuil/tauOfTTTT_NanoAOD/forMVA/2017/v1baselineHadroBtagWeightAdded_JESup_SinglePionECAL_AK4PFchs_v94HadroPreJetVetoHemOnly_JESPt22/mc/variableHists_v5BDT1tau0l_tauFMorphFix
2017,v1baselineHadroBtagWeightAdded_JESDown_SinglePionECAL_AK4PFchs_v94HadroPreJetVetoHemOnly_JESPt22,v8BDT1tau0l_refactorAndBtagNameFix,112,0.28766536712646484,56,0.017358779907226562,168,0.3050241470336914,/publicfs/cms/user/huahuil/tauOfTTTT_NanoAOD/forMVA/2017/v1baselineHadroBtagWeightAdded_JESDown_SinglePionECAL_AK4PFchs_v94HadroPreJetVetoHemOnly_JESPt22/mc/variableHists_v8BDT1tau0l_refactorAndBtagNameFix
2017,v1baselineHadroBtagWeightAdded_JESDown_PileUpPtEC2_AK4PFchs_v94HadroPreJetVetoHemOnly_JESPt22,v8BDT1tau0l_refactorAndBtagNameFix,112,0.2873497009277344,56,0.017198562622070312,168,0.3045482635498047,/publicfs/cms/user/huahuil/tauOfTTTT_NanoAOD/forMVA/2017/v1baselineHadroBtagWeightAdded_JESDown_PileUpPtEC2_AK4PFchs_v94HadroPreJetVetoHemOnly_JESPt22/mc/variableHists_v8BDT1tau0l_refactorAndBtagNameFix
2017,v1baselineHadroBtagWeightAdded_JESDown_RelativePtEC1_AK4PFchs_v94HadroPreJetVetoHemOnly_JESPt22,v8BDT1tau0l_refactorAndBtagNameFix,112,0.28755760192871094,56,0.017305374145507812,168,0.30486297607421875,/publicfs/cms/user/huahuil/tauOfTTTT_NanoAOD/forMVA/2017/v1baselineHadroBtagWeightAdded_JESDown_RelativePtEC1_AK4PFchs_v94HadroPreJetVetoHemOnly_JESPt22/mc/variableHists_v8BDT1tau0l_refactorAndBtagNameFix
2017,v1baselineHadroBtagWeightAdded_JESDown_RelativeJEREC2_AK4PFchs_v94HadroPreJetVetoHemOnly_JESPt22,v8BDT1tau0l_refactorAndBtagNameFix,112,0.2876710891723633,56,0.017358779907226562,168,0.30502986907958984,/publicfs/cms/user/huahuil/tauOfTTTT_NanoAOD/forMVA/2017/v1baselineHadroBtagWeightAdded_JESDown_RelativeJEREC2_AK4PFchs_v94HadroPreJetVetoHemOnly_JESPt22/mc/variableHists_v8BDT1tau0l_refactorAndBtagNameFix
2017,v1baselineHadroBtagWeightAdded_JESDown_PileUpPtRef_AK4PFchs_v94HadroPreJetVetoHemOnly_JESPt22,v8BDT1tau0l_refactorAndBtagNameFix,112,0.28734874725341797,56,0.017198562622070312,168,0.3045473098754883,/publicfs/cms/user/huahuil/tauOfTTTT_NanoAOD/forMVA/2017/v1baselineHadroBtagWeightAdded_JESDown_PileUpPtRef_AK4PFchs_v94HadroPreJetVetoHemOnly_JESPt22/mc/variableHists_v8BDT1tau0l_refactorAndBtagNameFix
2017,v1baselineHadroBtagWeightAdded_JESDown_AbsoluteMPFBias_AK4PFchs_v94HadroPreJetVetoHemOnly_JESPt22,v8BDT1tau0l_refactorAndBtagNameFix,112,0.28777027130126953,56,0.017412185668945312,168,0.30518245697021484,/publicfs/cms/user/huahuil/tauOfTTTT_NanoAOD/forMVA/2017/v1baselineHadroBtagWeightAdded_JESDown_AbsoluteMPFBias_AK4PFchs_v94HadroPreJetVetoHemOnly_JESPt22/mc/variableHists_v8BDT1tau0l_refactorAndBtagNameFix
2017,v1baselineHadroBtagWeightAdded_JESup_PileUpPtBB_AK4PFchs_v94HadroPreJetVetoHemOnly_JESPt22,v8BDT1tau0l_refactorAndBtagNameFix,112,0.2870330810546875,56,0.017038345336914062,168,0.30407142639160156,/publicfs/cms/user/huahuil/tauOfTTTT_NanoAOD/forMVA/2017/v1baselineHadroBtagWeightAdded_JESup_PileUpPtBB_AK4PFchs_v94HadroPreJetVetoHemOnly_JESPt22/mc/variableHists_v8BDT1tau0l_refactorAndBtagNameFix
2017,v1baselineHadroBtagWeightAdded_JESDown_RelativeStatEC_AK4PFchs_v94HadroPreJetVetoHemOnly_JESPt22,v8BDT1tau0l_refactorAndBtagNameFix,112,0.2876596450805664,56,0.017358779907226562,168,0.30501842498779297,/publicfs/cms/user/huahuil/tauOfTTTT_NanoAOD/forMVA/2017/v1baselineHadroBtagWeightAdded_JESDown_RelativeStatEC_AK4PFchs_v94HadroPreJetVetoHemOnly_JESPt22/mc/variableHists_v8BDT1tau0l_refactorAndBtagNameFix
2017,v1baselineHadroBtagWeightAdded_JESup_TimePtEta_AK4PFchs_v94HadroPreJetVetoHemOnly_JESPt22,v3BDT1tau1lV18_fakeTauDataDriven,112,0.3049659729003906,56,0.016664505004882812,168,0.32163047790527344,/publicfs/cms/user/huahuil/tauOfTTTT_NanoAOD/forMVA/2017/v1baselineHadroBtagWeightAdded_JESup_TimePtEta_AK4PFchs_v94HadroPreJetVetoHemOnly_JESPt22/mc/variableHists_v3BDT1tau1lV18_fakeTauDataDriven
2017,v1baselineHadroBtagWeightAdded_JESup_TimePtEta_AK4PFchs_v94HadroPreJetVetoHemOnly_JESPt22,v0BDT1tau1lV17,112,0.30411243438720703,56,0.015703201293945312,168,0.31981563568115234,/publicfs/cms/user/huahuil/tauOfTTTT_NanoAOD/forMVA/2017/v1baselineHadroBtagWeightAdded_JESup_TimePtEta_AK4PFchs_v94HadroPreJetVetoHemOnly_JESPt22/mc/variableHists_v0BDT1tau1lV17
2017,v1baselineHadroBtagWeightAdded_JESup_TimePtEta_AK4PFchs_v94HadroPreJetVetoHemOnly_JESPt22,v0BDT1tau0lV17,112,0.28623390197753906,56,0.015703201293945312,168,0.3019371032714844,/publicfs/cms/user/huahuil/tauOfTTTT_NanoAOD/forMVA/2017/v1baselineHadroBtagWeightAdded_JESup_TimePtEta_AK4PFchs_v94HadroPreJetVetoHemOnly_JESPt22/mc/variableHists_v0BDT1tau0lV17
2017,v1baselineHadroBtagWeightAdded_JESup_TimePtEta_AK4PFchs_v94HadroPreJetVetoHemOnly_JESPt22,v8BDT1tau0l_refactorAndBtagNameFix,112,0.2869272232055664,56,0.016984939575195312,168,0.3039121627807617,/publicfs/cms/user/huahuil/tauOfTTTT_NanoAOD/forMVA/2017/v1baselineHadroBtagWeightAdded_JESup_TimePtEta_AK4PFchs_v94HadroPreJetVetoHemOnly_JESPt22/mc/variableHists_v8BDT1tau0l_refactorAndBtagNameFix
2017,v1baselineHadroBtagWeightAdded_JESup_TimePtEta_AK4PFchs_v94HadroPreJetVetoHemOnly_JESPt22,v5BDT1tau0l_tauFMorphFix,112,0.2867727279663086,56,0.016237258911132812,168,0.3030099868774414,/publicfs/cms/user/huahuil/tauOfTTTT_NanoAOD/forMVA/2017/v1baselineHadroBtagWeightAdded_JESup_TimePtEta_AK4PFchs_v94HadroPreJetVetoHemOnly_JESPt22/mc/variableHists_v5BDT1tau0l_tauFMorphFix
2017,v1baselineHadroBtagWeightAdded_JESDown_TimePtEta_AK4PFchs_v94HadroPreJetVetoHemOnly_JESPt22,v8BDT1tau0l_refactorAndBtagNameFix,112,0.28713321685791016,56,0.017091751098632812,168,0.30422496795654297,/publicfs/cms/user/huahuil/tauOfTTTT_NanoAOD/forMVA/2017/v1baselineHadroBtagWeightAdded_JESDown_TimePtEta_AK4PFchs_v94HadroPreJetVetoHemOnly_JESPt22/mc/variableHists_v8BDT1tau0l_refactorAndBtagNameFix
2017,v1baselineHadroBtagWeightAdded_JESDown_RelativePtHF_AK4PFchs_v94HadroPreJetVetoHemOnly_JESPt22,v8BDT1tau0l_refactorAndBtagNameFix,112,0.2874574661254883,56,0.017251968383789062,168,0.30470943450927734,/publicfs/cms/user/huahuil/tauOfTTTT_NanoAOD/forMVA/2017/v1baselineHadroBtagWeightAdded_JESDown_RelativePtHF_AK4PFchs_v94HadroPreJetVetoHemOnly_JESPt22/mc/variableHists_v8BDT1tau0l_refactorAndBtagNameFix
2017,v1baselineHadroBtagWeightAdded_JESDown_PileUpDataMC_AK4PFchs_v94HadroPreJetVetoHemOnly_JESPt22,v8BDT1tau0l_refactorAndBtagNameFix,112,0.28745269775390625,56,0.017251968383789062,168,0.3047046661376953,/publicfs/cms/user/huahuil/tauOfTTTT_NanoAOD/forMVA/2017/v1baselineHadroBtagWeightAdded_JESDown_PileUpDataMC_AK4PFchs_v94HadroPreJetVetoHemOnly_JESPt22/mc/variableHists_v8BDT1tau0l_refactorAndBtagNameFix
2017,v1baselineHadroBtagWeightAdded_JESDown_RelativeJERHF_AK4PFchs_v94HadroPreJetVetoHemOnly_JESPt22,v8BDT1tau0l_refactorAndBtagNameFix,112,0.2875633239746094,56,0.017305374145507812,168,0.3048686981201172,/publicfs/cms/user/huahuil/tauOfTTTT_NanoAOD/forMVA/2017/v1baselineHadroBtagWeightAdded_JESDown_RelativeJERHF_AK4PFchs_v94HadroPreJetVetoHemOnly_JESPt22/mc/variableHists_v8BDT1tau0l_refactorAndBtagNameFix
2017,v1baselineHadroBtagWeightAdded_JESup_FlavorPureGluon_AK4PFchs_v94HadroPreJetVetoHemOnly_JESPt22,v3BDT1tau1lV18_fakeTauDataDriven,112,0.30560874938964844,56,0.016984939575195312,168,0.32259368896484375,/publicfs/cms/user/huahuil/tauOfTTTT_NanoAOD/forMVA/2017/v1baselineHadroBtagWeightAdded_JESup_FlavorPureGluon_AK4PFchs_v94HadroPreJetVetoHemOnly_JESPt22/mc/variableHists_v3BDT1tau1lV18_fakeTauDataDriven
2017,v1baselineHadroBtagWeightAdded_JESup_FlavorPureGluon_AK4PFchs_v94HadroPreJetVetoHemOnly_JESPt22,v0BDT1tau1lV17,112,0.30475330352783203,56,0.016023635864257812,168,0.32077693939208984,/publicfs/cms/user/huahuil/tauOfTTTT_NanoAOD/forMVA/2017/v1baselineHadroBtagWeightAdded_JESup_FlavorPureGluon_AK4PFchs_v94HadroPreJetVetoHemOnly_JESPt22/mc/variableHists_v0BDT1tau1lV17
2017,v1baselineHadroBtagWeightAdded_JESup_FlavorPureGluon_AK4PFchs_v94HadroPreJetVetoHemOnly_JESPt22,v0BDT1tau0lV17,112,0.28687572479248047,56,0.016023635864257812,168,0.3028993606567383,/publicfs/cms/user/huahuil/tauOfTTTT_NanoAOD/forMVA/2017/v1baselineHadroBtagWeightAdded_JESup_FlavorPureGluon_AK4PFchs_v94HadroPreJetVetoHemOnly_JESPt22/mc/variableHists_v0BDT1tau0lV17
2017,v1baselineHadroBtagWeightAdded_JESup_FlavorPureGluon_AK4PFchs_v94HadroPreJetVetoHemOnly_JESPt22,v8BDT1tau0l_refactorAndBtagNameFix,112,0.2875680923461914,56,0.017305374145507812,168,0.3048734664916992,/publicfs/cms/user/huahuil/tauOfTTTT_NanoAOD/forMVA/2017/v1baselineHadroBtagWeightAdded_JESup_FlavorPureGluon_AK4PFchs_v94HadroPreJetVetoHemOnly_JESPt22/mc/variableHists_v8BDT1tau0l_refactorAndBtagNameFix
2017,v1baselineHadroBtagWeightAdded_JESup_FlavorPureGluon_AK4PFchs_v94HadroPreJetVetoHemOnly_JESPt22,v5BDT1tau0l_tauFMorphFix,112,0.2874135971069336,56,0.016557693481445312,168,0.3039712905883789,/publicfs/cms/user/huahuil/tauOfTTTT_NanoAOD/forMVA/2017/v1baselineHadroBtagWeightAdded_JESup_FlavorPureGluon_AK4PFchs_v94HadroPreJetVetoHemOnly_JESPt22/mc/variableHists_v5BDT1tau0l_tauFMorphFix
2017,v1baselineHadroBtagWeightAdded_JESup_PileUpDataMC_AK4PFchs_v94HadroPreJetVetoHemOnly_JESPt22,v8BDT1tau0l_refactorAndBtagNameFix,112,0.2872467041015625,56,0.017145156860351562,168,0.30439186096191406,/publicfs/cms/user/huahuil/tauOfTTTT_NanoAOD/forMVA/2017/v1baselineHadroBtagWeightAdded_JESup_PileUpDataMC_AK4PFchs_v94HadroPreJetVetoHemOnly_JESPt22/mc/variableHists_v8BDT1tau0l_refactorAndBtagNameFix
2017,v1baselineHadroBtagWeightAdded_JESup_AbsoluteStat_AK4PFchs_v94HadroPreJetVetoHemOnly_JESPt22,v3BDT1tau1lV18_fakeTauDataDriven,112,0.30529117584228516,56,0.016824722290039062,168,0.3221158981323242,/publicfs/cms/user/huahuil/tauOfTTTT_NanoAOD/forMVA/2017/v1baselineHadroBtagWeightAdded_JESup_AbsoluteStat_AK4PFchs_v94HadroPreJetVetoHemOnly_JESPt22/mc/variableHists_v3BDT1tau1lV18_fakeTauDataDriven
2017,v1baselineHadroBtagWeightAdded_JESup_AbsoluteStat_AK4PFchs_v94HadroPreJetVetoHemOnly_JESPt22,v0BDT1tau1lV17,112,0.30443286895751953,56,0.015863418579101562,168,0.3202962875366211,/publicfs/cms/user/huahuil/tauOfTTTT_NanoAOD/forMVA/2017/v1baselineHadroBtagWeightAdded_JESup_AbsoluteStat_AK4PFchs_v94HadroPreJetVetoHemOnly_JESPt22/mc/variableHists_v0BDT1tau1lV17
2017,v1baselineHadroBtagWeightAdded_JESup_AbsoluteStat_AK4PFchs_v94HadroPreJetVetoHemOnly_JESPt22,v0BDT1tau0lV17,112,0.28656768798828125,56,0.015863418579101562,168,0.3024311065673828,/publicfs/cms/user/huahuil/tauOfTTTT_NanoAOD/forMVA/2017/v1baselineHadroBtagWeightAdded_JESup_AbsoluteStat_AK4PFchs_v94HadroPreJetVetoHemOnly_JESPt22/mc/variableHists_v0BDT1tau0lV17
2017,v1baselineHadroBtagWeightAdded_JESup_AbsoluteStat_AK4PFchs_v94HadroPreJetVetoHemOnly_JESPt22,v8BDT1tau0l_refactorAndBtagNameFix,112,0.2872438430786133,56,0.017145156860351562,168,0.30438899993896484,/publicfs/cms/user/huahuil/tauOfTTTT_NanoAOD/forMVA/2017/v1baselineHadroBtagWeightAdded_JESup_AbsoluteStat_AK4PFchs_v94HadroPreJetVetoHemOnly_JESPt22/mc/variableHists_v8BDT1tau0l_refactorAndBtagNameFix
2017,v1baselineHadroBtagWeightAdded_JESup_AbsoluteStat_AK4PFchs_v94HadroPreJetVetoHemOnly_JESPt22,v5BDT1tau0l_tauFMorphFix,112,0.2870826721191406,56,0.016397476196289062,168,0.3034801483154297,/publicfs/cms/user/huahuil/tauOfTTTT_NanoAOD/forMVA/2017/v1baselineHadroBtagWeightAdded_JESup_AbsoluteStat_AK4PFchs_v94HadroPreJetVetoHemOnly_JESPt22/mc/variableHists_v5BDT1tau0l_tauFMorphFix
2017,v1baselineHadroBtagWeightAdded_JESup_RelativeSample_AK4PFchs_v94HadroPreJetVetoHemOnly_JESPt22,v3BDT1tau1lV18_fakeTauDataDriven,112,0.3055105209350586,56,0.016931533813476562,168,0.32244205474853516,/publicfs/cms/user/huahuil/tauOfTTTT_NanoAOD/forMVA/2017/v1baselineHadroBtagWeightAdded_JESup_RelativeSample_AK4PFchs_v94HadroPreJetVetoHemOnly_JESPt22/mc/variableHists_v3BDT1tau1lV18_fakeTauDataDriven
2017,v1baselineHadroBtagWeightAdded_JESup_RelativeSample_AK4PFchs_v94HadroPreJetVetoHemOnly_JESPt22,v0BDT1tau1lV17,112,0.3046398162841797,56,0.015970230102539062,168,0.32061004638671875,/publicfs/cms/user/huahuil/tauOfTTTT_NanoAOD/forMVA/2017/v1baselineHadroBtagWeightAdded_JESup_RelativeSample_AK4PFchs_v94HadroPreJetVetoHemOnly_JESPt22/mc/variableHists_v0BDT1tau1lV17
2017,v1baselineHadroBtagWeightAdded_JESup_RelativeSample_AK4PFchs_v94HadroPreJetVetoHemOnly_JESPt22,v0BDT1tau0lV17,112,0.2867593765258789,56,0.015970230102539062,168,0.30272960662841797,/publicfs/cms/user/huahuil/tauOfTTTT_NanoAOD/forMVA/2017/v1baselineHadroBtagWeightAdded_JESup_RelativeSample_AK4PFchs_v94HadroPreJetVetoHemOnly_JESPt22/mc/variableHists_v0BDT1tau0lV17
2017,v1baselineHadroBtagWeightAdded_JESup_RelativeSample_AK4PFchs_v94HadroPreJetVetoHemOnly_JESPt22,v8BDT1tau0l_refactorAndBtagNameFix,112,0.28745174407958984,56,0.017251968383789062,168,0.3047037124633789,/publicfs/cms/user/huahuil/tauOfTTTT_NanoAOD/forMVA/2017/v1baselineHadroBtagWeightAdded_JESup_RelativeSample_AK4PFchs_v94HadroPreJetVetoHemOnly_JESPt22/mc/variableHists_v8BDT1tau0l_refactorAndBtagNameFix
2017,v1baselineHadroBtagWeightAdded_JESup_RelativeSample_AK4PFchs_v94HadroPreJetVetoHemOnly_JESPt22,v5BDT1tau0l_tauFMorphFix,112,0.2872934341430664,56,0.016504287719726562,168,0.30379772186279297,/publicfs/cms/user/huahuil/tauOfTTTT_NanoAOD/forMVA/2017/v1baselineHadroBtagWeightAdded_JESup_RelativeSample_AK4PFchs_v94HadroPreJetVetoHemOnly_JESPt22/mc/variableHists_v5BDT1tau0l_tauFMorphFix
2017,v1baselineHadroBtagWeightAdded_JESup_RelativePtHF_AK4PFchs_v94HadroPreJetVetoHemOnly_JESPt22,v3BDT1tau1lV18_fakeTauDataDriven,112,0.30528926849365234,56,0.016824722290039062,168,0.3221139907836914,/publicfs/cms/user/huahuil/tauOfTTTT_NanoAOD/forMVA/2017/v1baselineHadroBtagWeightAdded_JESup_RelativePtHF_AK4PFchs_v94HadroPreJetVetoHemOnly_JESPt22/mc/variableHists_v3BDT1tau1lV18_fakeTauDataDriven
2017,v1baselineHadroBtagWeightAdded_JESup_RelativePtHF_AK4PFchs_v94HadroPreJetVetoHemOnly_JESPt22,v0BDT1tau1lV17,112,0.30443859100341797,56,0.015863418579101562,168,0.32030200958251953,/publicfs/cms/user/huahuil/tauOfTTTT_NanoAOD/forMVA/2017/v1baselineHadroBtagWeightAdded_JESup_RelativePtHF_AK4PFchs_v94HadroPreJetVetoHemOnly_JESPt22/mc/variableHists_v0BDT1tau1lV17
2017,v1baselineHadroBtagWeightAdded_JESup_RelativePtHF_AK4PFchs_v94HadroPreJetVetoHemOnly_JESPt22,v0BDT1tau0lV17,112,0.28654956817626953,56,0.015863418579101562,168,0.3024129867553711,/publicfs/cms/user/huahuil/tauOfTTTT_NanoAOD/forMVA/2017/v1baselineHadroBtagWeightAdded_JESup_RelativePtHF_AK4PFchs_v94HadroPreJetVetoHemOnly_JESPt22/mc/variableHists_v0BDT1tau0lV17
2017,v1baselineHadroBtagWeightAdded_JESup_RelativePtHF_AK4PFchs_v94HadroPreJetVetoHemOnly_JESPt22,v8BDT1tau0l_refactorAndBtagNameFix,112,0.2872438430786133,56,0.017145156860351562,168,0.30438899993896484,/publicfs/cms/user/huahuil/tauOfTTTT_NanoAOD/forMVA/2017/v1baselineHadroBtagWeightAdded_JESup_RelativePtHF_AK4PFchs_v94HadroPreJetVetoHemOnly_JESPt22/mc/variableHists_v8BDT1tau0l_refactorAndBtagNameFix
2017,v1baselineHadroBtagWeightAdded_JESup_RelativePtHF_AK4PFchs_v94HadroPreJetVetoHemOnly_JESPt22,v5BDT1tau0l_tauFMorphFix,112,0.28708648681640625,56,0.016397476196289062,168,0.3034839630126953,/publicfs/cms/user/huahuil/tauOfTTTT_NanoAOD/forMVA/2017/v1baselineHadroBtagWeightAdded_JESup_RelativePtHF_AK4PFchs_v94HadroPreJetVetoHemOnly_JESPt22/mc/variableHists_v5BDT1tau0l_tauFMorphFix
2017,v1baselineHadroBtagWeightAdded_JESDown_RelativeStatFSR_AK4PFchs_v94HadroPreJetVetoHemOnly_JESPt22,v8BDT1tau0l_refactorAndBtagNameFix,112,0.28777217864990234,56,0.017412185668945312,168,0.30518436431884766,/publicfs/cms/user/huahuil/tauOfTTTT_NanoAOD/forMVA/2017/v1baselineHadroBtagWeightAdded_JESDown_RelativeStatFSR_AK4PFchs_v94HadroPreJetVetoHemOnly_JESPt22/mc/variableHists_v8BDT1tau0l_refactorAndBtagNameFix
2017,v1baselineHadroBtagWeightAdded_JESup_PileUpPtHF_AK4PFchs_v94HadroPreJetVetoHemOnly_JESPt22,v8BDT1tau0l_refactorAndBtagNameFix,112,0.28702735900878906,56,0.017038345336914062,168,0.3040657043457031,/publicfs/cms/user/huahuil/tauOfTTTT_NanoAOD/forMVA/2017/v1baselineHadroBtagWeightAdded_JESup_PileUpPtHF_AK4PFchs_v94HadroPreJetVetoHemOnly_JESPt22/mc/variableHists_v8BDT1tau0l_refactorAndBtagNameFix
2017,v1baselineHadroBtagWeightAdded_JESup_RelativeStatHF_AK4PFchs_v94HadroPreJetVetoHemOnly_JESPt22,v3BDT1tau1lV18_fakeTauDataDriven,112,0.30550289154052734,56,0.016931533813476562,168,0.3224344253540039,/publicfs/cms/user/huahuil/tauOfTTTT_NanoAOD/forMVA/2017/v1baselineHadroBtagWeightAdded_JESup_RelativeStatHF_AK4PFchs_v94HadroPreJetVetoHemOnly_JESPt22/mc/variableHists_v3BDT1tau1lV18_fakeTauDataDriven
2017,v1baselineHadroBtagWeightAdded_JESup_RelativeStatHF_AK4PFchs_v94HadroPreJetVetoHemOnly_JESPt22,v0BDT1tau1lV17,112,0.30464839935302734,56,0.015970230102539062,168,0.3206186294555664,/publicfs/cms/user/huahuil/tauOfTTTT_NanoAOD/forMVA/2017/v1baselineHadroBtagWeightAdded_JESup_RelativeStatHF_AK4PFchs_v94HadroPreJetVetoHemOnly_JESPt22/mc/variableHists_v0BDT1tau1lV17
2017,v1baselineHadroBtagWeightAdded_JESup_RelativeStatHF_AK4PFchs_v94HadroPreJetVetoHemOnly_JESPt22,v0BDT1tau0lV17,112,0.2867622375488281,56,0.015970230102539062,168,0.3027324676513672,/publicfs/cms/user/huahuil/tauOfTTTT_NanoAOD/forMVA/2017/v1baselineHadroBtagWeightAdded_JESup_RelativeStatHF_AK4PFchs_v94HadroPreJetVetoHemOnly_JESPt22/mc/variableHists_v0BDT1tau0lV17
2017,v1baselineHadroBtagWeightAdded_JESup_RelativeStatHF_AK4PFchs_v94HadroPreJetVetoHemOnly_JESPt22,v8BDT1tau0l_refactorAndBtagNameFix,112,0.2874574661254883,56,0.017251968383789062,168,0.30470943450927734,/publicfs/cms/user/huahuil/tauOfTTTT_NanoAOD/forMVA/2017/v1baselineHadroBtagWeightAdded_JESup_RelativeStatHF_AK4PFchs_v94HadroPreJetVetoHemOnly_JESPt22/mc/variableHists_v8BDT1tau0l_refactorAndBtagNameFix
2017,v1baselineHadroBtagWeightAdded_JESup_RelativeStatHF_AK4PFchs_v94HadroPreJetVetoHemOnly_JESPt22,v5BDT1tau0l_tauFMorphFix,112,0.28730010986328125,56,0.016504287719726562,168,0.3038043975830078,/publicfs/cms/user/huahuil/tauOfTTTT_NanoAOD/forMVA/2017/v1baselineHadroBtagWeightAdded_JESup_RelativeStatHF_AK4PFchs_v94HadroPreJetVetoHemOnly_JESPt22/mc/variableHists_v5BDT1tau0l_tauFMorphFix
2017,v1baselineHadroBtagWeightAdded_JESup_AbsoluteScale_AK4PFchs_v94HadroPreJetVetoHemOnly_JESPt22,v3BDT1tau1lV18_fakeTauDataDriven,112,0.3054075241088867,56,0.016878128051757812,168,0.32228565216064453,/publicfs/cms/user/huahuil/tauOfTTTT_NanoAOD/forMVA/2017/v1baselineHadroBtagWeightAdded_JESup_AbsoluteScale_AK4PFchs_v94HadroPreJetVetoHemOnly_JESPt22/mc/variableHists_v3BDT1tau1lV18_fakeTauDataDriven
2017,v1baselineHadroBtagWeightAdded_JESup_AbsoluteScale_AK4PFchs_v94HadroPreJetVetoHemOnly_JESPt22,v0BDT1tau1lV17,112,0.3045358657836914,56,0.015916824340820312,168,0.3204526901245117,/publicfs/cms/user/huahuil/tauOfTTTT_NanoAOD/forMVA/2017/v1baselineHadroBtagWeightAdded_JESup_AbsoluteScale_AK4PFchs_v94HadroPreJetVetoHemOnly_JESPt22/mc/variableHists_v0BDT1tau1lV17
2017,v1baselineHadroBtagWeightAdded_JESup_AbsoluteScale_AK4PFchs_v94HadroPreJetVetoHemOnly_JESPt22,v0BDT1tau0lV17,112,0.28666114807128906,56,0.015916824340820312,168,0.3025779724121094,/publicfs/cms/user/huahuil/tauOfTTTT_NanoAOD/forMVA/2017/v1baselineHadroBtagWeightAdded_JESup_AbsoluteScale_AK4PFchs_v94HadroPreJetVetoHemOnly_JESPt22/mc/variableHists_v0BDT1tau0lV17
2017,v1baselineHadroBtagWeightAdded_JESup_AbsoluteScale_AK4PFchs_v94HadroPreJetVetoHemOnly_JESPt22,v8BDT1tau0l_refactorAndBtagNameFix,112,0.28734779357910156,56,0.017198562622070312,168,0.3045463562011719,/publicfs/cms/user/huahuil/tauOfTTTT_NanoAOD/forMVA/2017/v1baselineHadroBtagWeightAdded_JESup_AbsoluteScale_AK4PFchs_v94HadroPreJetVetoHemOnly_JESPt22/mc/variableHists_v8BDT1tau0l_refactorAndBtagNameFix
2017,v1baselineHadroBtagWeightAdded_JESup_AbsoluteScale_AK4PFchs_v94HadroPreJetVetoHemOnly_JESPt22,v5BDT1tau0l_tauFMorphFix,112,0.28719139099121094,56,0.016450881958007812,168,0.30364227294921875,/publicfs/cms/user/huahuil/tauOfTTTT_NanoAOD/forMVA/2017/v1baselineHadroBtagWeightAdded_JESup_AbsoluteScale_AK4PFchs_v94HadroPreJetVetoHemOnly_JESPt22/mc/variableHists_v5BDT1tau0l_tauFMorphFix
2017,v1baselineHadroBtagWeightAdded_JESDown_PileUpPtEC1_AK4PFchs_v94HadroPreJetVetoHemOnly_JESPt22,v8BDT1tau0l_refactorAndBtagNameFix,112,0.2873525619506836,56,0.017198562622070312,168,0.3045511245727539,/publicfs/cms/user/huahuil/tauOfTTTT_NanoAOD/forMVA/2017/v1baselineHadroBtagWeightAdded_JESDown_PileUpPtEC1_AK4PFchs_v94HadroPreJetVetoHemOnly_JESPt22/mc/variableHists_v8BDT1tau0l_refactorAndBtagNameFix
2017,v1baselineHadroBtagWeightAdded_JESup_Fragmentation_AK4PFchs_v94HadroPreJetVetoHemOnly_JESPt22,v3BDT1tau1lV18_fakeTauDataDriven,112,0.30539703369140625,56,0.016878128051757812,168,0.32227516174316406,/publicfs/cms/user/huahuil/tauOfTTTT_NanoAOD/forMVA/2017/v1baselineHadroBtagWeightAdded_JESup_Fragmentation_AK4PFchs_v94HadroPreJetVetoHemOnly_JESPt22/mc/variableHists_v3BDT1tau1lV18_fakeTauDataDriven
2017,v1baselineHadroBtagWeightAdded_JESup_Fragmentation_AK4PFchs_v94HadroPreJetVetoHemOnly_JESPt22,v0BDT1tau1lV17,112,0.30453968048095703,56,0.015916824340820312,168,0.32045650482177734,/publicfs/cms/user/huahuil/tauOfTTTT_NanoAOD/forMVA/2017/v1baselineHadroBtagWeightAdded_JESup_Fragmentation_AK4PFchs_v94HadroPreJetVetoHemOnly_JESPt22/mc/variableHists_v0BDT1tau1lV17
2017,v1baselineHadroBtagWeightAdded_JESup_Fragmentation_AK4PFchs_v94HadroPreJetVetoHemOnly_JESPt22,v0BDT1tau0lV17,112,0.286651611328125,56,0.015916824340820312,168,0.3025684356689453,/publicfs/cms/user/huahuil/tauOfTTTT_NanoAOD/forMVA/2017/v1baselineHadroBtagWeightAdded_JESup_Fragmentation_AK4PFchs_v94HadroPreJetVetoHemOnly_JESPt22/mc/variableHists_v0BDT1tau0lV17
2017,v1baselineHadroBtagWeightAdded_JESup_Fragmentation_AK4PFchs_v94HadroPreJetVetoHemOnly_JESPt22,v8BDT1tau0l_refactorAndBtagNameFix,112,0.28734302520751953,56,0.017198562622070312,168,0.30454158782958984,/publicfs/cms/user/huahuil/tauOfTTTT_NanoAOD/forMVA/2017/v1baselineHadroBtagWeightAdded_JESup_Fragmentation_AK4PFchs_v94HadroPreJetVetoHemOnly_JESPt22/mc/variableHists_v8BDT1tau0l_refactorAndBtagNameFix
2017,v1baselineHadroBtagWeightAdded_JESup_Fragmentation_AK4PFchs_v94HadroPreJetVetoHemOnly_JESPt22,v5BDT1tau0l_tauFMorphFix,112,0.2871875762939453,56,0.016450881958007812,168,0.3036384582519531,/publicfs/cms/user/huahuil/tauOfTTTT_NanoAOD/forMVA/2017/v1baselineHadroBtagWeightAdded_JESup_Fragmentation_AK4PFchs_v94HadroPreJetVetoHemOnly_JESPt22/mc/variableHists_v5BDT1tau0l_tauFMorphFix
2017,v1baselineHadroBtagWeightAdded_JESDown_FlavorPureQuark_AK4PFchs_v94HadroPreJetVetoHemOnly_JESPt22,v8BDT1tau0l_refactorAndBtagNameFix,112,0.28764915466308594,56,0.017412185668945312,168,0.30506134033203125,/publicfs/cms/user/huahuil/tauOfTTTT_NanoAOD/forMVA/2017/v1baselineHadroBtagWeightAdded_JESDown_FlavorPureQuark_AK4PFchs_v94HadroPreJetVetoHemOnly_JESPt22/mc/variableHists_v8BDT1tau0l_refactorAndBtagNameFix
2017,v1baselineHadroBtagWeightAdded_JESup_PileUpPtEC1_AK4PFchs_v94HadroPreJetVetoHemOnly_JESPt22,v8BDT1tau0l_refactorAndBtagNameFix,112,0.28713035583496094,56,0.017091751098632812,168,0.30422210693359375,/publicfs/cms/user/huahuil/tauOfTTTT_NanoAOD/forMVA/2017/v1baselineHadroBtagWeightAdded_JESup_PileUpPtEC1_AK4PFchs_v94HadroPreJetVetoHemOnly_JESPt22/mc/variableHists_v8BDT1tau0l_refactorAndBtagNameFix
2017,v1baselineHadroBtagWeightAdded_JESDown_RelativeStatHF_AK4PFchs_v94HadroPreJetVetoHemOnly_JESPt22,v8BDT1tau0l_refactorAndBtagNameFix,112,0.2876720428466797,56,0.017358779907226562,168,0.30503082275390625,/publicfs/cms/user/huahuil/tauOfTTTT_NanoAOD/forMVA/2017/v1baselineHadroBtagWeightAdded_JESDown_RelativeStatHF_AK4PFchs_v94HadroPreJetVetoHemOnly_JESPt22/mc/variableHists_v8BDT1tau0l_refactorAndBtagNameFix
2017,v1baselineHadroBtagWeightAdded_JESDown_RelativeFSR_AK4PFchs_v94HadroPreJetVetoHemOnly_JESPt22,v8BDT1tau0l_refactorAndBtagNameFix,112,0.2873497009277344,56,0.017198562622070312,168,0.3045482635498047,/publicfs/cms/user/huahuil/tauOfTTTT_NanoAOD/forMVA/2017/v1baselineHadroBtagWeightAdded_JESDown_RelativeFSR_AK4PFchs_v94HadroPreJetVetoHemOnly_JESPt22/mc/variableHists_v8BDT1tau0l_refactorAndBtagNameFix
2017,v1baselineHadroBtagWeightAdded_v94HadroPreJetVetoHemOnly_EleScaleUp,v8BDT1tau0l_refactorAndBtagNameFix,112,0.28008174896240234,56,0.015810012817382812,168,0.29589176177978516,/publicfs/cms/user/huahuil/tauOfTTTT_NanoAOD/forMVA/2017/v1baselineHadroBtagWeightAdded_v94HadroPreJetVetoHemOnly_EleScaleUp/mc/variableHists_v8BDT1tau0l_refactorAndBtagNameFix
2017,v1baselineHadroBtagWeightAdded_JESup_RelativeStatEC_AK4PFchs_v94HadroPreJetVetoHemOnly_JESPt22,v3BDT1tau1lV18_fakeTauDataDriven,112,0.3055133819580078,56,0.016931533813476562,168,0.3224449157714844,/publicfs/cms/user/huahuil/tauOfTTTT_NanoAOD/forMVA/2017/v1baselineHadroBtagWeightAdded_JESup_RelativeStatEC_AK4PFchs_v94HadroPreJetVetoHemOnly_JESPt22/mc/variableHists_v3BDT1tau1lV18_fakeTauDataDriven
2017,v1baselineHadroBtagWeightAdded_JESup_RelativeStatEC_AK4PFchs_v94HadroPreJetVetoHemOnly_JESPt22,v0BDT1tau1lV17,112,0.3046445846557617,56,0.015970230102539062,168,0.3206148147583008,/publicfs/cms/user/huahuil/tauOfTTTT_NanoAOD/forMVA/2017/v1baselineHadroBtagWeightAdded_JESup_RelativeStatEC_AK4PFchs_v94HadroPreJetVetoHemOnly_JESPt22/mc/variableHists_v0BDT1tau1lV17
2017,v1baselineHadroBtagWeightAdded_JESup_RelativeStatEC_AK4PFchs_v94HadroPreJetVetoHemOnly_JESPt22,v0BDT1tau0lV17,112,0.28676319122314453,56,0.015970230102539062,168,0.3027334213256836,/publicfs/cms/user/huahuil/tauOfTTTT_NanoAOD/forMVA/2017/v1baselineHadroBtagWeightAdded_JESup_RelativeStatEC_AK4PFchs_v94HadroPreJetVetoHemOnly_JESPt22/mc/variableHists_v0BDT1tau0lV17
2017,v1baselineHadroBtagWeightAdded_JESup_RelativeStatEC_AK4PFchs_v94HadroPreJetVetoHemOnly_JESPt22,v8BDT1tau0l_refactorAndBtagNameFix,112,0.28745555877685547,56,0.017251968383789062,168,0.30470752716064453,/publicfs/cms/user/huahuil/tauOfTTTT_NanoAOD/forMVA/2017/v1baselineHadroBtagWeightAdded_JESup_RelativeStatEC_AK4PFchs_v94HadroPreJetVetoHemOnly_JESPt22/mc/variableHists_v8BDT1tau0l_refactorAndBtagNameFix
2017,v1baselineHadroBtagWeightAdded_JESup_RelativeStatEC_AK4PFchs_v94HadroPreJetVetoHemOnly_JESPt22,v5BDT1tau0l_tauFMorphFix,112,0.2873086929321289,56,0.016504287719726562,168,0.30381298065185547,/publicfs/cms/user/huahuil/tauOfTTTT_NanoAOD/forMVA/2017/v1baselineHadroBtagWeightAdded_JESup_RelativeStatEC_AK4PFchs_v94HadroPreJetVetoHemOnly_JESPt22/mc/variableHists_v5BDT1tau0l_tauFMorphFix
2017,v1baselineHadroBtagWeightAdded_v94HadroPreJetVetoHemOnly_TESdm1Up,v8BDT1tau0l_refactorAndBtagNameFix,112,0.28435230255126953,56,0.015703201293945312,168,0.30005550384521484,/publicfs/cms/user/huahuil/tauOfTTTT_NanoAOD/forMVA/2017/v1baselineHadroBtagWeightAdded_v94HadroPreJetVetoHemOnly_TESdm1Up/mc/variableHists_v8BDT1tau0l_refactorAndBtagNameFix
2017,v1baselineHadroBtagWeightAdded_v94HadroPreJetVetoHemOnly_TESdm10Up,v8BDT1tau0l_refactorAndBtagNameFix,112,0.28446292877197266,56,0.015756607055664062,168,0.3002195358276367,/publicfs/cms/user/huahuil/tauOfTTTT_NanoAOD/forMVA/2017/v1baselineHadroBtagWeightAdded_v94HadroPreJetVetoHemOnly_TESdm10Up/mc/variableHists_v8BDT1tau0l_refactorAndBtagNameFix
2017,v1baselineHadroBtagWeightAdded_JESup_RelativeJEREC1_AK4PFchs_v94HadroPreJetVetoHemOnly_JESPt22,v3BDT1tau1lV18_fakeTauDataDriven,112,0.30550098419189453,56,0.016931533813476562,168,0.3224325180053711,/publicfs/cms/user/huahuil/tauOfTTTT_NanoAOD/forMVA/2017/v1baselineHadroBtagWeightAdded_JESup_RelativeJEREC1_AK4PFchs_v94HadroPreJetVetoHemOnly_JESPt22/mc/variableHists_v3BDT1tau1lV18_fakeTauDataDriven
2017,v1baselineHadroBtagWeightAdded_JESup_RelativeJEREC1_AK4PFchs_v94HadroPreJetVetoHemOnly_JESPt22,v0BDT1tau1lV17,112,0.30464839935302734,56,0.015970230102539062,168,0.3206186294555664,/publicfs/cms/user/huahuil/tauOfTTTT_NanoAOD/forMVA/2017/v1baselineHadroBtagWeightAdded_JESup_RelativeJEREC1_AK4PFchs_v94HadroPreJetVetoHemOnly_JESPt22/mc/variableHists_v0BDT1tau1lV17
2017,v1baselineHadroBtagWeightAdded_JESup_RelativeJEREC1_AK4PFchs_v94HadroPreJetVetoHemOnly_JESPt22,v0BDT1tau0lV17,112,0.2867612838745117,56,0.015970230102539062,168,0.3027315139770508,/publicfs/cms/user/huahuil/tauOfTTTT_NanoAOD/forMVA/2017/v1baselineHadroBtagWeightAdded_JESup_RelativeJEREC1_AK4PFchs_v94HadroPreJetVetoHemOnly_JESPt22/mc/variableHists_v0BDT1tau0lV17
2017,v1baselineHadroBtagWeightAdded_JESup_RelativeJEREC1_AK4PFchs_v94HadroPreJetVetoHemOnly_JESPt22,v8BDT1tau0l_refactorAndBtagNameFix,112,0.28745555877685547,56,0.017251968383789062,168,0.30470752716064453,/publicfs/cms/user/huahuil/tauOfTTTT_NanoAOD/forMVA/2017/v1baselineHadroBtagWeightAdded_JESup_RelativeJEREC1_AK4PFchs_v94HadroPreJetVetoHemOnly_JESPt22/mc/variableHists_v8BDT1tau0l_refactorAndBtagNameFix
2017,v1baselineHadroBtagWeightAdded_JESup_RelativeJEREC1_AK4PFchs_v94HadroPreJetVetoHemOnly_JESPt22,v5BDT1tau0l_tauFMorphFix,112,0.28729724884033203,56,0.016504287719726562,168,0.3038015365600586,/publicfs/cms/user/huahuil/tauOfTTTT_NanoAOD/forMVA/2017/v1baselineHadroBtagWeightAdded_JESup_RelativeJEREC1_AK4PFchs_v94HadroPreJetVetoHemOnly_JESPt22/mc/variableHists_v5BDT1tau0l_tauFMorphFix
2017,v1baselineHadroBtagWeightAdded_JESDown_RelativeBal_AK4PFchs_v94HadroPreJetVetoHemOnly_JESPt22,v8BDT1tau0l_refactorAndBtagNameFix,112,0.2873382568359375,56,0.017198562622070312,168,0.3045368194580078,/publicfs/cms/user/huahuil/tauOfTTTT_NanoAOD/forMVA/2017/v1baselineHadroBtagWeightAdded_JESDown_RelativeBal_AK4PFchs_v94HadroPreJetVetoHemOnly_JESPt22/mc/variableHists_v8BDT1tau0l_refactorAndBtagNameFix
2017,v1baselineHadroBtagWeightAdded_JESDown_PileUpPtBB_AK4PFchs_v94HadroPreJetVetoHemOnly_JESPt22,v8BDT1tau0l_refactorAndBtagNameFix,112,0.28723907470703125,56,0.017145156860351562,168,0.3043842315673828,/publicfs/cms/user/huahuil/tauOfTTTT_NanoAOD/forMVA/2017/v1baselineHadroBtagWeightAdded_JESDown_PileUpPtBB_AK4PFchs_v94HadroPreJetVetoHemOnly_JESPt22/mc/variableHists_v8BDT1tau0l_refactorAndBtagNameFix
2017,v1baselineHadroBtagWeightAdded_JESDown_SinglePionHCAL_AK4PFchs_v94HadroPreJetVetoHemOnly_JESPt22,v8BDT1tau0l_refactorAndBtagNameFix,112,0.28766536712646484,56,0.017358779907226562,168,0.3050241470336914,/publicfs/cms/user/huahuil/tauOfTTTT_NanoAOD/forMVA/2017/v1baselineHadroBtagWeightAdded_JESDown_SinglePionHCAL_AK4PFchs_v94HadroPreJetVetoHemOnly_JESPt22/mc/variableHists_v8BDT1tau0l_refactorAndBtagNameFix
2017,v1baselineHadroBtagWeightAdded_JESup_AbsoluteMPFBias_AK4PFchs_v94HadroPreJetVetoHemOnly_JESPt22,v3BDT1tau1lV18_fakeTauDataDriven,112,0.3056173324584961,56,0.016984939575195312,168,0.3226022720336914,/publicfs/cms/user/huahuil/tauOfTTTT_NanoAOD/forMVA/2017/v1baselineHadroBtagWeightAdded_JESup_AbsoluteMPFBias_AK4PFchs_v94HadroPreJetVetoHemOnly_JESPt22/mc/variableHists_v3BDT1tau1lV18_fakeTauDataDriven
2017,v1baselineHadroBtagWeightAdded_JESup_AbsoluteMPFBias_AK4PFchs_v94HadroPreJetVetoHemOnly_JESPt22,v0BDT1tau1lV17,112,0.3047456741333008,56,0.016023635864257812,168,0.3207693099975586,/publicfs/cms/user/huahuil/tauOfTTTT_NanoAOD/forMVA/2017/v1baselineHadroBtagWeightAdded_JESup_AbsoluteMPFBias_AK4PFchs_v94HadroPreJetVetoHemOnly_JESPt22/mc/variableHists_v0BDT1tau1lV17
2017,v1baselineHadroBtagWeightAdded_JESup_AbsoluteMPFBias_AK4PFchs_v94HadroPreJetVetoHemOnly_JESPt22,v0BDT1tau0lV17,112,0.2868776321411133,56,0.016023635864257812,168,0.3029012680053711,/publicfs/cms/user/huahuil/tauOfTTTT_NanoAOD/forMVA/2017/v1baselineHadroBtagWeightAdded_JESup_AbsoluteMPFBias_AK4PFchs_v94HadroPreJetVetoHemOnly_JESPt22/mc/variableHists_v0BDT1tau0lV17
2017,v1baselineHadroBtagWeightAdded_JESup_AbsoluteMPFBias_AK4PFchs_v94HadroPreJetVetoHemOnly_JESPt22,v8BDT1tau0l_refactorAndBtagNameFix,112,0.2875642776489258,56,0.017305374145507812,168,0.3048696517944336,/publicfs/cms/user/huahuil/tauOfTTTT_NanoAOD/forMVA/2017/v1baselineHadroBtagWeightAdded_JESup_AbsoluteMPFBias_AK4PFchs_v94HadroPreJetVetoHemOnly_JESPt22/mc/variableHists_v8BDT1tau0l_refactorAndBtagNameFix
2017,v1baselineHadroBtagWeightAdded_JESup_AbsoluteMPFBias_AK4PFchs_v94HadroPreJetVetoHemOnly_JESPt22,v5BDT1tau0l_tauFMorphFix,112,0.28740692138671875,56,0.016557693481445312,168,0.30396461486816406,/publicfs/cms/user/huahuil/tauOfTTTT_NanoAOD/forMVA/2017/v1baselineHadroBtagWeightAdded_JESup_AbsoluteMPFBias_AK4PFchs_v94HadroPreJetVetoHemOnly_JESPt22/mc/variableHists_v5BDT1tau0l_tauFMorphFix
2017,v1baselineHadroBtagWeightAdded_JESup_RelativeJEREC2_AK4PFchs_v94HadroPreJetVetoHemOnly_JESPt22,v3BDT1tau1lV18_fakeTauDataDriven,112,0.30550289154052734,56,0.016931533813476562,168,0.3224344253540039,/publicfs/cms/user/huahuil/tauOfTTTT_NanoAOD/forMVA/2017/v1baselineHadroBtagWeightAdded_JESup_RelativeJEREC2_AK4PFchs_v94HadroPreJetVetoHemOnly_JESPt22/mc/variableHists_v3BDT1tau1lV18_fakeTauDataDriven
2017,v1baselineHadroBtagWeightAdded_JESup_RelativeJEREC2_AK4PFchs_v94HadroPreJetVetoHemOnly_JESPt22,v0BDT1tau1lV17,112,0.3046531677246094,56,0.015970230102539062,168,0.32062339782714844,/publicfs/cms/user/huahuil/tauOfTTTT_NanoAOD/forMVA/2017/v1baselineHadroBtagWeightAdded_JESup_RelativeJEREC2_AK4PFchs_v94HadroPreJetVetoHemOnly_JESPt22/mc/variableHists_v0BDT1tau1lV17
2017,v1baselineHadroBtagWeightAdded_JESup_RelativeJEREC2_AK4PFchs_v94HadroPreJetVetoHemOnly_JESPt22,v0BDT1tau0lV17,112,0.28676605224609375,56,0.015970230102539062,168,0.3027362823486328,/publicfs/cms/user/huahuil/tauOfTTTT_NanoAOD/forMVA/2017/v1baselineHadroBtagWeightAdded_JESup_RelativeJEREC2_AK4PFchs_v94HadroPreJetVetoHemOnly_JESPt22/mc/variableHists_v0BDT1tau0lV17
2017,v1baselineHadroBtagWeightAdded_JESup_RelativeJEREC2_AK4PFchs_v94HadroPreJetVetoHemOnly_JESPt22,v8BDT1tau0l_refactorAndBtagNameFix,112,0.2874593734741211,56,0.017251968383789062,168,0.30471134185791016,/publicfs/cms/user/huahuil/tauOfTTTT_NanoAOD/forMVA/2017/v1baselineHadroBtagWeightAdded_JESup_RelativeJEREC2_AK4PFchs_v94HadroPreJetVetoHemOnly_JESPt22/mc/variableHists_v8BDT1tau0l_refactorAndBtagNameFix
2017,v1baselineHadroBtagWeightAdded_JESup_RelativeJEREC2_AK4PFchs_v94HadroPreJetVetoHemOnly_JESPt22,v5BDT1tau0l_tauFMorphFix,112,0.28729915618896484,56,0.016504287719726562,168,0.3038034439086914,/publicfs/cms/user/huahuil/tauOfTTTT_NanoAOD/forMVA/2017/v1baselineHadroBtagWeightAdded_JESup_RelativeJEREC2_AK4PFchs_v94HadroPreJetVetoHemOnly_JESPt22/mc/variableHists_v5BDT1tau0l_tauFMorphFix
2017,v1baselineHadroBtagWeightAdded_JESDown_FlavorPureCharm_AK4PFchs_v94HadroPreJetVetoHemOnly_JESPt22,v8BDT1tau0l_refactorAndBtagNameFix,112,0.2877845764160156,56,0.017412185668945312,168,0.30519676208496094,/publicfs/cms/user/huahuil/tauOfTTTT_NanoAOD/forMVA/2017/v1baselineHadroBtagWeightAdded_JESDown_FlavorPureCharm_AK4PFchs_v94HadroPreJetVetoHemOnly_JESPt22/mc/variableHists_v8BDT1tau0l_refactorAndBtagNameFix
2017,v1baselineHadroBtagWeightAdded_JESDown_RelativePtEC2_AK4PFchs_v94HadroPreJetVetoHemOnly_JESPt22,v8BDT1tau0l_refactorAndBtagNameFix,112,0.2875652313232422,56,0.017305374145507812,168,0.30487060546875,/publicfs/cms/user/huahuil/tauOfTTTT_NanoAOD/forMVA/2017/v1baselineHadroBtagWeightAdded_JESDown_RelativePtEC2_AK4PFchs_v94HadroPreJetVetoHemOnly_JESPt22/mc/variableHists_v8BDT1tau0l_refactorAndBtagNameFix
2017,v1baselineHadroBtagWeightAdded_JESup_RelativeStatFSR_AK4PFchs_v94HadroPreJetVetoHemOnly_JESPt22,v3BDT1tau1lV18_fakeTauDataDriven,112,0.3056173324584961,56,0.016984939575195312,168,0.3226022720336914,/publicfs/cms/user/huahuil/tauOfTTTT_NanoAOD/forMVA/2017/v1baselineHadroBtagWeightAdded_JESup_RelativeStatFSR_AK4PFchs_v94HadroPreJetVetoHemOnly_JESPt22/mc/variableHists_v3BDT1tau1lV18_fakeTauDataDriven
2017,v1baselineHadroBtagWeightAdded_JESup_RelativeStatFSR_AK4PFchs_v94HadroPreJetVetoHemOnly_JESPt22,v0BDT1tau1lV17,112,0.30475330352783203,56,0.016023635864257812,168,0.32077693939208984,/publicfs/cms/user/huahuil/tauOfTTTT_NanoAOD/forMVA/2017/v1baselineHadroBtagWeightAdded_JESup_RelativeStatFSR_AK4PFchs_v94HadroPreJetVetoHemOnly_JESPt22/mc/variableHists_v0BDT1tau1lV17
2017,v1baselineHadroBtagWeightAdded_JESup_RelativeStatFSR_AK4PFchs_v94HadroPreJetVetoHemOnly_JESPt22,v0BDT1tau0lV17,112,0.2868671417236328,56,0.016023635864257812,168,0.3028907775878906,/publicfs/cms/user/huahuil/tauOfTTTT_NanoAOD/forMVA/2017/v1baselineHadroBtagWeightAdded_JESup_RelativeStatFSR_AK4PFchs_v94HadroPreJetVetoHemOnly_JESPt22/mc/variableHists_v0BDT1tau0lV17
2017,v1baselineHadroBtagWeightAdded_JESup_RelativeStatFSR_AK4PFchs_v94HadroPreJetVetoHemOnly_JESPt22,v8BDT1tau0l_refactorAndBtagNameFix,112,0.28756046295166016,56,0.017305374145507812,168,0.30486583709716797,/publicfs/cms/user/huahuil/tauOfTTTT_NanoAOD/forMVA/2017/v1baselineHadroBtagWeightAdded_JESup_RelativeStatFSR_AK4PFchs_v94HadroPreJetVetoHemOnly_JESPt22/mc/variableHists_v8BDT1tau0l_refactorAndBtagNameFix
2017,v1baselineHadroBtagWeightAdded_JESup_RelativeStatFSR_AK4PFchs_v94HadroPreJetVetoHemOnly_JESPt22,v5BDT1tau0l_tauFMorphFix,112,0.2874021530151367,56,0.016557693481445312,168,0.30395984649658203,/publicfs/cms/user/huahuil/tauOfTTTT_NanoAOD/forMVA/2017/v1baselineHadroBtagWeightAdded_JESup_RelativeStatFSR_AK4PFchs_v94HadroPreJetVetoHemOnly_JESPt22/mc/variableHists_v5BDT1tau0l_tauFMorphFix
2017,v1baselineHadroBtagWeightAdded_v94HadroPreJetVetoHemOnly_EleScaleDown,v8BDT1tau0l_refactorAndBtagNameFix,112,0.2847871780395508,56,0.015916824340820312,168,0.3007040023803711,/publicfs/cms/user/huahuil/tauOfTTTT_NanoAOD/forMVA/2017/v1baselineHadroBtagWeightAdded_v94HadroPreJetVetoHemOnly_EleScaleDown/mc/variableHists_v8BDT1tau0l_refactorAndBtagNameFix
2017,v1baselineHadroBtagWeightAdded_JESDown_FlavorPureBottom_AK4PFchs_v94HadroPreJetVetoHemOnly_JESPt22,v8BDT1tau0l_refactorAndBtagNameFix,112,0.2878847122192383,56,0.017465591430664062,168,0.30535030364990234,/publicfs/cms/user/huahuil/tauOfTTTT_NanoAOD/forMVA/2017/v1baselineHadroBtagWeightAdded_JESDown_FlavorPureBottom_AK4PFchs_v94HadroPreJetVetoHemOnly_JESPt22/mc/variableHists_v8BDT1tau0l_refactorAndBtagNameFix
2017,v1baselineHadroBtagWeightAdded_JESDown_FlavorPureGluon_AK4PFchs_v94HadroPreJetVetoHemOnly_JESPt22,v8BDT1tau0l_refactorAndBtagNameFix,112,0.2877769470214844,56,0.017412185668945312,168,0.3051891326904297,/publicfs/cms/user/huahuil/tauOfTTTT_NanoAOD/forMVA/2017/v1baselineHadroBtagWeightAdded_JESDown_FlavorPureGluon_AK4PFchs_v94HadroPreJetVetoHemOnly_JESPt22/mc/variableHists_v8BDT1tau0l_refactorAndBtagNameFix
2017,v1baselineHadroBtagWeightAdded_JESDown_RelativePtBB_AK4PFchs_v94HadroPreJetVetoHemOnly_JESPt22,v8BDT1tau0l_refactorAndBtagNameFix,112,0.2874574661254883,56,0.017251968383789062,168,0.30470943450927734,/publicfs/cms/user/huahuil/tauOfTTTT_NanoAOD/forMVA/2017/v1baselineHadroBtagWeightAdded_JESDown_RelativePtBB_AK4PFchs_v94HadroPreJetVetoHemOnly_JESPt22/mc/variableHists_v8BDT1tau0l_refactorAndBtagNameFix
2017,v1baselineHadroBtagWeightAdded_v94HadroPreJetVetoHemOnly_JERDown,v8BDT1tau0l_refactorAndBtagNameFix,112,0.2841377258300781,56,0.015649795532226562,168,0.2997875213623047,/publicfs/cms/user/huahuil/tauOfTTTT_NanoAOD/forMVA/2017/v1baselineHadroBtagWeightAdded_v94HadroPreJetVetoHemOnly_JERDown/mc/variableHists_v8BDT1tau0l_refactorAndBtagNameFix
2017,v1baselineHadroBtagWeightAdded_v94HadroPreJetVetoHemOnly_TESdm11Up,v8BDT1tau0l_refactorAndBtagNameFix,112,0.28446006774902344,56,0.015756607055664062,168,0.3002166748046875,/publicfs/cms/user/huahuil/tauOfTTTT_NanoAOD/forMVA/2017/v1baselineHadroBtagWeightAdded_v94HadroPreJetVetoHemOnly_TESdm11Up/mc/variableHists_v8BDT1tau0l_refactorAndBtagNameFix
2017,v1baselineHadroBtagWeightAdded_JESup_PileUpPtRef_AK4PFchs_v94HadroPreJetVetoHemOnly_JESPt22,v8BDT1tau0l_refactorAndBtagNameFix,112,0.2871255874633789,56,0.017091751098632812,168,0.3042173385620117,/publicfs/cms/user/huahuil/tauOfTTTT_NanoAOD/forMVA/2017/v1baselineHadroBtagWeightAdded_JESup_PileUpPtRef_AK4PFchs_v94HadroPreJetVetoHemOnly_JESPt22/mc/variableHists_v8BDT1tau0l_refactorAndBtagNameFix
2017,v1baselineHadroBtagWeightAdded_JESDown_PileUpPtHF_AK4PFchs_v94HadroPreJetVetoHemOnly_JESPt22,v8BDT1tau0l_refactorAndBtagNameFix,112,0.28724193572998047,56,0.017145156860351562,168,0.30438709259033203,/publicfs/cms/user/huahuil/tauOfTTTT_NanoAOD/forMVA/2017/v1baselineHadroBtagWeightAdded_JESDown_PileUpPtHF_AK4PFchs_v94HadroPreJetVetoHemOnly_JESPt22/mc/variableHists_v8BDT1tau0l_refactorAndBtagNameFix
2017,v1baselineHadroBtagWeightAdded_JESDown_AbsoluteScale_AK4PFchs_v94HadroPreJetVetoHemOnly_JESPt22,v8BDT1tau0l_refactorAndBtagNameFix,112,0.2875680923461914,56,0.017305374145507812,168,0.3048734664916992,/publicfs/cms/user/huahuil/tauOfTTTT_NanoAOD/forMVA/2017/v1baselineHadroBtagWeightAdded_JESDown_AbsoluteScale_AK4PFchs_v94HadroPreJetVetoHemOnly_JESPt22/mc/variableHists_v8BDT1tau0l_refactorAndBtagNameFix
2017,v1baselineHadroBtagWeightAdded_JESDown_AbsoluteStat_AK4PFchs_v94HadroPreJetVetoHemOnly_JESPt22,v8BDT1tau0l_refactorAndBtagNameFix,112,0.28745365142822266,56,0.017251968383789062,168,0.3047056198120117,/publicfs/cms/user/huahuil/tauOfTTTT_NanoAOD/forMVA/2017/v1baselineHadroBtagWeightAdded_JESDown_AbsoluteStat_AK4PFchs_v94HadroPreJetVetoHemOnly_JESPt22/mc/variableHists_v8BDT1tau0l_refactorAndBtagNameFix
2017,v1baselineHadroBtagWeightAdded_JESup_RelativeFSR_AK4PFchs_v94HadroPreJetVetoHemOnly_JESPt22,v3BDT1tau1lV18_fakeTauDataDriven,112,0.3051919937133789,56,0.016771316528320312,168,0.3219633102416992,/publicfs/cms/user/huahuil/tauOfTTTT_NanoAOD/forMVA/2017/v1baselineHadroBtagWeightAdded_JESup_RelativeFSR_AK4PFchs_v94HadroPreJetVetoHemOnly_JESPt22/mc/variableHists_v3BDT1tau1lV18_fakeTauDataDriven
2017,v1baselineHadroBtagWeightAdded_JESup_RelativeFSR_AK4PFchs_v94HadroPreJetVetoHemOnly_JESPt22,v0BDT1tau1lV17,112,0.3043327331542969,56,0.015810012817382812,168,0.3201427459716797,/publicfs/cms/user/huahuil/tauOfTTTT_NanoAOD/forMVA/2017/v1baselineHadroBtagWeightAdded_JESup_RelativeFSR_AK4PFchs_v94HadroPreJetVetoHemOnly_JESPt22/mc/variableHists_v0BDT1tau1lV17
2017,v1baselineHadroBtagWeightAdded_JESup_RelativeFSR_AK4PFchs_v94HadroPreJetVetoHemOnly_JESPt22,v0BDT1tau0lV17,112,0.28644561767578125,56,0.015810012817382812,168,0.30225563049316406,/publicfs/cms/user/huahuil/tauOfTTTT_NanoAOD/forMVA/2017/v1baselineHadroBtagWeightAdded_JESup_RelativeFSR_AK4PFchs_v94HadroPreJetVetoHemOnly_JESPt22/mc/variableHists_v0BDT1tau0lV17
2017,v1baselineHadroBtagWeightAdded_JESup_RelativeFSR_AK4PFchs_v94HadroPreJetVetoHemOnly_JESPt22,v8BDT1tau0l_refactorAndBtagNameFix,112,0.28714561462402344,56,0.017091751098632812,168,0.30423736572265625,/publicfs/cms/user/huahuil/tauOfTTTT_NanoAOD/forMVA/2017/v1baselineHadroBtagWeightAdded_JESup_RelativeFSR_AK4PFchs_v94HadroPreJetVetoHemOnly_JESPt22/mc/variableHists_v8BDT1tau0l_refactorAndBtagNameFix
2017,v1baselineHadroBtagWeightAdded_JESup_RelativeFSR_AK4PFchs_v94HadroPreJetVetoHemOnly_JESPt22,v5BDT1tau0l_tauFMorphFix,112,0.28697872161865234,56,0.016344070434570312,168,0.30332279205322266,/publicfs/cms/user/huahuil/tauOfTTTT_NanoAOD/forMVA/2017/v1baselineHadroBtagWeightAdded_JESup_RelativeFSR_AK4PFchs_v94HadroPreJetVetoHemOnly_JESPt22/mc/variableHists_v5BDT1tau0l_tauFMorphFix
2017,v1baselineHadroBtagWeightAdded_JESup_FlavorPureBottom_AK4PFchs_v94HadroPreJetVetoHemOnly_JESPt22,v3BDT1tau1lV18_fakeTauDataDriven,112,0.3057231903076172,56,0.017038345336914062,168,0.32276153564453125,/publicfs/cms/user/huahuil/tauOfTTTT_NanoAOD/forMVA/2017/v1baselineHadroBtagWeightAdded_JESup_FlavorPureBottom_AK4PFchs_v94HadroPreJetVetoHemOnly_JESPt22/mc/variableHists_v3BDT1tau1lV18_fakeTauDataDriven
2017,v1baselineHadroBtagWeightAdded_JESup_FlavorPureBottom_AK4PFchs_v94HadroPreJetVetoHemOnly_JESPt22,v0BDT1tau1lV17,112,0.30486297607421875,56,0.016077041625976562,168,0.3209400177001953,/publicfs/cms/user/huahuil/tauOfTTTT_NanoAOD/forMVA/2017/v1baselineHadroBtagWeightAdded_JESup_FlavorPureBottom_AK4PFchs_v94HadroPreJetVetoHemOnly_JESPt22/mc/variableHists_v0BDT1tau1lV17
2017,v1baselineHadroBtagWeightAdded_JESup_FlavorPureBottom_AK4PFchs_v94HadroPreJetVetoHemOnly_JESPt22,v0BDT1tau0lV17,112,0.2869691848754883,56,0.016077041625976562,168,0.30304622650146484,/publicfs/cms/user/huahuil/tauOfTTTT_NanoAOD/forMVA/2017/v1baselineHadroBtagWeightAdded_JESup_FlavorPureBottom_AK4PFchs_v94HadroPreJetVetoHemOnly_JESPt22/mc/variableHists_v0BDT1tau0lV17
2017,v1baselineHadroBtagWeightAdded_JESup_FlavorPureBottom_AK4PFchs_v94HadroPreJetVetoHemOnly_JESPt22,v8BDT1tau0l_refactorAndBtagNameFix,112,0.2876615524291992,56,0.017358779907226562,168,0.3050203323364258,/publicfs/cms/user/huahuil/tauOfTTTT_NanoAOD/forMVA/2017/v1baselineHadroBtagWeightAdded_JESup_FlavorPureBottom_AK4PFchs_v94HadroPreJetVetoHemOnly_JESPt22/mc/variableHists_v8BDT1tau0l_refactorAndBtagNameFix
2017,v1baselineHadroBtagWeightAdded_JESup_FlavorPureBottom_AK4PFchs_v94HadroPreJetVetoHemOnly_JESPt22,v5BDT1tau0l_tauFMorphFix,112,0.2875041961669922,56,0.016611099243164062,168,0.30411529541015625,/publicfs/cms/user/huahuil/tauOfTTTT_NanoAOD/forMVA/2017/v1baselineHadroBtagWeightAdded_JESup_FlavorPureBottom_AK4PFchs_v94HadroPreJetVetoHemOnly_JESPt22/mc/variableHists_v5BDT1tau0l_tauFMorphFix
2017,v1baselineHadroBtagWeightAdded_v94HadroPreJetVetoHemOnly_TESdm11Down,v8BDT1tau0l_refactorAndBtagNameFix,112,0.28467559814453125,56,0.015863418579101562,168,0.3005390167236328,/publicfs/cms/user/huahuil/tauOfTTTT_NanoAOD/forMVA/2017/v1baselineHadroBtagWeightAdded_v94HadroPreJetVetoHemOnly_TESdm11Down/mc/variableHists_v8BDT1tau0l_refactorAndBtagNameFix
2017,v1baselineHadroBtagWeightAdded_v94HadroPreJetVetoHemOnly_METUp,v8BDT1tau0l_refactorAndBtagNameFix,112,0.2840385437011719,56,0.015542984008789062,168,0.29958152770996094,/publicfs/cms/user/huahuil/tauOfTTTT_NanoAOD/forMVA/2017/v1baselineHadroBtagWeightAdded_v94HadroPreJetVetoHemOnly_METUp/mc/variableHists_v8BDT1tau0l_refactorAndBtagNameFix
2017,v1baselineHadroBtagWeightAdded_v94HadroPreJetVetoHemOnly_TESdm10Down,v8BDT1tau0l_refactorAndBtagNameFix,112,0.28469181060791016,56,0.015863418579101562,168,0.3005552291870117,/publicfs/cms/user/huahuil/tauOfTTTT_NanoAOD/forMVA/2017/v1baselineHadroBtagWeightAdded_v94HadroPreJetVetoHemOnly_TESdm10Down/mc/variableHists_v8BDT1tau0l_refactorAndBtagNameFix
2017,v1baselineHadroBtagWeightAdded_JESDown_Fragmentation_AK4PFchs_v94HadroPreJetVetoHemOnly_JESPt22,v8BDT1tau0l_refactorAndBtagNameFix,112,0.28755760192871094,56,0.017305374145507812,168,0.30486297607421875,/publicfs/cms/user/huahuil/tauOfTTTT_NanoAOD/forMVA/2017/v1baselineHadroBtagWeightAdded_JESDown_Fragmentation_AK4PFchs_v94HadroPreJetVetoHemOnly_JESPt22/mc/variableHists_v8BDT1tau0l_refactorAndBtagNameFix
2017,v1baselineHadroBtagWeightAdded_JESup_RelativePtEC1_AK4PFchs_v94HadroPreJetVetoHemOnly_JESPt22,v3BDT1tau1lV18_fakeTauDataDriven,112,0.30539894104003906,56,0.016878128051757812,168,0.3222770690917969,/publicfs/cms/user/huahuil/tauOfTTTT_NanoAOD/forMVA/2017/v1baselineHadroBtagWeightAdded_JESup_RelativePtEC1_AK4PFchs_v94HadroPreJetVetoHemOnly_JESPt22/mc/variableHists_v3BDT1tau1lV18_fakeTauDataDriven
2017,v1baselineHadroBtagWeightAdded_JESup_RelativePtEC1_AK4PFchs_v94HadroPreJetVetoHemOnly_JESPt22,v0BDT1tau1lV17,112,0.3045339584350586,56,0.015916824340820312,168,0.3204507827758789,/publicfs/cms/user/huahuil/tauOfTTTT_NanoAOD/forMVA/2017/v1baselineHadroBtagWeightAdded_JESup_RelativePtEC1_AK4PFchs_v94HadroPreJetVetoHemOnly_JESPt22/mc/variableHists_v0BDT1tau1lV17
2017,v1baselineHadroBtagWeightAdded_JESup_RelativePtEC1_AK4PFchs_v94HadroPreJetVetoHemOnly_JESPt22,v0BDT1tau0lV17,112,0.28665637969970703,56,0.015916824340820312,168,0.30257320404052734,/publicfs/cms/user/huahuil/tauOfTTTT_NanoAOD/forMVA/2017/v1baselineHadroBtagWeightAdded_JESup_RelativePtEC1_AK4PFchs_v94HadroPreJetVetoHemOnly_JESPt22/mc/variableHists_v0BDT1tau0lV17
2017,v1baselineHadroBtagWeightAdded_JESup_RelativePtEC1_AK4PFchs_v94HadroPreJetVetoHemOnly_JESPt22,v8BDT1tau0l_refactorAndBtagNameFix,112,0.2873525619506836,56,0.017198562622070312,168,0.3045511245727539,/publicfs/cms/user/huahuil/tauOfTTTT_NanoAOD/forMVA/2017/v1baselineHadroBtagWeightAdded_JESup_RelativePtEC1_AK4PFchs_v94HadroPreJetVetoHemOnly_JESPt22/mc/variableHists_v8BDT1tau0l_refactorAndBtagNameFix
2017,v1baselineHadroBtagWeightAdded_JESup_RelativePtEC1_AK4PFchs_v94HadroPreJetVetoHemOnly_JESPt22,v5BDT1tau0l_tauFMorphFix,112,0.28719329833984375,56,0.016450881958007812,168,0.30364418029785156,/publicfs/cms/user/huahuil/tauOfTTTT_NanoAOD/forMVA/2017/v1baselineHadroBtagWeightAdded_JESup_RelativePtEC1_AK4PFchs_v94HadroPreJetVetoHemOnly_JESPt22/mc/variableHists_v5BDT1tau0l_tauFMorphFix
2016preVFP,v1baselineHadroBtagWeightAdded_v94HadroPreJetVetoHemOnly_TESdm0Up,v8BDT1tau0l_refactorAndBtagNameFix,112,0.2854299545288086,56,0.016023635864257812,168,0.3014535903930664,/publicfs/cms/user/huahuil/tauOfTTTT_NanoAOD/forMVA/2016preVFP/v1baselineHadroBtagWeightAdded_v94HadroPreJetVetoHemOnly_TESdm0Up/mc/variableHists_v8BDT1tau0l_refactorAndBtagNameFix
2016preVFP,v1baselineHadroBtagWeightAdded_JESDown_RelativeSample_AK4PFchs_v94HadroPreJetVetoHemOnly_JESPt22,v8BDT1tau0l_refactorAndBtagNameFix,112,0.28875064849853516,56,0.017679214477539062,168,0.3064298629760742,/publicfs/cms/user/huahuil/tauOfTTTT_NanoAOD/forMVA/2016preVFP/v1baselineHadroBtagWeightAdded_JESDown_RelativeSample_AK4PFchs_v94HadroPreJetVetoHemOnly_JESPt22/mc/variableHists_v8BDT1tau0l_refactorAndBtagNameFix
2016preVFP,v1baselineHadroBtagWeightAdded_JESup_SinglePionHCAL_AK4PFchs_v94HadroPreJetVetoHemOnly_JESPt22,v0BDT1tau0l,112,0.2848339080810547,56,0.016130447387695312,168,0.30096435546875,/publicfs/cms/user/huahuil/tauOfTTTT_NanoAOD/forMVA/2016preVFP/v1baselineHadroBtagWeightAdded_JESup_SinglePionHCAL_AK4PFchs_v94HadroPreJetVetoHemOnly_JESPt22/mc/variableHists_v0BDT1tau0l
2016preVFP,v1baselineHadroBtagWeightAdded_JESup_SinglePionHCAL_AK4PFchs_v94HadroPreJetVetoHemOnly_JESPt22,v3BDT1tau1lV18_fakeTauDataDriven,112,0.3065805435180664,56,0.017251968383789062,168,0.32383251190185547,/publicfs/cms/user/huahuil/tauOfTTTT_NanoAOD/forMVA/2016preVFP/v1baselineHadroBtagWeightAdded_JESup_SinglePionHCAL_AK4PFchs_v94HadroPreJetVetoHemOnly_JESPt22/mc/variableHists_v3BDT1tau1lV18_fakeTauDataDriven
2016preVFP,v1baselineHadroBtagWeightAdded_JESup_SinglePionHCAL_AK4PFchs_v94HadroPreJetVetoHemOnly_JESPt22,v0BDT1tau1lV16,112,0.26930999755859375,56,0.016290664672851562,168,0.2856006622314453,/publicfs/cms/user/huahuil/tauOfTTTT_NanoAOD/forMVA/2016preVFP/v1baselineHadroBtagWeightAdded_JESup_SinglePionHCAL_AK4PFchs_v94HadroPreJetVetoHemOnly_JESPt22/mc/variableHists_v0BDT1tau1lV16
2016preVFP,v1baselineHadroBtagWeightAdded_JESup_SinglePionHCAL_AK4PFchs_v94HadroPreJetVetoHemOnly_JESPt22,v0BDT1tau1lV17,112,0.3056812286376953,56,0.016290664672851562,168,0.3219718933105469,/publicfs/cms/user/huahuil/tauOfTTTT_NanoAOD/forMVA/2016preVFP/v1baselineHadroBtagWeightAdded_JESup_SinglePionHCAL_AK4PFchs_v94HadroPreJetVetoHemOnly_JESPt22/mc/variableHists_v0BDT1tau1lV17
2016preVFP,v1baselineHadroBtagWeightAdded_JESup_SinglePionHCAL_AK4PFchs_v94HadroPreJetVetoHemOnly_JESPt22,v0BDT1tau0lV17,112,0.2878274917602539,56,0.016290664672851562,168,0.30411815643310547,/publicfs/cms/user/huahuil/tauOfTTTT_NanoAOD/forMVA/2016preVFP/v1baselineHadroBtagWeightAdded_JESup_SinglePionHCAL_AK4PFchs_v94HadroPreJetVetoHemOnly_JESPt22/mc/variableHists_v0BDT1tau0lV17
2016preVFP,v1baselineHadroBtagWeightAdded_JESup_SinglePionHCAL_AK4PFchs_v94HadroPreJetVetoHemOnly_JESPt22,v0BDT1tau1lAddMCFakeTV3,112,0.3033294677734375,56,0.016771316528320312,168,0.3201007843017578,/publicfs/cms/user/huahuil/tauOfTTTT_NanoAOD/forMVA/2016preVFP/v1baselineHadroBtagWeightAdded_JESup_SinglePionHCAL_AK4PFchs_v94HadroPreJetVetoHemOnly_JESPt22/mc/variableHists_v0BDT1tau1lAddMCFakeTV3
2016preVFP,v1baselineHadroBtagWeightAdded_JESup_SinglePionHCAL_AK4PFchs_v94HadroPreJetVetoHemOnly_JESPt22,v8BDT1tau0l_refactorAndBtagNameFix,112,0.28851985931396484,56,0.017572402954101562,168,0.3060922622680664,/publicfs/cms/user/huahuil/tauOfTTTT_NanoAOD/forMVA/2016preVFP/v1baselineHadroBtagWeightAdded_JESup_SinglePionHCAL_AK4PFchs_v94HadroPreJetVetoHemOnly_JESPt22/mc/variableHists_v8BDT1tau0l_refactorAndBtagNameFix
2016preVFP,v1baselineHadroBtagWeightAdded_JESup_SinglePionHCAL_AK4PFchs_v94HadroPreJetVetoHemOnly_JESPt22,v0BDT1tau0lV16,112,0.28499507904052734,56,0.016290664672851562,168,0.3012857437133789,/publicfs/cms/user/huahuil/tauOfTTTT_NanoAOD/forMVA/2016preVFP/v1baselineHadroBtagWeightAdded_JESup_SinglePionHCAL_AK4PFchs_v94HadroPreJetVetoHemOnly_JESPt22/mc/variableHists_v0BDT1tau0lV16
2016preVFP,v1baselineHadroBtagWeightAdded_JESup_SinglePionHCAL_AK4PFchs_v94HadroPreJetVetoHemOnly_JESPt22,v5BDT1tau0l_tauFMorphFix,112,0.2883615493774414,56,0.016824722290039062,168,0.30518627166748047,/publicfs/cms/user/huahuil/tauOfTTTT_NanoAOD/forMVA/2016preVFP/v1baselineHadroBtagWeightAdded_JESup_SinglePionHCAL_AK4PFchs_v94HadroPreJetVetoHemOnly_JESPt22/mc/variableHists_v5BDT1tau0l_tauFMorphFix
2016preVFP,v1baselineHadroBtagWeightAdded_v94HadroPreJetVetoHemOnly_TESdm1Down,v8BDT1tau0l_refactorAndBtagNameFix,112,0.2856473922729492,56,0.016130447387695312,168,0.30177783966064453,/publicfs/cms/user/huahuil/tauOfTTTT_NanoAOD/forMVA/2016preVFP/v1baselineHadroBtagWeightAdded_v94HadroPreJetVetoHemOnly_TESdm1Down/mc/variableHists_v8BDT1tau0l_refactorAndBtagNameFix
2016preVFP,v1baselineHadroBtagWeightAdded_v94HadroPreJetVetoHemOnly_METDown,v8BDT1tau0l_refactorAndBtagNameFix,112,0.2853231430053711,56,0.015970230102539062,168,0.30129337310791016,/publicfs/cms/user/huahuil/tauOfTTTT_NanoAOD/forMVA/2016preVFP/v1baselineHadroBtagWeightAdded_v94HadroPreJetVetoHemOnly_METDown/mc/variableHists_v8BDT1tau0l_refactorAndBtagNameFix
2016preVFP,v1baselineHadroBtagWeightAdded_JESup_RelativePtBB_AK4PFchs_v94HadroPreJetVetoHemOnly_JESPt22,v0BDT1tau0l,112,0.2846345901489258,56,0.016023635864257812,168,0.3006582260131836,/publicfs/cms/user/huahuil/tauOfTTTT_NanoAOD/forMVA/2016preVFP/v1baselineHadroBtagWeightAdded_JESup_RelativePtBB_AK4PFchs_v94HadroPreJetVetoHemOnly_JESPt22/mc/variableHists_v0BDT1tau0l
2016preVFP,v1baselineHadroBtagWeightAdded_JESup_RelativePtBB_AK4PFchs_v94HadroPreJetVetoHemOnly_JESPt22,v3BDT1tau1lV18_fakeTauDataDriven,112,0.3063669204711914,56,0.017145156860351562,168,0.32351207733154297,/publicfs/cms/user/huahuil/tauOfTTTT_NanoAOD/forMVA/2016preVFP/v1baselineHadroBtagWeightAdded_JESup_RelativePtBB_AK4PFchs_v94HadroPreJetVetoHemOnly_JESPt22/mc/variableHists_v3BDT1tau1lV18_fakeTauDataDriven
2016preVFP,v1baselineHadroBtagWeightAdded_JESup_RelativePtBB_AK4PFchs_v94HadroPreJetVetoHemOnly_JESPt22,v0BDT1tau1lV16,112,0.26909828186035156,56,0.016183853149414062,168,0.2852821350097656,/publicfs/cms/user/huahuil/tauOfTTTT_NanoAOD/forMVA/2016preVFP/v1baselineHadroBtagWeightAdded_JESup_RelativePtBB_AK4PFchs_v94HadroPreJetVetoHemOnly_JESPt22/mc/variableHists_v0BDT1tau1lV16
2016preVFP,v1baselineHadroBtagWeightAdded_JESup_RelativePtBB_AK4PFchs_v94HadroPreJetVetoHemOnly_JESPt22,v0BDT1tau1lV17,112,0.3054695129394531,56,0.016183853149414062,168,0.3216533660888672,/publicfs/cms/user/huahuil/tauOfTTTT_NanoAOD/forMVA/2016preVFP/v1baselineHadroBtagWeightAdded_JESup_RelativePtBB_AK4PFchs_v94HadroPreJetVetoHemOnly_JESPt22/mc/variableHists_v0BDT1tau1lV17
2016preVFP,v1baselineHadroBtagWeightAdded_JESup_RelativePtBB_AK4PFchs_v94HadroPreJetVetoHemOnly_JESPt22,v0BDT1tau0lV17,112,0.2876272201538086,56,0.016183853149414062,168,0.30381107330322266,/publicfs/cms/user/huahuil/tauOfTTTT_NanoAOD/forMVA/2016preVFP/v1baselineHadroBtagWeightAdded_JESup_RelativePtBB_AK4PFchs_v94HadroPreJetVetoHemOnly_JESPt22/mc/variableHists_v0BDT1tau0lV17
2016preVFP,v1baselineHadroBtagWeightAdded_JESup_RelativePtBB_AK4PFchs_v94HadroPreJetVetoHemOnly_JESPt22,v0BDT1tau1lAddMCFakeTV3,112,0.3031177520751953,56,0.016664505004882812,168,0.3197822570800781,/publicfs/cms/user/huahuil/tauOfTTTT_NanoAOD/forMVA/2016preVFP/v1baselineHadroBtagWeightAdded_JESup_RelativePtBB_AK4PFchs_v94HadroPreJetVetoHemOnly_JESPt22/mc/variableHists_v0BDT1tau1lAddMCFakeTV3
2016preVFP,v1baselineHadroBtagWeightAdded_JESup_RelativePtBB_AK4PFchs_v94HadroPreJetVetoHemOnly_JESPt22,v8BDT1tau0l_refactorAndBtagNameFix,112,0.28832244873046875,56,0.017465591430664062,168,0.3057880401611328,/publicfs/cms/user/huahuil/tauOfTTTT_NanoAOD/forMVA/2016preVFP/v1baselineHadroBtagWeightAdded_JESup_RelativePtBB_AK4PFchs_v94HadroPreJetVetoHemOnly_JESPt22/mc/variableHists_v8BDT1tau0l_refactorAndBtagNameFix
2016preVFP,v1baselineHadroBtagWeightAdded_JESup_RelativePtBB_AK4PFchs_v94HadroPreJetVetoHemOnly_JESPt22,v0BDT1tau0lV16,112,0.2847938537597656,56,0.016183853149414062,168,0.3009777069091797,/publicfs/cms/user/huahuil/tauOfTTTT_NanoAOD/forMVA/2016preVFP/v1baselineHadroBtagWeightAdded_JESup_RelativePtBB_AK4PFchs_v94HadroPreJetVetoHemOnly_JESPt22/mc/variableHists_v0BDT1tau0lV16
2016preVFP,v1baselineHadroBtagWeightAdded_JESup_RelativePtBB_AK4PFchs_v94HadroPreJetVetoHemOnly_JESPt22,v5BDT1tau0l_tauFMorphFix,112,0.2881622314453125,56,0.016717910766601562,168,0.30488014221191406,/publicfs/cms/user/huahuil/tauOfTTTT_NanoAOD/forMVA/2016preVFP/v1baselineHadroBtagWeightAdded_JESup_RelativePtBB_AK4PFchs_v94HadroPreJetVetoHemOnly_JESPt22/mc/variableHists_v5BDT1tau0l_tauFMorphFix
2016preVFP,v1baselineHadroBtagWeightAdded_JESup_RelativeBal_AK4PFchs_v94HadroPreJetVetoHemOnly_JESPt22,v0BDT1tau0l,112,0.2845268249511719,56,0.015970230102539062,168,0.30049705505371094,/publicfs/cms/user/huahuil/tauOfTTTT_NanoAOD/forMVA/2016preVFP/v1baselineHadroBtagWeightAdded_JESup_RelativeBal_AK4PFchs_v94HadroPreJetVetoHemOnly_JESPt22/mc/variableHists_v0BDT1tau0l
2016preVFP,v1baselineHadroBtagWeightAdded_JESup_RelativeBal_AK4PFchs_v94HadroPreJetVetoHemOnly_JESPt22,v3BDT1tau1lV18_fakeTauDataDriven,112,0.3062744140625,56,0.017091751098632812,168,0.3233661651611328,/publicfs/cms/user/huahuil/tauOfTTTT_NanoAOD/forMVA/2016preVFP/v1baselineHadroBtagWeightAdded_JESup_RelativeBal_AK4PFchs_v94HadroPreJetVetoHemOnly_JESPt22/mc/variableHists_v3BDT1tau1lV18_fakeTauDataDriven
2016preVFP,v1baselineHadroBtagWeightAdded_JESup_RelativeBal_AK4PFchs_v94HadroPreJetVetoHemOnly_JESPt22,v0BDT1tau1lV16,112,0.26898860931396484,56,0.016130447387695312,168,0.28511905670166016,/publicfs/cms/user/huahuil/tauOfTTTT_NanoAOD/forMVA/2016preVFP/v1baselineHadroBtagWeightAdded_JESup_RelativeBal_AK4PFchs_v94HadroPreJetVetoHemOnly_JESPt22/mc/variableHists_v0BDT1tau1lV16
2016preVFP,v1baselineHadroBtagWeightAdded_JESup_RelativeBal_AK4PFchs_v94HadroPreJetVetoHemOnly_JESPt22,v0BDT1tau1lV17,112,0.30535888671875,56,0.016130447387695312,168,0.3214893341064453,/publicfs/cms/user/huahuil/tauOfTTTT_NanoAOD/forMVA/2016preVFP/v1baselineHadroBtagWeightAdded_JESup_RelativeBal_AK4PFchs_v94HadroPreJetVetoHemOnly_JESPt22/mc/variableHists_v0BDT1tau1lV17
2016preVFP,v1baselineHadroBtagWeightAdded_JESup_RelativeBal_AK4PFchs_v94HadroPreJetVetoHemOnly_JESPt22,v0BDT1tau0lV17,112,0.2875175476074219,56,0.016130447387695312,168,0.3036479949951172,/publicfs/cms/user/huahuil/tauOfTTTT_NanoAOD/forMVA/2016preVFP/v1baselineHadroBtagWeightAdded_JESup_RelativeBal_AK4PFchs_v94HadroPreJetVetoHemOnly_JESPt22/mc/variableHists_v0BDT1tau0lV17
2016preVFP,v1baselineHadroBtagWeightAdded_JESup_RelativeBal_AK4PFchs_v94HadroPreJetVetoHemOnly_JESPt22,v0BDT1tau1lAddMCFakeTV3,112,0.3030080795288086,56,0.016611099243164062,168,0.31961917877197266,/publicfs/cms/user/huahuil/tauOfTTTT_NanoAOD/forMVA/2016preVFP/v1baselineHadroBtagWeightAdded_JESup_RelativeBal_AK4PFchs_v94HadroPreJetVetoHemOnly_JESPt22/mc/variableHists_v0BDT1tau1lAddMCFakeTV3
2016preVFP,v1baselineHadroBtagWeightAdded_JESup_RelativeBal_AK4PFchs_v94HadroPreJetVetoHemOnly_JESPt22,v8BDT1tau0l_refactorAndBtagNameFix,112,0.2882213592529297,56,0.017412185668945312,168,0.305633544921875,/publicfs/cms/user/huahuil/tauOfTTTT_NanoAOD/forMVA/2016preVFP/v1baselineHadroBtagWeightAdded_JESup_RelativeBal_AK4PFchs_v94HadroPreJetVetoHemOnly_JESPt22/mc/variableHists_v8BDT1tau0l_refactorAndBtagNameFix
2016preVFP,v1baselineHadroBtagWeightAdded_JESup_RelativeBal_AK4PFchs_v94HadroPreJetVetoHemOnly_JESPt22,v0BDT1tau0lV16,112,0.28468799591064453,56,0.016130447387695312,168,0.30081844329833984,/publicfs/cms/user/huahuil/tauOfTTTT_NanoAOD/forMVA/2016preVFP/v1baselineHadroBtagWeightAdded_JESup_RelativeBal_AK4PFchs_v94HadroPreJetVetoHemOnly_JESPt22/mc/variableHists_v0BDT1tau0lV16
2016preVFP,v1baselineHadroBtagWeightAdded_JESup_RelativeBal_AK4PFchs_v94HadroPreJetVetoHemOnly_JESPt22,v5BDT1tau0l_tauFMorphFix,112,0.28806304931640625,56,0.016664505004882812,168,0.30472755432128906,/publicfs/cms/user/huahuil/tauOfTTTT_NanoAOD/forMVA/2016preVFP/v1baselineHadroBtagWeightAdded_JESup_RelativeBal_AK4PFchs_v94HadroPreJetVetoHemOnly_JESPt22/mc/variableHists_v5BDT1tau0l_tauFMorphFix
2016preVFP,v1baselineHadroBtagWeightAdded_JESup_FlavorPureCharm_AK4PFchs_v94HadroPreJetVetoHemOnly_JESPt22,v3BDT1tau1lV18_fakeTauDataDriven,112,0.30669498443603516,56,0.017305374145507812,168,0.32400035858154297,/publicfs/cms/user/huahuil/tauOfTTTT_NanoAOD/forMVA/2016preVFP/v1baselineHadroBtagWeightAdded_JESup_FlavorPureCharm_AK4PFchs_v94HadroPreJetVetoHemOnly_JESPt22/mc/variableHists_v3BDT1tau1lV18_fakeTauDataDriven
2016preVFP,v1baselineHadroBtagWeightAdded_JESup_FlavorPureCharm_AK4PFchs_v94HadroPreJetVetoHemOnly_JESPt22,v0BDT1tau1lV17,112,0.30579090118408203,56,0.016344070434570312,168,0.32213497161865234,/publicfs/cms/user/huahuil/tauOfTTTT_NanoAOD/forMVA/2016preVFP/v1baselineHadroBtagWeightAdded_JESup_FlavorPureCharm_AK4PFchs_v94HadroPreJetVetoHemOnly_JESPt22/mc/variableHists_v0BDT1tau1lV17
2016preVFP,v1baselineHadroBtagWeightAdded_JESup_FlavorPureCharm_AK4PFchs_v94HadroPreJetVetoHemOnly_JESPt22,v0BDT1tau0lV17,112,0.2879476547241211,56,0.016344070434570312,168,0.3042917251586914,/publicfs/cms/user/huahuil/tauOfTTTT_NanoAOD/forMVA/2016preVFP/v1baselineHadroBtagWeightAdded_JESup_FlavorPureCharm_AK4PFchs_v94HadroPreJetVetoHemOnly_JESPt22/mc/variableHists_v0BDT1tau0lV17
2016preVFP,v1baselineHadroBtagWeightAdded_JESup_FlavorPureCharm_AK4PFchs_v94HadroPreJetVetoHemOnly_JESPt22,v8BDT1tau0l_refactorAndBtagNameFix,112,0.28864097595214844,56,0.017625808715820312,168,0.30626678466796875,/publicfs/cms/user/huahuil/tauOfTTTT_NanoAOD/forMVA/2016preVFP/v1baselineHadroBtagWeightAdded_JESup_FlavorPureCharm_AK4PFchs_v94HadroPreJetVetoHemOnly_JESPt22/mc/variableHists_v8BDT1tau0l_refactorAndBtagNameFix
2016preVFP,v1baselineHadroBtagWeightAdded_JESup_FlavorPureCharm_AK4PFchs_v94HadroPreJetVetoHemOnly_JESPt22,v5BDT1tau0l_tauFMorphFix,112,0.2884807586669922,56,0.016878128051757812,168,0.30535888671875,/publicfs/cms/user/huahuil/tauOfTTTT_NanoAOD/forMVA/2016preVFP/v1baselineHadroBtagWeightAdded_JESup_FlavorPureCharm_AK4PFchs_v94HadroPreJetVetoHemOnly_JESPt22/mc/variableHists_v5BDT1tau0l_tauFMorphFix
2016preVFP,v1baselineHadroBtagWeightAdded_JESup_PileUpPtEC2_AK4PFchs_v94HadroPreJetVetoHemOnly_JESPt22,v8BDT1tau0l_refactorAndBtagNameFix,112,0.2882070541381836,56,0.017412185668945312,168,0.3056192398071289,/publicfs/cms/user/huahuil/tauOfTTTT_NanoAOD/forMVA/2016preVFP/v1baselineHadroBtagWeightAdded_JESup_PileUpPtEC2_AK4PFchs_v94HadroPreJetVetoHemOnly_JESPt22/mc/variableHists_v8BDT1tau0l_refactorAndBtagNameFix
2016preVFP,v1baselineHadroBtagWeightAdded_JESDown_RelativeJEREC1_AK4PFchs_v94HadroPreJetVetoHemOnly_JESPt22,v8BDT1tau0l_refactorAndBtagNameFix,112,0.28874874114990234,56,0.017679214477539062,168,0.3064279556274414,/publicfs/cms/user/huahuil/tauOfTTTT_NanoAOD/forMVA/2016preVFP/v1baselineHadroBtagWeightAdded_JESDown_RelativeJEREC1_AK4PFchs_v94HadroPreJetVetoHemOnly_JESPt22/mc/variableHists_v8BDT1tau0l_refactorAndBtagNameFix
2016preVFP,v1baselineHadroBtagWeightAdded_v94HadroPreJetVetoHemOnly_TESdm0Down,v8BDT1tau0l_refactorAndBtagNameFix,112,0.2856483459472656,56,0.016130447387695312,168,0.30177879333496094,/publicfs/cms/user/huahuil/tauOfTTTT_NanoAOD/forMVA/2016preVFP/v1baselineHadroBtagWeightAdded_v94HadroPreJetVetoHemOnly_TESdm0Down/mc/variableHists_v8BDT1tau0l_refactorAndBtagNameFix
2016preVFP,v1baselineHadroBtagWeightAdded_JESup_FlavorPureQuark_AK4PFchs_v94HadroPreJetVetoHemOnly_JESPt22,v3BDT1tau1lV18_fakeTauDataDriven,112,0.30669498443603516,56,0.017305374145507812,168,0.32400035858154297,/publicfs/cms/user/huahuil/tauOfTTTT_NanoAOD/forMVA/2016preVFP/v1baselineHadroBtagWeightAdded_JESup_FlavorPureQuark_AK4PFchs_v94HadroPreJetVetoHemOnly_JESPt22/mc/variableHists_v3BDT1tau1lV18_fakeTauDataDriven
2016preVFP,v1baselineHadroBtagWeightAdded_JESup_FlavorPureQuark_AK4PFchs_v94HadroPreJetVetoHemOnly_JESPt22,v0BDT1tau1lV17,112,0.30579376220703125,56,0.016344070434570312,168,0.32213783264160156,/publicfs/cms/user/huahuil/tauOfTTTT_NanoAOD/forMVA/2016preVFP/v1baselineHadroBtagWeightAdded_JESup_FlavorPureQuark_AK4PFchs_v94HadroPreJetVetoHemOnly_JESPt22/mc/variableHists_v0BDT1tau1lV17
2016preVFP,v1baselineHadroBtagWeightAdded_JESup_FlavorPureQuark_AK4PFchs_v94HadroPreJetVetoHemOnly_JESPt22,v0BDT1tau0lV17,112,0.2879514694213867,56,0.016344070434570312,168,0.30429553985595703,/publicfs/cms/user/huahuil/tauOfTTTT_NanoAOD/forMVA/2016preVFP/v1baselineHadroBtagWeightAdded_JESup_FlavorPureQuark_AK4PFchs_v94HadroPreJetVetoHemOnly_JESPt22/mc/variableHists_v0BDT1tau0lV17
2016preVFP,v1baselineHadroBtagWeightAdded_JESup_FlavorPureQuark_AK4PFchs_v94HadroPreJetVetoHemOnly_JESPt22,v8BDT1tau0l_refactorAndBtagNameFix,112,0.28864288330078125,56,0.017625808715820312,168,0.30626869201660156,/publicfs/cms/user/huahuil/tauOfTTTT_NanoAOD/forMVA/2016preVFP/v1baselineHadroBtagWeightAdded_JESup_FlavorPureQuark_AK4PFchs_v94HadroPreJetVetoHemOnly_JESPt22/mc/variableHists_v8BDT1tau0l_refactorAndBtagNameFix
2016preVFP,v1baselineHadroBtagWeightAdded_JESup_FlavorPureQuark_AK4PFchs_v94HadroPreJetVetoHemOnly_JESPt22,v5BDT1tau0l_tauFMorphFix,112,0.2884845733642578,56,0.016878128051757812,168,0.3053627014160156,/publicfs/cms/user/huahuil/tauOfTTTT_NanoAOD/forMVA/2016preVFP/v1baselineHadroBtagWeightAdded_JESup_FlavorPureQuark_AK4PFchs_v94HadroPreJetVetoHemOnly_JESPt22/mc/variableHists_v5BDT1tau0l_tauFMorphFix
2016preVFP,v1baselineHadroBtagWeightAdded_JESup_RelativePtEC2_AK4PFchs_v94HadroPreJetVetoHemOnly_JESPt22,v0BDT1tau0l,112,0.2847328186035156,56,0.016077041625976562,168,0.3008098602294922,/publicfs/cms/user/huahuil/tauOfTTTT_NanoAOD/forMVA/2016preVFP/v1baselineHadroBtagWeightAdded_JESup_RelativePtEC2_AK4PFchs_v94HadroPreJetVetoHemOnly_JESPt22/mc/variableHists_v0BDT1tau0l
2016preVFP,v1baselineHadroBtagWeightAdded_JESup_RelativePtEC2_AK4PFchs_v94HadroPreJetVetoHemOnly_JESPt22,v3BDT1tau1lV18_fakeTauDataDriven,112,0.3064699172973633,56,0.017198562622070312,168,0.3236684799194336,/publicfs/cms/user/huahuil/tauOfTTTT_NanoAOD/forMVA/2016preVFP/v1baselineHadroBtagWeightAdded_JESup_RelativePtEC2_AK4PFchs_v94HadroPreJetVetoHemOnly_JESPt22/mc/variableHists_v3BDT1tau1lV18_fakeTauDataDriven
2016preVFP,v1baselineHadroBtagWeightAdded_JESup_RelativePtEC2_AK4PFchs_v94HadroPreJetVetoHemOnly_JESPt22,v0BDT1tau1lV16,112,0.26920604705810547,56,0.016237258911132812,168,0.2854433059692383,/publicfs/cms/user/huahuil/tauOfTTTT_NanoAOD/forMVA/2016preVFP/v1baselineHadroBtagWeightAdded_JESup_RelativePtEC2_AK4PFchs_v94HadroPreJetVetoHemOnly_JESPt22/mc/variableHists_v0BDT1tau1lV16
2016preVFP,v1baselineHadroBtagWeightAdded_JESup_RelativePtEC2_AK4PFchs_v94HadroPreJetVetoHemOnly_JESPt22,v0BDT1tau1lV17,112,0.30557727813720703,56,0.016237258911132812,168,0.32181453704833984,/publicfs/cms/user/huahuil/tauOfTTTT_NanoAOD/forMVA/2016preVFP/v1baselineHadroBtagWeightAdded_JESup_RelativePtEC2_AK4PFchs_v94HadroPreJetVetoHemOnly_JESPt22/mc/variableHists_v0BDT1tau1lV17
2016preVFP,v1baselineHadroBtagWeightAdded_JESup_RelativePtEC2_AK4PFchs_v94HadroPreJetVetoHemOnly_JESPt22,v0BDT1tau0lV17,112,0.28772544860839844,56,0.016237258911132812,168,0.30396270751953125,/publicfs/cms/user/huahuil/tauOfTTTT_NanoAOD/forMVA/2016preVFP/v1baselineHadroBtagWeightAdded_JESup_RelativePtEC2_AK4PFchs_v94HadroPreJetVetoHemOnly_JESPt22/mc/variableHists_v0BDT1tau0lV17
2016preVFP,v1baselineHadroBtagWeightAdded_JESup_RelativePtEC2_AK4PFchs_v94HadroPreJetVetoHemOnly_JESPt22,v0BDT1tau1lAddMCFakeTV3,112,0.3032245635986328,56,0.016717910766601562,168,0.3199424743652344,/publicfs/cms/user/huahuil/tauOfTTTT_NanoAOD/forMVA/2016preVFP/v1baselineHadroBtagWeightAdded_JESup_RelativePtEC2_AK4PFchs_v94HadroPreJetVetoHemOnly_JESPt22/mc/variableHists_v0BDT1tau1lAddMCFakeTV3
2016preVFP,v1baselineHadroBtagWeightAdded_JESup_RelativePtEC2_AK4PFchs_v94HadroPreJetVetoHemOnly_JESPt22,v8BDT1tau0l_refactorAndBtagNameFix,112,0.28843021392822266,56,0.017518997192382812,168,0.30594921112060547,/publicfs/cms/user/huahuil/tauOfTTTT_NanoAOD/forMVA/2016preVFP/v1baselineHadroBtagWeightAdded_JESup_RelativePtEC2_AK4PFchs_v94HadroPreJetVetoHemOnly_JESPt22/mc/variableHists_v8BDT1tau0l_refactorAndBtagNameFix
2016preVFP,v1baselineHadroBtagWeightAdded_JESup_RelativePtEC2_AK4PFchs_v94HadroPreJetVetoHemOnly_JESPt22,v0BDT1tau0lV16,112,0.2848930358886719,56,0.016237258911132812,168,0.3011302947998047,/publicfs/cms/user/huahuil/tauOfTTTT_NanoAOD/forMVA/2016preVFP/v1baselineHadroBtagWeightAdded_JESup_RelativePtEC2_AK4PFchs_v94HadroPreJetVetoHemOnly_JESPt22/mc/variableHists_v0BDT1tau0lV16
2016preVFP,v1baselineHadroBtagWeightAdded_JESup_RelativePtEC2_AK4PFchs_v94HadroPreJetVetoHemOnly_JESPt22,v5BDT1tau0l_tauFMorphFix,112,0.28825950622558594,56,0.016771316528320312,168,0.30503082275390625,/publicfs/cms/user/huahuil/tauOfTTTT_NanoAOD/forMVA/2016preVFP/v1baselineHadroBtagWeightAdded_JESup_RelativePtEC2_AK4PFchs_v94HadroPreJetVetoHemOnly_JESPt22/mc/variableHists_v5BDT1tau0l_tauFMorphFix
2016preVFP,v1baselineHadroBtagWeightAdded_JESup_RelativeJERHF_AK4PFchs_v94HadroPreJetVetoHemOnly_JESPt22,v0BDT1tau0l,112,0.28489208221435547,56,0.016077041625976562,168,0.30096912384033203,/publicfs/cms/user/huahuil/tauOfTTTT_NanoAOD/forMVA/2016preVFP/v1baselineHadroBtagWeightAdded_JESup_RelativeJERHF_AK4PFchs_v94HadroPreJetVetoHemOnly_JESPt22/mc/variableHists_v0BDT1tau0l
2016preVFP,v1baselineHadroBtagWeightAdded_JESup_RelativeJERHF_AK4PFchs_v94HadroPreJetVetoHemOnly_JESPt22,v3BDT1tau1lV18_fakeTauDataDriven,112,0.3064699172973633,56,0.017198562622070312,168,0.3236684799194336,/publicfs/cms/user/huahuil/tauOfTTTT_NanoAOD/forMVA/2016preVFP/v1baselineHadroBtagWeightAdded_JESup_RelativeJERHF_AK4PFchs_v94HadroPreJetVetoHemOnly_JESPt22/mc/variableHists_v3BDT1tau1lV18_fakeTauDataDriven
2016preVFP,v1baselineHadroBtagWeightAdded_JESup_RelativeJERHF_AK4PFchs_v94HadroPreJetVetoHemOnly_JESPt22,v0BDT1tau1lV16,112,0.26920604705810547,56,0.016237258911132812,168,0.2854433059692383,/publicfs/cms/user/huahuil/tauOfTTTT_NanoAOD/forMVA/2016preVFP/v1baselineHadroBtagWeightAdded_JESup_RelativeJERHF_AK4PFchs_v94HadroPreJetVetoHemOnly_JESPt22/mc/variableHists_v0BDT1tau1lV16
2016preVFP,v1baselineHadroBtagWeightAdded_JESup_RelativeJERHF_AK4PFchs_v94HadroPreJetVetoHemOnly_JESPt22,v0BDT1tau1lV17,112,0.3055858612060547,56,0.016237258911132812,168,0.3218231201171875,/publicfs/cms/user/huahuil/tauOfTTTT_NanoAOD/forMVA/2016preVFP/v1baselineHadroBtagWeightAdded_JESup_RelativeJERHF_AK4PFchs_v94HadroPreJetVetoHemOnly_JESPt22/mc/variableHists_v0BDT1tau1lV17
2016preVFP,v1baselineHadroBtagWeightAdded_JESup_RelativeJERHF_AK4PFchs_v94HadroPreJetVetoHemOnly_JESPt22,v0BDT1tau0lV17,112,0.28772544860839844,56,0.016237258911132812,168,0.30396270751953125,/publicfs/cms/user/huahuil/tauOfTTTT_NanoAOD/forMVA/2016preVFP/v1baselineHadroBtagWeightAdded_JESup_RelativeJERHF_AK4PFchs_v94HadroPreJetVetoHemOnly_JESPt22/mc/variableHists_v0BDT1tau0lV17
2016preVFP,v1baselineHadroBtagWeightAdded_JESup_RelativeJERHF_AK4PFchs_v94HadroPreJetVetoHemOnly_JESPt22,v0BDT1tau1lAddMCFakeTV3,112,0.3032255172729492,56,0.016717910766601562,168,0.3199434280395508,/publicfs/cms/user/huahuil/tauOfTTTT_NanoAOD/forMVA/2016preVFP/v1baselineHadroBtagWeightAdded_JESup_RelativeJERHF_AK4PFchs_v94HadroPreJetVetoHemOnly_JESPt22/mc/variableHists_v0BDT1tau1lAddMCFakeTV3
2016preVFP,v1baselineHadroBtagWeightAdded_JESup_RelativeJERHF_AK4PFchs_v94HadroPreJetVetoHemOnly_JESPt22,v8BDT1tau0l_refactorAndBtagNameFix,112,0.28842926025390625,56,0.017518997192382812,168,0.30594825744628906,/publicfs/cms/user/huahuil/tauOfTTTT_NanoAOD/forMVA/2016preVFP/v1baselineHadroBtagWeightAdded_JESup_RelativeJERHF_AK4PFchs_v94HadroPreJetVetoHemOnly_JESPt22/mc/variableHists_v8BDT1tau0l_refactorAndBtagNameFix
2016preVFP,v1baselineHadroBtagWeightAdded_JESup_RelativeJERHF_AK4PFchs_v94HadroPreJetVetoHemOnly_JESPt22,v0BDT1tau0lV16,112,0.2848930358886719,56,0.016237258911132812,168,0.3011302947998047,/publicfs/cms/user/huahuil/tauOfTTTT_NanoAOD/forMVA/2016preVFP/v1baselineHadroBtagWeightAdded_JESup_RelativeJERHF_AK4PFchs_v94HadroPreJetVetoHemOnly_JESPt22/mc/variableHists_v0BDT1tau0lV16
2016preVFP,v1baselineHadroBtagWeightAdded_JESup_RelativeJERHF_AK4PFchs_v94HadroPreJetVetoHemOnly_JESPt22,v5BDT1tau0l_tauFMorphFix,112,0.2882709503173828,56,0.016771316528320312,168,0.3050422668457031,/publicfs/cms/user/huahuil/tauOfTTTT_NanoAOD/forMVA/2016preVFP/v1baselineHadroBtagWeightAdded_JESup_RelativeJERHF_AK4PFchs_v94HadroPreJetVetoHemOnly_JESPt22/mc/variableHists_v5BDT1tau0l_tauFMorphFix
2016preVFP,v1baselineHadroBtagWeightAdded_v94HadroPreJetVetoHemOnly_JERUp,v8BDT1tau0l_refactorAndBtagNameFix,112,0.2851095199584961,56,0.015863418579101562,168,0.30097293853759766,/publicfs/cms/user/huahuil/tauOfTTTT_NanoAOD/forMVA/2016preVFP/v1baselineHadroBtagWeightAdded_v94HadroPreJetVetoHemOnly_JERUp/mc/variableHists_v8BDT1tau0l_refactorAndBtagNameFix
2016preVFP,v1baselineHadroBtagWeightAdded_JESup_SinglePionECAL_AK4PFchs_v94HadroPreJetVetoHemOnly_JESPt22,v0BDT1tau0l,112,0.28484630584716797,56,0.016130447387695312,168,0.3009767532348633,/publicfs/cms/user/huahuil/tauOfTTTT_NanoAOD/forMVA/2016preVFP/v1baselineHadroBtagWeightAdded_JESup_SinglePionECAL_AK4PFchs_v94HadroPreJetVetoHemOnly_JESPt22/mc/variableHists_v0BDT1tau0l
2016preVFP,v1baselineHadroBtagWeightAdded_JESup_SinglePionECAL_AK4PFchs_v94HadroPreJetVetoHemOnly_JESPt22,v3BDT1tau1lV18_fakeTauDataDriven,112,0.3065805435180664,56,0.017251968383789062,168,0.32383251190185547,/publicfs/cms/user/huahuil/tauOfTTTT_NanoAOD/forMVA/2016preVFP/v1baselineHadroBtagWeightAdded_JESup_SinglePionECAL_AK4PFchs_v94HadroPreJetVetoHemOnly_JESPt22/mc/variableHists_v3BDT1tau1lV18_fakeTauDataDriven
2016preVFP,v1baselineHadroBtagWeightAdded_JESup_SinglePionECAL_AK4PFchs_v94HadroPreJetVetoHemOnly_JESPt22,v0BDT1tau1lV16,112,0.26930999755859375,56,0.016290664672851562,168,0.2856006622314453,/publicfs/cms/user/huahuil/tauOfTTTT_NanoAOD/forMVA/2016preVFP/v1baselineHadroBtagWeightAdded_JESup_SinglePionECAL_AK4PFchs_v94HadroPreJetVetoHemOnly_JESPt22/mc/variableHists_v0BDT1tau1lV16
2016preVFP,v1baselineHadroBtagWeightAdded_JESup_SinglePionECAL_AK4PFchs_v94HadroPreJetVetoHemOnly_JESPt22,v0BDT1tau1lV17,112,0.3056812286376953,56,0.016290664672851562,168,0.3219718933105469,/publicfs/cms/user/huahuil/tauOfTTTT_NanoAOD/forMVA/2016preVFP/v1baselineHadroBtagWeightAdded_JESup_SinglePionECAL_AK4PFchs_v94HadroPreJetVetoHemOnly_JESPt22/mc/variableHists_v0BDT1tau1lV17
2016preVFP,v1baselineHadroBtagWeightAdded_JESup_SinglePionECAL_AK4PFchs_v94HadroPreJetVetoHemOnly_JESPt22,v0BDT1tau0lV17,112,0.28783702850341797,56,0.016290664672851562,168,0.30412769317626953,/publicfs/cms/user/huahuil/tauOfTTTT_NanoAOD/forMVA/2016preVFP/v1baselineHadroBtagWeightAdded_JESup_SinglePionECAL_AK4PFchs_v94HadroPreJetVetoHemOnly_JESPt22/mc/variableHists_v0BDT1tau0lV17
2016preVFP,v1baselineHadroBtagWeightAdded_JESup_SinglePionECAL_AK4PFchs_v94HadroPreJetVetoHemOnly_JESPt22,v0BDT1tau1lAddMCFakeTV3,112,0.3033285140991211,56,0.016771316528320312,168,0.3200998306274414,/publicfs/cms/user/huahuil/tauOfTTTT_NanoAOD/forMVA/2016preVFP/v1baselineHadroBtagWeightAdded_JESup_SinglePionECAL_AK4PFchs_v94HadroPreJetVetoHemOnly_JESPt22/mc/variableHists_v0BDT1tau1lAddMCFakeTV3
2016preVFP,v1baselineHadroBtagWeightAdded_JESup_SinglePionECAL_AK4PFchs_v94HadroPreJetVetoHemOnly_JESPt22,v8BDT1tau0l_refactorAndBtagNameFix,112,0.2885313034057617,56,0.017572402954101562,168,0.3061037063598633,/publicfs/cms/user/huahuil/tauOfTTTT_NanoAOD/forMVA/2016preVFP/v1baselineHadroBtagWeightAdded_JESup_SinglePionECAL_AK4PFchs_v94HadroPreJetVetoHemOnly_JESPt22/mc/variableHists_v8BDT1tau0l_refactorAndBtagNameFix
2016preVFP,v1baselineHadroBtagWeightAdded_JESup_SinglePionECAL_AK4PFchs_v94HadroPreJetVetoHemOnly_JESPt22,v0BDT1tau0lV16,112,0.2850055694580078,56,0.016290664672851562,168,0.3012962341308594,/publicfs/cms/user/huahuil/tauOfTTTT_NanoAOD/forMVA/2016preVFP/v1baselineHadroBtagWeightAdded_JESup_SinglePionECAL_AK4PFchs_v94HadroPreJetVetoHemOnly_JESPt22/mc/variableHists_v0BDT1tau0lV16
2016preVFP,v1baselineHadroBtagWeightAdded_JESup_SinglePionECAL_AK4PFchs_v94HadroPreJetVetoHemOnly_JESPt22,v5BDT1tau0l_tauFMorphFix,112,0.28837108612060547,56,0.016824722290039062,168,0.30519580841064453,/publicfs/cms/user/huahuil/tauOfTTTT_NanoAOD/forMVA/2016preVFP/v1baselineHadroBtagWeightAdded_JESup_SinglePionECAL_AK4PFchs_v94HadroPreJetVetoHemOnly_JESPt22/mc/variableHists_v5BDT1tau0l_tauFMorphFix
2016preVFP,v1baselineHadroBtagWeightAdded_JESDown_SinglePionECAL_AK4PFchs_v94HadroPreJetVetoHemOnly_JESPt22,v8BDT1tau0l_refactorAndBtagNameFix,112,0.28873729705810547,56,0.017679214477539062,168,0.30641651153564453,/publicfs/cms/user/huahuil/tauOfTTTT_NanoAOD/forMVA/2016preVFP/v1baselineHadroBtagWeightAdded_JESDown_SinglePionECAL_AK4PFchs_v94HadroPreJetVetoHemOnly_JESPt22/mc/variableHists_v8BDT1tau0l_refactorAndBtagNameFix
2016preVFP,v1baselineHadroBtagWeightAdded_JESDown_PileUpPtEC2_AK4PFchs_v94HadroPreJetVetoHemOnly_JESPt22,v8BDT1tau0l_refactorAndBtagNameFix,112,0.2884197235107422,56,0.017518997192382812,168,0.305938720703125,/publicfs/cms/user/huahuil/tauOfTTTT_NanoAOD/forMVA/2016preVFP/v1baselineHadroBtagWeightAdded_JESDown_PileUpPtEC2_AK4PFchs_v94HadroPreJetVetoHemOnly_JESPt22/mc/variableHists_v8BDT1tau0l_refactorAndBtagNameFix
2016preVFP,v1baselineHadroBtagWeightAdded_JESDown_RelativePtEC1_AK4PFchs_v94HadroPreJetVetoHemOnly_JESPt22,v8BDT1tau0l_refactorAndBtagNameFix,112,0.2886333465576172,56,0.017625808715820312,168,0.3062591552734375,/publicfs/cms/user/huahuil/tauOfTTTT_NanoAOD/forMVA/2016preVFP/v1baselineHadroBtagWeightAdded_JESDown_RelativePtEC1_AK4PFchs_v94HadroPreJetVetoHemOnly_JESPt22/mc/variableHists_v8BDT1tau0l_refactorAndBtagNameFix
2016preVFP,v1baselineHadroBtagWeightAdded_JESDown_RelativeJEREC2_AK4PFchs_v94HadroPreJetVetoHemOnly_JESPt22,v8BDT1tau0l_refactorAndBtagNameFix,112,0.2887401580810547,56,0.017679214477539062,168,0.30641937255859375,/publicfs/cms/user/huahuil/tauOfTTTT_NanoAOD/forMVA/2016preVFP/v1baselineHadroBtagWeightAdded_JESDown_RelativeJEREC2_AK4PFchs_v94HadroPreJetVetoHemOnly_JESPt22/mc/variableHists_v8BDT1tau0l_refactorAndBtagNameFix
2016preVFP,v1baselineHadroBtagWeightAdded_JESDown_PileUpPtRef_AK4PFchs_v94HadroPreJetVetoHemOnly_JESPt22,v8BDT1tau0l_refactorAndBtagNameFix,112,0.2884197235107422,56,0.017518997192382812,168,0.305938720703125,/publicfs/cms/user/huahuil/tauOfTTTT_NanoAOD/forMVA/2016preVFP/v1baselineHadroBtagWeightAdded_JESDown_PileUpPtRef_AK4PFchs_v94HadroPreJetVetoHemOnly_JESPt22/mc/variableHists_v8BDT1tau0l_refactorAndBtagNameFix
2016preVFP,v1baselineHadroBtagWeightAdded_JESDown_AbsoluteMPFBias_AK4PFchs_v94HadroPreJetVetoHemOnly_JESPt22,v8BDT1tau0l_refactorAndBtagNameFix,112,0.28885459899902344,56,0.017732620239257812,168,0.30658721923828125,/publicfs/cms/user/huahuil/tauOfTTTT_NanoAOD/forMVA/2016preVFP/v1baselineHadroBtagWeightAdded_JESDown_AbsoluteMPFBias_AK4PFchs_v94HadroPreJetVetoHemOnly_JESPt22/mc/variableHists_v8BDT1tau0l_refactorAndBtagNameFix
2016preVFP,v1baselineHadroBtagWeightAdded_JESup_PileUpPtBB_AK4PFchs_v94HadroPreJetVetoHemOnly_JESPt22,v8BDT1tau0l_refactorAndBtagNameFix,112,0.2881126403808594,56,0.017358779907226562,168,0.30547142028808594,/publicfs/cms/user/huahuil/tauOfTTTT_NanoAOD/forMVA/2016preVFP/v1baselineHadroBtagWeightAdded_JESup_PileUpPtBB_AK4PFchs_v94HadroPreJetVetoHemOnly_JESPt22/mc/variableHists_v8BDT1tau0l_refactorAndBtagNameFix
2016preVFP,v1baselineHadroBtagWeightAdded_JESDown_RelativeStatEC_AK4PFchs_v94HadroPreJetVetoHemOnly_JESPt22,v8BDT1tau0l_refactorAndBtagNameFix,112,0.28873634338378906,56,0.017679214477539062,168,0.3064155578613281,/publicfs/cms/user/huahuil/tauOfTTTT_NanoAOD/forMVA/2016preVFP/v1baselineHadroBtagWeightAdded_JESDown_RelativeStatEC_AK4PFchs_v94HadroPreJetVetoHemOnly_JESPt22/mc/variableHists_v8BDT1tau0l_refactorAndBtagNameFix
2016preVFP,v1baselineHadroBtagWeightAdded_JESup_TimePtEta_AK4PFchs_v94HadroPreJetVetoHemOnly_JESPt22,v0BDT1tau0l,112,0.28430843353271484,56,0.015863418579101562,168,0.3001718521118164,/publicfs/cms/user/huahuil/tauOfTTTT_NanoAOD/forMVA/2016preVFP/v1baselineHadroBtagWeightAdded_JESup_TimePtEta_AK4PFchs_v94HadroPreJetVetoHemOnly_JESPt22/mc/variableHists_v0BDT1tau0l
2016preVFP,v1baselineHadroBtagWeightAdded_JESup_TimePtEta_AK4PFchs_v94HadroPreJetVetoHemOnly_JESPt22,v3BDT1tau1lV18_fakeTauDataDriven,112,0.30605602264404297,56,0.016984939575195312,168,0.3230409622192383,/publicfs/cms/user/huahuil/tauOfTTTT_NanoAOD/forMVA/2016preVFP/v1baselineHadroBtagWeightAdded_JESup_TimePtEta_AK4PFchs_v94HadroPreJetVetoHemOnly_JESPt22/mc/variableHists_v3BDT1tau1lV18_fakeTauDataDriven
2016preVFP,v1baselineHadroBtagWeightAdded_JESup_TimePtEta_AK4PFchs_v94HadroPreJetVetoHemOnly_JESPt22,v0BDT1tau1lV16,112,0.26877880096435547,56,0.016023635864257812,168,0.2848024368286133,/publicfs/cms/user/huahuil/tauOfTTTT_NanoAOD/forMVA/2016preVFP/v1baselineHadroBtagWeightAdded_JESup_TimePtEta_AK4PFchs_v94HadroPreJetVetoHemOnly_JESPt22/mc/variableHists_v0BDT1tau1lV16
2016preVFP,v1baselineHadroBtagWeightAdded_JESup_TimePtEta_AK4PFchs_v94HadroPreJetVetoHemOnly_JESPt22,v0BDT1tau1lV17,112,0.30515098571777344,56,0.016023635864257812,168,0.32117462158203125,/publicfs/cms/user/huahuil/tauOfTTTT_NanoAOD/forMVA/2016preVFP/v1baselineHadroBtagWeightAdded_JESup_TimePtEta_AK4PFchs_v94HadroPreJetVetoHemOnly_JESPt22/mc/variableHists_v0BDT1tau1lV17
2016preVFP,v1baselineHadroBtagWeightAdded_JESup_TimePtEta_AK4PFchs_v94HadroPreJetVetoHemOnly_JESPt22,v0BDT1tau0lV17,112,0.28730010986328125,56,0.016023635864257812,168,0.30332374572753906,/publicfs/cms/user/huahuil/tauOfTTTT_NanoAOD/forMVA/2016preVFP/v1baselineHadroBtagWeightAdded_JESup_TimePtEta_AK4PFchs_v94HadroPreJetVetoHemOnly_JESPt22/mc/variableHists_v0BDT1tau0lV17
2016preVFP,v1baselineHadroBtagWeightAdded_JESup_TimePtEta_AK4PFchs_v94HadroPreJetVetoHemOnly_JESPt22,v0BDT1tau1lAddMCFakeTV3,112,0.3027982711791992,56,0.016504287719726562,168,0.3193025588989258,/publicfs/cms/user/huahuil/tauOfTTTT_NanoAOD/forMVA/2016preVFP/v1baselineHadroBtagWeightAdded_JESup_TimePtEta_AK4PFchs_v94HadroPreJetVetoHemOnly_JESPt22/mc/variableHists_v0BDT1tau1lAddMCFakeTV3
2016preVFP,v1baselineHadroBtagWeightAdded_JESup_TimePtEta_AK4PFchs_v94HadroPreJetVetoHemOnly_JESPt22,v8BDT1tau0l_refactorAndBtagNameFix,112,0.2879924774169922,56,0.017305374145507812,168,0.3052978515625,/publicfs/cms/user/huahuil/tauOfTTTT_NanoAOD/forMVA/2016preVFP/v1baselineHadroBtagWeightAdded_JESup_TimePtEta_AK4PFchs_v94HadroPreJetVetoHemOnly_JESPt22/mc/variableHists_v8BDT1tau0l_refactorAndBtagNameFix
2016preVFP,v1baselineHadroBtagWeightAdded_JESup_TimePtEta_AK4PFchs_v94HadroPreJetVetoHemOnly_JESPt22,v0BDT1tau0lV16,112,0.2844676971435547,56,0.016023635864257812,168,0.3004913330078125,/publicfs/cms/user/huahuil/tauOfTTTT_NanoAOD/forMVA/2016preVFP/v1baselineHadroBtagWeightAdded_JESup_TimePtEta_AK4PFchs_v94HadroPreJetVetoHemOnly_JESPt22/mc/variableHists_v0BDT1tau0lV16
2016preVFP,v1baselineHadroBtagWeightAdded_JESup_TimePtEta_AK4PFchs_v94HadroPreJetVetoHemOnly_JESPt22,v5BDT1tau0l_tauFMorphFix,112,0.28783321380615234,56,0.016557693481445312,168,0.30439090728759766,/publicfs/cms/user/huahuil/tauOfTTTT_NanoAOD/forMVA/2016preVFP/v1baselineHadroBtagWeightAdded_JESup_TimePtEta_AK4PFchs_v94HadroPreJetVetoHemOnly_JESPt22/mc/variableHists_v5BDT1tau0l_tauFMorphFix
2016preVFP,v1baselineHadroBtagWeightAdded_JESDown_TimePtEta_AK4PFchs_v94HadroPreJetVetoHemOnly_JESPt22,v8BDT1tau0l_refactorAndBtagNameFix,112,0.2882051467895508,56,0.017412185668945312,168,0.3056173324584961,/publicfs/cms/user/huahuil/tauOfTTTT_NanoAOD/forMVA/2016preVFP/v1baselineHadroBtagWeightAdded_JESDown_TimePtEta_AK4PFchs_v94HadroPreJetVetoHemOnly_JESPt22/mc/variableHists_v8BDT1tau0l_refactorAndBtagNameFix
2016preVFP,v1baselineHadroBtagWeightAdded_JESDown_RelativePtHF_AK4PFchs_v94HadroPreJetVetoHemOnly_JESPt22,v8BDT1tau0l_refactorAndBtagNameFix,112,0.2885265350341797,56,0.017572402954101562,168,0.30609893798828125,/publicfs/cms/user/huahuil/tauOfTTTT_NanoAOD/forMVA/2016preVFP/v1baselineHadroBtagWeightAdded_JESDown_RelativePtHF_AK4PFchs_v94HadroPreJetVetoHemOnly_JESPt22/mc/variableHists_v8BDT1tau0l_refactorAndBtagNameFix
2016preVFP,v1baselineHadroBtagWeightAdded_JESDown_PileUpDataMC_AK4PFchs_v94HadroPreJetVetoHemOnly_JESPt22,v8BDT1tau0l_refactorAndBtagNameFix,112,0.28853321075439453,56,0.017572402954101562,168,0.3061056137084961,/publicfs/cms/user/huahuil/tauOfTTTT_NanoAOD/forMVA/2016preVFP/v1baselineHadroBtagWeightAdded_JESDown_PileUpDataMC_AK4PFchs_v94HadroPreJetVetoHemOnly_JESPt22/mc/variableHists_v8BDT1tau0l_refactorAndBtagNameFix
2016preVFP,v1baselineHadroBtagWeightAdded_JESDown_RelativeJERHF_AK4PFchs_v94HadroPreJetVetoHemOnly_JESPt22,v8BDT1tau0l_refactorAndBtagNameFix,112,0.2886333465576172,56,0.017625808715820312,168,0.3062591552734375,/publicfs/cms/user/huahuil/tauOfTTTT_NanoAOD/forMVA/2016preVFP/v1baselineHadroBtagWeightAdded_JESDown_RelativeJERHF_AK4PFchs_v94HadroPreJetVetoHemOnly_JESPt22/mc/variableHists_v8BDT1tau0l_refactorAndBtagNameFix
2016preVFP,v1baselineHadroBtagWeightAdded_JESup_FlavorPureGluon_AK4PFchs_v94HadroPreJetVetoHemOnly_JESPt22,v3BDT1tau1lV18_fakeTauDataDriven,112,0.30669689178466797,56,0.017305374145507812,168,0.3240022659301758,/publicfs/cms/user/huahuil/tauOfTTTT_NanoAOD/forMVA/2016preVFP/v1baselineHadroBtagWeightAdded_JESup_FlavorPureGluon_AK4PFchs_v94HadroPreJetVetoHemOnly_JESPt22/mc/variableHists_v3BDT1tau1lV18_fakeTauDataDriven
2016preVFP,v1baselineHadroBtagWeightAdded_JESup_FlavorPureGluon_AK4PFchs_v94HadroPreJetVetoHemOnly_JESPt22,v0BDT1tau1lV17,112,0.30579090118408203,56,0.016344070434570312,168,0.32213497161865234,/publicfs/cms/user/huahuil/tauOfTTTT_NanoAOD/forMVA/2016preVFP/v1baselineHadroBtagWeightAdded_JESup_FlavorPureGluon_AK4PFchs_v94HadroPreJetVetoHemOnly_JESPt22/mc/variableHists_v0BDT1tau1lV17
2016preVFP,v1baselineHadroBtagWeightAdded_JESup_FlavorPureGluon_AK4PFchs_v94HadroPreJetVetoHemOnly_JESPt22,v0BDT1tau0lV17,112,0.28794097900390625,56,0.016344070434570312,168,0.30428504943847656,/publicfs/cms/user/huahuil/tauOfTTTT_NanoAOD/forMVA/2016preVFP/v1baselineHadroBtagWeightAdded_JESup_FlavorPureGluon_AK4PFchs_v94HadroPreJetVetoHemOnly_JESPt22/mc/variableHists_v0BDT1tau0lV17
2016preVFP,v1baselineHadroBtagWeightAdded_JESup_FlavorPureGluon_AK4PFchs_v94HadroPreJetVetoHemOnly_JESPt22,v8BDT1tau0l_refactorAndBtagNameFix,112,0.28864097595214844,56,0.017625808715820312,168,0.30626678466796875,/publicfs/cms/user/huahuil/tauOfTTTT_NanoAOD/forMVA/2016preVFP/v1baselineHadroBtagWeightAdded_JESup_FlavorPureGluon_AK4PFchs_v94HadroPreJetVetoHemOnly_JESPt22/mc/variableHists_v8BDT1tau0l_refactorAndBtagNameFix
2016preVFP,v1baselineHadroBtagWeightAdded_JESup_FlavorPureGluon_AK4PFchs_v94HadroPreJetVetoHemOnly_JESPt22,v5BDT1tau0l_tauFMorphFix,112,0.28847503662109375,56,0.016878128051757812,168,0.30535316467285156,/publicfs/cms/user/huahuil/tauOfTTTT_NanoAOD/forMVA/2016preVFP/v1baselineHadroBtagWeightAdded_JESup_FlavorPureGluon_AK4PFchs_v94HadroPreJetVetoHemOnly_JESPt22/mc/variableHists_v5BDT1tau0l_tauFMorphFix
2016preVFP,v1baselineHadroBtagWeightAdded_JESup_PileUpDataMC_AK4PFchs_v94HadroPreJetVetoHemOnly_JESPt22,v8BDT1tau0l_refactorAndBtagNameFix,112,0.2883157730102539,56,0.017465591430664062,168,0.30578136444091797,/publicfs/cms/user/huahuil/tauOfTTTT_NanoAOD/forMVA/2016preVFP/v1baselineHadroBtagWeightAdded_JESup_PileUpDataMC_AK4PFchs_v94HadroPreJetVetoHemOnly_JESPt22/mc/variableHists_v8BDT1tau0l_refactorAndBtagNameFix
2016preVFP,v1baselineHadroBtagWeightAdded_JESup_AbsoluteStat_AK4PFchs_v94HadroPreJetVetoHemOnly_JESPt22,v0BDT1tau0l,112,0.28462982177734375,56,0.016023635864257812,168,0.30065345764160156,/publicfs/cms/user/huahuil/tauOfTTTT_NanoAOD/forMVA/2016preVFP/v1baselineHadroBtagWeightAdded_JESup_AbsoluteStat_AK4PFchs_v94HadroPreJetVetoHemOnly_JESPt22/mc/variableHists_v0BDT1tau0l
2016preVFP,v1baselineHadroBtagWeightAdded_JESup_AbsoluteStat_AK4PFchs_v94HadroPreJetVetoHemOnly_JESPt22,v3BDT1tau1lV18_fakeTauDataDriven,112,0.3063650131225586,56,0.017145156860351562,168,0.32351016998291016,/publicfs/cms/user/huahuil/tauOfTTTT_NanoAOD/forMVA/2016preVFP/v1baselineHadroBtagWeightAdded_JESup_AbsoluteStat_AK4PFchs_v94HadroPreJetVetoHemOnly_JESPt22/mc/variableHists_v3BDT1tau1lV18_fakeTauDataDriven
2016preVFP,v1baselineHadroBtagWeightAdded_JESup_AbsoluteStat_AK4PFchs_v94HadroPreJetVetoHemOnly_JESPt22,v0BDT1tau1lV16,112,0.2691011428833008,56,0.016183853149414062,168,0.28528499603271484,/publicfs/cms/user/huahuil/tauOfTTTT_NanoAOD/forMVA/2016preVFP/v1baselineHadroBtagWeightAdded_JESup_AbsoluteStat_AK4PFchs_v94HadroPreJetVetoHemOnly_JESPt22/mc/variableHists_v0BDT1tau1lV16
2016preVFP,v1baselineHadroBtagWeightAdded_JESup_AbsoluteStat_AK4PFchs_v94HadroPreJetVetoHemOnly_JESPt22,v0BDT1tau1lV17,112,0.30547332763671875,56,0.016183853149414062,168,0.3216571807861328,/publicfs/cms/user/huahuil/tauOfTTTT_NanoAOD/forMVA/2016preVFP/v1baselineHadroBtagWeightAdded_JESup_AbsoluteStat_AK4PFchs_v94HadroPreJetVetoHemOnly_JESPt22/mc/variableHists_v0BDT1tau1lV17
2016preVFP,v1baselineHadroBtagWeightAdded_JESup_AbsoluteStat_AK4PFchs_v94HadroPreJetVetoHemOnly_JESPt22,v0BDT1tau0lV17,112,0.28762149810791016,56,0.016183853149414062,168,0.3038053512573242,/publicfs/cms/user/huahuil/tauOfTTTT_NanoAOD/forMVA/2016preVFP/v1baselineHadroBtagWeightAdded_JESup_AbsoluteStat_AK4PFchs_v94HadroPreJetVetoHemOnly_JESPt22/mc/variableHists_v0BDT1tau0lV17
2016preVFP,v1baselineHadroBtagWeightAdded_JESup_AbsoluteStat_AK4PFchs_v94HadroPreJetVetoHemOnly_JESPt22,v0BDT1tau1lAddMCFakeTV3,112,0.30312061309814453,56,0.016664505004882812,168,0.31978511810302734,/publicfs/cms/user/huahuil/tauOfTTTT_NanoAOD/forMVA/2016preVFP/v1baselineHadroBtagWeightAdded_JESup_AbsoluteStat_AK4PFchs_v94HadroPreJetVetoHemOnly_JESPt22/mc/variableHists_v0BDT1tau1lAddMCFakeTV3
2016preVFP,v1baselineHadroBtagWeightAdded_JESup_AbsoluteStat_AK4PFchs_v94HadroPreJetVetoHemOnly_JESPt22,v8BDT1tau0l_refactorAndBtagNameFix,112,0.2883157730102539,56,0.017465591430664062,168,0.30578136444091797,/publicfs/cms/user/huahuil/tauOfTTTT_NanoAOD/forMVA/2016preVFP/v1baselineHadroBtagWeightAdded_JESup_AbsoluteStat_AK4PFchs_v94HadroPreJetVetoHemOnly_JESPt22/mc/variableHists_v8BDT1tau0l_refactorAndBtagNameFix
2016preVFP,v1baselineHadroBtagWeightAdded_JESup_AbsoluteStat_AK4PFchs_v94HadroPreJetVetoHemOnly_JESPt22,v0BDT1tau0lV16,112,0.2847909927368164,56,0.016183853149414062,168,0.30097484588623047,/publicfs/cms/user/huahuil/tauOfTTTT_NanoAOD/forMVA/2016preVFP/v1baselineHadroBtagWeightAdded_JESup_AbsoluteStat_AK4PFchs_v94HadroPreJetVetoHemOnly_JESPt22/mc/variableHists_v0BDT1tau0lV16
2016preVFP,v1baselineHadroBtagWeightAdded_JESup_AbsoluteStat_AK4PFchs_v94HadroPreJetVetoHemOnly_JESPt22,v5BDT1tau0l_tauFMorphFix,112,0.28815555572509766,56,0.016717910766601562,168,0.3048734664916992,/publicfs/cms/user/huahuil/tauOfTTTT_NanoAOD/forMVA/2016preVFP/v1baselineHadroBtagWeightAdded_JESup_AbsoluteStat_AK4PFchs_v94HadroPreJetVetoHemOnly_JESPt22/mc/variableHists_v5BDT1tau0l_tauFMorphFix
2016preVFP,v1baselineHadroBtagWeightAdded_JESup_RelativeSample_AK4PFchs_v94HadroPreJetVetoHemOnly_JESPt22,v0BDT1tau0l,112,0.28484249114990234,56,0.016130447387695312,168,0.30097293853759766,/publicfs/cms/user/huahuil/tauOfTTTT_NanoAOD/forMVA/2016preVFP/v1baselineHadroBtagWeightAdded_JESup_RelativeSample_AK4PFchs_v94HadroPreJetVetoHemOnly_JESPt22/mc/variableHists_v0BDT1tau0l
2016preVFP,v1baselineHadroBtagWeightAdded_JESup_RelativeSample_AK4PFchs_v94HadroPreJetVetoHemOnly_JESPt22,v3BDT1tau1lV18_fakeTauDataDriven,112,0.30658435821533203,56,0.017251968383789062,168,0.3238363265991211,/publicfs/cms/user/huahuil/tauOfTTTT_NanoAOD/forMVA/2016preVFP/v1baselineHadroBtagWeightAdded_JESup_RelativeSample_AK4PFchs_v94HadroPreJetVetoHemOnly_JESPt22/mc/variableHists_v3BDT1tau1lV18_fakeTauDataDriven
2016preVFP,v1baselineHadroBtagWeightAdded_JESup_RelativeSample_AK4PFchs_v94HadroPreJetVetoHemOnly_JESPt22,v0BDT1tau1lV16,112,0.2693147659301758,56,0.016290664672851562,168,0.28560543060302734,/publicfs/cms/user/huahuil/tauOfTTTT_NanoAOD/forMVA/2016preVFP/v1baselineHadroBtagWeightAdded_JESup_RelativeSample_AK4PFchs_v94HadroPreJetVetoHemOnly_JESPt22/mc/variableHists_v0BDT1tau1lV16
2016preVFP,v1baselineHadroBtagWeightAdded_JESup_RelativeSample_AK4PFchs_v94HadroPreJetVetoHemOnly_JESPt22,v0BDT1tau1lV17,112,0.30568599700927734,56,0.016290664672851562,168,0.3219766616821289,/publicfs/cms/user/huahuil/tauOfTTTT_NanoAOD/forMVA/2016preVFP/v1baselineHadroBtagWeightAdded_JESup_RelativeSample_AK4PFchs_v94HadroPreJetVetoHemOnly_JESPt22/mc/variableHists_v0BDT1tau1lV17
2016preVFP,v1baselineHadroBtagWeightAdded_JESup_RelativeSample_AK4PFchs_v94HadroPreJetVetoHemOnly_JESPt22,v0BDT1tau0lV17,112,0.28783512115478516,56,0.016290664672851562,168,0.3041257858276367,/publicfs/cms/user/huahuil/tauOfTTTT_NanoAOD/forMVA/2016preVFP/v1baselineHadroBtagWeightAdded_JESup_RelativeSample_AK4PFchs_v94HadroPreJetVetoHemOnly_JESPt22/mc/variableHists_v0BDT1tau0lV17
2016preVFP,v1baselineHadroBtagWeightAdded_JESup_RelativeSample_AK4PFchs_v94HadroPreJetVetoHemOnly_JESPt22,v0BDT1tau1lAddMCFakeTV3,112,0.3033332824707031,56,0.016771316528320312,168,0.32010459899902344,/publicfs/cms/user/huahuil/tauOfTTTT_NanoAOD/forMVA/2016preVFP/v1baselineHadroBtagWeightAdded_JESup_RelativeSample_AK4PFchs_v94HadroPreJetVetoHemOnly_JESPt22/mc/variableHists_v0BDT1tau1lAddMCFakeTV3
2016preVFP,v1baselineHadroBtagWeightAdded_JESup_RelativeSample_AK4PFchs_v94HadroPreJetVetoHemOnly_JESPt22,v8BDT1tau0l_refactorAndBtagNameFix,112,0.2885303497314453,56,0.017572402954101562,168,0.3061027526855469,/publicfs/cms/user/huahuil/tauOfTTTT_NanoAOD/forMVA/2016preVFP/v1baselineHadroBtagWeightAdded_JESup_RelativeSample_AK4PFchs_v94HadroPreJetVetoHemOnly_JESPt22/mc/variableHists_v8BDT1tau0l_refactorAndBtagNameFix
2016preVFP,v1baselineHadroBtagWeightAdded_JESup_RelativeSample_AK4PFchs_v94HadroPreJetVetoHemOnly_JESPt22,v0BDT1tau0lV16,112,0.2850027084350586,56,0.016290664672851562,168,0.30129337310791016,/publicfs/cms/user/huahuil/tauOfTTTT_NanoAOD/forMVA/2016preVFP/v1baselineHadroBtagWeightAdded_JESup_RelativeSample_AK4PFchs_v94HadroPreJetVetoHemOnly_JESPt22/mc/variableHists_v0BDT1tau0lV16
2016preVFP,v1baselineHadroBtagWeightAdded_JESup_RelativeSample_AK4PFchs_v94HadroPreJetVetoHemOnly_JESPt22,v5BDT1tau0l_tauFMorphFix,112,0.28836917877197266,56,0.016824722290039062,168,0.3051939010620117,/publicfs/cms/user/huahuil/tauOfTTTT_NanoAOD/forMVA/2016preVFP/v1baselineHadroBtagWeightAdded_JESup_RelativeSample_AK4PFchs_v94HadroPreJetVetoHemOnly_JESPt22/mc/variableHists_v5BDT1tau0l_tauFMorphFix
2016preVFP,v1baselineHadroBtagWeightAdded_JESup_RelativePtHF_AK4PFchs_v94HadroPreJetVetoHemOnly_JESPt22,v0BDT1tau0l,112,0.28462696075439453,56,0.016023635864257812,168,0.30065059661865234,/publicfs/cms/user/huahuil/tauOfTTTT_NanoAOD/forMVA/2016preVFP/v1baselineHadroBtagWeightAdded_JESup_RelativePtHF_AK4PFchs_v94HadroPreJetVetoHemOnly_JESPt22/mc/variableHists_v0BDT1tau0l
2016preVFP,v1baselineHadroBtagWeightAdded_JESup_RelativePtHF_AK4PFchs_v94HadroPreJetVetoHemOnly_JESPt22,v3BDT1tau1lV18_fakeTauDataDriven,112,0.3063640594482422,56,0.017145156860351562,168,0.32350921630859375,/publicfs/cms/user/huahuil/tauOfTTTT_NanoAOD/forMVA/2016preVFP/v1baselineHadroBtagWeightAdded_JESup_RelativePtHF_AK4PFchs_v94HadroPreJetVetoHemOnly_JESPt22/mc/variableHists_v3BDT1tau1lV18_fakeTauDataDriven
2016preVFP,v1baselineHadroBtagWeightAdded_JESup_RelativePtHF_AK4PFchs_v94HadroPreJetVetoHemOnly_JESPt22,v0BDT1tau1lV16,112,0.2691001892089844,56,0.016183853149414062,168,0.28528404235839844,/publicfs/cms/user/huahuil/tauOfTTTT_NanoAOD/forMVA/2016preVFP/v1baselineHadroBtagWeightAdded_JESup_RelativePtHF_AK4PFchs_v94HadroPreJetVetoHemOnly_JESPt22/mc/variableHists_v0BDT1tau1lV16
2016preVFP,v1baselineHadroBtagWeightAdded_JESup_RelativePtHF_AK4PFchs_v94HadroPreJetVetoHemOnly_JESPt22,v0BDT1tau1lV17,112,0.30547046661376953,56,0.016183853149414062,168,0.3216543197631836,/publicfs/cms/user/huahuil/tauOfTTTT_NanoAOD/forMVA/2016preVFP/v1baselineHadroBtagWeightAdded_JESup_RelativePtHF_AK4PFchs_v94HadroPreJetVetoHemOnly_JESPt22/mc/variableHists_v0BDT1tau1lV17
2016preVFP,v1baselineHadroBtagWeightAdded_JESup_RelativePtHF_AK4PFchs_v94HadroPreJetVetoHemOnly_JESPt22,v0BDT1tau0lV17,112,0.28761863708496094,56,0.016183853149414062,168,0.303802490234375,/publicfs/cms/user/huahuil/tauOfTTTT_NanoAOD/forMVA/2016preVFP/v1baselineHadroBtagWeightAdded_JESup_RelativePtHF_AK4PFchs_v94HadroPreJetVetoHemOnly_JESPt22/mc/variableHists_v0BDT1tau0lV17
2016preVFP,v1baselineHadroBtagWeightAdded_JESup_RelativePtHF_AK4PFchs_v94HadroPreJetVetoHemOnly_JESPt22,v0BDT1tau1lAddMCFakeTV3,112,0.3031282424926758,56,0.016664505004882812,168,0.3197927474975586,/publicfs/cms/user/huahuil/tauOfTTTT_NanoAOD/forMVA/2016preVFP/v1baselineHadroBtagWeightAdded_JESup_RelativePtHF_AK4PFchs_v94HadroPreJetVetoHemOnly_JESPt22/mc/variableHists_v0BDT1tau1lAddMCFakeTV3
2016preVFP,v1baselineHadroBtagWeightAdded_JESup_RelativePtHF_AK4PFchs_v94HadroPreJetVetoHemOnly_JESPt22,v8BDT1tau0l_refactorAndBtagNameFix,112,0.2883129119873047,56,0.017465591430664062,168,0.30577850341796875,/publicfs/cms/user/huahuil/tauOfTTTT_NanoAOD/forMVA/2016preVFP/v1baselineHadroBtagWeightAdded_JESup_RelativePtHF_AK4PFchs_v94HadroPreJetVetoHemOnly_JESPt22/mc/variableHists_v8BDT1tau0l_refactorAndBtagNameFix
2016preVFP,v1baselineHadroBtagWeightAdded_JESup_RelativePtHF_AK4PFchs_v94HadroPreJetVetoHemOnly_JESPt22,v0BDT1tau0lV16,112,0.2847862243652344,56,0.016183853149414062,168,0.30097007751464844,/publicfs/cms/user/huahuil/tauOfTTTT_NanoAOD/forMVA/2016preVFP/v1baselineHadroBtagWeightAdded_JESup_RelativePtHF_AK4PFchs_v94HadroPreJetVetoHemOnly_JESPt22/mc/variableHists_v0BDT1tau0lV16
2016preVFP,v1baselineHadroBtagWeightAdded_JESup_RelativePtHF_AK4PFchs_v94HadroPreJetVetoHemOnly_JESPt22,v5BDT1tau0l_tauFMorphFix,112,0.28815269470214844,56,0.016717910766601562,168,0.30487060546875,/publicfs/cms/user/huahuil/tauOfTTTT_NanoAOD/forMVA/2016preVFP/v1baselineHadroBtagWeightAdded_JESup_RelativePtHF_AK4PFchs_v94HadroPreJetVetoHemOnly_JESPt22/mc/variableHists_v5BDT1tau0l_tauFMorphFix
2016preVFP,v1baselineHadroBtagWeightAdded_JESDown_RelativeStatFSR_AK4PFchs_v94HadroPreJetVetoHemOnly_JESPt22,v8BDT1tau0l_refactorAndBtagNameFix,112,0.2888460159301758,56,0.017732620239257812,168,0.3065786361694336,/publicfs/cms/user/huahuil/tauOfTTTT_NanoAOD/forMVA/2016preVFP/v1baselineHadroBtagWeightAdded_JESDown_RelativeStatFSR_AK4PFchs_v94HadroPreJetVetoHemOnly_JESPt22/mc/variableHists_v8BDT1tau0l_refactorAndBtagNameFix
2016preVFP,v1baselineHadroBtagWeightAdded_JESup_PileUpPtHF_AK4PFchs_v94HadroPreJetVetoHemOnly_JESPt22,v8BDT1tau0l_refactorAndBtagNameFix,112,0.2880992889404297,56,0.017358779907226562,168,0.30545806884765625,/publicfs/cms/user/huahuil/tauOfTTTT_NanoAOD/forMVA/2016preVFP/v1baselineHadroBtagWeightAdded_JESup_PileUpPtHF_AK4PFchs_v94HadroPreJetVetoHemOnly_JESPt22/mc/variableHists_v8BDT1tau0l_refactorAndBtagNameFix
2016preVFP,v1baselineHadroBtagWeightAdded_JESup_RelativeStatHF_AK4PFchs_v94HadroPreJetVetoHemOnly_JESPt22,v0BDT1tau0l,112,0.2848396301269531,56,0.016130447387695312,168,0.30097007751464844,/publicfs/cms/user/huahuil/tauOfTTTT_NanoAOD/forMVA/2016preVFP/v1baselineHadroBtagWeightAdded_JESup_RelativeStatHF_AK4PFchs_v94HadroPreJetVetoHemOnly_JESPt22/mc/variableHists_v0BDT1tau0l
2016preVFP,v1baselineHadroBtagWeightAdded_JESup_RelativeStatHF_AK4PFchs_v94HadroPreJetVetoHemOnly_JESPt22,v3BDT1tau1lV18_fakeTauDataDriven,112,0.3065776824951172,56,0.017251968383789062,168,0.32382965087890625,/publicfs/cms/user/huahuil/tauOfTTTT_NanoAOD/forMVA/2016preVFP/v1baselineHadroBtagWeightAdded_JESup_RelativeStatHF_AK4PFchs_v94HadroPreJetVetoHemOnly_JESPt22/mc/variableHists_v3BDT1tau1lV18_fakeTauDataDriven
2016preVFP,v1baselineHadroBtagWeightAdded_JESup_RelativeStatHF_AK4PFchs_v94HadroPreJetVetoHemOnly_JESPt22,v0BDT1tau1lV16,112,0.26931285858154297,56,0.016290664672851562,168,0.28560352325439453,/publicfs/cms/user/huahuil/tauOfTTTT_NanoAOD/forMVA/2016preVFP/v1baselineHadroBtagWeightAdded_JESup_RelativeStatHF_AK4PFchs_v94HadroPreJetVetoHemOnly_JESPt22/mc/variableHists_v0BDT1tau1lV16
2016preVFP,v1baselineHadroBtagWeightAdded_JESup_RelativeStatHF_AK4PFchs_v94HadroPreJetVetoHemOnly_JESPt22,v0BDT1tau1lV17,112,0.305694580078125,56,0.016290664672851562,168,0.32198524475097656,/publicfs/cms/user/huahuil/tauOfTTTT_NanoAOD/forMVA/2016preVFP/v1baselineHadroBtagWeightAdded_JESup_RelativeStatHF_AK4PFchs_v94HadroPreJetVetoHemOnly_JESPt22/mc/variableHists_v0BDT1tau1lV17
2016preVFP,v1baselineHadroBtagWeightAdded_JESup_RelativeStatHF_AK4PFchs_v94HadroPreJetVetoHemOnly_JESPt22,v0BDT1tau0lV17,112,0.28783226013183594,56,0.016290664672851562,168,0.3041229248046875,/publicfs/cms/user/huahuil/tauOfTTTT_NanoAOD/forMVA/2016preVFP/v1baselineHadroBtagWeightAdded_JESup_RelativeStatHF_AK4PFchs_v94HadroPreJetVetoHemOnly_JESPt22/mc/variableHists_v0BDT1tau0lV17
2016preVFP,v1baselineHadroBtagWeightAdded_JESup_RelativeStatHF_AK4PFchs_v94HadroPreJetVetoHemOnly_JESPt22,v0BDT1tau1lAddMCFakeTV3,112,0.3033323287963867,56,0.016771316528320312,168,0.32010364532470703,/publicfs/cms/user/huahuil/tauOfTTTT_NanoAOD/forMVA/2016preVFP/v1baselineHadroBtagWeightAdded_JESup_RelativeStatHF_AK4PFchs_v94HadroPreJetVetoHemOnly_JESPt22/mc/variableHists_v0BDT1tau1lAddMCFakeTV3
2016preVFP,v1baselineHadroBtagWeightAdded_JESup_RelativeStatHF_AK4PFchs_v94HadroPreJetVetoHemOnly_JESPt22,v8BDT1tau0l_refactorAndBtagNameFix,112,0.2885265350341797,56,0.017572402954101562,168,0.30609893798828125,/publicfs/cms/user/huahuil/tauOfTTTT_NanoAOD/forMVA/2016preVFP/v1baselineHadroBtagWeightAdded_JESup_RelativeStatHF_AK4PFchs_v94HadroPreJetVetoHemOnly_JESPt22/mc/variableHists_v8BDT1tau0l_refactorAndBtagNameFix
2016preVFP,v1baselineHadroBtagWeightAdded_JESup_RelativeStatHF_AK4PFchs_v94HadroPreJetVetoHemOnly_JESPt22,v0BDT1tau0lV16,112,0.2850008010864258,56,0.016290664672851562,168,0.30129146575927734,/publicfs/cms/user/huahuil/tauOfTTTT_NanoAOD/forMVA/2016preVFP/v1baselineHadroBtagWeightAdded_JESup_RelativeStatHF_AK4PFchs_v94HadroPreJetVetoHemOnly_JESPt22/mc/variableHists_v0BDT1tau0lV16
2016preVFP,v1baselineHadroBtagWeightAdded_JESup_RelativeStatHF_AK4PFchs_v94HadroPreJetVetoHemOnly_JESPt22,v5BDT1tau0l_tauFMorphFix,112,0.28836727142333984,56,0.016824722290039062,168,0.3051919937133789,/publicfs/cms/user/huahuil/tauOfTTTT_NanoAOD/forMVA/2016preVFP/v1baselineHadroBtagWeightAdded_JESup_RelativeStatHF_AK4PFchs_v94HadroPreJetVetoHemOnly_JESPt22/mc/variableHists_v5BDT1tau0l_tauFMorphFix
2016preVFP,v1baselineHadroBtagWeightAdded_JESup_AbsoluteScale_AK4PFchs_v94HadroPreJetVetoHemOnly_JESPt22,v0BDT1tau0l,112,0.28473377227783203,56,0.016077041625976562,168,0.3008108139038086,/publicfs/cms/user/huahuil/tauOfTTTT_NanoAOD/forMVA/2016preVFP/v1baselineHadroBtagWeightAdded_JESup_AbsoluteScale_AK4PFchs_v94HadroPreJetVetoHemOnly_JESPt22/mc/variableHists_v0BDT1tau0l
2016preVFP,v1baselineHadroBtagWeightAdded_JESup_AbsoluteScale_AK4PFchs_v94HadroPreJetVetoHemOnly_JESPt22,v3BDT1tau1lV18_fakeTauDataDriven,112,0.3064746856689453,56,0.017198562622070312,168,0.3236732482910156,/publicfs/cms/user/huahuil/tauOfTTTT_NanoAOD/forMVA/2016preVFP/v1baselineHadroBtagWeightAdded_JESup_AbsoluteScale_AK4PFchs_v94HadroPreJetVetoHemOnly_JESPt22/mc/variableHists_v3BDT1tau1lV18_fakeTauDataDriven
2016preVFP,v1baselineHadroBtagWeightAdded_JESup_AbsoluteScale_AK4PFchs_v94HadroPreJetVetoHemOnly_JESPt22,v0BDT1tau1lV16,112,0.2692070007324219,56,0.016237258911132812,168,0.2854442596435547,/publicfs/cms/user/huahuil/tauOfTTTT_NanoAOD/forMVA/2016preVFP/v1baselineHadroBtagWeightAdded_JESup_AbsoluteScale_AK4PFchs_v94HadroPreJetVetoHemOnly_JESPt22/mc/variableHists_v0BDT1tau1lV16
2016preVFP,v1baselineHadroBtagWeightAdded_JESup_AbsoluteScale_AK4PFchs_v94HadroPreJetVetoHemOnly_JESPt22,v0BDT1tau1lV17,112,0.30557823181152344,56,0.016237258911132812,168,0.32181549072265625,/publicfs/cms/user/huahuil/tauOfTTTT_NanoAOD/forMVA/2016preVFP/v1baselineHadroBtagWeightAdded_JESup_AbsoluteScale_AK4PFchs_v94HadroPreJetVetoHemOnly_JESPt22/mc/variableHists_v0BDT1tau1lV17
2016preVFP,v1baselineHadroBtagWeightAdded_JESup_AbsoluteScale_AK4PFchs_v94HadroPreJetVetoHemOnly_JESPt22,v0BDT1tau0lV17,112,0.28772735595703125,56,0.016237258911132812,168,0.30396461486816406,/publicfs/cms/user/huahuil/tauOfTTTT_NanoAOD/forMVA/2016preVFP/v1baselineHadroBtagWeightAdded_JESup_AbsoluteScale_AK4PFchs_v94HadroPreJetVetoHemOnly_JESPt22/mc/variableHists_v0BDT1tau0lV17
2016preVFP,v1baselineHadroBtagWeightAdded_JESup_AbsoluteScale_AK4PFchs_v94HadroPreJetVetoHemOnly_JESPt22,v0BDT1tau1lAddMCFakeTV3,112,0.3032264709472656,56,0.016717910766601562,168,0.3199443817138672,/publicfs/cms/user/huahuil/tauOfTTTT_NanoAOD/forMVA/2016preVFP/v1baselineHadroBtagWeightAdded_JESup_AbsoluteScale_AK4PFchs_v94HadroPreJetVetoHemOnly_JESPt22/mc/variableHists_v0BDT1tau1lAddMCFakeTV3
2016preVFP,v1baselineHadroBtagWeightAdded_JESup_AbsoluteScale_AK4PFchs_v94HadroPreJetVetoHemOnly_JESPt22,v8BDT1tau0l_refactorAndBtagNameFix,112,0.288421630859375,56,0.017518997192382812,168,0.3059406280517578,/publicfs/cms/user/huahuil/tauOfTTTT_NanoAOD/forMVA/2016preVFP/v1baselineHadroBtagWeightAdded_JESup_AbsoluteScale_AK4PFchs_v94HadroPreJetVetoHemOnly_JESPt22/mc/variableHists_v8BDT1tau0l_refactorAndBtagNameFix
2016preVFP,v1baselineHadroBtagWeightAdded_JESup_AbsoluteScale_AK4PFchs_v94HadroPreJetVetoHemOnly_JESPt22,v0BDT1tau0lV16,112,0.2848939895629883,56,0.016237258911132812,168,0.3011312484741211,/publicfs/cms/user/huahuil/tauOfTTTT_NanoAOD/forMVA/2016preVFP/v1baselineHadroBtagWeightAdded_JESup_AbsoluteScale_AK4PFchs_v94HadroPreJetVetoHemOnly_JESPt22/mc/variableHists_v0BDT1tau0lV16
2016preVFP,v1baselineHadroBtagWeightAdded_JESup_AbsoluteScale_AK4PFchs_v94HadroPreJetVetoHemOnly_JESPt22,v5BDT1tau0l_tauFMorphFix,112,0.28826236724853516,56,0.016771316528320312,168,0.30503368377685547,/publicfs/cms/user/huahuil/tauOfTTTT_NanoAOD/forMVA/2016preVFP/v1baselineHadroBtagWeightAdded_JESup_AbsoluteScale_AK4PFchs_v94HadroPreJetVetoHemOnly_JESPt22/mc/variableHists_v5BDT1tau0l_tauFMorphFix
2016preVFP,v1baselineHadroBtagWeightAdded_JESDown_PileUpPtEC1_AK4PFchs_v94HadroPreJetVetoHemOnly_JESPt22,v8BDT1tau0l_refactorAndBtagNameFix,112,0.28842926025390625,56,0.017518997192382812,168,0.30594825744628906,/publicfs/cms/user/huahuil/tauOfTTTT_NanoAOD/forMVA/2016preVFP/v1baselineHadroBtagWeightAdded_JESDown_PileUpPtEC1_AK4PFchs_v94HadroPreJetVetoHemOnly_JESPt22/mc/variableHists_v8BDT1tau0l_refactorAndBtagNameFix
2016preVFP,v1baselineHadroBtagWeightAdded_JESup_Fragmentation_AK4PFchs_v94HadroPreJetVetoHemOnly_JESPt22,v0BDT1tau0l,112,0.28473854064941406,56,0.016077041625976562,168,0.3008155822753906,/publicfs/cms/user/huahuil/tauOfTTTT_NanoAOD/forMVA/2016preVFP/v1baselineHadroBtagWeightAdded_JESup_Fragmentation_AK4PFchs_v94HadroPreJetVetoHemOnly_JESPt22/mc/variableHists_v0BDT1tau0l
2016preVFP,v1baselineHadroBtagWeightAdded_JESup_Fragmentation_AK4PFchs_v94HadroPreJetVetoHemOnly_JESPt22,v3BDT1tau1lV18_fakeTauDataDriven,112,0.3064727783203125,56,0.017198562622070312,168,0.3236713409423828,/publicfs/cms/user/huahuil/tauOfTTTT_NanoAOD/forMVA/2016preVFP/v1baselineHadroBtagWeightAdded_JESup_Fragmentation_AK4PFchs_v94HadroPreJetVetoHemOnly_JESPt22/mc/variableHists_v3BDT1tau1lV18_fakeTauDataDriven
2016preVFP,v1baselineHadroBtagWeightAdded_JESup_Fragmentation_AK4PFchs_v94HadroPreJetVetoHemOnly_JESPt22,v0BDT1tau1lV16,112,0.26920318603515625,56,0.016237258911132812,168,0.28544044494628906,/publicfs/cms/user/huahuil/tauOfTTTT_NanoAOD/forMVA/2016preVFP/v1baselineHadroBtagWeightAdded_JESup_Fragmentation_AK4PFchs_v94HadroPreJetVetoHemOnly_JESPt22/mc/variableHists_v0BDT1tau1lV16
2016preVFP,v1baselineHadroBtagWeightAdded_JESup_Fragmentation_AK4PFchs_v94HadroPreJetVetoHemOnly_JESPt22,v0BDT1tau1lV17,112,0.3055744171142578,56,0.016237258911132812,168,0.3218116760253906,/publicfs/cms/user/huahuil/tauOfTTTT_NanoAOD/forMVA/2016preVFP/v1baselineHadroBtagWeightAdded_JESup_Fragmentation_AK4PFchs_v94HadroPreJetVetoHemOnly_JESPt22/mc/variableHists_v0BDT1tau1lV17
2016preVFP,v1baselineHadroBtagWeightAdded_JESup_Fragmentation_AK4PFchs_v94HadroPreJetVetoHemOnly_JESPt22,v0BDT1tau0lV17,112,0.28772830963134766,56,0.016237258911132812,168,0.30396556854248047,/publicfs/cms/user/huahuil/tauOfTTTT_NanoAOD/forMVA/2016preVFP/v1baselineHadroBtagWeightAdded_JESup_Fragmentation_AK4PFchs_v94HadroPreJetVetoHemOnly_JESPt22/mc/variableHists_v0BDT1tau0lV17
2016preVFP,v1baselineHadroBtagWeightAdded_JESup_Fragmentation_AK4PFchs_v94HadroPreJetVetoHemOnly_JESPt22,v0BDT1tau1lAddMCFakeTV3,112,0.3032236099243164,56,0.016717910766601562,168,0.31994152069091797,/publicfs/cms/user/huahuil/tauOfTTTT_NanoAOD/forMVA/2016preVFP/v1baselineHadroBtagWeightAdded_JESup_Fragmentation_AK4PFchs_v94HadroPreJetVetoHemOnly_JESPt22/mc/variableHists_v0BDT1tau1lAddMCFakeTV3
2016preVFP,v1baselineHadroBtagWeightAdded_JESup_Fragmentation_AK4PFchs_v94HadroPreJetVetoHemOnly_JESPt22,v8BDT1tau0l_refactorAndBtagNameFix,112,0.2884235382080078,56,0.017518997192382812,168,0.3059425354003906,/publicfs/cms/user/huahuil/tauOfTTTT_NanoAOD/forMVA/2016preVFP/v1baselineHadroBtagWeightAdded_JESup_Fragmentation_AK4PFchs_v94HadroPreJetVetoHemOnly_JESPt22/mc/variableHists_v8BDT1tau0l_refactorAndBtagNameFix
2016preVFP,v1baselineHadroBtagWeightAdded_JESup_Fragmentation_AK4PFchs_v94HadroPreJetVetoHemOnly_JESPt22,v0BDT1tau0lV16,112,0.2848978042602539,56,0.016237258911132812,168,0.3011350631713867,/publicfs/cms/user/huahuil/tauOfTTTT_NanoAOD/forMVA/2016preVFP/v1baselineHadroBtagWeightAdded_JESup_Fragmentation_AK4PFchs_v94HadroPreJetVetoHemOnly_JESPt22/mc/variableHists_v0BDT1tau0lV16
2016preVFP,v1baselineHadroBtagWeightAdded_JESup_Fragmentation_AK4PFchs_v94HadroPreJetVetoHemOnly_JESPt22,v5BDT1tau0l_tauFMorphFix,112,0.28826236724853516,56,0.016771316528320312,168,0.30503368377685547,/publicfs/cms/user/huahuil/tauOfTTTT_NanoAOD/forMVA/2016preVFP/v1baselineHadroBtagWeightAdded_JESup_Fragmentation_AK4PFchs_v94HadroPreJetVetoHemOnly_JESPt22/mc/variableHists_v5BDT1tau0l_tauFMorphFix
2016preVFP,v1baselineHadroBtagWeightAdded_JESDown_FlavorPureQuark_AK4PFchs_v94HadroPreJetVetoHemOnly_JESPt22,v8BDT1tau0l_refactorAndBtagNameFix,112,0.2888364791870117,56,0.017732620239257812,168,0.30656909942626953,/publicfs/cms/user/huahuil/tauOfTTTT_NanoAOD/forMVA/2016preVFP/v1baselineHadroBtagWeightAdded_JESDown_FlavorPureQuark_AK4PFchs_v94HadroPreJetVetoHemOnly_JESPt22/mc/variableHists_v8BDT1tau0l_refactorAndBtagNameFix
2016preVFP,v1baselineHadroBtagWeightAdded_JESup_PileUpPtEC1_AK4PFchs_v94HadroPreJetVetoHemOnly_JESPt22,v8BDT1tau0l_refactorAndBtagNameFix,112,0.2882099151611328,56,0.017412185668945312,168,0.3056221008300781,/publicfs/cms/user/huahuil/tauOfTTTT_NanoAOD/forMVA/2016preVFP/v1baselineHadroBtagWeightAdded_JESup_PileUpPtEC1_AK4PFchs_v94HadroPreJetVetoHemOnly_JESPt22/mc/variableHists_v8BDT1tau0l_refactorAndBtagNameFix
2016preVFP,v1baselineHadroBtagWeightAdded_JESDown_RelativeStatHF_AK4PFchs_v94HadroPreJetVetoHemOnly_JESPt22,v8BDT1tau0l_refactorAndBtagNameFix,112,0.2887401580810547,56,0.017679214477539062,168,0.30641937255859375,/publicfs/cms/user/huahuil/tauOfTTTT_NanoAOD/forMVA/2016preVFP/v1baselineHadroBtagWeightAdded_JESDown_RelativeStatHF_AK4PFchs_v94HadroPreJetVetoHemOnly_JESPt22/mc/variableHists_v8BDT1tau0l_refactorAndBtagNameFix
2016preVFP,v1baselineHadroBtagWeightAdded_JESDown_RelativeFSR_AK4PFchs_v94HadroPreJetVetoHemOnly_JESPt22,v8BDT1tau0l_refactorAndBtagNameFix,112,0.2884197235107422,56,0.017518997192382812,168,0.305938720703125,/publicfs/cms/user/huahuil/tauOfTTTT_NanoAOD/forMVA/2016preVFP/v1baselineHadroBtagWeightAdded_JESDown_RelativeFSR_AK4PFchs_v94HadroPreJetVetoHemOnly_JESPt22/mc/variableHists_v8BDT1tau0l_refactorAndBtagNameFix
2016preVFP,v1baselineHadroBtagWeightAdded_v94HadroPreJetVetoHemOnly_EleScaleUp,v8BDT1tau0l_refactorAndBtagNameFix,112,0.2856426239013672,56,0.016130447387695312,168,0.3017730712890625,/publicfs/cms/user/huahuil/tauOfTTTT_NanoAOD/forMVA/2016preVFP/v1baselineHadroBtagWeightAdded_v94HadroPreJetVetoHemOnly_EleScaleUp/mc/variableHists_v8BDT1tau0l_refactorAndBtagNameFix
2016preVFP,v1baselineHadroBtagWeightAdded_JESup_RelativeStatEC_AK4PFchs_v94HadroPreJetVetoHemOnly_JESPt22,v0BDT1tau0l,112,0.28484535217285156,56,0.016130447387695312,168,0.3009757995605469,/publicfs/cms/user/huahuil/tauOfTTTT_NanoAOD/forMVA/2016preVFP/v1baselineHadroBtagWeightAdded_JESup_RelativeStatEC_AK4PFchs_v94HadroPreJetVetoHemOnly_JESPt22/mc/variableHists_v0BDT1tau0l
2016preVFP,v1baselineHadroBtagWeightAdded_JESup_RelativeStatEC_AK4PFchs_v94HadroPreJetVetoHemOnly_JESPt22,v3BDT1tau1lV18_fakeTauDataDriven,112,0.3065757751464844,56,0.017251968383789062,168,0.32382774353027344,/publicfs/cms/user/huahuil/tauOfTTTT_NanoAOD/forMVA/2016preVFP/v1baselineHadroBtagWeightAdded_JESup_RelativeStatEC_AK4PFchs_v94HadroPreJetVetoHemOnly_JESPt22/mc/variableHists_v3BDT1tau1lV18_fakeTauDataDriven
2016preVFP,v1baselineHadroBtagWeightAdded_JESup_RelativeStatEC_AK4PFchs_v94HadroPreJetVetoHemOnly_JESPt22,v0BDT1tau1lV16,112,0.2693147659301758,56,0.016290664672851562,168,0.28560543060302734,/publicfs/cms/user/huahuil/tauOfTTTT_NanoAOD/forMVA/2016preVFP/v1baselineHadroBtagWeightAdded_JESup_RelativeStatEC_AK4PFchs_v94HadroPreJetVetoHemOnly_JESPt22/mc/variableHists_v0BDT1tau1lV16
2016preVFP,v1baselineHadroBtagWeightAdded_JESup_RelativeStatEC_AK4PFchs_v94HadroPreJetVetoHemOnly_JESPt22,v0BDT1tau1lV17,112,0.30568504333496094,56,0.016290664672851562,168,0.3219757080078125,/publicfs/cms/user/huahuil/tauOfTTTT_NanoAOD/forMVA/2016preVFP/v1baselineHadroBtagWeightAdded_JESup_RelativeStatEC_AK4PFchs_v94HadroPreJetVetoHemOnly_JESPt22/mc/variableHists_v0BDT1tau1lV17
2016preVFP,v1baselineHadroBtagWeightAdded_JESup_RelativeStatEC_AK4PFchs_v94HadroPreJetVetoHemOnly_JESPt22,v0BDT1tau0lV17,112,0.28783607482910156,56,0.016290664672851562,168,0.3041267395019531,/publicfs/cms/user/huahuil/tauOfTTTT_NanoAOD/forMVA/2016preVFP/v1baselineHadroBtagWeightAdded_JESup_RelativeStatEC_AK4PFchs_v94HadroPreJetVetoHemOnly_JESPt22/mc/variableHists_v0BDT1tau0lV17
2016preVFP,v1baselineHadroBtagWeightAdded_JESup_RelativeStatEC_AK4PFchs_v94HadroPreJetVetoHemOnly_JESPt22,v0BDT1tau1lAddMCFakeTV3,112,0.3033332824707031,56,0.016771316528320312,168,0.32010459899902344,/publicfs/cms/user/huahuil/tauOfTTTT_NanoAOD/forMVA/2016preVFP/v1baselineHadroBtagWeightAdded_JESup_RelativeStatEC_AK4PFchs_v94HadroPreJetVetoHemOnly_JESPt22/mc/variableHists_v0BDT1tau1lAddMCFakeTV3
2016preVFP,v1baselineHadroBtagWeightAdded_JESup_RelativeStatEC_AK4PFchs_v94HadroPreJetVetoHemOnly_JESPt22,v8BDT1tau0l_refactorAndBtagNameFix,112,0.2885303497314453,56,0.017572402954101562,168,0.3061027526855469,/publicfs/cms/user/huahuil/tauOfTTTT_NanoAOD/forMVA/2016preVFP/v1baselineHadroBtagWeightAdded_JESup_RelativeStatEC_AK4PFchs_v94HadroPreJetVetoHemOnly_JESPt22/mc/variableHists_v8BDT1tau0l_refactorAndBtagNameFix
2016preVFP,v1baselineHadroBtagWeightAdded_JESup_RelativeStatEC_AK4PFchs_v94HadroPreJetVetoHemOnly_JESPt22,v0BDT1tau0lV16,112,0.2850151062011719,56,0.016290664672851562,168,0.30130577087402344,/publicfs/cms/user/huahuil/tauOfTTTT_NanoAOD/forMVA/2016preVFP/v1baselineHadroBtagWeightAdded_JESup_RelativeStatEC_AK4PFchs_v94HadroPreJetVetoHemOnly_JESPt22/mc/variableHists_v0BDT1tau0lV16
2016preVFP,v1baselineHadroBtagWeightAdded_JESup_RelativeStatEC_AK4PFchs_v94HadroPreJetVetoHemOnly_JESPt22,v5BDT1tau0l_tauFMorphFix,112,0.28837013244628906,56,0.016824722290039062,168,0.3051948547363281,/publicfs/cms/user/huahuil/tauOfTTTT_NanoAOD/forMVA/2016preVFP/v1baselineHadroBtagWeightAdded_JESup_RelativeStatEC_AK4PFchs_v94HadroPreJetVetoHemOnly_JESPt22/mc/variableHists_v5BDT1tau0l_tauFMorphFix
2016preVFP,v1baselineHadroBtagWeightAdded_v94HadroPreJetVetoHemOnly_TESdm1Up,v8BDT1tau0l_refactorAndBtagNameFix,112,0.285430908203125,56,0.016023635864257812,168,0.3014545440673828,/publicfs/cms/user/huahuil/tauOfTTTT_NanoAOD/forMVA/2016preVFP/v1baselineHadroBtagWeightAdded_v94HadroPreJetVetoHemOnly_TESdm1Up/mc/variableHists_v8BDT1tau0l_refactorAndBtagNameFix
2016preVFP,v1baselineHadroBtagWeightAdded_v94HadroPreJetVetoHemOnly_TESdm10Up,v8BDT1tau0l_refactorAndBtagNameFix,112,0.28553199768066406,56,0.016077041625976562,168,0.3016090393066406,/publicfs/cms/user/huahuil/tauOfTTTT_NanoAOD/forMVA/2016preVFP/v1baselineHadroBtagWeightAdded_v94HadroPreJetVetoHemOnly_TESdm10Up/mc/variableHists_v8BDT1tau0l_refactorAndBtagNameFix
2016preVFP,v1baselineHadroBtagWeightAdded_JESup_RelativeJEREC1_AK4PFchs_v94HadroPreJetVetoHemOnly_JESPt22,v0BDT1tau0l,112,0.2848520278930664,56,0.016130447387695312,168,0.3009824752807617,/publicfs/cms/user/huahuil/tauOfTTTT_NanoAOD/forMVA/2016preVFP/v1baselineHadroBtagWeightAdded_JESup_RelativeJEREC1_AK4PFchs_v94HadroPreJetVetoHemOnly_JESPt22/mc/variableHists_v0BDT1tau0l
2016preVFP,v1baselineHadroBtagWeightAdded_JESup_RelativeJEREC1_AK4PFchs_v94HadroPreJetVetoHemOnly_JESPt22,v3BDT1tau1lV18_fakeTauDataDriven,112,0.3065814971923828,56,0.017251968383789062,168,0.3238334655761719,/publicfs/cms/user/huahuil/tauOfTTTT_NanoAOD/forMVA/2016preVFP/v1baselineHadroBtagWeightAdded_JESup_RelativeJEREC1_AK4PFchs_v94HadroPreJetVetoHemOnly_JESPt22/mc/variableHists_v3BDT1tau1lV18_fakeTauDataDriven
2016preVFP,v1baselineHadroBtagWeightAdded_JESup_RelativeJEREC1_AK4PFchs_v94HadroPreJetVetoHemOnly_JESPt22,v0BDT1tau1lV16,112,0.2693042755126953,56,0.016290664672851562,168,0.2855949401855469,/publicfs/cms/user/huahuil/tauOfTTTT_NanoAOD/forMVA/2016preVFP/v1baselineHadroBtagWeightAdded_JESup_RelativeJEREC1_AK4PFchs_v94HadroPreJetVetoHemOnly_JESPt22/mc/variableHists_v0BDT1tau1lV16
2016preVFP,v1baselineHadroBtagWeightAdded_JESup_RelativeJEREC1_AK4PFchs_v94HadroPreJetVetoHemOnly_JESPt22,v0BDT1tau1lV17,112,0.30567455291748047,56,0.016290664672851562,168,0.32196521759033203,/publicfs/cms/user/huahuil/tauOfTTTT_NanoAOD/forMVA/2016preVFP/v1baselineHadroBtagWeightAdded_JESup_RelativeJEREC1_AK4PFchs_v94HadroPreJetVetoHemOnly_JESPt22/mc/variableHists_v0BDT1tau1lV17
2016preVFP,v1baselineHadroBtagWeightAdded_JESup_RelativeJEREC1_AK4PFchs_v94HadroPreJetVetoHemOnly_JESPt22,v0BDT1tau0lV17,112,0.287841796875,56,0.016290664672851562,168,0.30413246154785156,/publicfs/cms/user/huahuil/tauOfTTTT_NanoAOD/forMVA/2016preVFP/v1baselineHadroBtagWeightAdded_JESup_RelativeJEREC1_AK4PFchs_v94HadroPreJetVetoHemOnly_JESPt22/mc/variableHists_v0BDT1tau0lV17
2016preVFP,v1baselineHadroBtagWeightAdded_JESup_RelativeJEREC1_AK4PFchs_v94HadroPreJetVetoHemOnly_JESPt22,v0BDT1tau1lAddMCFakeTV3,112,0.30332183837890625,56,0.016771316528320312,168,0.32009315490722656,/publicfs/cms/user/huahuil/tauOfTTTT_NanoAOD/forMVA/2016preVFP/v1baselineHadroBtagWeightAdded_JESup_RelativeJEREC1_AK4PFchs_v94HadroPreJetVetoHemOnly_JESPt22/mc/variableHists_v0BDT1tau1lAddMCFakeTV3
2016preVFP,v1baselineHadroBtagWeightAdded_JESup_RelativeJEREC1_AK4PFchs_v94HadroPreJetVetoHemOnly_JESPt22,v8BDT1tau0l_refactorAndBtagNameFix,112,0.28853607177734375,56,0.017572402954101562,168,0.3061084747314453,/publicfs/cms/user/huahuil/tauOfTTTT_NanoAOD/forMVA/2016preVFP/v1baselineHadroBtagWeightAdded_JESup_RelativeJEREC1_AK4PFchs_v94HadroPreJetVetoHemOnly_JESPt22/mc/variableHists_v8BDT1tau0l_refactorAndBtagNameFix
2016preVFP,v1baselineHadroBtagWeightAdded_JESup_RelativeJEREC1_AK4PFchs_v94HadroPreJetVetoHemOnly_JESPt22,v0BDT1tau0lV16,112,0.28501224517822266,56,0.016290664672851562,168,0.3013029098510742,/publicfs/cms/user/huahuil/tauOfTTTT_NanoAOD/forMVA/2016preVFP/v1baselineHadroBtagWeightAdded_JESup_RelativeJEREC1_AK4PFchs_v94HadroPreJetVetoHemOnly_JESPt22/mc/variableHists_v0BDT1tau0lV16
2016preVFP,v1baselineHadroBtagWeightAdded_JESup_RelativeJEREC1_AK4PFchs_v94HadroPreJetVetoHemOnly_JESPt22,v5BDT1tau0l_tauFMorphFix,112,0.2883758544921875,56,0.016824722290039062,168,0.30520057678222656,/publicfs/cms/user/huahuil/tauOfTTTT_NanoAOD/forMVA/2016preVFP/v1baselineHadroBtagWeightAdded_JESup_RelativeJEREC1_AK4PFchs_v94HadroPreJetVetoHemOnly_JESPt22/mc/variableHists_v5BDT1tau0l_tauFMorphFix
2016preVFP,v1baselineHadroBtagWeightAdded_JESDown_RelativeBal_AK4PFchs_v94HadroPreJetVetoHemOnly_JESPt22,v8BDT1tau0l_refactorAndBtagNameFix,112,0.28843116760253906,56,0.017518997192382812,168,0.3059501647949219,/publicfs/cms/user/huahuil/tauOfTTTT_NanoAOD/forMVA/2016preVFP/v1baselineHadroBtagWeightAdded_JESDown_RelativeBal_AK4PFchs_v94HadroPreJetVetoHemOnly_JESPt22/mc/variableHists_v8BDT1tau0l_refactorAndBtagNameFix
2016preVFP,v1baselineHadroBtagWeightAdded_JESDown_PileUpPtBB_AK4PFchs_v94HadroPreJetVetoHemOnly_JESPt22,v8BDT1tau0l_refactorAndBtagNameFix,112,0.2883157730102539,56,0.017465591430664062,168,0.30578136444091797,/publicfs/cms/user/huahuil/tauOfTTTT_NanoAOD/forMVA/2016preVFP/v1baselineHadroBtagWeightAdded_JESDown_PileUpPtBB_AK4PFchs_v94HadroPreJetVetoHemOnly_JESPt22/mc/variableHists_v8BDT1tau0l_refactorAndBtagNameFix
2016preVFP,v1baselineHadroBtagWeightAdded_JESDown_SinglePionHCAL_AK4PFchs_v94HadroPreJetVetoHemOnly_JESPt22,v8BDT1tau0l_refactorAndBtagNameFix,112,0.2887439727783203,56,0.017679214477539062,168,0.3064231872558594,/publicfs/cms/user/huahuil/tauOfTTTT_NanoAOD/forMVA/2016preVFP/v1baselineHadroBtagWeightAdded_JESDown_SinglePionHCAL_AK4PFchs_v94HadroPreJetVetoHemOnly_JESPt22/mc/variableHists_v8BDT1tau0l_refactorAndBtagNameFix
2016preVFP,v1baselineHadroBtagWeightAdded_JESup_AbsoluteMPFBias_AK4PFchs_v94HadroPreJetVetoHemOnly_JESPt22,v0BDT1tau0l,112,0.28495311737060547,56,0.016183853149414062,168,0.30113697052001953,/publicfs/cms/user/huahuil/tauOfTTTT_NanoAOD/forMVA/2016preVFP/v1baselineHadroBtagWeightAdded_JESup_AbsoluteMPFBias_AK4PFchs_v94HadroPreJetVetoHemOnly_JESPt22/mc/variableHists_v0BDT1tau0l
2016preVFP,v1baselineHadroBtagWeightAdded_JESup_AbsoluteMPFBias_AK4PFchs_v94HadroPreJetVetoHemOnly_JESPt22,v3BDT1tau1lV18_fakeTauDataDriven,112,0.30669593811035156,56,0.017305374145507812,168,0.3240013122558594,/publicfs/cms/user/huahuil/tauOfTTTT_NanoAOD/forMVA/2016preVFP/v1baselineHadroBtagWeightAdded_JESup_AbsoluteMPFBias_AK4PFchs_v94HadroPreJetVetoHemOnly_JESPt22/mc/variableHists_v3BDT1tau1lV18_fakeTauDataDriven
2016preVFP,v1baselineHadroBtagWeightAdded_JESup_AbsoluteMPFBias_AK4PFchs_v94HadroPreJetVetoHemOnly_JESPt22,v0BDT1tau1lV16,112,0.2694225311279297,56,0.016344070434570312,168,0.2857666015625,/publicfs/cms/user/huahuil/tauOfTTTT_NanoAOD/forMVA/2016preVFP/v1baselineHadroBtagWeightAdded_JESup_AbsoluteMPFBias_AK4PFchs_v94HadroPreJetVetoHemOnly_JESPt22/mc/variableHists_v0BDT1tau1lV16
2016preVFP,v1baselineHadroBtagWeightAdded_JESup_AbsoluteMPFBias_AK4PFchs_v94HadroPreJetVetoHemOnly_JESPt22,v0BDT1tau1lV17,112,0.30579280853271484,56,0.016344070434570312,168,0.32213687896728516,/publicfs/cms/user/huahuil/tauOfTTTT_NanoAOD/forMVA/2016preVFP/v1baselineHadroBtagWeightAdded_JESup_AbsoluteMPFBias_AK4PFchs_v94HadroPreJetVetoHemOnly_JESPt22/mc/variableHists_v0BDT1tau1lV17
2016preVFP,v1baselineHadroBtagWeightAdded_JESup_AbsoluteMPFBias_AK4PFchs_v94HadroPreJetVetoHemOnly_JESPt22,v0BDT1tau0lV17,112,0.2879467010498047,56,0.016344070434570312,168,0.304290771484375,/publicfs/cms/user/huahuil/tauOfTTTT_NanoAOD/forMVA/2016preVFP/v1baselineHadroBtagWeightAdded_JESup_AbsoluteMPFBias_AK4PFchs_v94HadroPreJetVetoHemOnly_JESPt22/mc/variableHists_v0BDT1tau0lV17
2016preVFP,v1baselineHadroBtagWeightAdded_JESup_AbsoluteMPFBias_AK4PFchs_v94HadroPreJetVetoHemOnly_JESPt22,v0BDT1tau1lAddMCFakeTV3,112,0.30344104766845703,56,0.016824722290039062,168,0.3202657699584961,/publicfs/cms/user/huahuil/tauOfTTTT_NanoAOD/forMVA/2016preVFP/v1baselineHadroBtagWeightAdded_JESup_AbsoluteMPFBias_AK4PFchs_v94HadroPreJetVetoHemOnly_JESPt22/mc/variableHists_v0BDT1tau1lAddMCFakeTV3
2016preVFP,v1baselineHadroBtagWeightAdded_JESup_AbsoluteMPFBias_AK4PFchs_v94HadroPreJetVetoHemOnly_JESPt22,v8BDT1tau0l_refactorAndBtagNameFix,112,0.28864097595214844,56,0.017625808715820312,168,0.30626678466796875,/publicfs/cms/user/huahuil/tauOfTTTT_NanoAOD/forMVA/2016preVFP/v1baselineHadroBtagWeightAdded_JESup_AbsoluteMPFBias_AK4PFchs_v94HadroPreJetVetoHemOnly_JESPt22/mc/variableHists_v8BDT1tau0l_refactorAndBtagNameFix
2016preVFP,v1baselineHadroBtagWeightAdded_JESup_AbsoluteMPFBias_AK4PFchs_v94HadroPreJetVetoHemOnly_JESPt22,v0BDT1tau0lV16,112,0.28511524200439453,56,0.016344070434570312,168,0.30145931243896484,/publicfs/cms/user/huahuil/tauOfTTTT_NanoAOD/forMVA/2016preVFP/v1baselineHadroBtagWeightAdded_JESup_AbsoluteMPFBias_AK4PFchs_v94HadroPreJetVetoHemOnly_JESPt22/mc/variableHists_v0BDT1tau0lV16
2016preVFP,v1baselineHadroBtagWeightAdded_JESup_AbsoluteMPFBias_AK4PFchs_v94HadroPreJetVetoHemOnly_JESPt22,v5BDT1tau0l_tauFMorphFix,112,0.2884807586669922,56,0.016878128051757812,168,0.30535888671875,/publicfs/cms/user/huahuil/tauOfTTTT_NanoAOD/forMVA/2016preVFP/v1baselineHadroBtagWeightAdded_JESup_AbsoluteMPFBias_AK4PFchs_v94HadroPreJetVetoHemOnly_JESPt22/mc/variableHists_v5BDT1tau0l_tauFMorphFix
2016preVFP,v1baselineHadroBtagWeightAdded_JESup_RelativeJEREC2_AK4PFchs_v94HadroPreJetVetoHemOnly_JESPt22,v0BDT1tau0l,112,0.2848396301269531,56,0.016130447387695312,168,0.30097007751464844,/publicfs/cms/user/huahuil/tauOfTTTT_NanoAOD/forMVA/2016preVFP/v1baselineHadroBtagWeightAdded_JESup_RelativeJEREC2_AK4PFchs_v94HadroPreJetVetoHemOnly_JESPt22/mc/variableHists_v0BDT1tau0l
2016preVFP,v1baselineHadroBtagWeightAdded_JESup_RelativeJEREC2_AK4PFchs_v94HadroPreJetVetoHemOnly_JESPt22,v3BDT1tau1lV18_fakeTauDataDriven,112,0.3065767288208008,56,0.017251968383789062,168,0.32382869720458984,/publicfs/cms/user/huahuil/tauOfTTTT_NanoAOD/forMVA/2016preVFP/v1baselineHadroBtagWeightAdded_JESup_RelativeJEREC2_AK4PFchs_v94HadroPreJetVetoHemOnly_JESPt22/mc/variableHists_v3BDT1tau1lV18_fakeTauDataDriven
2016preVFP,v1baselineHadroBtagWeightAdded_JESup_RelativeJEREC2_AK4PFchs_v94HadroPreJetVetoHemOnly_JESPt22,v0BDT1tau1lV16,112,0.2693138122558594,56,0.016290664672851562,168,0.28560447692871094,/publicfs/cms/user/huahuil/tauOfTTTT_NanoAOD/forMVA/2016preVFP/v1baselineHadroBtagWeightAdded_JESup_RelativeJEREC2_AK4PFchs_v94HadroPreJetVetoHemOnly_JESPt22/mc/variableHists_v0BDT1tau1lV16
2016preVFP,v1baselineHadroBtagWeightAdded_JESup_RelativeJEREC2_AK4PFchs_v94HadroPreJetVetoHemOnly_JESPt22,v0BDT1tau1lV17,112,0.3056936264038086,56,0.016290664672851562,168,0.32198429107666016,/publicfs/cms/user/huahuil/tauOfTTTT_NanoAOD/forMVA/2016preVFP/v1baselineHadroBtagWeightAdded_JESup_RelativeJEREC2_AK4PFchs_v94HadroPreJetVetoHemOnly_JESPt22/mc/variableHists_v0BDT1tau1lV17
2016preVFP,v1baselineHadroBtagWeightAdded_JESup_RelativeJEREC2_AK4PFchs_v94HadroPreJetVetoHemOnly_JESPt22,v0BDT1tau0lV17,112,0.28783226013183594,56,0.016290664672851562,168,0.3041229248046875,/publicfs/cms/user/huahuil/tauOfTTTT_NanoAOD/forMVA/2016preVFP/v1baselineHadroBtagWeightAdded_JESup_RelativeJEREC2_AK4PFchs_v94HadroPreJetVetoHemOnly_JESPt22/mc/variableHists_v0BDT1tau0lV17
2016preVFP,v1baselineHadroBtagWeightAdded_JESup_RelativeJEREC2_AK4PFchs_v94HadroPreJetVetoHemOnly_JESPt22,v0BDT1tau1lAddMCFakeTV3,112,0.3033323287963867,56,0.016771316528320312,168,0.32010364532470703,/publicfs/cms/user/huahuil/tauOfTTTT_NanoAOD/forMVA/2016preVFP/v1baselineHadroBtagWeightAdded_JESup_RelativeJEREC2_AK4PFchs_v94HadroPreJetVetoHemOnly_JESPt22/mc/variableHists_v0BDT1tau1lAddMCFakeTV3
2016preVFP,v1baselineHadroBtagWeightAdded_JESup_RelativeJEREC2_AK4PFchs_v94HadroPreJetVetoHemOnly_JESPt22,v8BDT1tau0l_refactorAndBtagNameFix,112,0.2885265350341797,56,0.017572402954101562,168,0.30609893798828125,/publicfs/cms/user/huahuil/tauOfTTTT_NanoAOD/forMVA/2016preVFP/v1baselineHadroBtagWeightAdded_JESup_RelativeJEREC2_AK4PFchs_v94HadroPreJetVetoHemOnly_JESPt22/mc/variableHists_v8BDT1tau0l_refactorAndBtagNameFix
2016preVFP,v1baselineHadroBtagWeightAdded_JESup_RelativeJEREC2_AK4PFchs_v94HadroPreJetVetoHemOnly_JESPt22,v0BDT1tau0lV16,112,0.2849998474121094,56,0.016290664672851562,168,0.30129051208496094,/publicfs/cms/user/huahuil/tauOfTTTT_NanoAOD/forMVA/2016preVFP/v1baselineHadroBtagWeightAdded_JESup_RelativeJEREC2_AK4PFchs_v94HadroPreJetVetoHemOnly_JESPt22/mc/variableHists_v0BDT1tau0lV16
2016preVFP,v1baselineHadroBtagWeightAdded_JESup_RelativeJEREC2_AK4PFchs_v94HadroPreJetVetoHemOnly_JESPt22,v5BDT1tau0l_tauFMorphFix,112,0.28836631774902344,56,0.016824722290039062,168,0.3051910400390625,/publicfs/cms/user/huahuil/tauOfTTTT_NanoAOD/forMVA/2016preVFP/v1baselineHadroBtagWeightAdded_JESup_RelativeJEREC2_AK4PFchs_v94HadroPreJetVetoHemOnly_JESPt22/mc/variableHists_v5BDT1tau0l_tauFMorphFix
2016preVFP,v1baselineHadroBtagWeightAdded_JESDown_FlavorPureCharm_AK4PFchs_v94HadroPreJetVetoHemOnly_JESPt22,v8BDT1tau0l_refactorAndBtagNameFix,112,0.28885555267333984,56,0.017732620239257812,168,0.30658817291259766,/publicfs/cms/user/huahuil/tauOfTTTT_NanoAOD/forMVA/2016preVFP/v1baselineHadroBtagWeightAdded_JESDown_FlavorPureCharm_AK4PFchs_v94HadroPreJetVetoHemOnly_JESPt22/mc/variableHists_v8BDT1tau0l_refactorAndBtagNameFix
2016preVFP,v1baselineHadroBtagWeightAdded_JESDown_RelativePtEC2_AK4PFchs_v94HadroPreJetVetoHemOnly_JESPt22,v8BDT1tau0l_refactorAndBtagNameFix,112,0.2886333465576172,56,0.017625808715820312,168,0.3062591552734375,/publicfs/cms/user/huahuil/tauOfTTTT_NanoAOD/forMVA/2016preVFP/v1baselineHadroBtagWeightAdded_JESDown_RelativePtEC2_AK4PFchs_v94HadroPreJetVetoHemOnly_JESPt22/mc/variableHists_v8BDT1tau0l_refactorAndBtagNameFix
2016preVFP,v1baselineHadroBtagWeightAdded_JESup_RelativeStatFSR_AK4PFchs_v94HadroPreJetVetoHemOnly_JESPt22,v0BDT1tau0l,112,0.2849464416503906,56,0.016183853149414062,168,0.3011302947998047,/publicfs/cms/user/huahuil/tauOfTTTT_NanoAOD/forMVA/2016preVFP/v1baselineHadroBtagWeightAdded_JESup_RelativeStatFSR_AK4PFchs_v94HadroPreJetVetoHemOnly_JESPt22/mc/variableHists_v0BDT1tau0l
2016preVFP,v1baselineHadroBtagWeightAdded_JESup_RelativeStatFSR_AK4PFchs_v94HadroPreJetVetoHemOnly_JESPt22,v3BDT1tau1lV18_fakeTauDataDriven,112,0.3066873550415039,56,0.017305374145507812,168,0.3239927291870117,/publicfs/cms/user/huahuil/tauOfTTTT_NanoAOD/forMVA/2016preVFP/v1baselineHadroBtagWeightAdded_JESup_RelativeStatFSR_AK4PFchs_v94HadroPreJetVetoHemOnly_JESPt22/mc/variableHists_v3BDT1tau1lV18_fakeTauDataDriven
2016preVFP,v1baselineHadroBtagWeightAdded_JESup_RelativeStatFSR_AK4PFchs_v94HadroPreJetVetoHemOnly_JESPt22,v0BDT1tau1lV16,112,0.2694234848022461,56,0.016344070434570312,168,0.2857675552368164,/publicfs/cms/user/huahuil/tauOfTTTT_NanoAOD/forMVA/2016preVFP/v1baselineHadroBtagWeightAdded_JESup_RelativeStatFSR_AK4PFchs_v94HadroPreJetVetoHemOnly_JESPt22/mc/variableHists_v0BDT1tau1lV16
2016preVFP,v1baselineHadroBtagWeightAdded_JESup_RelativeStatFSR_AK4PFchs_v94HadroPreJetVetoHemOnly_JESPt22,v0BDT1tau1lV17,112,0.30579471588134766,56,0.016344070434570312,168,0.32213878631591797,/publicfs/cms/user/huahuil/tauOfTTTT_NanoAOD/forMVA/2016preVFP/v1baselineHadroBtagWeightAdded_JESup_RelativeStatFSR_AK4PFchs_v94HadroPreJetVetoHemOnly_JESPt22/mc/variableHists_v0BDT1tau1lV17
2016preVFP,v1baselineHadroBtagWeightAdded_JESup_RelativeStatFSR_AK4PFchs_v94HadroPreJetVetoHemOnly_JESPt22,v0BDT1tau0lV17,112,0.28793907165527344,56,0.016344070434570312,168,0.30428314208984375,/publicfs/cms/user/huahuil/tauOfTTTT_NanoAOD/forMVA/2016preVFP/v1baselineHadroBtagWeightAdded_JESup_RelativeStatFSR_AK4PFchs_v94HadroPreJetVetoHemOnly_JESPt22/mc/variableHists_v0BDT1tau0lV17
2016preVFP,v1baselineHadroBtagWeightAdded_JESup_RelativeStatFSR_AK4PFchs_v94HadroPreJetVetoHemOnly_JESPt22,v0BDT1tau1lAddMCFakeTV3,112,0.30344200134277344,56,0.016824722290039062,168,0.3202667236328125,/publicfs/cms/user/huahuil/tauOfTTTT_NanoAOD/forMVA/2016preVFP/v1baselineHadroBtagWeightAdded_JESup_RelativeStatFSR_AK4PFchs_v94HadroPreJetVetoHemOnly_JESPt22/mc/variableHists_v0BDT1tau1lAddMCFakeTV3
2016preVFP,v1baselineHadroBtagWeightAdded_JESup_RelativeStatFSR_AK4PFchs_v94HadroPreJetVetoHemOnly_JESPt22,v8BDT1tau0l_refactorAndBtagNameFix,112,0.2886333465576172,56,0.017625808715820312,168,0.3062591552734375,/publicfs/cms/user/huahuil/tauOfTTTT_NanoAOD/forMVA/2016preVFP/v1baselineHadroBtagWeightAdded_JESup_RelativeStatFSR_AK4PFchs_v94HadroPreJetVetoHemOnly_JESPt22/mc/variableHists_v8BDT1tau0l_refactorAndBtagNameFix
2016preVFP,v1baselineHadroBtagWeightAdded_JESup_RelativeStatFSR_AK4PFchs_v94HadroPreJetVetoHemOnly_JESPt22,v0BDT1tau0lV16,112,0.2851066589355469,56,0.016344070434570312,168,0.3014507293701172,/publicfs/cms/user/huahuil/tauOfTTTT_NanoAOD/forMVA/2016preVFP/v1baselineHadroBtagWeightAdded_JESup_RelativeStatFSR_AK4PFchs_v94HadroPreJetVetoHemOnly_JESPt22/mc/variableHists_v0BDT1tau0lV16
2016preVFP,v1baselineHadroBtagWeightAdded_JESup_RelativeStatFSR_AK4PFchs_v94HadroPreJetVetoHemOnly_JESPt22,v5BDT1tau0l_tauFMorphFix,112,0.28847312927246094,56,0.016878128051757812,168,0.30535125732421875,/publicfs/cms/user/huahuil/tauOfTTTT_NanoAOD/forMVA/2016preVFP/v1baselineHadroBtagWeightAdded_JESup_RelativeStatFSR_AK4PFchs_v94HadroPreJetVetoHemOnly_JESPt22/mc/variableHists_v5BDT1tau0l_tauFMorphFix
2016preVFP,v1baselineHadroBtagWeightAdded_v94HadroPreJetVetoHemOnly_EleScaleDown,v8BDT1tau0l_refactorAndBtagNameFix,112,0.2858562469482422,56,0.016237258911132812,168,0.302093505859375,/publicfs/cms/user/huahuil/tauOfTTTT_NanoAOD/forMVA/2016preVFP/v1baselineHadroBtagWeightAdded_v94HadroPreJetVetoHemOnly_EleScaleDown/mc/variableHists_v8BDT1tau0l_refactorAndBtagNameFix
2016preVFP,v1baselineHadroBtagWeightAdded_JESDown_FlavorPureBottom_AK4PFchs_v94HadroPreJetVetoHemOnly_JESPt22,v8BDT1tau0l_refactorAndBtagNameFix,112,0.28896141052246094,56,0.017786026000976562,168,0.3067474365234375,/publicfs/cms/user/huahuil/tauOfTTTT_NanoAOD/forMVA/2016preVFP/v1baselineHadroBtagWeightAdded_JESDown_FlavorPureBottom_AK4PFchs_v94HadroPreJetVetoHemOnly_JESPt22/mc/variableHists_v8BDT1tau0l_refactorAndBtagNameFix
2016preVFP,v1baselineHadroBtagWeightAdded_JESDown_FlavorPureGluon_AK4PFchs_v94HadroPreJetVetoHemOnly_JESPt22,v8BDT1tau0l_refactorAndBtagNameFix,112,0.2888460159301758,56,0.017732620239257812,168,0.3065786361694336,/publicfs/cms/user/huahuil/tauOfTTTT_NanoAOD/forMVA/2016preVFP/v1baselineHadroBtagWeightAdded_JESDown_FlavorPureGluon_AK4PFchs_v94HadroPreJetVetoHemOnly_JESPt22/mc/variableHists_v8BDT1tau0l_refactorAndBtagNameFix
2016preVFP,v1baselineHadroBtagWeightAdded_JESup_FlavorQCD_AK4PFchs_v94HadroPreJetVetoHemOnly_JESPt22,v0BDT1tau0l,112,0.28430938720703125,56,0.015863418579101562,168,0.3001728057861328,/publicfs/cms/user/huahuil/tauOfTTTT_NanoAOD/forMVA/2016preVFP/v1baselineHadroBtagWeightAdded_JESup_FlavorQCD_AK4PFchs_v94HadroPreJetVetoHemOnly_JESPt22/mc/variableHists_v0BDT1tau0l
2016preVFP,v1baselineHadroBtagWeightAdded_JESup_FlavorQCD_AK4PFchs_v94HadroPreJetVetoHemOnly_JESPt22,v0BDT1tau1lV16,112,0.26877498626708984,56,0.016023635864257812,168,0.28479862213134766,/publicfs/cms/user/huahuil/tauOfTTTT_NanoAOD/forMVA/2016preVFP/v1baselineHadroBtagWeightAdded_JESup_FlavorQCD_AK4PFchs_v94HadroPreJetVetoHemOnly_JESPt22/mc/variableHists_v0BDT1tau1lV16
2016preVFP,v1baselineHadroBtagWeightAdded_JESup_FlavorQCD_AK4PFchs_v94HadroPreJetVetoHemOnly_JESPt22,v0BDT1tau1lAddMCFakeTV3,112,0.3027944564819336,56,0.016504287719726562,168,0.31929874420166016,/publicfs/cms/user/huahuil/tauOfTTTT_NanoAOD/forMVA/2016preVFP/v1baselineHadroBtagWeightAdded_JESup_FlavorQCD_AK4PFchs_v94HadroPreJetVetoHemOnly_JESPt22/mc/variableHists_v0BDT1tau1lAddMCFakeTV3
2016preVFP,v1baselineHadroBtagWeightAdded_JESup_FlavorQCD_AK4PFchs_v94HadroPreJetVetoHemOnly_JESPt22,v0BDT1tau0lV16,112,0.2844686508178711,56,0.016023635864257812,168,0.3004922866821289,/publicfs/cms/user/huahuil/tauOfTTTT_NanoAOD/forMVA/2016preVFP/v1baselineHadroBtagWeightAdded_JESup_FlavorQCD_AK4PFchs_v94HadroPreJetVetoHemOnly_JESPt22/mc/variableHists_v0BDT1tau0lV16
2016preVFP,v1baselineHadroBtagWeightAdded_JESDown_RelativePtBB_AK4PFchs_v94HadroPreJetVetoHemOnly_JESPt22,v8BDT1tau0l_refactorAndBtagNameFix,112,0.28853416442871094,56,0.017572402954101562,168,0.3061065673828125,/publicfs/cms/user/huahuil/tauOfTTTT_NanoAOD/forMVA/2016preVFP/v1baselineHadroBtagWeightAdded_JESDown_RelativePtBB_AK4PFchs_v94HadroPreJetVetoHemOnly_JESPt22/mc/variableHists_v8BDT1tau0l_refactorAndBtagNameFix
2016preVFP,v1baselineHadroBtagWeightAdded_v94HadroPreJetVetoHemOnly_JERDown,v8BDT1tau0l_refactorAndBtagNameFix,112,0.28532981872558594,56,0.015970230102539062,168,0.301300048828125,/publicfs/cms/user/huahuil/tauOfTTTT_NanoAOD/forMVA/2016preVFP/v1baselineHadroBtagWeightAdded_v94HadroPreJetVetoHemOnly_JERDown/mc/variableHists_v8BDT1tau0l_refactorAndBtagNameFix
2016preVFP,v1baselineHadroBtagWeightAdded_v94HadroPreJetVetoHemOnly_TESdm11Up,v8BDT1tau0l_refactorAndBtagNameFix,112,0.285552978515625,56,0.016077041625976562,168,0.30163002014160156,/publicfs/cms/user/huahuil/tauOfTTTT_NanoAOD/forMVA/2016preVFP/v1baselineHadroBtagWeightAdded_v94HadroPreJetVetoHemOnly_TESdm11Up/mc/variableHists_v8BDT1tau0l_refactorAndBtagNameFix
2016preVFP,v1baselineHadroBtagWeightAdded_JESup_PileUpPtRef_AK4PFchs_v94HadroPreJetVetoHemOnly_JESPt22,v8BDT1tau0l_refactorAndBtagNameFix,112,0.28820228576660156,56,0.017412185668945312,168,0.3056144714355469,/publicfs/cms/user/huahuil/tauOfTTTT_NanoAOD/forMVA/2016preVFP/v1baselineHadroBtagWeightAdded_JESup_PileUpPtRef_AK4PFchs_v94HadroPreJetVetoHemOnly_JESPt22/mc/variableHists_v8BDT1tau0l_refactorAndBtagNameFix
2016preVFP,v1baselineHadroBtagWeightAdded_JESDown_PileUpPtHF_AK4PFchs_v94HadroPreJetVetoHemOnly_JESPt22,v8BDT1tau0l_refactorAndBtagNameFix,112,0.2883129119873047,56,0.017465591430664062,168,0.30577850341796875,/publicfs/cms/user/huahuil/tauOfTTTT_NanoAOD/forMVA/2016preVFP/v1baselineHadroBtagWeightAdded_JESDown_PileUpPtHF_AK4PFchs_v94HadroPreJetVetoHemOnly_JESPt22/mc/variableHists_v8BDT1tau0l_refactorAndBtagNameFix
2016preVFP,v1baselineHadroBtagWeightAdded_JESDown_AbsoluteScale_AK4PFchs_v94HadroPreJetVetoHemOnly_JESPt22,v8BDT1tau0l_refactorAndBtagNameFix,112,0.2886362075805664,56,0.017625808715820312,168,0.3062620162963867,/publicfs/cms/user/huahuil/tauOfTTTT_NanoAOD/forMVA/2016preVFP/v1baselineHadroBtagWeightAdded_JESDown_AbsoluteScale_AK4PFchs_v94HadroPreJetVetoHemOnly_JESPt22/mc/variableHists_v8BDT1tau0l_refactorAndBtagNameFix
2016preVFP,v1baselineHadroBtagWeightAdded_JESDown_AbsoluteStat_AK4PFchs_v94HadroPreJetVetoHemOnly_JESPt22,v8BDT1tau0l_refactorAndBtagNameFix,112,0.2885322570800781,56,0.017572402954101562,168,0.3061046600341797,/publicfs/cms/user/huahuil/tauOfTTTT_NanoAOD/forMVA/2016preVFP/v1baselineHadroBtagWeightAdded_JESDown_AbsoluteStat_AK4PFchs_v94HadroPreJetVetoHemOnly_JESPt22/mc/variableHists_v8BDT1tau0l_refactorAndBtagNameFix
2016preVFP,v1baselineHadroBtagWeightAdded_JESup_RelativeFSR_AK4PFchs_v94HadroPreJetVetoHemOnly_JESPt22,v0BDT1tau0l,112,0.2845125198364258,56,0.015970230102539062,168,0.30048274993896484,/publicfs/cms/user/huahuil/tauOfTTTT_NanoAOD/forMVA/2016preVFP/v1baselineHadroBtagWeightAdded_JESup_RelativeFSR_AK4PFchs_v94HadroPreJetVetoHemOnly_JESPt22/mc/variableHists_v0BDT1tau0l
2016preVFP,v1baselineHadroBtagWeightAdded_JESup_RelativeFSR_AK4PFchs_v94HadroPreJetVetoHemOnly_JESPt22,v3BDT1tau1lV18_fakeTauDataDriven,112,0.30626392364501953,56,0.017091751098632812,168,0.32335567474365234,/publicfs/cms/user/huahuil/tauOfTTTT_NanoAOD/forMVA/2016preVFP/v1baselineHadroBtagWeightAdded_JESup_RelativeFSR_AK4PFchs_v94HadroPreJetVetoHemOnly_JESPt22/mc/variableHists_v3BDT1tau1lV18_fakeTauDataDriven
2016preVFP,v1baselineHadroBtagWeightAdded_JESup_RelativeFSR_AK4PFchs_v94HadroPreJetVetoHemOnly_JESPt22,v0BDT1tau1lV16,112,0.2689962387084961,56,0.016130447387695312,168,0.2851266860961914,/publicfs/cms/user/huahuil/tauOfTTTT_NanoAOD/forMVA/2016preVFP/v1baselineHadroBtagWeightAdded_JESup_RelativeFSR_AK4PFchs_v94HadroPreJetVetoHemOnly_JESPt22/mc/variableHists_v0BDT1tau1lV16
2016preVFP,v1baselineHadroBtagWeightAdded_JESup_RelativeFSR_AK4PFchs_v94HadroPreJetVetoHemOnly_JESPt22,v0BDT1tau1lV17,112,0.30536746978759766,56,0.016130447387695312,168,0.32149791717529297,/publicfs/cms/user/huahuil/tauOfTTTT_NanoAOD/forMVA/2016preVFP/v1baselineHadroBtagWeightAdded_JESup_RelativeFSR_AK4PFchs_v94HadroPreJetVetoHemOnly_JESPt22/mc/variableHists_v0BDT1tau1lV17
2016preVFP,v1baselineHadroBtagWeightAdded_JESup_RelativeFSR_AK4PFchs_v94HadroPreJetVetoHemOnly_JESPt22,v0BDT1tau0lV17,112,0.287506103515625,56,0.016130447387695312,168,0.3036365509033203,/publicfs/cms/user/huahuil/tauOfTTTT_NanoAOD/forMVA/2016preVFP/v1baselineHadroBtagWeightAdded_JESup_RelativeFSR_AK4PFchs_v94HadroPreJetVetoHemOnly_JESPt22/mc/variableHists_v0BDT1tau0lV17
2016preVFP,v1baselineHadroBtagWeightAdded_JESup_RelativeFSR_AK4PFchs_v94HadroPreJetVetoHemOnly_JESPt22,v0BDT1tau1lAddMCFakeTV3,112,0.30301570892333984,56,0.016611099243164062,168,0.3196268081665039,/publicfs/cms/user/huahuil/tauOfTTTT_NanoAOD/forMVA/2016preVFP/v1baselineHadroBtagWeightAdded_JESup_RelativeFSR_AK4PFchs_v94HadroPreJetVetoHemOnly_JESPt22/mc/variableHists_v0BDT1tau1lAddMCFakeTV3
2016preVFP,v1baselineHadroBtagWeightAdded_JESup_RelativeFSR_AK4PFchs_v94HadroPreJetVetoHemOnly_JESPt22,v8BDT1tau0l_refactorAndBtagNameFix,112,0.28820037841796875,56,0.017412185668945312,168,0.30561256408691406,/publicfs/cms/user/huahuil/tauOfTTTT_NanoAOD/forMVA/2016preVFP/v1baselineHadroBtagWeightAdded_JESup_RelativeFSR_AK4PFchs_v94HadroPreJetVetoHemOnly_JESPt22/mc/variableHists_v8BDT1tau0l_refactorAndBtagNameFix
2016preVFP,v1baselineHadroBtagWeightAdded_JESup_RelativeFSR_AK4PFchs_v94HadroPreJetVetoHemOnly_JESPt22,v0BDT1tau0lV16,112,0.28467273712158203,56,0.016130447387695312,168,0.30080318450927734,/publicfs/cms/user/huahuil/tauOfTTTT_NanoAOD/forMVA/2016preVFP/v1baselineHadroBtagWeightAdded_JESup_RelativeFSR_AK4PFchs_v94HadroPreJetVetoHemOnly_JESPt22/mc/variableHists_v0BDT1tau0lV16
2016preVFP,v1baselineHadroBtagWeightAdded_JESup_RelativeFSR_AK4PFchs_v94HadroPreJetVetoHemOnly_JESPt22,v5BDT1tau0l_tauFMorphFix,112,0.2880401611328125,56,0.016664505004882812,168,0.3047046661376953,/publicfs/cms/user/huahuil/tauOfTTTT_NanoAOD/forMVA/2016preVFP/v1baselineHadroBtagWeightAdded_JESup_RelativeFSR_AK4PFchs_v94HadroPreJetVetoHemOnly_JESPt22/mc/variableHists_v5BDT1tau0l_tauFMorphFix
2016preVFP,v1baselineHadroBtagWeightAdded_JESup_FlavorPureBottom_AK4PFchs_v94HadroPreJetVetoHemOnly_JESPt22,v3BDT1tau1lV18_fakeTauDataDriven,112,0.30679988861083984,56,0.017358779907226562,168,0.3241586685180664,/publicfs/cms/user/huahuil/tauOfTTTT_NanoAOD/forMVA/2016preVFP/v1baselineHadroBtagWeightAdded_JESup_FlavorPureBottom_AK4PFchs_v94HadroPreJetVetoHemOnly_JESPt22/mc/variableHists_v3BDT1tau1lV18_fakeTauDataDriven
2016preVFP,v1baselineHadroBtagWeightAdded_JESup_FlavorPureBottom_AK4PFchs_v94HadroPreJetVetoHemOnly_JESPt22,v0BDT1tau1lV17,112,0.3059043884277344,56,0.016397476196289062,168,0.32230186462402344,/publicfs/cms/user/huahuil/tauOfTTTT_NanoAOD/forMVA/2016preVFP/v1baselineHadroBtagWeightAdded_JESup_FlavorPureBottom_AK4PFchs_v94HadroPreJetVetoHemOnly_JESPt22/mc/variableHists_v0BDT1tau1lV17
2016preVFP,v1baselineHadroBtagWeightAdded_JESup_FlavorPureBottom_AK4PFchs_v94HadroPreJetVetoHemOnly_JESPt22,v0BDT1tau0lV17,112,0.2880516052246094,56,0.016397476196289062,168,0.30444908142089844,/publicfs/cms/user/huahuil/tauOfTTTT_NanoAOD/forMVA/2016preVFP/v1baselineHadroBtagWeightAdded_JESup_FlavorPureBottom_AK4PFchs_v94HadroPreJetVetoHemOnly_JESPt22/mc/variableHists_v0BDT1tau0lV17
2016preVFP,v1baselineHadroBtagWeightAdded_JESup_FlavorPureBottom_AK4PFchs_v94HadroPreJetVetoHemOnly_JESPt22,v8BDT1tau0l_refactorAndBtagNameFix,112,0.2887458801269531,56,0.017679214477539062,168,0.3064250946044922,/publicfs/cms/user/huahuil/tauOfTTTT_NanoAOD/forMVA/2016preVFP/v1baselineHadroBtagWeightAdded_JESup_FlavorPureBottom_AK4PFchs_v94HadroPreJetVetoHemOnly_JESPt22/mc/variableHists_v8BDT1tau0l_refactorAndBtagNameFix
2016preVFP,v1baselineHadroBtagWeightAdded_JESup_FlavorPureBottom_AK4PFchs_v94HadroPreJetVetoHemOnly_JESPt22,v5BDT1tau0l_tauFMorphFix,112,0.2885856628417969,56,0.016931533813476562,168,0.30551719665527344,/publicfs/cms/user/huahuil/tauOfTTTT_NanoAOD/forMVA/2016preVFP/v1baselineHadroBtagWeightAdded_JESup_FlavorPureBottom_AK4PFchs_v94HadroPreJetVetoHemOnly_JESPt22/mc/variableHists_v5BDT1tau0l_tauFMorphFix
2016preVFP,v1baselineHadroBtagWeightAdded_v94HadroPreJetVetoHemOnly_TESdm11Down,v8BDT1tau0l_refactorAndBtagNameFix,112,0.2857484817504883,56,0.016183853149414062,168,0.30193233489990234,/publicfs/cms/user/huahuil/tauOfTTTT_NanoAOD/forMVA/2016preVFP/v1baselineHadroBtagWeightAdded_v94HadroPreJetVetoHemOnly_TESdm11Down/mc/variableHists_v8BDT1tau0l_refactorAndBtagNameFix
2016preVFP,v1baselineHadroBtagWeightAdded_v94HadroPreJetVetoHemOnly_METUp,v8BDT1tau0l_refactorAndBtagNameFix,112,0.28061389923095703,56,0.015863418579101562,168,0.2964773178100586,/publicfs/cms/user/huahuil/tauOfTTTT_NanoAOD/forMVA/2016preVFP/v1baselineHadroBtagWeightAdded_v94HadroPreJetVetoHemOnly_METUp/mc/variableHists_v8BDT1tau0l_refactorAndBtagNameFix
2016preVFP,v1baselineHadroBtagWeightAdded_v94HadroPreJetVetoHemOnly_TESdm10Down,v8BDT1tau0l_refactorAndBtagNameFix,112,0.2857503890991211,56,0.016183853149414062,168,0.30193424224853516,/publicfs/cms/user/huahuil/tauOfTTTT_NanoAOD/forMVA/2016preVFP/v1baselineHadroBtagWeightAdded_v94HadroPreJetVetoHemOnly_TESdm10Down/mc/variableHists_v8BDT1tau0l_refactorAndBtagNameFix
2016preVFP,v1baselineHadroBtagWeightAdded_JESDown_Fragmentation_AK4PFchs_v94HadroPreJetVetoHemOnly_JESPt22,v8BDT1tau0l_refactorAndBtagNameFix,112,0.2886390686035156,56,0.017625808715820312,168,0.30626487731933594,/publicfs/cms/user/huahuil/tauOfTTTT_NanoAOD/forMVA/2016preVFP/v1baselineHadroBtagWeightAdded_JESDown_Fragmentation_AK4PFchs_v94HadroPreJetVetoHemOnly_JESPt22/mc/variableHists_v8BDT1tau0l_refactorAndBtagNameFix
2016preVFP,v1baselineHadroBtagWeightAdded_JESup_RelativePtEC1_AK4PFchs_v94HadroPreJetVetoHemOnly_JESPt22,v0BDT1tau0l,112,0.2847318649291992,56,0.016077041625976562,168,0.3008089065551758,/publicfs/cms/user/huahuil/tauOfTTTT_NanoAOD/forMVA/2016preVFP/v1baselineHadroBtagWeightAdded_JESup_RelativePtEC1_AK4PFchs_v94HadroPreJetVetoHemOnly_JESPt22/mc/variableHists_v0BDT1tau0l
2016preVFP,v1baselineHadroBtagWeightAdded_JESup_RelativePtEC1_AK4PFchs_v94HadroPreJetVetoHemOnly_JESPt22,v3BDT1tau1lV18_fakeTauDataDriven,112,0.3064727783203125,56,0.017198562622070312,168,0.3236713409423828,/publicfs/cms/user/huahuil/tauOfTTTT_NanoAOD/forMVA/2016preVFP/v1baselineHadroBtagWeightAdded_JESup_RelativePtEC1_AK4PFchs_v94HadroPreJetVetoHemOnly_JESPt22/mc/variableHists_v3BDT1tau1lV18_fakeTauDataDriven
2016preVFP,v1baselineHadroBtagWeightAdded_JESup_RelativePtEC1_AK4PFchs_v94HadroPreJetVetoHemOnly_JESPt22,v0BDT1tau1lV16,112,0.26920413970947266,56,0.016237258911132812,168,0.28544139862060547,/publicfs/cms/user/huahuil/tauOfTTTT_NanoAOD/forMVA/2016preVFP/v1baselineHadroBtagWeightAdded_JESup_RelativePtEC1_AK4PFchs_v94HadroPreJetVetoHemOnly_JESPt22/mc/variableHists_v0BDT1tau1lV16
2016preVFP,v1baselineHadroBtagWeightAdded_JESup_RelativePtEC1_AK4PFchs_v94HadroPreJetVetoHemOnly_JESPt22,v0BDT1tau1lV17,112,0.3055744171142578,56,0.016237258911132812,168,0.3218116760253906,/publicfs/cms/user/huahuil/tauOfTTTT_NanoAOD/forMVA/2016preVFP/v1baselineHadroBtagWeightAdded_JESup_RelativePtEC1_AK4PFchs_v94HadroPreJetVetoHemOnly_JESPt22/mc/variableHists_v0BDT1tau1lV17
2016preVFP,v1baselineHadroBtagWeightAdded_JESup_RelativePtEC1_AK4PFchs_v94HadroPreJetVetoHemOnly_JESPt22,v0BDT1tau0lV17,112,0.2877235412597656,56,0.016237258911132812,168,0.30396080017089844,/publicfs/cms/user/huahuil/tauOfTTTT_NanoAOD/forMVA/2016preVFP/v1baselineHadroBtagWeightAdded_JESup_RelativePtEC1_AK4PFchs_v94HadroPreJetVetoHemOnly_JESPt22/mc/variableHists_v0BDT1tau0lV17
2016preVFP,v1baselineHadroBtagWeightAdded_JESup_RelativePtEC1_AK4PFchs_v94HadroPreJetVetoHemOnly_JESPt22,v0BDT1tau1lAddMCFakeTV3,112,0.3032236099243164,56,0.016717910766601562,168,0.31994152069091797,/publicfs/cms/user/huahuil/tauOfTTTT_NanoAOD/forMVA/2016preVFP/v1baselineHadroBtagWeightAdded_JESup_RelativePtEC1_AK4PFchs_v94HadroPreJetVetoHemOnly_JESPt22/mc/variableHists_v0BDT1tau1lAddMCFakeTV3
2016preVFP,v1baselineHadroBtagWeightAdded_JESup_RelativePtEC1_AK4PFchs_v94HadroPreJetVetoHemOnly_JESPt22,v8BDT1tau0l_refactorAndBtagNameFix,112,0.2884178161621094,56,0.017518997192382812,168,0.3059368133544922,/publicfs/cms/user/huahuil/tauOfTTTT_NanoAOD/forMVA/2016preVFP/v1baselineHadroBtagWeightAdded_JESup_RelativePtEC1_AK4PFchs_v94HadroPreJetVetoHemOnly_JESPt22/mc/variableHists_v8BDT1tau0l_refactorAndBtagNameFix
2016preVFP,v1baselineHadroBtagWeightAdded_JESup_RelativePtEC1_AK4PFchs_v94HadroPreJetVetoHemOnly_JESPt22,v0BDT1tau0lV16,112,0.28489112854003906,56,0.016237258911132812,168,0.3011283874511719,/publicfs/cms/user/huahuil/tauOfTTTT_NanoAOD/forMVA/2016preVFP/v1baselineHadroBtagWeightAdded_JESup_RelativePtEC1_AK4PFchs_v94HadroPreJetVetoHemOnly_JESPt22/mc/variableHists_v0BDT1tau0lV16
2016preVFP,v1baselineHadroBtagWeightAdded_JESup_RelativePtEC1_AK4PFchs_v94HadroPreJetVetoHemOnly_JESPt22,v5BDT1tau0l_tauFMorphFix,112,0.28825855255126953,56,0.016771316528320312,168,0.30502986907958984,/publicfs/cms/user/huahuil/tauOfTTTT_NanoAOD/forMVA/2016preVFP/v1baselineHadroBtagWeightAdded_JESup_RelativePtEC1_AK4PFchs_v94HadroPreJetVetoHemOnly_JESPt22/mc/variableHists_v5BDT1tau0l_tauFMorphFix
2018,v0baselineHardro_v86HadroPreSelWithTTWTTZNLO,v0BDT1tau0l,164,0.2674140930175781,0,0,164,0.2674140930175781,/publicfs/cms/user/huahuil/tauOfTTTT_NanoAOD/forMVA/2018/v0baselineHardro_v86HadroPreSelWithTTWTTZNLO/mc/variableHists_v0BDT1tau0l
2018,v0baselineHardro_v86HadroPreSelWithTTWTTZNLO,v2BDT1tau0lBinC,164,5.343628883361816,0,0,164,5.343628883361816,/publicfs/cms/user/huahuil/tauOfTTTT_NanoAOD/forMVA/2018/v0baselineHardro_v86HadroPreSelWithTTWTTZNLO/mc/variableHists_v2BDT1tau0lBinC
2018,v0baselineHardro_v86HadroPreSelWithTTWTTZNLO,v1BDT1tau0lEvenBin,164,0.2679615020751953,0,0,164,0.2679615020751953,/publicfs/cms/user/huahuil/tauOfTTTT_NanoAOD/forMVA/2018/v0baselineHardro_v86HadroPreSelWithTTWTTZNLO/mc/variableHists_v1BDT1tau0lEvenBin
2018,v0baselineHardro_v86HadroPreSelWithTTWTTZNLO,v0BDT1tau1l,164,4.300021171569824,0,0,164,4.300021171569824,/publicfs/cms/user/huahuil/tauOfTTTT_NanoAOD/forMVA/2018/v0baselineHardro_v86HadroPreSelWithTTWTTZNLO/mc/variableHists_v0BDT1tau1l
2016postVFP,v0baseline_v17NoSelection,v1forCutFlow,164,0.3325796127319336,0,0,164,0.3325796127319336,/publicfs/cms/user/huahuil/tauOfTTTT_NanoAOD/forMVA/2016postVFP/v0baseline_v17NoSelection/mc/variableHists_v1forCutFlow
2016postVFP,v0baseline_v17NoSelection,v0forCutFlow,164,0.32521533966064453,0,0,164,0.32521533966064453,/publicfs/cms/user/huahuil/tauOfTTTT_NanoAOD/forMVA/2016postVFP/v0baseline_v17NoSelection/mc/variableHists_v0forCutFlow
2018,v0baselineHardro_v88PSWeightFixedHadroPre,v1dataMC_allCorrectionNotFakeTau,162,0.2245159149169922,0,0,162,0.2245159149169922,/publicfs/cms/user/huahuil/tauOfTTTT_NanoAOD/forMVA/2018/v0baselineHardro_v88PSWeightFixedHadroPre/mc/variableHists_v1dataMC_allCorrectionNotFakeTau
2018,v0baselineHardro_v88PSWeightFixedHadroPre,v0FRMeasure,162,0.5530967712402344,0,0,162,0.5530967712402344,/publicfs/cms/user/huahuil/tauOfTTTT_NanoAOD/forMVA/2018/v0baselineHardro_v88PSWeightFixedHadroPre/mc/variableHists_v0FRMeasure
2018,v0baselineHardro_v88PSWeightFixedHadroPre,v0dataMC_allCorrection,162,0.23393630981445312,0,0,162,0.23393630981445312,/publicfs/cms/user/huahuil/tauOfTTTT_NanoAOD/forMVA/2018/v0baselineHardro_v88PSWeightFixedHadroPre/mc/variableHists_v0dataMC_allCorrection
2018,v0baselineHardro_v88PSWeightFixedHadroPre,v0dataMC_allCorrectionFakeTau,162,0.29395008087158203,0,0,162,0.29395008087158203,/publicfs/cms/user/huahuil/tauOfTTTT_NanoAOD/forMVA/2018/v0baselineHardro_v88PSWeightFixedHadroPre/mc/variableHists_v0dataMC_allCorrectionFakeTau
2018,v0baselineHardro_v88PSWeightFixedHadroPre,v1dataMC_allbutHLT,162,0.22471904754638672,0,0,162,0.22471904754638672,/publicfs/cms/user/huahuil/tauOfTTTT_NanoAOD/forMVA/2018/v0baselineHardro_v88PSWeightFixedHadroPre/mc/variableHists_v1dataMC_allbutHLT
2017,v0baselineHardro_v88PSWeightFixedHadroPre,v1dataMC_allCorrectionNotFakeTau,162,0.22412109375,0,0,162,0.22412109375,/publicfs/cms/user/huahuil/tauOfTTTT_NanoAOD/forMVA/2017/v0baselineHardro_v88PSWeightFixedHadroPre/mc/variableHists_v1dataMC_allCorrectionNotFakeTau
2017,v0baselineHardro_v88PSWeightFixedHadroPre,v0dataMC_allCorrectionFakeTau,162,0.23802566528320312,0,0,162,0.23802566528320312,/publicfs/cms/user/huahuil/tauOfTTTT_NanoAOD/forMVA/2017/v0baselineHardro_v88PSWeightFixedHadroPre/mc/variableHists_v0dataMC_allCorrectionFakeTau
2017,v0baselineHardro_v88PSWeightFixedHadroPre,v0BDT1tau1l,162,4.582740783691406,0,0,162,4.582740783691406,/publicfs/cms/user/huahuil/tauOfTTTT_NanoAOD/forMVA/2017/v0baselineHardro_v88PSWeightFixedHadroPre/mc/variableHists_v0BDT1tau1l
2016preVFP,v0baselineHardro_v88PSWeightFixedHadroPre,v1dataMC_allCorrectionNotFakeTau,162,0.22579669952392578,0,0,162,0.22579669952392578,/publicfs/cms/user/huahuil/tauOfTTTT_NanoAOD/forMVA/2016preVFP/v0baselineHardro_v88PSWeightFixedHadroPre/mc/variableHists_v1dataMC_allCorrectionNotFakeTau
2016preVFP,v0baselineHardro_v88PSWeightFixedHadroPre,v0FRMeasure,162,0.5498065948486328,0,0,162,0.5498065948486328,/publicfs/cms/user/huahuil/tauOfTTTT_NanoAOD/forMVA/2016preVFP/v0baselineHardro_v88PSWeightFixedHadroPre/mc/variableHists_v0FRMeasure
2016preVFP,v0baselineHardro_v88PSWeightFixedHadroPre,v0dataMC_allCorrectionFakeTau,162,0.24015045166015625,0,0,162,0.24015045166015625,/publicfs/cms/user/huahuil/tauOfTTTT_NanoAOD/forMVA/2016preVFP/v0baselineHardro_v88PSWeightFixedHadroPre/mc/variableHists_v0dataMC_allCorrectionFakeTau
2016postVFP,v0baselineHardro_v88PSWeightFixedHadroPre,v1dataMC_allCorrectionNotFakeTau,160,0.23073863983154297,0,0,160,0.23073863983154297,/publicfs/cms/user/huahuil/tauOfTTTT_NanoAOD/forMVA/2016postVFP/v0baselineHardro_v88PSWeightFixedHadroPre/mc/variableHists_v1dataMC_allCorrectionNotFakeTau
2016postVFP,v0baselineHardro_v88PSWeightFixedHadroPre,v0dataMC_allCorrectionFakeTau,160,0.24512672424316406,0,0,160,0.24512672424316406,/publicfs/cms/user/huahuil/tauOfTTTT_NanoAOD/forMVA/2016postVFP/v0baselineHardro_v88PSWeightFixedHadroPre/mc/variableHists_v0dataMC_allCorrectionFakeTau
2018,v0baselineLep_v84Pre1tau2lLepF2,v1BDT1tau2lBinB,152,1.307382583618164,0,0,152,1.307382583618164,/publicfs/cms/user/huahuil/tauOfTTTT_NanoAOD/forMVA/2018/v0baselineLep_v84Pre1tau2lLepF2/mc/variableHists_v1BDT1tau2lBinB
2018,v0baselineLep_v84Pre1tau2lLepF2,v0BDT1tau2l,152,1.307093620300293,0,0,152,1.307093620300293,/publicfs/cms/user/huahuil/tauOfTTTT_NanoAOD/forMVA/2018/v0baselineLep_v84Pre1tau2lLepF2/mc/variableHists_v0BDT1tau2l
2018,v0baselineLep_v84Pre1tau2lLepF2,v1BDT1tau2lEvenBin,152,1.307600975036621,0,0,152,1.307600975036621,/publicfs/cms/user/huahuil/tauOfTTTT_NanoAOD/forMVA/2018/v0baselineLep_v84Pre1tau2lLepF2/mc/variableHists_v1BDT1tau2lEvenBin
2018,v0baselineLep_v84Pre1tau2lLepF2,v1dataMC_allbutHLTFakeLepton,152,0.19007587432861328,0,0,152,0.19007587432861328,/publicfs/cms/user/huahuil/tauOfTTTT_NanoAOD/forMVA/2018/v0baselineLep_v84Pre1tau2lLepF2/mc/variableHists_v1dataMC_allbutHLTFakeLepton
2018,v0baselineLep_v84Pre1tau2lLepF2,v1BDT1tau2lBinA,152,1.3073844909667969,0,0,152,1.3073844909667969,/publicfs/cms/user/huahuil/tauOfTTTT_NanoAOD/forMVA/2018/v0baselineLep_v84Pre1tau2lLepF2/mc/variableHists_v1BDT1tau2lBinA
2018,v0baseline1tau2lNotLepCut_v84Pre1tau2lNoLepCut,v1dataMC_allbutHLTFakeLeptonNoLepCut,152,0.21334075927734375,0,0,152,0.21334075927734375,/publicfs/cms/user/huahuil/tauOfTTTT_NanoAOD/forMVA/2018/v0baseline1tau2lNotLepCut_v84Pre1tau2lNoLepCut/mc/variableHists_v1dataMC_allbutHLTFakeLeptonNoLepCut
2017,v0baselineHardro_v86HadroPreSelWithTTWTTZNLO,v0FRMeasure,152,104.19461250305176,0,0,152,104.19461250305176,/publicfs/cms/user/huahuil/tauOfTTTT_NanoAOD/forMVA/2017/v0baselineHardro_v86HadroPreSelWithTTWTTZNLO/mc/variableHists_v0FRMeasure
2018,v1baseline1tau2l_noLepCut_v83for1tau2lEleEtaCut,v2dataMC_allbutHLTAddTestReg,150,0.20958518981933594,0,0,150,0.20958518981933594,/publicfs/cms/user/huahuil/tauOfTTTT_NanoAOD/forMVA/2018/v1baseline1tau2l_noLepCut_v83for1tau2lEleEtaCut/mc/variableHists_v2dataMC_allbutHLTAddTestReg
2018,v1baseline1tau2l_noLepCut_v83for1tau2lEleEtaCut,v2dataMC_allbutHLT,150,0.16550254821777344,0,0,150,0.16550254821777344,/publicfs/cms/user/huahuil/tauOfTTTT_NanoAOD/forMVA/2018/v1baseline1tau2l_noLepCut_v83for1tau2lEleEtaCut/mc/variableHists_v2dataMC_allbutHLT
2018,v0baselineHardro_v88PSWeightFixedHadroPre,v0BDT1tau0l,150,5.2424516677856445,0,0,150,5.2424516677856445,/publicfs/cms/user/huahuil/tauOfTTTT_NanoAOD/forMVA/2018/v0baselineHardro_v88PSWeightFixedHadroPre/mc/variableHists_v0BDT1tau0l
2018,v1baseline1tau2l_noTauCut_v82for1tau2l,v0dataMC_genWeight,150,0.17243576049804688,0,0,150,0.17243576049804688,/publicfs/cms/user/huahuil/tauOfTTTT_NanoAOD/forMVA/2018/v1baseline1tau2l_noTauCut_v82for1tau2l/mc/variableHists_v0dataMC_genWeight
2018,v1baseline1tau2l_noTauCut_v82for1tau2l,v1dataMC_allbutHLT,150,0.1774129867553711,0,0,150,0.1774129867553711,/publicfs/cms/user/huahuil/tauOfTTTT_NanoAOD/forMVA/2018/v1baseline1tau2l_noTauCut_v82for1tau2l/mc/variableHists_v1dataMC_allbutHLT
2018,v1baseline1tau2l_noTauCut_v82for1tau2l,v2dataMC_allbutHLT,150,0.1774129867553711,0,0,150,0.1774129867553711,/publicfs/cms/user/huahuil/tauOfTTTT_NanoAOD/forMVA/2018/v1baseline1tau2l_noTauCut_v82for1tau2l/mc/variableHists_v2dataMC_allbutHLT
2018,v0baseline1tau2l_v82for1tau2l,v1dataMC_allbutHLT,150,0.161407470703125,0,0,150,0.161407470703125,/publicfs/cms/user/huahuil/tauOfTTTT_NanoAOD/forMVA/2018/v0baseline1tau2l_v82for1tau2l/mc/variableHists_v1dataMC_allbutHLT
2016postVFP,v0baselineHardro_v86HadroPreSelWithTTWTTZNLO,v0FRMeasure,148,0.5091714859008789,0,0,148,0.5091714859008789,/publicfs/cms/user/huahuil/tauOfTTTT_NanoAOD/forMVA/2016postVFP/v0baselineHardro_v86HadroPreSelWithTTWTTZNLO/mc/variableHists_v0FRMeasure
2017,v0baselineHardro_v88PSWeightFixedHadroPre,v0BDT1tau0l,148,5.174770355224609,0,0,148,5.174770355224609,/publicfs/cms/user/huahuil/tauOfTTTT_NanoAOD/forMVA/2017/v0baselineHardro_v88PSWeightFixedHadroPre/mc/variableHists_v0BDT1tau0l
2016preVFP,v0baselineHardro_v88PSWeightFixedHadroPre,v0BDT1tau0l,146,5.268948554992676,0,0,146,5.268948554992676,/publicfs/cms/user/huahuil/tauOfTTTT_NanoAOD/forMVA/2016preVFP/v0baselineHardro_v88PSWeightFixedHadroPre/mc/variableHists_v0BDT1tau0l
2016preVFP,v0baselineHardro_v88PSWeightFixedHadroPre,v0BDT1tau1l,146,4.29898738861084,0,0,146,4.29898738861084,/publicfs/cms/user/huahuil/tauOfTTTT_NanoAOD/forMVA/2016preVFP/v0baselineHardro_v88PSWeightFixedHadroPre/mc/variableHists_v0BDT1tau1l
2016preVFP,v0baselineHardro_v86HadroPreSelWithTTWTTZNLO,v0FRMeasure,144,0.4919462203979492,0,0,144,0.4919462203979492,/publicfs/cms/user/huahuil/tauOfTTTT_NanoAOD/forMVA/2016preVFP/v0baselineHardro_v86HadroPreSelWithTTWTTZNLO/mc/variableHists_v0FRMeasure
2018,v0baselineLep_v86LepPreSel,v0BDT1tau2l,142,1.9619903564453125,0,0,142,1.9619903564453125,/publicfs/cms/user/huahuil/tauOfTTTT_NanoAOD/forMVA/2018/v0baselineLep_v86LepPreSel/mc/variableHists_v0BDT1tau2l
2018,v0baselineLep_v87LepPreSel_GammaRemovalBugFixed,v0BDT1tau2l,142,1.9674854278564453,0,0,142,1.9674854278564453,/publicfs/cms/user/huahuil/tauOfTTTT_NanoAOD/forMVA/2018/v0baselineLep_v87LepPreSel_GammaRemovalBugFixed/mc/variableHists_v0BDT1tau2l
2018,v0baselineLep_v87addPdfPSWeightSum,v0BDT1tau2l,142,2.0399084091186523,0,0,142,2.0399084091186523,/publicfs/cms/user/huahuil/tauOfTTTT_NanoAOD/forMVA/2018/v0baselineLep_v87addPdfPSWeightSum/mc/variableHists_v0BDT1tau2l
2018,v0baselineLep_v87addPdfPSWeightSum,v0BDT1tau2l_newMCSample,142,2.036309242248535,0,0,142,2.036309242248535,/publicfs/cms/user/huahuil/tauOfTTTT_NanoAOD/forMVA/2018/v0baselineLep_v87addPdfPSWeightSum/mc/variableHists_v0BDT1tau2l_newMCSample
2016postVFP,v0baselineHardro_v88PSWeightFixedHadroPre,v0BDT1tau0l,142,5.246140480041504,0,0,142,5.246140480041504,/publicfs/cms/user/huahuil/tauOfTTTT_NanoAOD/forMVA/2016postVFP/v0baselineHardro_v88PSWeightFixedHadroPre/mc/variableHists_v0BDT1tau0l
2016postVFP,v0baselineHardro_v88PSWeightFixedHadroPre,v0BDT1tau1l,142,4.270999908447266,0,0,142,4.270999908447266,/publicfs/cms/user/huahuil/tauOfTTTT_NanoAOD/forMVA/2016postVFP/v0baselineHardro_v88PSWeightFixedHadroPre/mc/variableHists_v0BDT1tau1l
2016postVFP,v0baselineHardro_v88PSWeightFixedHadroPre,v0FRMeasure,136,0.4737691879272461,0,0,136,0.4737691879272461,/publicfs/cms/user/huahuil/tauOfTTTT_NanoAOD/forMVA/2016postVFP/v0baselineHardro_v88PSWeightFixedHadroPre/mc/variableHists_v0FRMeasure
2018,v0baselineHardro_v84HadroPresel,v0BDT1tau1lBinFv2,134,1.6596088409423828,0,0,134,1.6596088409423828,/publicfs/cms/user/huahuil/tauOfTTTT_NanoAOD/forMVA/2018/v0baselineHardro_v84HadroPresel/mc/variableHists_v0BDT1tau1lBinFv2
2018,v0baselineHardro_v84HadroPresel,v1BDT1tau1lEvenBin,134,1.6290130615234375,0,0,134,1.6290130615234375,/publicfs/cms/user/huahuil/tauOfTTTT_NanoAOD/forMVA/2018/v0baselineHardro_v84HadroPresel/mc/variableHists_v1BDT1tau1lEvenBin
2018,v0baselineHardro_v84HadroPresel,v0dataMC_allCorrectionFakeLepton,134,0.1851797103881836,0,0,134,0.1851797103881836,/publicfs/cms/user/huahuil/tauOfTTTT_NanoAOD/forMVA/2018/v0baselineHardro_v84HadroPresel/mc/variableHists_v0dataMC_allCorrectionFakeLepton
2018,v0baselineHardro_v84HadroPresel,v0BDT1tau1l,134,1.6285667419433594,0,0,134,1.6285667419433594,/publicfs/cms/user/huahuil/tauOfTTTT_NanoAOD/forMVA/2018/v0baselineHardro_v84HadroPresel/mc/variableHists_v0BDT1tau1l
2018,v0baselineHardro_v84HadroPresel,v0BDT1tau1lBinF,134,1.6288213729858398,0,0,134,1.6288213729858398,/publicfs/cms/user/huahuil/tauOfTTTT_NanoAOD/forMVA/2018/v0baselineHardro_v84HadroPresel/mc/variableHists_v0BDT1tau1lBinF
2018,v0baselineHardro_v84HadroPresel,v0BDT1tau1lBinGv2,134,1.6596097946166992,0,0,134,1.6596097946166992,/publicfs/cms/user/huahuil/tauOfTTTT_NanoAOD/forMVA/2018/v0baselineHardro_v84HadroPresel/mc/variableHists_v0BDT1tau1lBinGv2
2018,v0baselineHardro_v85HadroPreselTauOverlap0.5,v0FR_measure1prongNew,130,0.4179677963256836,0,0,130,0.4179677963256836,/publicfs/cms/user/huahuil/tauOfTTTT_NanoAOD/forMVA/2018/v0baselineHardro_v85HadroPreselTauOverlap0.5/mc/variableHists_v0FR_measure1prongNew
2018,v0baselineHardro_v85HadroPreselTauOverlap0.5,v0FR_measure1prong,130,0.009222030639648438,0,0,130,0.009222030639648438,/publicfs/cms/user/huahuil/tauOfTTTT_NanoAOD/forMVA/2018/v0baselineHardro_v85HadroPreselTauOverlap0.5/mc/variableHists_v0FR_measure1prong
2018,v0baselineHardro_v85HadroPreselTauOverlap0.5,v0FRMeasure,130,0.4595918655395508,0,0,130,0.4595918655395508,/publicfs/cms/user/huahuil/tauOfTTTT_NanoAOD/forMVA/2018/v0baselineHardro_v85HadroPreselTauOverlap0.5/mc/variableHists_v0FRMeasure
2018,v0baselineHardro_v85HadroPreselTauOverlap0.5,v0BDT1tau1l,130,2.088529586791992,0,0,130,2.088529586791992,/publicfs/cms/user/huahuil/tauOfTTTT_NanoAOD/forMVA/2018/v0baselineHardro_v85HadroPreselTauOverlap0.5/mc/variableHists_v0BDT1tau1l
2018,v0baselineHardro_v85HadroPreselTauOverlap0.5,v0FR_measure3prongNew,130,0.3363037109375,0,0,130,0.3363037109375,/publicfs/cms/user/huahuil/tauOfTTTT_NanoAOD/forMVA/2018/v0baselineHardro_v85HadroPreselTauOverlap0.5/mc/variableHists_v0FR_measure3prongNew
2018,v0baselineLep_v88PSWeightFixedLepPre,v0BDT1tau2l_newMCSample,128,1.9097986221313477,0,0,128,1.9097986221313477,/publicfs/cms/user/huahuil/tauOfTTTT_NanoAOD/forMVA/2018/v0baselineLep_v88PSWeightFixedLepPre/mc/variableHists_v0BDT1tau2l_newMCSample
2016postVFP,v0baselineLep_v88PSWeightFixedLepPre,v0BDT1tau2l,128,1.9992685317993164,0,0,128,1.9992685317993164,/publicfs/cms/user/huahuil/tauOfTTTT_NanoAOD/forMVA/2016postVFP/v0baselineLep_v88PSWeightFixedLepPre/mc/variableHists_v0BDT1tau2l
2017,v0baselineLep_v88PSWeightFixedLepPre,v0BDT1tau2l,128,1.9064445495605469,0,0,128,1.9064445495605469,/publicfs/cms/user/huahuil/tauOfTTTT_NanoAOD/forMVA/2017/v0baselineLep_v88PSWeightFixedLepPre/mc/variableHists_v0BDT1tau2l
2016preVFP,v0baselineLep_v88PSWeightFixedLepPre,v0BDT1tau2l,128,1.9588403701782227,0,0,128,1.9588403701782227,/publicfs/cms/user/huahuil/tauOfTTTT_NanoAOD/forMVA/2016preVFP/v0baselineLep_v88PSWeightFixedLepPre/mc/variableHists_v0BDT1tau2l
2018,v1baselineHadroBtagWeightAdded_v94HadroPreJetVetoHemOnly,v3BDT1tau0lV18_fakeTauDataDriven,30,0.46570301055908203,86,0.02281665802001953,116,0.48851966857910156,/publicfs/cms/user/huahuil/tauOfTTTT_NanoAOD/forMVA/2018/v1baselineHadroBtagWeightAdded_v94HadroPreJetVetoHemOnly/mc/variableHists_v3BDT1tau0lV18_fakeTauDataDriven
2018,v0baseline1tau2l_v82for1tau2l,v0dataMC_allCorrection,112,0.12337875366210938,0,0,112,0.12337875366210938,/publicfs/cms/user/huahuil/tauOfTTTT_NanoAOD/forMVA/2018/v0baseline1tau2l_v82for1tau2l/mc/variableHists_v0dataMC_allCorrection
2017,v1baselineHadroBtagWeightAdded_JESup_SinglePionHCAL_AK4PFchs_v94HadroPreJetVetoHemOnly_JESPt22,v0BDT1tau0l,112,0.2838716506958008,0,0.0,112,0.2838716506958008,/publicfs/cms/user/huahuil/tauOfTTTT_NanoAOD/forMVA/2017/v1baselineHadroBtagWeightAdded_JESup_SinglePionHCAL_AK4PFchs_v94HadroPreJetVetoHemOnly_JESPt22/mc/variableHists_v0BDT1tau0l
2017,v1baselineHadroBtagWeightAdded_JESup_SinglePionHCAL_AK4PFchs_v94HadroPreJetVetoHemOnly_JESPt22,v0BDT1tau1lV16,112,0.26837635040283203,0,0.0,112,0.26837635040283203,/publicfs/cms/user/huahuil/tauOfTTTT_NanoAOD/forMVA/2017/v1baselineHadroBtagWeightAdded_JESup_SinglePionHCAL_AK4PFchs_v94HadroPreJetVetoHemOnly_JESPt22/mc/variableHists_v0BDT1tau1lV16
2017,v1baselineHadroBtagWeightAdded_JESup_SinglePionHCAL_AK4PFchs_v94HadroPreJetVetoHemOnly_JESPt22,v0BDT1tau1lV15,112,0.30191612243652344,0,0.0,112,0.30191612243652344,/publicfs/cms/user/huahuil/tauOfTTTT_NanoAOD/forMVA/2017/v1baselineHadroBtagWeightAdded_JESup_SinglePionHCAL_AK4PFchs_v94HadroPreJetVetoHemOnly_JESPt22/mc/variableHists_v0BDT1tau1lV15
2017,v1baselineHadroBtagWeightAdded_JESup_SinglePionHCAL_AK4PFchs_v94HadroPreJetVetoHemOnly_JESPt22,v0BDT1tau1lAddMCFakeTV3,112,0.3023996353149414,0,0.0,112,0.3023996353149414,/publicfs/cms/user/huahuil/tauOfTTTT_NanoAOD/forMVA/2017/v1baselineHadroBtagWeightAdded_JESup_SinglePionHCAL_AK4PFchs_v94HadroPreJetVetoHemOnly_JESPt22/mc/variableHists_v0BDT1tau1lAddMCFakeTV3
2017,v1baselineHadroBtagWeightAdded_JESup_SinglePionHCAL_AK4PFchs_v94HadroPreJetVetoHemOnly_JESPt22,v0BDT1tau0lV16,112,0.2840309143066406,0,0.0,112,0.2840309143066406,/publicfs/cms/user/huahuil/tauOfTTTT_NanoAOD/forMVA/2017/v1baselineHadroBtagWeightAdded_JESup_SinglePionHCAL_AK4PFchs_v94HadroPreJetVetoHemOnly_JESPt22/mc/variableHists_v0BDT1tau0lV16
2017,v1baselineHadroBtagWeightAdded_JESup_RelativePtBB_AK4PFchs_v94HadroPreJetVetoHemOnly_JESPt22,v0BDT1tau0l,112,0.2836618423461914,0,0.0,112,0.2836618423461914,/publicfs/cms/user/huahuil/tauOfTTTT_NanoAOD/forMVA/2017/v1baselineHadroBtagWeightAdded_JESup_RelativePtBB_AK4PFchs_v94HadroPreJetVetoHemOnly_JESPt22/mc/variableHists_v0BDT1tau0l
2017,v1baselineHadroBtagWeightAdded_JESup_RelativePtBB_AK4PFchs_v94HadroPreJetVetoHemOnly_JESPt22,v0BDT1tau1lV16,112,0.26816272735595703,0,0.0,112,0.26816272735595703,/publicfs/cms/user/huahuil/tauOfTTTT_NanoAOD/forMVA/2017/v1baselineHadroBtagWeightAdded_JESup_RelativePtBB_AK4PFchs_v94HadroPreJetVetoHemOnly_JESPt22/mc/variableHists_v0BDT1tau1lV16
2017,v1baselineHadroBtagWeightAdded_JESup_RelativePtBB_AK4PFchs_v94HadroPreJetVetoHemOnly_JESPt22,v0BDT1tau1lV15,112,0.30170249938964844,0,0.0,112,0.30170249938964844,/publicfs/cms/user/huahuil/tauOfTTTT_NanoAOD/forMVA/2017/v1baselineHadroBtagWeightAdded_JESup_RelativePtBB_AK4PFchs_v94HadroPreJetVetoHemOnly_JESPt22/mc/variableHists_v0BDT1tau1lV15
2017,v1baselineHadroBtagWeightAdded_JESup_RelativePtBB_AK4PFchs_v94HadroPreJetVetoHemOnly_JESPt22,v0BDT1tau1lAddMCFakeTV3,112,0.3021831512451172,0,0.0,112,0.3021831512451172,/publicfs/cms/user/huahuil/tauOfTTTT_NanoAOD/forMVA/2017/v1baselineHadroBtagWeightAdded_JESup_RelativePtBB_AK4PFchs_v94HadroPreJetVetoHemOnly_JESPt22/mc/variableHists_v0BDT1tau1lAddMCFakeTV3
2017,v1baselineHadroBtagWeightAdded_JESup_RelativePtBB_AK4PFchs_v94HadroPreJetVetoHemOnly_JESPt22,v0BDT1tau0lV16,112,0.28382205963134766,0,0.0,112,0.28382205963134766,/publicfs/cms/user/huahuil/tauOfTTTT_NanoAOD/forMVA/2017/v1baselineHadroBtagWeightAdded_JESup_RelativePtBB_AK4PFchs_v94HadroPreJetVetoHemOnly_JESPt22/mc/variableHists_v0BDT1tau0lV16
2017,v1baselineHadroBtagWeightAdded_JESup_RelativeBal_AK4PFchs_v94HadroPreJetVetoHemOnly_JESPt22,v0BDT1tau0l,112,0.2835502624511719,0,0.0,112,0.2835502624511719,/publicfs/cms/user/huahuil/tauOfTTTT_NanoAOD/forMVA/2017/v1baselineHadroBtagWeightAdded_JESup_RelativeBal_AK4PFchs_v94HadroPreJetVetoHemOnly_JESPt22/mc/variableHists_v0BDT1tau0l
2017,v1baselineHadroBtagWeightAdded_JESup_RelativeBal_AK4PFchs_v94HadroPreJetVetoHemOnly_JESPt22,v0BDT1tau1lV16,112,0.2680540084838867,0,0.0,112,0.2680540084838867,/publicfs/cms/user/huahuil/tauOfTTTT_NanoAOD/forMVA/2017/v1baselineHadroBtagWeightAdded_JESup_RelativeBal_AK4PFchs_v94HadroPreJetVetoHemOnly_JESPt22/mc/variableHists_v0BDT1tau1lV16
2017,v1baselineHadroBtagWeightAdded_JESup_RelativeBal_AK4PFchs_v94HadroPreJetVetoHemOnly_JESPt22,v0BDT1tau1lV15,112,0.3015899658203125,0,0.0,112,0.3015899658203125,/publicfs/cms/user/huahuil/tauOfTTTT_NanoAOD/forMVA/2017/v1baselineHadroBtagWeightAdded_JESup_RelativeBal_AK4PFchs_v94HadroPreJetVetoHemOnly_JESPt22/mc/variableHists_v0BDT1tau1lV15
2017,v1baselineHadroBtagWeightAdded_JESup_RelativeBal_AK4PFchs_v94HadroPreJetVetoHemOnly_JESPt22,v0BDT1tau1lAddMCFakeTV3,112,0.3020744323730469,0,0.0,112,0.3020744323730469,/publicfs/cms/user/huahuil/tauOfTTTT_NanoAOD/forMVA/2017/v1baselineHadroBtagWeightAdded_JESup_RelativeBal_AK4PFchs_v94HadroPreJetVetoHemOnly_JESPt22/mc/variableHists_v0BDT1tau1lAddMCFakeTV3
2017,v1baselineHadroBtagWeightAdded_JESup_RelativeBal_AK4PFchs_v94HadroPreJetVetoHemOnly_JESPt22,v0BDT1tau0lV16,112,0.2837095260620117,0,0.0,112,0.2837095260620117,/publicfs/cms/user/huahuil/tauOfTTTT_NanoAOD/forMVA/2017/v1baselineHadroBtagWeightAdded_JESup_RelativeBal_AK4PFchs_v94HadroPreJetVetoHemOnly_JESPt22/mc/variableHists_v0BDT1tau0lV16
2017,v1baselineHadroBtagWeightAdded_JESup_RelativePtEC2_AK4PFchs_v94HadroPreJetVetoHemOnly_JESPt22,v0BDT1tau0l,112,0.28377819061279297,0,0.0,112,0.28377819061279297,/publicfs/cms/user/huahuil/tauOfTTTT_NanoAOD/forMVA/2017/v1baselineHadroBtagWeightAdded_JESup_RelativePtEC2_AK4PFchs_v94HadroPreJetVetoHemOnly_JESPt22/mc/variableHists_v0BDT1tau0l
2017,v1baselineHadroBtagWeightAdded_JESup_RelativePtEC2_AK4PFchs_v94HadroPreJetVetoHemOnly_JESPt22,v0BDT1tau1lV16,112,0.26827239990234375,0,0.0,112,0.26827239990234375,/publicfs/cms/user/huahuil/tauOfTTTT_NanoAOD/forMVA/2017/v1baselineHadroBtagWeightAdded_JESup_RelativePtEC2_AK4PFchs_v94HadroPreJetVetoHemOnly_JESPt22/mc/variableHists_v0BDT1tau1lV16
2017,v1baselineHadroBtagWeightAdded_JESup_RelativePtEC2_AK4PFchs_v94HadroPreJetVetoHemOnly_JESPt22,v0BDT1tau1lV15,112,0.30181217193603516,0,0.0,112,0.30181217193603516,/publicfs/cms/user/huahuil/tauOfTTTT_NanoAOD/forMVA/2017/v1baselineHadroBtagWeightAdded_JESup_RelativePtEC2_AK4PFchs_v94HadroPreJetVetoHemOnly_JESPt22/mc/variableHists_v0BDT1tau1lV15
2017,v1baselineHadroBtagWeightAdded_JESup_RelativePtEC2_AK4PFchs_v94HadroPreJetVetoHemOnly_JESPt22,v0BDT1tau1lAddMCFakeTV3,112,0.3022947311401367,0,0.0,112,0.3022947311401367,/publicfs/cms/user/huahuil/tauOfTTTT_NanoAOD/forMVA/2017/v1baselineHadroBtagWeightAdded_JESup_RelativePtEC2_AK4PFchs_v94HadroPreJetVetoHemOnly_JESPt22/mc/variableHists_v0BDT1tau1lAddMCFakeTV3
2017,v1baselineHadroBtagWeightAdded_JESup_RelativePtEC2_AK4PFchs_v94HadroPreJetVetoHemOnly_JESPt22,v0BDT1tau0lV16,112,0.28392887115478516,0,0.0,112,0.28392887115478516,/publicfs/cms/user/huahuil/tauOfTTTT_NanoAOD/forMVA/2017/v1baselineHadroBtagWeightAdded_JESup_RelativePtEC2_AK4PFchs_v94HadroPreJetVetoHemOnly_JESPt22/mc/variableHists_v0BDT1tau0lV16
2017,v1baselineHadroBtagWeightAdded_JESup_RelativeJERHF_AK4PFchs_v94HadroPreJetVetoHemOnly_JESPt22,v0BDT1tau0l,112,0.2837677001953125,0,0.0,112,0.2837677001953125,/publicfs/cms/user/huahuil/tauOfTTTT_NanoAOD/forMVA/2017/v1baselineHadroBtagWeightAdded_JESup_RelativeJERHF_AK4PFchs_v94HadroPreJetVetoHemOnly_JESPt22/mc/variableHists_v0BDT1tau0l
2017,v1baselineHadroBtagWeightAdded_JESup_RelativeJERHF_AK4PFchs_v94HadroPreJetVetoHemOnly_JESPt22,v0BDT1tau1lV16,112,0.26827049255371094,0,0.0,112,0.26827049255371094,/publicfs/cms/user/huahuil/tauOfTTTT_NanoAOD/forMVA/2017/v1baselineHadroBtagWeightAdded_JESup_RelativeJERHF_AK4PFchs_v94HadroPreJetVetoHemOnly_JESPt22/mc/variableHists_v0BDT1tau1lV16
2017,v1baselineHadroBtagWeightAdded_JESup_RelativeJERHF_AK4PFchs_v94HadroPreJetVetoHemOnly_JESPt22,v0BDT1tau1lV15,112,0.30181121826171875,0,0.0,112,0.30181121826171875,/publicfs/cms/user/huahuil/tauOfTTTT_NanoAOD/forMVA/2017/v1baselineHadroBtagWeightAdded_JESup_RelativeJERHF_AK4PFchs_v94HadroPreJetVetoHemOnly_JESPt22/mc/variableHists_v0BDT1tau1lV15
2017,v1baselineHadroBtagWeightAdded_JESup_RelativeJERHF_AK4PFchs_v94HadroPreJetVetoHemOnly_JESPt22,v0BDT1tau1lAddMCFakeTV3,112,0.3022956848144531,0,0.0,112,0.3022956848144531,/publicfs/cms/user/huahuil/tauOfTTTT_NanoAOD/forMVA/2017/v1baselineHadroBtagWeightAdded_JESup_RelativeJERHF_AK4PFchs_v94HadroPreJetVetoHemOnly_JESPt22/mc/variableHists_v0BDT1tau1lAddMCFakeTV3
2017,v1baselineHadroBtagWeightAdded_JESup_RelativeJERHF_AK4PFchs_v94HadroPreJetVetoHemOnly_JESPt22,v0BDT1tau0lV16,112,0.28393077850341797,0,0.0,112,0.28393077850341797,/publicfs/cms/user/huahuil/tauOfTTTT_NanoAOD/forMVA/2017/v1baselineHadroBtagWeightAdded_JESup_RelativeJERHF_AK4PFchs_v94HadroPreJetVetoHemOnly_JESPt22/mc/variableHists_v0BDT1tau0lV16
2017,v1baselineHadroBtagWeightAdded_JESup_SinglePionECAL_AK4PFchs_v94HadroPreJetVetoHemOnly_JESPt22,v0BDT1tau0l,112,0.28386878967285156,0,0.0,112,0.28386878967285156,/publicfs/cms/user/huahuil/tauOfTTTT_NanoAOD/forMVA/2017/v1baselineHadroBtagWeightAdded_JESup_SinglePionECAL_AK4PFchs_v94HadroPreJetVetoHemOnly_JESPt22/mc/variableHists_v0BDT1tau0l
2017,v1baselineHadroBtagWeightAdded_JESup_SinglePionECAL_AK4PFchs_v94HadroPreJetVetoHemOnly_JESPt22,v0BDT1tau1lV16,112,0.26836490631103516,0,0.0,112,0.26836490631103516,/publicfs/cms/user/huahuil/tauOfTTTT_NanoAOD/forMVA/2017/v1baselineHadroBtagWeightAdded_JESup_SinglePionECAL_AK4PFchs_v94HadroPreJetVetoHemOnly_JESPt22/mc/variableHists_v0BDT1tau1lV16
2017,v1baselineHadroBtagWeightAdded_JESup_SinglePionECAL_AK4PFchs_v94HadroPreJetVetoHemOnly_JESPt22,v0BDT1tau1lV15,112,0.30190086364746094,0,0.0,112,0.30190086364746094,/publicfs/cms/user/huahuil/tauOfTTTT_NanoAOD/forMVA/2017/v1baselineHadroBtagWeightAdded_JESup_SinglePionECAL_AK4PFchs_v94HadroPreJetVetoHemOnly_JESPt22/mc/variableHists_v0BDT1tau1lV15
2017,v1baselineHadroBtagWeightAdded_JESup_SinglePionECAL_AK4PFchs_v94HadroPreJetVetoHemOnly_JESPt22,v0BDT1tau1lAddMCFakeTV3,112,0.3023834228515625,0,0.0,112,0.3023834228515625,/publicfs/cms/user/huahuil/tauOfTTTT_NanoAOD/forMVA/2017/v1baselineHadroBtagWeightAdded_JESup_SinglePionECAL_AK4PFchs_v94HadroPreJetVetoHemOnly_JESPt22/mc/variableHists_v0BDT1tau1lAddMCFakeTV3
2017,v1baselineHadroBtagWeightAdded_JESup_SinglePionECAL_AK4PFchs_v94HadroPreJetVetoHemOnly_JESPt22,v0BDT1tau0lV16,112,0.2840394973754883,0,0.0,112,0.2840394973754883,/publicfs/cms/user/huahuil/tauOfTTTT_NanoAOD/forMVA/2017/v1baselineHadroBtagWeightAdded_JESup_SinglePionECAL_AK4PFchs_v94HadroPreJetVetoHemOnly_JESPt22/mc/variableHists_v0BDT1tau0lV16
2017,v1baselineHadroBtagWeightAdded_JESup_TimePtEta_AK4PFchs_v94HadroPreJetVetoHemOnly_JESPt22,v0BDT1tau0l,112,0.2833442687988281,0,0.0,112,0.2833442687988281,/publicfs/cms/user/huahuil/tauOfTTTT_NanoAOD/forMVA/2017/v1baselineHadroBtagWeightAdded_JESup_TimePtEta_AK4PFchs_v94HadroPreJetVetoHemOnly_JESPt22/mc/variableHists_v0BDT1tau0l
2017,v1baselineHadroBtagWeightAdded_JESup_TimePtEta_AK4PFchs_v94HadroPreJetVetoHemOnly_JESPt22,v0BDT1tau1lV16,112,0.26784324645996094,0,0.0,112,0.26784324645996094,/publicfs/cms/user/huahuil/tauOfTTTT_NanoAOD/forMVA/2017/v1baselineHadroBtagWeightAdded_JESup_TimePtEta_AK4PFchs_v94HadroPreJetVetoHemOnly_JESPt22/mc/variableHists_v0BDT1tau1lV16
2017,v1baselineHadroBtagWeightAdded_JESup_TimePtEta_AK4PFchs_v94HadroPreJetVetoHemOnly_JESPt22,v0BDT1tau1lV15,112,0.3013801574707031,0,0.0,112,0.3013801574707031,/publicfs/cms/user/huahuil/tauOfTTTT_NanoAOD/forMVA/2017/v1baselineHadroBtagWeightAdded_JESup_TimePtEta_AK4PFchs_v94HadroPreJetVetoHemOnly_JESPt22/mc/variableHists_v0BDT1tau1lV15
2017,v1baselineHadroBtagWeightAdded_JESup_TimePtEta_AK4PFchs_v94HadroPreJetVetoHemOnly_JESPt22,v0BDT1tau1lAddMCFakeTV3,112,0.3018655776977539,0,0.0,112,0.3018655776977539,/publicfs/cms/user/huahuil/tauOfTTTT_NanoAOD/forMVA/2017/v1baselineHadroBtagWeightAdded_JESup_TimePtEta_AK4PFchs_v94HadroPreJetVetoHemOnly_JESPt22/mc/variableHists_v0BDT1tau1lAddMCFakeTV3
2017,v1baselineHadroBtagWeightAdded_JESup_TimePtEta_AK4PFchs_v94HadroPreJetVetoHemOnly_JESPt22,v0BDT1tau0lV16,112,0.28350353240966797,0,0.0,112,0.28350353240966797,/publicfs/cms/user/huahuil/tauOfTTTT_NanoAOD/forMVA/2017/v1baselineHadroBtagWeightAdded_JESup_TimePtEta_AK4PFchs_v94HadroPreJetVetoHemOnly_JESPt22/mc/variableHists_v0BDT1tau0lV16
2017,v1baselineHadroBtagWeightAdded_JESup_AbsoluteStat_AK4PFchs_v94HadroPreJetVetoHemOnly_JESPt22,v0BDT1tau0l,112,0.2836618423461914,0,0.0,112,0.2836618423461914,/publicfs/cms/user/huahuil/tauOfTTTT_NanoAOD/forMVA/2017/v1baselineHadroBtagWeightAdded_JESup_AbsoluteStat_AK4PFchs_v94HadroPreJetVetoHemOnly_JESPt22/mc/variableHists_v0BDT1tau0l
2017,v1baselineHadroBtagWeightAdded_JESup_AbsoluteStat_AK4PFchs_v94HadroPreJetVetoHemOnly_JESPt22,v0BDT1tau1lV16,112,0.2681617736816406,0,0.0,112,0.2681617736816406,/publicfs/cms/user/huahuil/tauOfTTTT_NanoAOD/forMVA/2017/v1baselineHadroBtagWeightAdded_JESup_AbsoluteStat_AK4PFchs_v94HadroPreJetVetoHemOnly_JESPt22/mc/variableHists_v0BDT1tau1lV16
2017,v1baselineHadroBtagWeightAdded_JESup_AbsoluteStat_AK4PFchs_v94HadroPreJetVetoHemOnly_JESPt22,v0BDT1tau1lV15,112,0.3017005920410156,0,0.0,112,0.3017005920410156,/publicfs/cms/user/huahuil/tauOfTTTT_NanoAOD/forMVA/2017/v1baselineHadroBtagWeightAdded_JESup_AbsoluteStat_AK4PFchs_v94HadroPreJetVetoHemOnly_JESPt22/mc/variableHists_v0BDT1tau1lV15
2017,v1baselineHadroBtagWeightAdded_JESup_AbsoluteStat_AK4PFchs_v94HadroPreJetVetoHemOnly_JESPt22,v0BDT1tau1lAddMCFakeTV3,112,0.3021841049194336,0,0.0,112,0.3021841049194336,/publicfs/cms/user/huahuil/tauOfTTTT_NanoAOD/forMVA/2017/v1baselineHadroBtagWeightAdded_JESup_AbsoluteStat_AK4PFchs_v94HadroPreJetVetoHemOnly_JESPt22/mc/variableHists_v0BDT1tau1lAddMCFakeTV3
2017,v1baselineHadroBtagWeightAdded_JESup_AbsoluteStat_AK4PFchs_v94HadroPreJetVetoHemOnly_JESPt22,v0BDT1tau0lV16,112,0.28382396697998047,0,0.0,112,0.28382396697998047,/publicfs/cms/user/huahuil/tauOfTTTT_NanoAOD/forMVA/2017/v1baselineHadroBtagWeightAdded_JESup_AbsoluteStat_AK4PFchs_v94HadroPreJetVetoHemOnly_JESPt22/mc/variableHists_v0BDT1tau0lV16
2017,v1baselineHadroBtagWeightAdded_JESup_RelativeSample_AK4PFchs_v94HadroPreJetVetoHemOnly_JESPt22,v0BDT1tau0l,112,0.28386783599853516,0,0.0,112,0.28386783599853516,/publicfs/cms/user/huahuil/tauOfTTTT_NanoAOD/forMVA/2017/v1baselineHadroBtagWeightAdded_JESup_RelativeSample_AK4PFchs_v94HadroPreJetVetoHemOnly_JESPt22/mc/variableHists_v0BDT1tau0l
2017,v1baselineHadroBtagWeightAdded_JESup_RelativeSample_AK4PFchs_v94HadroPreJetVetoHemOnly_JESPt22,v0BDT1tau1lV16,112,0.2683677673339844,0,0.0,112,0.2683677673339844,/publicfs/cms/user/huahuil/tauOfTTTT_NanoAOD/forMVA/2017/v1baselineHadroBtagWeightAdded_JESup_RelativeSample_AK4PFchs_v94HadroPreJetVetoHemOnly_JESPt22/mc/variableHists_v0BDT1tau1lV16
2017,v1baselineHadroBtagWeightAdded_JESup_RelativeSample_AK4PFchs_v94HadroPreJetVetoHemOnly_JESPt22,v0BDT1tau1lV15,112,0.3019094467163086,0,0.0,112,0.3019094467163086,/publicfs/cms/user/huahuil/tauOfTTTT_NanoAOD/forMVA/2017/v1baselineHadroBtagWeightAdded_JESup_RelativeSample_AK4PFchs_v94HadroPreJetVetoHemOnly_JESPt22/mc/variableHists_v0BDT1tau1lV15
2017,v1baselineHadroBtagWeightAdded_JESup_RelativeSample_AK4PFchs_v94HadroPreJetVetoHemOnly_JESPt22,v0BDT1tau1lAddMCFakeTV3,112,0.30239105224609375,0,0.0,112,0.30239105224609375,/publicfs/cms/user/huahuil/tauOfTTTT_NanoAOD/forMVA/2017/v1baselineHadroBtagWeightAdded_JESup_RelativeSample_AK4PFchs_v94HadroPreJetVetoHemOnly_JESPt22/mc/variableHists_v0BDT1tau1lAddMCFakeTV3
2017,v1baselineHadroBtagWeightAdded_JESup_RelativeSample_AK4PFchs_v94HadroPreJetVetoHemOnly_JESPt22,v0BDT1tau0lV16,112,0.2840290069580078,0,0.0,112,0.2840290069580078,/publicfs/cms/user/huahuil/tauOfTTTT_NanoAOD/forMVA/2017/v1baselineHadroBtagWeightAdded_JESup_RelativeSample_AK4PFchs_v94HadroPreJetVetoHemOnly_JESPt22/mc/variableHists_v0BDT1tau0lV16
2017,v1baselineHadroBtagWeightAdded_JESup_RelativePtHF_AK4PFchs_v94HadroPreJetVetoHemOnly_JESPt22,v0BDT1tau0l,112,0.2836599349975586,0,0.0,112,0.2836599349975586,/publicfs/cms/user/huahuil/tauOfTTTT_NanoAOD/forMVA/2017/v1baselineHadroBtagWeightAdded_JESup_RelativePtHF_AK4PFchs_v94HadroPreJetVetoHemOnly_JESPt22/mc/variableHists_v0BDT1tau0l
2017,v1baselineHadroBtagWeightAdded_JESup_RelativePtHF_AK4PFchs_v94HadroPreJetVetoHemOnly_JESPt22,v0BDT1tau1lV16,112,0.26816558837890625,0,0.0,112,0.26816558837890625,/publicfs/cms/user/huahuil/tauOfTTTT_NanoAOD/forMVA/2017/v1baselineHadroBtagWeightAdded_JESup_RelativePtHF_AK4PFchs_v94HadroPreJetVetoHemOnly_JESPt22/mc/variableHists_v0BDT1tau1lV16
2017,v1baselineHadroBtagWeightAdded_JESup_RelativePtHF_AK4PFchs_v94HadroPreJetVetoHemOnly_JESPt22,v0BDT1tau1lV15,112,0.30170536041259766,0,0.0,112,0.30170536041259766,/publicfs/cms/user/huahuil/tauOfTTTT_NanoAOD/forMVA/2017/v1baselineHadroBtagWeightAdded_JESup_RelativePtHF_AK4PFchs_v94HadroPreJetVetoHemOnly_JESPt22/mc/variableHists_v0BDT1tau1lV15
2017,v1baselineHadroBtagWeightAdded_JESup_RelativePtHF_AK4PFchs_v94HadroPreJetVetoHemOnly_JESPt22,v0BDT1tau1lAddMCFakeTV3,112,0.3021860122680664,0,0.0,112,0.3021860122680664,/publicfs/cms/user/huahuil/tauOfTTTT_NanoAOD/forMVA/2017/v1baselineHadroBtagWeightAdded_JESup_RelativePtHF_AK4PFchs_v94HadroPreJetVetoHemOnly_JESPt22/mc/variableHists_v0BDT1tau1lAddMCFakeTV3
2017,v1baselineHadroBtagWeightAdded_JESup_RelativePtHF_AK4PFchs_v94HadroPreJetVetoHemOnly_JESPt22,v0BDT1tau0lV16,112,0.28382015228271484,0,0.0,112,0.28382015228271484,/publicfs/cms/user/huahuil/tauOfTTTT_NanoAOD/forMVA/2017/v1baselineHadroBtagWeightAdded_JESup_RelativePtHF_AK4PFchs_v94HadroPreJetVetoHemOnly_JESPt22/mc/variableHists_v0BDT1tau0lV16
2017,v1baselineHadroBtagWeightAdded_JESup_RelativeStatHF_AK4PFchs_v94HadroPreJetVetoHemOnly_JESPt22,v0BDT1tau0l,112,0.28387451171875,0,0.0,112,0.28387451171875,/publicfs/cms/user/huahuil/tauOfTTTT_NanoAOD/forMVA/2017/v1baselineHadroBtagWeightAdded_JESup_RelativeStatHF_AK4PFchs_v94HadroPreJetVetoHemOnly_JESPt22/mc/variableHists_v0BDT1tau0l
2017,v1baselineHadroBtagWeightAdded_JESup_RelativeStatHF_AK4PFchs_v94HadroPreJetVetoHemOnly_JESPt22,v0BDT1tau1lV16,112,0.26838111877441406,0,0.0,112,0.26838111877441406,/publicfs/cms/user/huahuil/tauOfTTTT_NanoAOD/forMVA/2017/v1baselineHadroBtagWeightAdded_JESup_RelativeStatHF_AK4PFchs_v94HadroPreJetVetoHemOnly_JESPt22/mc/variableHists_v0BDT1tau1lV16
2017,v1baselineHadroBtagWeightAdded_JESup_RelativeStatHF_AK4PFchs_v94HadroPreJetVetoHemOnly_JESPt22,v0BDT1tau1lV15,112,0.30191898345947266,0,0.0,112,0.30191898345947266,/publicfs/cms/user/huahuil/tauOfTTTT_NanoAOD/forMVA/2017/v1baselineHadroBtagWeightAdded_JESup_RelativeStatHF_AK4PFchs_v94HadroPreJetVetoHemOnly_JESPt22/mc/variableHists_v0BDT1tau1lV15
2017,v1baselineHadroBtagWeightAdded_JESup_RelativeStatHF_AK4PFchs_v94HadroPreJetVetoHemOnly_JESPt22,v0BDT1tau1lAddMCFakeTV3,112,0.3023996353149414,0,0.0,112,0.3023996353149414,/publicfs/cms/user/huahuil/tauOfTTTT_NanoAOD/forMVA/2017/v1baselineHadroBtagWeightAdded_JESup_RelativeStatHF_AK4PFchs_v94HadroPreJetVetoHemOnly_JESPt22/mc/variableHists_v0BDT1tau1lAddMCFakeTV3
2017,v1baselineHadroBtagWeightAdded_JESup_RelativeStatHF_AK4PFchs_v94HadroPreJetVetoHemOnly_JESPt22,v0BDT1tau0lV16,112,0.28403568267822266,0,0.0,112,0.28403568267822266,/publicfs/cms/user/huahuil/tauOfTTTT_NanoAOD/forMVA/2017/v1baselineHadroBtagWeightAdded_JESup_RelativeStatHF_AK4PFchs_v94HadroPreJetVetoHemOnly_JESPt22/mc/variableHists_v0BDT1tau0lV16
2017,v1baselineHadroBtagWeightAdded_JESup_AbsoluteScale_AK4PFchs_v94HadroPreJetVetoHemOnly_JESPt22,v0BDT1tau0l,112,0.2837667465209961,0,0.0,112,0.2837667465209961,/publicfs/cms/user/huahuil/tauOfTTTT_NanoAOD/forMVA/2017/v1baselineHadroBtagWeightAdded_JESup_AbsoluteScale_AK4PFchs_v94HadroPreJetVetoHemOnly_JESPt22/mc/variableHists_v0BDT1tau0l
2017,v1baselineHadroBtagWeightAdded_JESup_AbsoluteScale_AK4PFchs_v94HadroPreJetVetoHemOnly_JESPt22,v0BDT1tau1lV16,112,0.2682676315307617,0,0.0,112,0.2682676315307617,/publicfs/cms/user/huahuil/tauOfTTTT_NanoAOD/forMVA/2017/v1baselineHadroBtagWeightAdded_JESup_AbsoluteScale_AK4PFchs_v94HadroPreJetVetoHemOnly_JESPt22/mc/variableHists_v0BDT1tau1lV16
2017,v1baselineHadroBtagWeightAdded_JESup_AbsoluteScale_AK4PFchs_v94HadroPreJetVetoHemOnly_JESPt22,v0BDT1tau1lV15,112,0.3018054962158203,0,0.0,112,0.3018054962158203,/publicfs/cms/user/huahuil/tauOfTTTT_NanoAOD/forMVA/2017/v1baselineHadroBtagWeightAdded_JESup_AbsoluteScale_AK4PFchs_v94HadroPreJetVetoHemOnly_JESPt22/mc/variableHists_v0BDT1tau1lV15
2017,v1baselineHadroBtagWeightAdded_JESup_AbsoluteScale_AK4PFchs_v94HadroPreJetVetoHemOnly_JESPt22,v0BDT1tau1lAddMCFakeTV3,112,0.3022880554199219,0,0.0,112,0.3022880554199219,/publicfs/cms/user/huahuil/tauOfTTTT_NanoAOD/forMVA/2017/v1baselineHadroBtagWeightAdded_JESup_AbsoluteScale_AK4PFchs_v94HadroPreJetVetoHemOnly_JESPt22/mc/variableHists_v0BDT1tau1lAddMCFakeTV3
2017,v1baselineHadroBtagWeightAdded_JESup_AbsoluteScale_AK4PFchs_v94HadroPreJetVetoHemOnly_JESPt22,v0BDT1tau0lV16,112,0.28393077850341797,0,0.0,112,0.28393077850341797,/publicfs/cms/user/huahuil/tauOfTTTT_NanoAOD/forMVA/2017/v1baselineHadroBtagWeightAdded_JESup_AbsoluteScale_AK4PFchs_v94HadroPreJetVetoHemOnly_JESPt22/mc/variableHists_v0BDT1tau0lV16
2017,v1baselineHadroBtagWeightAdded_JESup_Fragmentation_AK4PFchs_v94HadroPreJetVetoHemOnly_JESPt22,v0BDT1tau0l,112,0.28375911712646484,0,0.0,112,0.28375911712646484,/publicfs/cms/user/huahuil/tauOfTTTT_NanoAOD/forMVA/2017/v1baselineHadroBtagWeightAdded_JESup_Fragmentation_AK4PFchs_v94HadroPreJetVetoHemOnly_JESPt22/mc/variableHists_v0BDT1tau0l
2017,v1baselineHadroBtagWeightAdded_JESup_Fragmentation_AK4PFchs_v94HadroPreJetVetoHemOnly_JESPt22,v0BDT1tau1lV16,112,0.26826953887939453,0,0.0,112,0.26826953887939453,/publicfs/cms/user/huahuil/tauOfTTTT_NanoAOD/forMVA/2017/v1baselineHadroBtagWeightAdded_JESup_Fragmentation_AK4PFchs_v94HadroPreJetVetoHemOnly_JESPt22/mc/variableHists_v0BDT1tau1lV16
2017,v1baselineHadroBtagWeightAdded_JESup_Fragmentation_AK4PFchs_v94HadroPreJetVetoHemOnly_JESPt22,v0BDT1tau1lV15,112,0.3018074035644531,0,0.0,112,0.3018074035644531,/publicfs/cms/user/huahuil/tauOfTTTT_NanoAOD/forMVA/2017/v1baselineHadroBtagWeightAdded_JESup_Fragmentation_AK4PFchs_v94HadroPreJetVetoHemOnly_JESPt22/mc/variableHists_v0BDT1tau1lV15
2017,v1baselineHadroBtagWeightAdded_JESup_Fragmentation_AK4PFchs_v94HadroPreJetVetoHemOnly_JESPt22,v0BDT1tau1lAddMCFakeTV3,112,0.3022899627685547,0,0.0,112,0.3022899627685547,/publicfs/cms/user/huahuil/tauOfTTTT_NanoAOD/forMVA/2017/v1baselineHadroBtagWeightAdded_JESup_Fragmentation_AK4PFchs_v94HadroPreJetVetoHemOnly_JESPt22/mc/variableHists_v0BDT1tau1lAddMCFakeTV3
2017,v1baselineHadroBtagWeightAdded_JESup_Fragmentation_AK4PFchs_v94HadroPreJetVetoHemOnly_JESPt22,v0BDT1tau0lV16,112,0.2839241027832031,0,0.0,112,0.2839241027832031,/publicfs/cms/user/huahuil/tauOfTTTT_NanoAOD/forMVA/2017/v1baselineHadroBtagWeightAdded_JESup_Fragmentation_AK4PFchs_v94HadroPreJetVetoHemOnly_JESPt22/mc/variableHists_v0BDT1tau0lV16
2017,v1baselineHadroBtagWeightAdded_JESup_RelativeStatEC_AK4PFchs_v94HadroPreJetVetoHemOnly_JESPt22,v0BDT1tau0l,112,0.2838754653930664,0,0.0,112,0.2838754653930664,/publicfs/cms/user/huahuil/tauOfTTTT_NanoAOD/forMVA/2017/v1baselineHadroBtagWeightAdded_JESup_RelativeStatEC_AK4PFchs_v94HadroPreJetVetoHemOnly_JESPt22/mc/variableHists_v0BDT1tau0l
2017,v1baselineHadroBtagWeightAdded_JESup_RelativeStatEC_AK4PFchs_v94HadroPreJetVetoHemOnly_JESPt22,v0BDT1tau1lV16,112,0.2683696746826172,0,0.0,112,0.2683696746826172,/publicfs/cms/user/huahuil/tauOfTTTT_NanoAOD/forMVA/2017/v1baselineHadroBtagWeightAdded_JESup_RelativeStatEC_AK4PFchs_v94HadroPreJetVetoHemOnly_JESPt22/mc/variableHists_v0BDT1tau1lV16
2017,v1baselineHadroBtagWeightAdded_JESup_RelativeStatEC_AK4PFchs_v94HadroPreJetVetoHemOnly_JESPt22,v0BDT1tau1lV15,112,0.3019084930419922,0,0.0,112,0.3019084930419922,/publicfs/cms/user/huahuil/tauOfTTTT_NanoAOD/forMVA/2017/v1baselineHadroBtagWeightAdded_JESup_RelativeStatEC_AK4PFchs_v94HadroPreJetVetoHemOnly_JESPt22/mc/variableHists_v0BDT1tau1lV15
2017,v1baselineHadroBtagWeightAdded_JESup_RelativeStatEC_AK4PFchs_v94HadroPreJetVetoHemOnly_JESPt22,v0BDT1tau1lAddMCFakeTV3,112,0.30239200592041016,0,0.0,112,0.30239200592041016,/publicfs/cms/user/huahuil/tauOfTTTT_NanoAOD/forMVA/2017/v1baselineHadroBtagWeightAdded_JESup_RelativeStatEC_AK4PFchs_v94HadroPreJetVetoHemOnly_JESPt22/mc/variableHists_v0BDT1tau1lAddMCFakeTV3
2017,v1baselineHadroBtagWeightAdded_JESup_RelativeStatEC_AK4PFchs_v94HadroPreJetVetoHemOnly_JESPt22,v0BDT1tau0lV16,112,0.28403568267822266,0,0.0,112,0.28403568267822266,/publicfs/cms/user/huahuil/tauOfTTTT_NanoAOD/forMVA/2017/v1baselineHadroBtagWeightAdded_JESup_RelativeStatEC_AK4PFchs_v94HadroPreJetVetoHemOnly_JESPt22/mc/variableHists_v0BDT1tau0lV16
2017,v1baselineHadroBtagWeightAdded_JESup_RelativeJEREC1_AK4PFchs_v94HadroPreJetVetoHemOnly_JESPt22,v0BDT1tau0l,112,0.28387451171875,0,0.0,112,0.28387451171875,/publicfs/cms/user/huahuil/tauOfTTTT_NanoAOD/forMVA/2017/v1baselineHadroBtagWeightAdded_JESup_RelativeJEREC1_AK4PFchs_v94HadroPreJetVetoHemOnly_JESPt22/mc/variableHists_v0BDT1tau0l
2017,v1baselineHadroBtagWeightAdded_JESup_RelativeJEREC1_AK4PFchs_v94HadroPreJetVetoHemOnly_JESPt22,v0BDT1tau1lV16,112,0.2683744430541992,0,0.0,112,0.2683744430541992,/publicfs/cms/user/huahuil/tauOfTTTT_NanoAOD/forMVA/2017/v1baselineHadroBtagWeightAdded_JESup_RelativeJEREC1_AK4PFchs_v94HadroPreJetVetoHemOnly_JESPt22/mc/variableHists_v0BDT1tau1lV16
2017,v1baselineHadroBtagWeightAdded_JESup_RelativeJEREC1_AK4PFchs_v94HadroPreJetVetoHemOnly_JESPt22,v0BDT1tau1lV15,112,0.3019132614135742,0,0.0,112,0.3019132614135742,/publicfs/cms/user/huahuil/tauOfTTTT_NanoAOD/forMVA/2017/v1baselineHadroBtagWeightAdded_JESup_RelativeJEREC1_AK4PFchs_v94HadroPreJetVetoHemOnly_JESPt22/mc/variableHists_v0BDT1tau1lV15
2017,v1baselineHadroBtagWeightAdded_JESup_RelativeJEREC1_AK4PFchs_v94HadroPreJetVetoHemOnly_JESPt22,v0BDT1tau1lAddMCFakeTV3,112,0.3023958206176758,0,0.0,112,0.3023958206176758,/publicfs/cms/user/huahuil/tauOfTTTT_NanoAOD/forMVA/2017/v1baselineHadroBtagWeightAdded_JESup_RelativeJEREC1_AK4PFchs_v94HadroPreJetVetoHemOnly_JESPt22/mc/variableHists_v0BDT1tau1lAddMCFakeTV3
2017,v1baselineHadroBtagWeightAdded_JESup_RelativeJEREC1_AK4PFchs_v94HadroPreJetVetoHemOnly_JESPt22,v0BDT1tau0lV16,112,0.2840394973754883,0,0.0,112,0.2840394973754883,/publicfs/cms/user/huahuil/tauOfTTTT_NanoAOD/forMVA/2017/v1baselineHadroBtagWeightAdded_JESup_RelativeJEREC1_AK4PFchs_v94HadroPreJetVetoHemOnly_JESPt22/mc/variableHists_v0BDT1tau0lV16
2017,v1baselineHadroBtagWeightAdded_JESup_AbsoluteMPFBias_AK4PFchs_v94HadroPreJetVetoHemOnly_JESPt22,v0BDT1tau0l,112,0.2839794158935547,0,0.0,112,0.2839794158935547,/publicfs/cms/user/huahuil/tauOfTTTT_NanoAOD/forMVA/2017/v1baselineHadroBtagWeightAdded_JESup_AbsoluteMPFBias_AK4PFchs_v94HadroPreJetVetoHemOnly_JESPt22/mc/variableHists_v0BDT1tau0l
2017,v1baselineHadroBtagWeightAdded_JESup_AbsoluteMPFBias_AK4PFchs_v94HadroPreJetVetoHemOnly_JESPt22,v0BDT1tau1lV16,112,0.2684755325317383,0,0.0,112,0.2684755325317383,/publicfs/cms/user/huahuil/tauOfTTTT_NanoAOD/forMVA/2017/v1baselineHadroBtagWeightAdded_JESup_AbsoluteMPFBias_AK4PFchs_v94HadroPreJetVetoHemOnly_JESPt22/mc/variableHists_v0BDT1tau1lV16
2017,v1baselineHadroBtagWeightAdded_JESup_AbsoluteMPFBias_AK4PFchs_v94HadroPreJetVetoHemOnly_JESPt22,v0BDT1tau1lV15,112,0.3020153045654297,0,0.0,112,0.3020153045654297,/publicfs/cms/user/huahuil/tauOfTTTT_NanoAOD/forMVA/2017/v1baselineHadroBtagWeightAdded_JESup_AbsoluteMPFBias_AK4PFchs_v94HadroPreJetVetoHemOnly_JESPt22/mc/variableHists_v0BDT1tau1lV15
2017,v1baselineHadroBtagWeightAdded_JESup_AbsoluteMPFBias_AK4PFchs_v94HadroPreJetVetoHemOnly_JESPt22,v0BDT1tau1lAddMCFakeTV3,112,0.30249881744384766,0,0.0,112,0.30249881744384766,/publicfs/cms/user/huahuil/tauOfTTTT_NanoAOD/forMVA/2017/v1baselineHadroBtagWeightAdded_JESup_AbsoluteMPFBias_AK4PFchs_v94HadroPreJetVetoHemOnly_JESPt22/mc/variableHists_v0BDT1tau1lAddMCFakeTV3
2017,v1baselineHadroBtagWeightAdded_JESup_AbsoluteMPFBias_AK4PFchs_v94HadroPreJetVetoHemOnly_JESPt22,v0BDT1tau0lV16,112,0.28414440155029297,0,0.0,112,0.28414440155029297,/publicfs/cms/user/huahuil/tauOfTTTT_NanoAOD/forMVA/2017/v1baselineHadroBtagWeightAdded_JESup_AbsoluteMPFBias_AK4PFchs_v94HadroPreJetVetoHemOnly_JESPt22/mc/variableHists_v0BDT1tau0lV16
2017,v1baselineHadroBtagWeightAdded_JESup_RelativeJEREC2_AK4PFchs_v94HadroPreJetVetoHemOnly_JESPt22,v0BDT1tau0l,112,0.2838735580444336,0,0.0,112,0.2838735580444336,/publicfs/cms/user/huahuil/tauOfTTTT_NanoAOD/forMVA/2017/v1baselineHadroBtagWeightAdded_JESup_RelativeJEREC2_AK4PFchs_v94HadroPreJetVetoHemOnly_JESPt22/mc/variableHists_v0BDT1tau0l
2017,v1baselineHadroBtagWeightAdded_JESup_RelativeJEREC2_AK4PFchs_v94HadroPreJetVetoHemOnly_JESPt22,v0BDT1tau1lV16,112,0.26838016510009766,0,0.0,112,0.26838016510009766,/publicfs/cms/user/huahuil/tauOfTTTT_NanoAOD/forMVA/2017/v1baselineHadroBtagWeightAdded_JESup_RelativeJEREC2_AK4PFchs_v94HadroPreJetVetoHemOnly_JESPt22/mc/variableHists_v0BDT1tau1lV16
2017,v1baselineHadroBtagWeightAdded_JESup_RelativeJEREC2_AK4PFchs_v94HadroPreJetVetoHemOnly_JESPt22,v0BDT1tau1lV15,112,0.30191898345947266,0,0.0,112,0.30191898345947266,/publicfs/cms/user/huahuil/tauOfTTTT_NanoAOD/forMVA/2017/v1baselineHadroBtagWeightAdded_JESup_RelativeJEREC2_AK4PFchs_v94HadroPreJetVetoHemOnly_JESPt22/mc/variableHists_v0BDT1tau1lV15
2017,v1baselineHadroBtagWeightAdded_JESup_RelativeJEREC2_AK4PFchs_v94HadroPreJetVetoHemOnly_JESPt22,v0BDT1tau1lAddMCFakeTV3,112,0.302398681640625,0,0.0,112,0.302398681640625,/publicfs/cms/user/huahuil/tauOfTTTT_NanoAOD/forMVA/2017/v1baselineHadroBtagWeightAdded_JESup_RelativeJEREC2_AK4PFchs_v94HadroPreJetVetoHemOnly_JESPt22/mc/variableHists_v0BDT1tau1lAddMCFakeTV3
2017,v1baselineHadroBtagWeightAdded_JESup_RelativeJEREC2_AK4PFchs_v94HadroPreJetVetoHemOnly_JESPt22,v0BDT1tau0lV16,112,0.2840385437011719,0,0.0,112,0.2840385437011719,/publicfs/cms/user/huahuil/tauOfTTTT_NanoAOD/forMVA/2017/v1baselineHadroBtagWeightAdded_JESup_RelativeJEREC2_AK4PFchs_v94HadroPreJetVetoHemOnly_JESPt22/mc/variableHists_v0BDT1tau0lV16
2017,v1baselineHadroBtagWeightAdded_JESup_RelativeStatFSR_AK4PFchs_v94HadroPreJetVetoHemOnly_JESPt22,v0BDT1tau0l,112,0.2839794158935547,0,0.0,112,0.2839794158935547,/publicfs/cms/user/huahuil/tauOfTTTT_NanoAOD/forMVA/2017/v1baselineHadroBtagWeightAdded_JESup_RelativeStatFSR_AK4PFchs_v94HadroPreJetVetoHemOnly_JESPt22/mc/variableHists_v0BDT1tau0l
2017,v1baselineHadroBtagWeightAdded_JESup_RelativeStatFSR_AK4PFchs_v94HadroPreJetVetoHemOnly_JESPt22,v0BDT1tau1lV16,112,0.26848411560058594,0,0.0,112,0.26848411560058594,/publicfs/cms/user/huahuil/tauOfTTTT_NanoAOD/forMVA/2017/v1baselineHadroBtagWeightAdded_JESup_RelativeStatFSR_AK4PFchs_v94HadroPreJetVetoHemOnly_JESPt22/mc/variableHists_v0BDT1tau1lV16
2017,v1baselineHadroBtagWeightAdded_JESup_RelativeStatFSR_AK4PFchs_v94HadroPreJetVetoHemOnly_JESPt22,v0BDT1tau1lV15,112,0.30202198028564453,0,0.0,112,0.30202198028564453,/publicfs/cms/user/huahuil/tauOfTTTT_NanoAOD/forMVA/2017/v1baselineHadroBtagWeightAdded_JESup_RelativeStatFSR_AK4PFchs_v94HadroPreJetVetoHemOnly_JESPt22/mc/variableHists_v0BDT1tau1lV15
2017,v1baselineHadroBtagWeightAdded_JESup_RelativeStatFSR_AK4PFchs_v94HadroPreJetVetoHemOnly_JESPt22,v0BDT1tau1lAddMCFakeTV3,112,0.3025045394897461,0,0.0,112,0.3025045394897461,/publicfs/cms/user/huahuil/tauOfTTTT_NanoAOD/forMVA/2017/v1baselineHadroBtagWeightAdded_JESup_RelativeStatFSR_AK4PFchs_v94HadroPreJetVetoHemOnly_JESPt22/mc/variableHists_v0BDT1tau1lAddMCFakeTV3
2017,v1baselineHadroBtagWeightAdded_JESup_RelativeStatFSR_AK4PFchs_v94HadroPreJetVetoHemOnly_JESPt22,v0BDT1tau0lV16,112,0.28414058685302734,0,0.0,112,0.28414058685302734,/publicfs/cms/user/huahuil/tauOfTTTT_NanoAOD/forMVA/2017/v1baselineHadroBtagWeightAdded_JESup_RelativeStatFSR_AK4PFchs_v94HadroPreJetVetoHemOnly_JESPt22/mc/variableHists_v0BDT1tau0lV16
2017,v1baselineHadroBtagWeightAdded_JESup_FlavorQCD_AK4PFchs_v94HadroPreJetVetoHemOnly_JESPt22,v0BDT1tau0l,112,0.2833414077758789,0,0.0,112,0.2833414077758789,/publicfs/cms/user/huahuil/tauOfTTTT_NanoAOD/forMVA/2017/v1baselineHadroBtagWeightAdded_JESup_FlavorQCD_AK4PFchs_v94HadroPreJetVetoHemOnly_JESPt22/mc/variableHists_v0BDT1tau0l
2017,v1baselineHadroBtagWeightAdded_JESup_FlavorQCD_AK4PFchs_v94HadroPreJetVetoHemOnly_JESPt22,v0BDT1tau1lV16,112,0.2678365707397461,0,0.0,112,0.2678365707397461,/publicfs/cms/user/huahuil/tauOfTTTT_NanoAOD/forMVA/2017/v1baselineHadroBtagWeightAdded_JESup_FlavorQCD_AK4PFchs_v94HadroPreJetVetoHemOnly_JESPt22/mc/variableHists_v0BDT1tau1lV16
2017,v1baselineHadroBtagWeightAdded_JESup_FlavorQCD_AK4PFchs_v94HadroPreJetVetoHemOnly_JESPt22,v0BDT1tau1lV15,112,0.3013734817504883,0,0.0,112,0.3013734817504883,/publicfs/cms/user/huahuil/tauOfTTTT_NanoAOD/forMVA/2017/v1baselineHadroBtagWeightAdded_JESup_FlavorQCD_AK4PFchs_v94HadroPreJetVetoHemOnly_JESPt22/mc/variableHists_v0BDT1tau1lV15
2017,v1baselineHadroBtagWeightAdded_JESup_FlavorQCD_AK4PFchs_v94HadroPreJetVetoHemOnly_JESPt22,v0BDT1tau1lAddMCFakeTV3,112,0.30185604095458984,0,0.0,112,0.30185604095458984,/publicfs/cms/user/huahuil/tauOfTTTT_NanoAOD/forMVA/2017/v1baselineHadroBtagWeightAdded_JESup_FlavorQCD_AK4PFchs_v94HadroPreJetVetoHemOnly_JESPt22/mc/variableHists_v0BDT1tau1lAddMCFakeTV3
2017,v1baselineHadroBtagWeightAdded_JESup_FlavorQCD_AK4PFchs_v94HadroPreJetVetoHemOnly_JESPt22,v0BDT1tau0lV16,112,0.2835044860839844,0,0.0,112,0.2835044860839844,/publicfs/cms/user/huahuil/tauOfTTTT_NanoAOD/forMVA/2017/v1baselineHadroBtagWeightAdded_JESup_FlavorQCD_AK4PFchs_v94HadroPreJetVetoHemOnly_JESPt22/mc/variableHists_v0BDT1tau0lV16
2017,v1baselineHadroBtagWeightAdded_JESup_RelativeFSR_AK4PFchs_v94HadroPreJetVetoHemOnly_JESPt22,v0BDT1tau0l,112,0.2835531234741211,0,0.0,112,0.2835531234741211,/publicfs/cms/user/huahuil/tauOfTTTT_NanoAOD/forMVA/2017/v1baselineHadroBtagWeightAdded_JESup_RelativeFSR_AK4PFchs_v94HadroPreJetVetoHemOnly_JESPt22/mc/variableHists_v0BDT1tau0l
2017,v1baselineHadroBtagWeightAdded_JESup_RelativeFSR_AK4PFchs_v94HadroPreJetVetoHemOnly_JESPt22,v0BDT1tau1lV16,112,0.2680549621582031,0,0.0,112,0.2680549621582031,/publicfs/cms/user/huahuil/tauOfTTTT_NanoAOD/forMVA/2017/v1baselineHadroBtagWeightAdded_JESup_RelativeFSR_AK4PFchs_v94HadroPreJetVetoHemOnly_JESPt22/mc/variableHists_v0BDT1tau1lV16
2017,v1baselineHadroBtagWeightAdded_JESup_RelativeFSR_AK4PFchs_v94HadroPreJetVetoHemOnly_JESPt22,v0BDT1tau1lV15,112,0.3015918731689453,0,0.0,112,0.3015918731689453,/publicfs/cms/user/huahuil/tauOfTTTT_NanoAOD/forMVA/2017/v1baselineHadroBtagWeightAdded_JESup_RelativeFSR_AK4PFchs_v94HadroPreJetVetoHemOnly_JESPt22/mc/variableHists_v0BDT1tau1lV15
2017,v1baselineHadroBtagWeightAdded_JESup_RelativeFSR_AK4PFchs_v94HadroPreJetVetoHemOnly_JESPt22,v0BDT1tau1lAddMCFakeTV3,112,0.3020753860473633,0,0.0,112,0.3020753860473633,/publicfs/cms/user/huahuil/tauOfTTTT_NanoAOD/forMVA/2017/v1baselineHadroBtagWeightAdded_JESup_RelativeFSR_AK4PFchs_v94HadroPreJetVetoHemOnly_JESPt22/mc/variableHists_v0BDT1tau1lAddMCFakeTV3
2017,v1baselineHadroBtagWeightAdded_JESup_RelativeFSR_AK4PFchs_v94HadroPreJetVetoHemOnly_JESPt22,v0BDT1tau0lV16,112,0.28372955322265625,0,0.0,112,0.28372955322265625,/publicfs/cms/user/huahuil/tauOfTTTT_NanoAOD/forMVA/2017/v1baselineHadroBtagWeightAdded_JESup_RelativeFSR_AK4PFchs_v94HadroPreJetVetoHemOnly_JESPt22/mc/variableHists_v0BDT1tau0lV16
2017,v1baselineHadroBtagWeightAdded_JESup_RelativePtEC1_AK4PFchs_v94HadroPreJetVetoHemOnly_JESPt22,v0BDT1tau0l,112,0.2837677001953125,0,0.0,112,0.2837677001953125,/publicfs/cms/user/huahuil/tauOfTTTT_NanoAOD/forMVA/2017/v1baselineHadroBtagWeightAdded_JESup_RelativePtEC1_AK4PFchs_v94HadroPreJetVetoHemOnly_JESPt22/mc/variableHists_v0BDT1tau0l
2017,v1baselineHadroBtagWeightAdded_JESup_RelativePtEC1_AK4PFchs_v94HadroPreJetVetoHemOnly_JESPt22,v0BDT1tau1lV16,112,0.2682647705078125,0,0.0,112,0.2682647705078125,/publicfs/cms/user/huahuil/tauOfTTTT_NanoAOD/forMVA/2017/v1baselineHadroBtagWeightAdded_JESup_RelativePtEC1_AK4PFchs_v94HadroPreJetVetoHemOnly_JESPt22/mc/variableHists_v0BDT1tau1lV16
2017,v1baselineHadroBtagWeightAdded_JESup_RelativePtEC1_AK4PFchs_v94HadroPreJetVetoHemOnly_JESPt22,v0BDT1tau1lV15,112,0.3018026351928711,0,0.0,112,0.3018026351928711,/publicfs/cms/user/huahuil/tauOfTTTT_NanoAOD/forMVA/2017/v1baselineHadroBtagWeightAdded_JESup_RelativePtEC1_AK4PFchs_v94HadroPreJetVetoHemOnly_JESPt22/mc/variableHists_v0BDT1tau1lV15
2017,v1baselineHadroBtagWeightAdded_JESup_RelativePtEC1_AK4PFchs_v94HadroPreJetVetoHemOnly_JESPt22,v0BDT1tau1lAddMCFakeTV3,112,0.30228710174560547,0,0.0,112,0.30228710174560547,/publicfs/cms/user/huahuil/tauOfTTTT_NanoAOD/forMVA/2017/v1baselineHadroBtagWeightAdded_JESup_RelativePtEC1_AK4PFchs_v94HadroPreJetVetoHemOnly_JESPt22/mc/variableHists_v0BDT1tau1lAddMCFakeTV3
2017,v1baselineHadroBtagWeightAdded_JESup_RelativePtEC1_AK4PFchs_v94HadroPreJetVetoHemOnly_JESPt22,v0BDT1tau0lV16,112,0.28392791748046875,0,0.0,112,0.28392791748046875,/publicfs/cms/user/huahuil/tauOfTTTT_NanoAOD/forMVA/2017/v1baselineHadroBtagWeightAdded_JESup_RelativePtEC1_AK4PFchs_v94HadroPreJetVetoHemOnly_JESPt22/mc/variableHists_v0BDT1tau0lV16
2017,v0baselineHardro_v80addTauJetVar,v1BDTtauFJetVar2017train,102,0.9837398529052734,0,0,102,0.9837398529052734,/publicfs/cms/user/huahuil/tauOfTTTT_NanoAOD/forMVA/2017/v0baselineHardro_v80addTauJetVar/mc/variableHists_v1BDTtauFJetVar2017train
2017,v0baselineHardro_v80addTauJetVar,v2BDT25inputsWith2018train,102,0.9807310104370117,0,0,102,0.9807310104370117,/publicfs/cms/user/huahuil/tauOfTTTT_NanoAOD/forMVA/2017/v0baselineHardro_v80addTauJetVar/mc/variableHists_v2BDT25inputsWith2018train
2017,v0baselineHardro_v80addTauJetVar,v2BDT1tau1l_binE2,102,0.8257818222045898,0,0,102,0.8257818222045898,/publicfs/cms/user/huahuil/tauOfTTTT_NanoAOD/forMVA/2017/v0baselineHardro_v80addTauJetVar/mc/variableHists_v2BDT1tau1l_binE2
2017,v0baselineHardro_v80addTauJetVar,v1dataMC_allCorrectionFakeTau,102,0.13660717010498047,0,0,102,0.13660717010498047,/publicfs/cms/user/huahuil/tauOfTTTT_NanoAOD/forMVA/2017/v0baselineHardro_v80addTauJetVar/mc/variableHists_v1dataMC_allCorrectionFakeTau
2017,v0baselineHardro_v80addTauJetVar,v2BDT25inputs,102,0.9803400039672852,0,0,102,0.9803400039672852,/publicfs/cms/user/huahuil/tauOfTTTT_NanoAOD/forMVA/2017/v0baselineHardro_v80addTauJetVar/mc/variableHists_v2BDT25inputs
2017,v0baselineLep_v84Pre1tau2lLepF2,v1dataMC_allbutHLTFakeLepton_ZVeto,94,0.7913417816162109,0,0,94,0.7913417816162109,/publicfs/cms/user/huahuil/tauOfTTTT_NanoAOD/forMVA/2017/v0baselineLep_v84Pre1tau2lLepF2/mc/variableHists_v1dataMC_allbutHLTFakeLepton_ZVeto
2017,v0baselineLep_v84Pre1tau2lLepF2,v1dataMC_allbutHLTFakeLepton,94,0.12121295928955078,0,0,94,0.12121295928955078,/publicfs/cms/user/huahuil/tauOfTTTT_NanoAOD/forMVA/2017/v0baselineLep_v84Pre1tau2lLepF2/mc/variableHists_v1dataMC_allbutHLTFakeLepton
2017,v0baselineLep_v84Pre1tau2lLepF2,v1BDT1tau2lBinA,94,0.7990531921386719,0,0,94,0.7990531921386719,/publicfs/cms/user/huahuil/tauOfTTTT_NanoAOD/forMVA/2017/v0baselineLep_v84Pre1tau2lLepF2/mc/variableHists_v1BDT1tau2lBinA
2018,v1baselineHadroBtagWeightAdded_v94HadroPreJetVetoHemOnly,v0BDT1tau2lV16,0,0.0,86,0.021340370178222656,86,0.021340370178222656,/publicfs/cms/user/huahuil/tauOfTTTT_NanoAOD/forMVA/2018/v1baselineHadroBtagWeightAdded_v94HadroPreJetVetoHemOnly/mc/variableHists_v0BDT1tau2lV16
2016postVFP,v0baselineHardro_v84HadroPresel,v0BDT1tau1lBinGv2,80,1.059957504272461,0,0,80,1.059957504272461,/publicfs/cms/user/huahuil/tauOfTTTT_NanoAOD/forMVA/2016postVFP/v0baselineHardro_v84HadroPresel/mc/variableHists_v0BDT1tau1lBinGv2
2017,v0baselineLep_v84Pre1tau2lNoLepCut,v1dataMC_allbutHLTFakeLepton_noLepT1,80,0.1024017333984375,0,0,80,0.1024017333984375,/publicfs/cms/user/huahuil/tauOfTTTT_NanoAOD/forMVA/2017/v0baselineLep_v84Pre1tau2lNoLepCut/mc/variableHists_v1dataMC_allbutHLTFakeLepton_noLepT1
2017,v0baselineLep_v84Pre1tau2lNoLepCut,v1dataMC_allbutHLTFakeLepton_lep1ZVeto,80,0.10272407531738281,0,0,80,0.10272407531738281,/publicfs/cms/user/huahuil/tauOfTTTT_NanoAOD/forMVA/2017/v0baselineLep_v84Pre1tau2lNoLepCut/mc/variableHists_v1dataMC_allbutHLTFakeLepton_lep1ZVeto
2017,v0baselineHardro_v84HadroPresel,v0BDT1tau1lBinGv2,80,0.9764823913574219,0,0,80,0.9764823913574219,/publicfs/cms/user/huahuil/tauOfTTTT_NanoAOD/forMVA/2017/v0baselineHardro_v84HadroPresel/mc/variableHists_v0BDT1tau1lBinGv2
2017,v0baselineLep_v84Pre1tau2lLepF2V2,v1BDT1tau2lBinC,80,0.6735706329345703,0,0,80,0.6735706329345703,/publicfs/cms/user/huahuil/tauOfTTTT_NanoAOD/forMVA/2017/v0baselineLep_v84Pre1tau2lLepF2V2/mc/variableHists_v1BDT1tau2lBinC
2016preVFP,v0baselineHardro_v84HadroPresel,v0BDT1tau1lBinGv2,80,1.0478687286376953,0,0,80,1.0478687286376953,/publicfs/cms/user/huahuil/tauOfTTTT_NanoAOD/forMVA/2016preVFP/v0baselineHardro_v84HadroPresel/mc/variableHists_v0BDT1tau1lBinGv2
2017,v0baselineLep_v84Pre1tau2lNoLepCut,v1dataMC_allbutHLTFakeLepton_noLepCut,78,0.10837936401367188,0,0,78,0.10837936401367188,/publicfs/cms/user/huahuil/tauOfTTTT_NanoAOD/forMVA/2017/v0baselineLep_v84Pre1tau2lNoLepCut/mc/variableHists_v1dataMC_allbutHLTFakeLepton_noLepCut
2017,v0baselineLep_v84Pre1tau2lLepF2V2,v1BDT1tau2lEvenBin,78,0.6555461883544922,0,0,78,0.6555461883544922,/publicfs/cms/user/huahuil/tauOfTTTT_NanoAOD/forMVA/2017/v0baselineLep_v84Pre1tau2lLepF2V2/mc/variableHists_v1BDT1tau2lEvenBin
2017,v0baselineLep_v84Pre1tau2lLepF2V2,v1dataMC_allbutHLTFakeLepton_ZVeto,78,0.6561403274536133,0,0,78,0.6561403274536133,/publicfs/cms/user/huahuil/tauOfTTTT_NanoAOD/forMVA/2017/v0baselineLep_v84Pre1tau2lLepF2V2/mc/variableHists_v1dataMC_allbutHLTFakeLepton_ZVeto
2016postVFP,v0baselineLep_v84Pre1tau2lLepF2V2,v1BDT1tau2lBinC,70,0.6401872634887695,0,0,70,0.6401872634887695,/publicfs/cms/user/huahuil/tauOfTTTT_NanoAOD/forMVA/2016postVFP/v0baselineLep_v84Pre1tau2lLepF2V2/mc/variableHists_v1BDT1tau2lBinC
2016preVFP,v0baselineLep_v84Pre1tau2lLepF2V2,v1BDT1tau2lBinC,70,0.62078857421875,0,0,70,0.62078857421875,/publicfs/cms/user/huahuil/tauOfTTTT_NanoAOD/forMVA/2016preVFP/v0baselineLep_v84Pre1tau2lLepF2V2/mc/variableHists_v1BDT1tau2lBinC
2016postVFP,v1baselineHardro_FRweightSys_v79HadroPresel,v0BDT1tau0lBinB,66,0.9678487777709961,0,0,66,0.9678487777709961,/publicfs/cms/user/huahuil/tauOfTTTT_NanoAOD/forMVA/2016postVFP/v1baselineHardro_FRweightSys_v79HadroPresel/mc/variableHists_v0BDT1tau0lBinB
2016postVFP,v1baselineHardro_FRweightSys_v79HadroPresel,v1dataMC_allCorrectionFakeTau,66,0.06998252868652344,0,0,66,0.06998252868652344,/publicfs/cms/user/huahuil/tauOfTTTT_NanoAOD/forMVA/2016postVFP/v1baselineHardro_FRweightSys_v79HadroPresel/mc/variableHists_v1dataMC_allCorrectionFakeTau
2016postVFP,v0baselineHardro_v80addTauJetVar,v2BDT25inputsWith2018train,66,0.9671993255615234,0,0,66,0.9671993255615234,/publicfs/cms/user/huahuil/tauOfTTTT_NanoAOD/forMVA/2016postVFP/v0baselineHardro_v80addTauJetVar/mc/variableHists_v2BDT25inputsWith2018train
2016postVFP,v0baselineHardro_v80addTauJetVar,v2BDT1tau1l_binE2,66,0.7893657684326172,0,0,66,0.7893657684326172,/publicfs/cms/user/huahuil/tauOfTTTT_NanoAOD/forMVA/2016postVFP/v0baselineHardro_v80addTauJetVar/mc/variableHists_v2BDT1tau1l_binE2
2016postVFP,v0baselineHardro_v80addTauJetVar,v1dataMC_allCorrectionFakeTau,66,0.06971263885498047,0,0,66,0.06971263885498047,/publicfs/cms/user/huahuil/tauOfTTTT_NanoAOD/forMVA/2016postVFP/v0baselineHardro_v80addTauJetVar/mc/variableHists_v1dataMC_allCorrectionFakeTau
2017,v1baselineHardro_FRweightSys_v79HadroPresel,v0BDT1tau0l,66,0.8888082504272461,0,0,66,0.8888082504272461,/publicfs/cms/user/huahuil/tauOfTTTT_NanoAOD/forMVA/2017/v1baselineHardro_FRweightSys_v79HadroPresel/mc/variableHists_v0BDT1tau0l
2017,v1baselineHardro_FRweightSys_v79HadroPresel,v0dataMC_allCorrection,66,0.07745170593261719,0,0,66,0.07745170593261719,/publicfs/cms/user/huahuil/tauOfTTTT_NanoAOD/forMVA/2017/v1baselineHardro_FRweightSys_v79HadroPresel/mc/variableHists_v0dataMC_allCorrection
2017,v1baselineHardro_FRweightSys_v79HadroPresel,v1dataMC_allCorrectionFakeTau_newBin,66,0.0700826644897461,0,0,66,0.0700826644897461,/publicfs/cms/user/huahuil/tauOfTTTT_NanoAOD/forMVA/2017/v1baselineHardro_FRweightSys_v79HadroPresel/mc/variableHists_v1dataMC_allCorrectionFakeTau_newBin
2017,v1baselineHardro_FRweightSys_v79HadroPresel,v1dataMC_allCorrectionFakeTau,66,0.07004547119140625,0,0,66,0.07004547119140625,/publicfs/cms/user/huahuil/tauOfTTTT_NanoAOD/forMVA/2017/v1baselineHardro_FRweightSys_v79HadroPresel/mc/variableHists_v1dataMC_allCorrectionFakeTau
2017,v1baselineHardro_FRweightSys_v79HadroPresel,v1BDT1tau0lBinB_noMET,66,0.885371208190918,0,0,66,0.885371208190918,/publicfs/cms/user/huahuil/tauOfTTTT_NanoAOD/forMVA/2017/v1baselineHardro_FRweightSys_v79HadroPresel/mc/variableHists_v1BDT1tau0lBinB_noMET
2017,v1baselineHardro_FRweightSys_v79HadroPresel,v1BDT1tau0lBinB_noTauF,66,0.8846168518066406,0,0,66,0.8846168518066406,/publicfs/cms/user/huahuil/tauOfTTTT_NanoAOD/forMVA/2017/v1baselineHardro_FRweightSys_v79HadroPresel/mc/variableHists_v1BDT1tau0lBinB_noTauF
2016preVFP,v1baselineHardro_FRweightSys_v79HadroPresel,v0BDT1tau0lBinB,66,0.9558963775634766,0,0,66,0.9558963775634766,/publicfs/cms/user/huahuil/tauOfTTTT_NanoAOD/forMVA/2016preVFP/v1baselineHardro_FRweightSys_v79HadroPresel/mc/variableHists_v0BDT1tau0lBinB
2016preVFP,v1baselineHardro_FRweightSys_v79HadroPresel,v1dataMC_allCorrectionFakeTau,66,0.07072734832763672,0,0,66,0.07072734832763672,/publicfs/cms/user/huahuil/tauOfTTTT_NanoAOD/forMVA/2016preVFP/v1baselineHardro_FRweightSys_v79HadroPresel/mc/variableHists_v1dataMC_allCorrectionFakeTau
2016preVFP,v0baselineHardro_v80addTauJetVar,v2BDT25inputsWith2018train,66,0.9547948837280273,0,0,66,0.9547948837280273,/publicfs/cms/user/huahuil/tauOfTTTT_NanoAOD/forMVA/2016preVFP/v0baselineHardro_v80addTauJetVar/mc/variableHists_v2BDT25inputsWith2018train
2016preVFP,v0baselineHardro_v80addTauJetVar,v2BDT1tau1l_binE2,66,0.7795286178588867,0,0,66,0.7795286178588867,/publicfs/cms/user/huahuil/tauOfTTTT_NanoAOD/forMVA/2016preVFP/v0baselineHardro_v80addTauJetVar/mc/variableHists_v2BDT1tau1l_binE2
2016preVFP,v0baselineHardro_v80addTauJetVar,v1dataMC_allCorrectionFakeTau,66,0.07003116607666016,0,0,66,0.07003116607666016,/publicfs/cms/user/huahuil/tauOfTTTT_NanoAOD/forMVA/2016preVFP/v0baselineHardro_v80addTauJetVar/mc/variableHists_v1dataMC_allCorrectionFakeTau
2016postVFP,v0baseline_v55ojectRemovalwithTight,v2HLTweight,60,0.08491134643554688,0,0,60,0.08491134643554688,/publicfs/cms/user/huahuil/tauOfTTTT_NanoAOD/forMVA/2016postVFP/v0baseline_v55ojectRemovalwithTight/mc/variableHists_v2HLTweight
2016postVFP,v3baslineNoHLTMuonTriggerAdded_v52noHLTButPreSelection,v4MuonSelUpdated,60,0.07243633270263672,0,0,60,0.07243633270263672,/publicfs/cms/user/huahuil/tauOfTTTT_NanoAOD/forMVA/2016postVFP/v3baslineNoHLTMuonTriggerAdded_v52noHLTButPreSelection/mc/variableHists_v4MuonSelUpdated
2016postVFP,v3baslineNoHLTMuonTriggerAdded_v52noHLTButPreSelection,v8add2DHist,60,0.06134033203125,0,0,60,0.06134033203125,/publicfs/cms/user/huahuil/tauOfTTTT_NanoAOD/forMVA/2016postVFP/v3baslineNoHLTMuonTriggerAdded_v52noHLTButPreSelection/mc/variableHists_v8add2DHist
2016postVFP,v3baslineNoHLTMuonTriggerAdded_v52noHLTButPreSelection,v6oneBjetToBaseline,60,0.07291603088378906,0,0,60,0.07291603088378906,/publicfs/cms/user/huahuil/tauOfTTTT_NanoAOD/forMVA/2016postVFP/v3baslineNoHLTMuonTriggerAdded_v52noHLTButPreSelection/mc/variableHists_v6oneBjetToBaseline
2016postVFP,v3baslineNoHLTMuonTriggerAdded_v52noHLTButPreSelection,v2withoutJetTriggerMuonSel,60,0.074188232421875,0,0,60,0.074188232421875,/publicfs/cms/user/huahuil/tauOfTTTT_NanoAOD/forMVA/2016postVFP/v3baslineNoHLTMuonTriggerAdded_v52noHLTButPreSelection/mc/variableHists_v2withoutJetTriggerMuonSel
2016postVFP,v3baslineNoHLTMuonTriggerAdded_v52noHLTButPreSelection,v1triggerEffMuonSel,60,0.06173992156982422,0,0,60,0.06173992156982422,/publicfs/cms/user/huahuil/tauOfTTTT_NanoAOD/forMVA/2016postVFP/v3baslineNoHLTMuonTriggerAdded_v52noHLTButPreSelection/mc/variableHists_v1triggerEffMuonSel
2016postVFP,v3baslineNoHLTMuonTriggerAdded_v52noHLTButPreSelection,v0triggerEffBugFixed,60,0.07298946380615234,0,0,60,0.07298946380615234,/publicfs/cms/user/huahuil/tauOfTTTT_NanoAOD/forMVA/2016postVFP/v3baslineNoHLTMuonTriggerAdded_v52noHLTButPreSelection/mc/variableHists_v0triggerEffBugFixed
2016postVFP,v3baslineNoHLTMuonTriggerAdded_v52noHLTButPreSelection,v00forSignalShape,60,0.08392620086669922,0,0,60,0.08392620086669922,/publicfs/cms/user/huahuil/tauOfTTTT_NanoAOD/forMVA/2016postVFP/v3baslineNoHLTMuonTriggerAdded_v52noHLTButPreSelection/mc/variableHists_v00forSignalShape
2016postVFP,v3baslineNoHLTMuonTriggerAdded_v52noHLTButPreSelection,v0triggerEff,60,0.061539649963378906,0,0,60,0.061539649963378906,/publicfs/cms/user/huahuil/tauOfTTTT_NanoAOD/forMVA/2016postVFP/v3baslineNoHLTMuonTriggerAdded_v52noHLTButPreSelection/mc/variableHists_v0triggerEff
2016postVFP,v3baslineNoHLTMuonTriggerAdded_v52noHLTButPreSelection,v5addBjetToBaseline,60,0.0727834701538086,0,0,60,0.0727834701538086,/publicfs/cms/user/huahuil/tauOfTTTT_NanoAOD/forMVA/2016postVFP/v3baslineNoHLTMuonTriggerAdded_v52noHLTButPreSelection/mc/variableHists_v5addBjetToBaseline
2016postVFP,v3baslineNoHLTMuonTriggerAdded_v52noHLTButPreSelection,v2withoutJetTrigger,60,0.07311248779296875,0,0,60,0.07311248779296875,/publicfs/cms/user/huahuil/tauOfTTTT_NanoAOD/forMVA/2016postVFP/v3baslineNoHLTMuonTriggerAdded_v52noHLTButPreSelection/mc/variableHists_v2withoutJetTrigger
2016postVFP,v3baslineNoHLTMuonTriggerAdded_v52noHLTButPreSelection,v3MuonSelUpdatedNoJetHLT,60,0.07370662689208984,0,0,60,0.07370662689208984,/publicfs/cms/user/huahuil/tauOfTTTT_NanoAOD/forMVA/2016postVFP/v3baslineNoHLTMuonTriggerAdded_v52noHLTButPreSelection/mc/variableHists_v3MuonSelUpdatedNoJetHLT
2016postVFP,v3baslineNoHLTMuonTriggerAdded_v52noHLTButPreSelection,v7HLTRemove2btag,60,0.07262420654296875,0,0,60,0.07262420654296875,/publicfs/cms/user/huahuil/tauOfTTTT_NanoAOD/forMVA/2016postVFP/v3baslineNoHLTMuonTriggerAdded_v52noHLTButPreSelection/mc/variableHists_v7HLTRemove2btag
2016postVFP,v0baseline_v67TheoryWeightAdded,v0theorecticalHistsAdd,60,0.03503894805908203,0,0,60,0.03503894805908203,/publicfs/cms/user/huahuil/tauOfTTTT_NanoAOD/forMVA/2016postVFP/v0baseline_v67TheoryWeightAdded/mc/variableHists_v0theorecticalHistsAdd
2016postVFP,v1cut1tau1l_v51TESNewLepFoLepForrObjectRemoval,v0_BDTWithSystematics,60,0.07999610900878906,0,0,60,0.07999610900878906,/publicfs/cms/user/huahuil/tauOfTTTT_NanoAOD/forMVA/2016postVFP/v1cut1tau1l_v51TESNewLepFoLepForrObjectRemoval/mc/variableHists_v0_BDTWithSystematics
2016postVFP,v5updateHLTSF_v52noHLTButPreSelection,v2HLTweight,60,0.0850687026977539,0,0,60,0.0850687026977539,/publicfs/cms/user/huahuil/tauOfTTTT_NanoAOD/forMVA/2016postVFP/v5updateHLTSF_v52noHLTButPreSelection/mc/variableHists_v2HLTweight
2016postVFP,v0baseline_v54noHLTButPreMetFixed,v2HLTweight,60,0.0845632553100586,0,0,60,0.0845632553100586,/publicfs/cms/user/huahuil/tauOfTTTT_NanoAOD/forMVA/2016postVFP/v0baseline_v54noHLTButPreMetFixed/mc/variableHists_v2HLTweight
2016postVFP,v2baslineNoHLT_v52noHLTButPreSelection,v0triggerEff,60,0.069183349609375,0,0,60,0.069183349609375,/publicfs/cms/user/huahuil/tauOfTTTT_NanoAOD/forMVA/2016postVFP/v2baslineNoHLT_v52noHLTButPreSelection/mc/variableHists_v0triggerEff
2017,v0NewMV_v59newOScode,v2_btagEffBugFixed,60,0.01844501495361328,0,0,60,0.01844501495361328,/publicfs/cms/user/huahuil/tauOfTTTT_NanoAOD/forMVA/2017/v0NewMV_v59newOScode/mc/variableHists_v2_btagEffBugFixed
2017,v0NewMV_v59newOScode,v1_btagEffMeasure,60,0.018416404724121094,0,0,60,0.018416404724121094,/publicfs/cms/user/huahuil/tauOfTTTT_NanoAOD/forMVA/2017/v0NewMV_v59newOScode/mc/variableHists_v1_btagEffMeasure
2017,v0NewMV_v59newOScode,v1dataMC,60,0.0125274658203125,0,0,60,0.0125274658203125,/publicfs/cms/user/huahuil/tauOfTTTT_NanoAOD/forMVA/2017/v0NewMV_v59newOScode/mc/variableHists_v1dataMC
2017,v0baseline_v51TESNewLepObjectRemovalCorrected,v0_basicCorrection,60,0.08755016326904297,0,0,60,0.08755016326904297,/publicfs/cms/user/huahuil/tauOfTTTT_NanoAOD/forMVA/2017/v0baseline_v51TESNewLepObjectRemovalCorrected/mc/variableHists_v0_basicCorrection
2017,v0baseline_v51TESNewLepObjectRemovalCorrected,v0FR_measure,60,0.15017414093017578,0,0,60,0.15017414093017578,/publicfs/cms/user/huahuil/tauOfTTTT_NanoAOD/forMVA/2017/v0baseline_v51TESNewLepObjectRemovalCorrected/mc/variableHists_v0FR_measure
2017,v0baseline_v51TESNewLepObjectRemovalCorrected,v0_newLep_noCorrection,60,0.08889484405517578,0,0,60,0.08889484405517578,/publicfs/cms/user/huahuil/tauOfTTTT_NanoAOD/forMVA/2017/v0baseline_v51TESNewLepObjectRemovalCorrected/mc/variableHists_v0_newLep_noCorrection
2017,v0baseline_v51TESNewLepObjectRemovalCorrected,v0_BDT1tau1lCRs,60,0.08829021453857422,0,0,60,0.08829021453857422,/publicfs/cms/user/huahuil/tauOfTTTT_NanoAOD/forMVA/2017/v0baseline_v51TESNewLepObjectRemovalCorrected/mc/variableHists_v0_BDT1tau1lCRs
2017,v0baseline_v51TESNewLepObjectRemovalCorrected,v4FR_application,60,0.15061569213867188,0,0,60,0.15061569213867188,/publicfs/cms/user/huahuil/tauOfTTTT_NanoAOD/forMVA/2017/v0baseline_v51TESNewLepObjectRemovalCorrected/mc/variableHists_v4FR_application
2017,v0baseline_v51TESNewLepObjectRemovalCorrected,v0FR_measure_3prong,60,0.14406394958496094,0,0,60,0.14406394958496094,/publicfs/cms/user/huahuil/tauOfTTTT_NanoAOD/forMVA/2017/v0baseline_v51TESNewLepObjectRemovalCorrected/mc/variableHists_v0FR_measure_3prong
2017,v0baseline_v51TESNewLepObjectRemovalCorrected,v7_btagCorrection,60,0.07692527770996094,0,0,60,0.07692527770996094,/publicfs/cms/user/huahuil/tauOfTTTT_NanoAOD/forMVA/2017/v0baseline_v51TESNewLepObjectRemovalCorrected/mc/variableHists_v7_btagCorrection
2017,v0baseline_v62addTauJetVars,v1FR_application,60,0.3360919952392578,0,0,60,0.3360919952392578,/publicfs/cms/user/huahuil/tauOfTTTT_NanoAOD/forMVA/2017/v0baseline_v62addTauJetVars/mc/variableHists_v1FR_application
2017,v2baslineNoHLT_v56NoHLTButPre,v1triigerEff_btagShapeWeight,60,0.07032966613769531,0,0,60,0.07032966613769531,/publicfs/cms/user/huahuil/tauOfTTTT_NanoAOD/forMVA/2017/v2baslineNoHLT_v56NoHLTButPre/mc/variableHists_v1triigerEff_btagShapeWeight
2017,v5newBtagEff_v60fixeJetBtagBug,v6forBtagRMeasure,60,0.01907634735107422,0,0,60,0.01907634735107422,/publicfs/cms/user/huahuil/tauOfTTTT_NanoAOD/forMVA/2017/v5newBtagEff_v60fixeJetBtagBug/mc/variableHists_v6forBtagRMeasure
2017,v5newBtagEff_v60fixeJetBtagBug,v5OldBtagR,60,0.2425222396850586,0,0,60,0.2425222396850586,/publicfs/cms/user/huahuil/tauOfTTTT_NanoAOD/forMVA/2017/v5newBtagEff_v60fixeJetBtagBug/mc/variableHists_v5OldBtagR
2017,v5newBtagEff_v60fixeJetBtagBug,v4newBtagEff,60,0.24258041381835938,0,0,60,0.24258041381835938,/publicfs/cms/user/huahuil/tauOfTTTT_NanoAOD/forMVA/2017/v5newBtagEff_v60fixeJetBtagBug/mc/variableHists_v4newBtagEff
2017,v4baseline_v42fixedChargeType,v0forVariables1tau0l,60,0.13046836853027344,0,0,60,0.13046836853027344,/publicfs/cms/user/huahuil/tauOfTTTT_NanoAOD/forMVA/2017/v4baseline_v42fixedChargeType/mc/variableHists_v0forVariables1tau0l
2017,v2btagShapeWeightCorrected_v60fixeJetBtagBug,v2_btagEffBugFixed,60,0.019819259643554688,0,0,60,0.019819259643554688,/publicfs/cms/user/huahuil/tauOfTTTT_NanoAOD/forMVA/2017/v2btagShapeWeightCorrected_v60fixeJetBtagBug/mc/variableHists_v2_btagEffBugFixed
2017,v5baselineExtraTauLepCut_v42fixedChargeType,v0_BDT1tau1lCRs,60,0.0818033218383789,0,0,60,0.0818033218383789,/publicfs/cms/user/huahuil/tauOfTTTT_NanoAOD/forMVA/2017/v5baselineExtraTauLepCut_v42fixedChargeType/mc/variableHists_v0_BDT1tau1lCRs
2017,v5baselineExtraTauLepCut_v42fixedChargeType,v0for1tau1lCRs,60,0.15477752685546875,0,0,60,0.15477752685546875,/publicfs/cms/user/huahuil/tauOfTTTT_NanoAOD/forMVA/2017/v5baselineExtraTauLepCut_v42fixedChargeType/mc/variableHists_v0for1tau1lCRs
2017,v0baseline_v64noHLTSel,v0_HLTSFMeasure_6thJet40HT550BinF,60,0.09968185424804688,0,0,60,0.09968185424804688,/publicfs/cms/user/huahuil/tauOfTTTT_NanoAOD/forMVA/2017/v0baseline_v64noHLTSel/mc/variableHists_v0_HLTSFMeasure_6thJet40HT550BinF
2017,v2baslineNoHLTBugFixed_v56NoHLTButPre,v1triigerEff_btagShapeWeight,60,0.07153034210205078,0,0,60,0.07153034210205078,/publicfs/cms/user/huahuil/tauOfTTTT_NanoAOD/forMVA/2017/v2baslineNoHLTBugFixed_v56NoHLTButPre/mc/variableHists_v1triigerEff_btagShapeWeight
2017,v2baslineNoHLTBugFixed_v56NoHLTButPre,v0_triggerSFNewRange,60,0.058051109313964844,0,0,60,0.058051109313964844,/publicfs/cms/user/huahuil/tauOfTTTT_NanoAOD/forMVA/2017/v2baslineNoHLTBugFixed_v56NoHLTButPre/mc/variableHists_v0_triggerSFNewRange
2017,v2baslineNoHLTBugFixed_v56NoHLTButPre,v2HLTSFWeight,60,0.07952880859375,0,0,60,0.07952880859375,/publicfs/cms/user/huahuil/tauOfTTTT_NanoAOD/forMVA/2017/v2baslineNoHLTBugFixed_v56NoHLTButPre/mc/variableHists_v2HLTSFWeight
2017,v6baseline_v56NoHLTButPre,v0FR_measureVR_3prong,60,0.1443347930908203,0,0,60,0.1443347930908203,/publicfs/cms/user/huahuil/tauOfTTTT_NanoAOD/forMVA/2017/v6baseline_v56NoHLTButPre/mc/variableHists_v0FR_measureVR_3prong
2017,v6baseline_v56NoHLTButPre,v0_BDT1tau1lCRs,60,0.08230972290039062,0,0,60,0.08230972290039062,/publicfs/cms/user/huahuil/tauOfTTTT_NanoAOD/forMVA/2017/v6baseline_v56NoHLTButPre/mc/variableHists_v0_BDT1tau1lCRs
2017,v6baseline_v56NoHLTButPre,v0FR_measureVR_1prong,60,0.14420700073242188,0,0,60,0.14420700073242188,/publicfs/cms/user/huahuil/tauOfTTTT_NanoAOD/forMVA/2017/v6baseline_v56NoHLTButPre/mc/variableHists_v0FR_measureVR_1prong
2017,v6baseline_v56NoHLTButPre,v0BDT_SR30Bins,60,0.0986480712890625,0,0,60,0.0986480712890625,/publicfs/cms/user/huahuil/tauOfTTTT_NanoAOD/forMVA/2017/v6baseline_v56NoHLTButPre/mc/variableHists_v0BDT_SR30Bins
2017,v6baseline_v56NoHLTButPre,v0BDT_SR20Bins,60,0.09044933319091797,0,0,60,0.09044933319091797,/publicfs/cms/user/huahuil/tauOfTTTT_NanoAOD/forMVA/2017/v6baseline_v56NoHLTButPre/mc/variableHists_v0BDT_SR20Bins
2017,v6baseline_v56NoHLTButPre,v0FR_measureVR_1prong_Add,60,0.14759063720703125,0,0,60,0.14759063720703125,/publicfs/cms/user/huahuil/tauOfTTTT_NanoAOD/forMVA/2017/v6baseline_v56NoHLTButPre/mc/variableHists_v0FR_measureVR_1prong_Add
2017,v6baseline_v56NoHLTButPre,v1FR_application,60,0.1443462371826172,0,0,60,0.1443462371826172,/publicfs/cms/user/huahuil/tauOfTTTT_NanoAOD/forMVA/2017/v6baseline_v56NoHLTButPre/mc/variableHists_v1FR_application
2017,v3btagWPWeightGood_v60fixeJetBtagBug,v0_dataMCBeforeBtagWP,60,0.24317455291748047,0,0,60,0.24317455291748047,/publicfs/cms/user/huahuil/tauOfTTTT_NanoAOD/forMVA/2017/v3btagWPWeightGood_v60fixeJetBtagBug/mc/variableHists_v0_dataMCBeforeBtagWP
2017,v3btagWPWeightGood_v60fixeJetBtagBug,v3btagEffNewRegion,60,0.019364356994628906,0,0,60,0.019364356994628906,/publicfs/cms/user/huahuil/tauOfTTTT_NanoAOD/forMVA/2017/v3btagWPWeightGood_v60fixeJetBtagBug/mc/variableHists_v3btagEffNewRegion
2017,v3btagWPWeightGood_v60fixeJetBtagBug,v1_dataMCafterBtagWP,60,0.24317359924316406,0,0,60,0.24317359924316406,/publicfs/cms/user/huahuil/tauOfTTTT_NanoAOD/forMVA/2017/v3btagWPWeightGood_v60fixeJetBtagBug/mc/variableHists_v1_dataMCafterBtagWP
2017,v3btagWPWeightGood_v60fixeJetBtagBug,v2AllButBtagWP,60,0.24298954010009766,0,0,60,0.24298954010009766,/publicfs/cms/user/huahuil/tauOfTTTT_NanoAOD/forMVA/2017/v3btagWPWeightGood_v60fixeJetBtagBug/mc/variableHists_v2AllButBtagWP
2017,v8tau1elCut_v60fixeJetBtagBug,v0trainingWithBtagShape,60,0.18584156036376953,0,0,60,0.18584156036376953,/publicfs/cms/user/huahuil/tauOfTTTT_NanoAOD/forMVA/2017/v8tau1elCut_v60fixeJetBtagBug/mc/variableHists_v0trainingWithBtagShape
2017,v8tau1elCut_v60fixeJetBtagBug,v1traingWithBtagWP,60,0.1912088394165039,0,0,60,0.1912088394165039,/publicfs/cms/user/huahuil/tauOfTTTT_NanoAOD/forMVA/2017/v8tau1elCut_v60fixeJetBtagBug/mc/variableHists_v1traingWithBtagWP
2017,v0baselineAddMoreSys_v58addGenBranches,v3withBjetT,60,0.17923545837402344,0,0,60,0.17923545837402344,/publicfs/cms/user/huahuil/tauOfTTTT_NanoAOD/forMVA/2017/v0baselineAddMoreSys_v58addGenBranches/mc/variableHists_v3withBjetT
2017,v0baselineAddMoreSys_v58addGenBranches,v2traingWithBtag,60,0.17679882049560547,0,0,60,0.17679882049560547,/publicfs/cms/user/huahuil/tauOfTTTT_NanoAOD/forMVA/2017/v0baselineAddMoreSys_v58addGenBranches/mc/variableHists_v2traingWithBtag
2017,v0baselineAddMoreSys_v58addGenBranches,v41tau0lGenTauSys,60,0.14869213104248047,0,0,60,0.14869213104248047,/publicfs/cms/user/huahuil/tauOfTTTT_NanoAOD/forMVA/2017/v0baselineAddMoreSys_v58addGenBranches/mc/variableHists_v41tau0lGenTauSys
2017,v0baselineAddMoreSys_v58addGenBranches,v1sysVariation1tau1l,60,0.1782064437866211,0,0,60,0.1782064437866211,/publicfs/cms/user/huahuil/tauOfTTTT_NanoAOD/forMVA/2017/v0baselineAddMoreSys_v58addGenBranches/mc/variableHists_v1sysVariation1tau1l
2017,v1fixedTauVariables_v40addTauJetEtau,v1forFREtaRegionCorrected,60,0.07952594757080078,0,0,60,0.07952594757080078,/publicfs/cms/user/huahuil/tauOfTTTT_NanoAOD/forMVA/2017/v1fixedTauVariables_v40addTauJetEtau/mc/variableHists_v1forFREtaRegionCorrected
2017,v1fixedTauVariables_v40addTauJetEtau,v1forFREtaRegionCorrected_3prong,60,0.09257888793945312,0,0,60,0.09257888793945312,/publicfs/cms/user/huahuil/tauOfTTTT_NanoAOD/forMVA/2017/v1fixedTauVariables_v40addTauJetEtau/mc/variableHists_v1forFREtaRegionCorrected_3prong
2017,v1fixedTauVariables_v40addTauJetEtau,v4forFRAddHistTitle,60,0.0810098648071289,0,0,60,0.0810098648071289,/publicfs/cms/user/huahuil/tauOfTTTT_NanoAOD/forMVA/2017/v1fixedTauVariables_v40addTauJetEtau/mc/variableHists_v4forFRAddHistTitle
2017,v1fixedTauVariables_v40addTauJetEtau,v6forFRCR12_3prong,60,0.09858417510986328,0,0,60,0.09858417510986328,/publicfs/cms/user/huahuil/tauOfTTTT_NanoAOD/forMVA/2017/v1fixedTauVariables_v40addTauJetEtau/mc/variableHists_v6forFRCR12_3prong
2017,v1fixedTauVariables_v40addTauJetEtau,v7addFRWeightReForEventCount,60,0.1307697296142578,0,0,60,0.1307697296142578,/publicfs/cms/user/huahuil/tauOfTTTT_NanoAOD/forMVA/2017/v1fixedTauVariables_v40addTauJetEtau/mc/variableHists_v7addFRWeightReForEventCount
2017,v1fixedTauVariables_v40addTauJetEtau,v1forFREtaRegionCorrected_1prong,60,0.09114265441894531,0,0,60,0.09114265441894531,/publicfs/cms/user/huahuil/tauOfTTTT_NanoAOD/forMVA/2017/v1fixedTauVariables_v40addTauJetEtau/mc/variableHists_v1forFREtaRegionCorrected_1prong
2017,v1fixedTauVariables_v40addTauJetEtau,v6forFRCR12,60,0.09787845611572266,0,0,60,0.09787845611572266,/publicfs/cms/user/huahuil/tauOfTTTT_NanoAOD/forMVA/2017/v1fixedTauVariables_v40addTauJetEtau/mc/variableHists_v6forFRCR12
2017,v1fixedTauVariables_v40addTauJetEtau,v6forFRCR12_1prong,60,0.09879398345947266,0,0,60,0.09879398345947266,/publicfs/cms/user/huahuil/tauOfTTTT_NanoAOD/forMVA/2017/v1fixedTauVariables_v40addTauJetEtau/mc/variableHists_v6forFRCR12_1prong
2017,v0baseline_v67TheoryWeightAdded,v0theorecticalHistsAdd,60,0.22068023681640625,0,0,60,0.22068023681640625,/publicfs/cms/user/huahuil/tauOfTTTT_NanoAOD/forMVA/2017/v0baseline_v67TheoryWeightAdded/mc/variableHists_v0theorecticalHistsAdd
2017,v0baseline_v67TheoryWeightAdded,v0theorecticalHistsAdd1tau0l,60,0.20021820068359375,0,0,60,0.20021820068359375,/publicfs/cms/user/huahuil/tauOfTTTT_NanoAOD/forMVA/2017/v0baseline_v67TheoryWeightAdded/mc/variableHists_v0theorecticalHistsAdd1tau0l
2017,v6Cut1tau1lVariableFixed_v42fixedChargeType,v0_BDT1tau1lCRs,60,0.08179473876953125,0,0,60,0.08179473876953125,/publicfs/cms/user/huahuil/tauOfTTTT_NanoAOD/forMVA/2017/v6Cut1tau1lVariableFixed_v42fixedChargeType/mc/variableHists_v0_BDT1tau1lCRs
2017,v6updatedBtagR_v60fixeJetBtagBug,v7newBtagRApp,60,0.24273681640625,0,0,60,0.24273681640625,/publicfs/cms/user/huahuil/tauOfTTTT_NanoAOD/forMVA/2017/v6updatedBtagR_v60fixeJetBtagBug/mc/variableHists_v7newBtagRApp
2017,v1btagWPWeightAdded_v59newOScode,v0_dataMCBeforeBtagWP,60,0.24099063873291016,0,0,60,0.24099063873291016,/publicfs/cms/user/huahuil/tauOfTTTT_NanoAOD/forMVA/2017/v1btagWPWeightAdded_v59newOScode/mc/variableHists_v0_dataMCBeforeBtagWP
2017,v3extra1tau1lCut_v41addVertexSelection,v0for1tau1lCRs,60,0.08754253387451172,0,0,60,0.08754253387451172,/publicfs/cms/user/huahuil/tauOfTTTT_NanoAOD/forMVA/2017/v3extra1tau1lCut_v41addVertexSelection/mc/variableHists_v0for1tau1lCRs
2017,v0NewHLTSFHT550BinF_v64PreAndHLTSel,v1dataMC_noHLTSF,60,0.2224254608154297,0,0,60,0.2224254608154297,/publicfs/cms/user/huahuil/tauOfTTTT_NanoAOD/forMVA/2017/v0NewHLTSFHT550BinF_v64PreAndHLTSel/mc/variableHists_v1dataMC_noHLTSF
2017,v0NewHLTSFHT550BinF_v64PreAndHLTSel,v0systematic1tau0l_bScore,60,0.16894817352294922,0,0,60,0.16894817352294922,/publicfs/cms/user/huahuil/tauOfTTTT_NanoAOD/forMVA/2017/v0NewHLTSFHT550BinF_v64PreAndHLTSel/mc/variableHists_v0systematic1tau0l_bScore
2017,v0NewHLTSFHT550BinF_v64PreAndHLTSel,v0_HLTSFMeasure_6thJet40HT550BinF,60,0.2270336151123047,0,0,60,0.2270336151123047,/publicfs/cms/user/huahuil/tauOfTTTT_NanoAOD/forMVA/2017/v0NewHLTSFHT550BinF_v64PreAndHLTSel/mc/variableHists_v0_HLTSFMeasure_6thJet40HT550BinF
2017,v0NewHLTSFHT550BinF_v64PreAndHLTSel,v3dataMC_HT550HLTSFBinF,60,0.2267475128173828,0,0,60,0.2267475128173828,/publicfs/cms/user/huahuil/tauOfTTTT_NanoAOD/forMVA/2017/v0NewHLTSFHT550BinF_v64PreAndHLTSel/mc/variableHists_v3dataMC_HT550HLTSFBinF
2017,v0NewHLTSFHT550BinF_v64PreAndHLTSel,v0BasicSystematic_20bins,60,0.19666004180908203,0,0,60,0.19666004180908203,/publicfs/cms/user/huahuil/tauOfTTTT_NanoAOD/forMVA/2017/v0NewHLTSFHT550BinF_v64PreAndHLTSel/mc/variableHists_v0BasicSystematic_20bins
2017,v0NewHLTSFHT550BinF_v64PreAndHLTSel,v1FR_application_bjets2_bShapeWeight,60,0.38997364044189453,0,0,60,0.38997364044189453,/publicfs/cms/user/huahuil/tauOfTTTT_NanoAOD/forMVA/2017/v0NewHLTSFHT550BinF_v64PreAndHLTSel/mc/variableHists_v1FR_application_bjets2_bShapeWeight
2017,v5updateHLTSF_v52noHLTButPreSelection,v0FR_measureVR_3prong,60,0.1485757827758789,0,0,60,0.1485757827758789,/publicfs/cms/user/huahuil/tauOfTTTT_NanoAOD/forMVA/2017/v5updateHLTSF_v52noHLTButPreSelection/mc/variableHists_v0FR_measureVR_3prong
2017,v5updateHLTSF_v52noHLTButPreSelection,v0FR_measureVR_1prong,60,0.13535785675048828,0,0,60,0.13535785675048828,/publicfs/cms/user/huahuil/tauOfTTTT_NanoAOD/forMVA/2017/v5updateHLTSF_v52noHLTButPreSelection/mc/variableHists_v0FR_measureVR_1prong
2017,v5updateHLTSF_v52noHLTButPreSelection,v1FR_applicationNewTitle,60,0.14716053009033203,0,0,60,0.14716053009033203,/publicfs/cms/user/huahuil/tauOfTTTT_NanoAOD/forMVA/2017/v5updateHLTSF_v52noHLTButPreSelection/mc/variableHists_v1FR_applicationNewTitle
2017,v2baslineNoHLT_v57ovelapWithTausF,v0_HLTSFMeasure,60,0.056766510009765625,0,0,60,0.056766510009765625,/publicfs/cms/user/huahuil/tauOfTTTT_NanoAOD/forMVA/2017/v2baslineNoHLT_v57ovelapWithTausF/mc/variableHists_v0_HLTSFMeasure
2017,v5baselineExtraTauLepCut_v41addVertexSelection,v0for1tau1lCRs,60,0.110626220703125,0,0,60,0.110626220703125,/publicfs/cms/user/huahuil/tauOfTTTT_NanoAOD/forMVA/2017/v5baselineExtraTauLepCut_v41addVertexSelection/mc/variableHists_v0for1tau1lCRs
2017,v0baseline_v61fixesLepRemovalBug,v0btagEff,60,0.018876075744628906,0,0,60,0.018876075744628906,/publicfs/cms/user/huahuil/tauOfTTTT_NanoAOD/forMVA/2017/v0baseline_v61fixesLepRemovalBug/mc/variableHists_v0btagEff
2017,v0baseline_v61fixesLepRemovalBug,v1btagRCal,60,0.01898956298828125,0,0,60,0.01898956298828125,/publicfs/cms/user/huahuil/tauOfTTTT_NanoAOD/forMVA/2017/v0baseline_v61fixesLepRemovalBug/mc/variableHists_v1btagRCal
2017,v0baseline_v57ovelapWithTausF,v0FR_measureVR_3prong,60,0.1470813751220703,0,0,60,0.1470813751220703,/publicfs/cms/user/huahuil/tauOfTTTT_NanoAOD/forMVA/2017/v0baseline_v57ovelapWithTausF/mc/variableHists_v0FR_measureVR_3prong
2017,v0baseline_v57ovelapWithTausF,v0FR_measureVR_1prong,60,0.1473855972290039,0,0,60,0.1473855972290039,/publicfs/cms/user/huahuil/tauOfTTTT_NanoAOD/forMVA/2017/v0baseline_v57ovelapWithTausF/mc/variableHists_v0FR_measureVR_1prong
2017,v0baseline_v57ovelapWithTausF,v1FR_application,60,0.14189720153808594,0,0,60,0.14189720153808594,/publicfs/cms/user/huahuil/tauOfTTTT_NanoAOD/forMVA/2017/v0baseline_v57ovelapWithTausF/mc/variableHists_v1FR_application
2017,v4forBDT1tau1lCut_v61fixesLepRemovalBug,v4forBtagWPShape_WP,60,0.19273662567138672,0,0,60,0.19273662567138672,/publicfs/cms/user/huahuil/tauOfTTTT_NanoAOD/forMVA/2017/v4forBDT1tau1lCut_v61fixesLepRemovalBug/mc/variableHists_v4forBtagWPShape_WP
2017,v4forBDT1tau1lCut_v61fixesLepRemovalBug,v5forBtagWPShape_shape,60,0.1937103271484375,0,0,60,0.1937103271484375,/publicfs/cms/user/huahuil/tauOfTTTT_NanoAOD/forMVA/2017/v4forBDT1tau1lCut_v61fixesLepRemovalBug/mc/variableHists_v5forBtagWPShape_shape
2016preVFP,v0LepLAdded_v45newLepBugFixed,v0oldLepton,60,0.24971961975097656,0,0,60,0.24971961975097656,/publicfs/cms/user/huahuil/tauOfTTTT_NanoAOD/forMVA/2016preVFP/v0LepLAdded_v45newLepBugFixed/mc/variableHists_v0oldLepton
2016preVFP,v0LepLAdded_v45newLepBugFixed,v2SSLepton,60,0.24970149993896484,0,0,60,0.24970149993896484,/publicfs/cms/user/huahuil/tauOfTTTT_NanoAOD/forMVA/2016preVFP/v0LepLAdded_v45newLepBugFixed/mc/variableHists_v2SSLepton
2016preVFP,v0baseline_v67TheoryWeightAdded,v0theorecticalHistsAdd,60,0.034954071044921875,0,0,60,0.034954071044921875,/publicfs/cms/user/huahuil/tauOfTTTT_NanoAOD/forMVA/2016preVFP/v0baseline_v67TheoryWeightAdded/mc/variableHists_v0theorecticalHistsAdd
2016postVFP,v0baselineHardro_v79forHLT,v0HLTMeasure,58,0.07838058471679688,0,0,58,0.07838058471679688,/publicfs/cms/user/huahuil/tauOfTTTT_NanoAOD/forMVA/2016postVFP/v0baselineHardro_v79forHLT/mc/variableHists_v0HLTMeasure
2016postVFP,v0baselineHardro_v79forHLT,v0HLTMeasureBinB,58,0.07849311828613281,0,0,58,0.07849311828613281,/publicfs/cms/user/huahuil/tauOfTTTT_NanoAOD/forMVA/2016postVFP/v0baselineHardro_v79forHLT/mc/variableHists_v0HLTMeasureBinB
2016postVFP,v0baselineHardro_v77forBtagMeasurement,v0_btagEffMeasureT,58,0.06878852844238281,0,0,58,0.06878852844238281,/publicfs/cms/user/huahuil/tauOfTTTT_NanoAOD/forMVA/2016postVFP/v0baselineHardro_v77forBtagMeasurement/mc/variableHists_v0_btagEffMeasureT
2016postVFP,v0baselineHardro_v77forBtagMeasurement,v0_btagEffMeasure,58,0.0687856674194336,0,0,58,0.0687856674194336,/publicfs/cms/user/huahuil/tauOfTTTT_NanoAOD/forMVA/2016postVFP/v0baselineHardro_v77forBtagMeasurement/mc/variableHists_v0_btagEffMeasure
2016postVFP,v1baselineHardroHLTSF_v79HadroPresel,v0dataMC_allCorrectionButHLT,58,0.06579208374023438,0,0,58,0.06579208374023438,/publicfs/cms/user/huahuil/tauOfTTTT_NanoAOD/forMVA/2016postVFP/v1baselineHardroHLTSF_v79HadroPresel/mc/variableHists_v0dataMC_allCorrectionButHLT
2016postVFP,v1baselineHardroHLTSF_v79HadroPresel,v0FR_measure3prong,58,0.13953113555908203,0,0,58,0.13953113555908203,/publicfs/cms/user/huahuil/tauOfTTTT_NanoAOD/forMVA/2016postVFP/v1baselineHardroHLTSF_v79HadroPresel/mc/variableHists_v0FR_measure3prong
2016postVFP,v1baselineHardroHLTSF_v79HadroPresel,v0FR_measure1prong,58,0.1396961212158203,0,0,58,0.1396961212158203,/publicfs/cms/user/huahuil/tauOfTTTT_NanoAOD/forMVA/2016postVFP/v1baselineHardroHLTSF_v79HadroPresel/mc/variableHists_v0FR_measure1prong
2016postVFP,v1baselineHardroHLTSF_v79HadroPresel,v0dataMC_allCorrection,58,0.06852531433105469,0,0,58,0.06852531433105469,/publicfs/cms/user/huahuil/tauOfTTTT_NanoAOD/forMVA/2016postVFP/v1baselineHardroHLTSF_v79HadroPresel/mc/variableHists_v0dataMC_allCorrection
2016postVFP,v3addjetBtagVar_v50switchRawPtJERNoTES,v3_pileupCR0Changed_v2,58,0.08459186553955078,0,0,58,0.08459186553955078,/publicfs/cms/user/huahuil/tauOfTTTT_NanoAOD/forMVA/2016postVFP/v3addjetBtagVar_v50switchRawPtJERNoTES/mc/variableHists_v3_pileupCR0Changed_v2
2017,v0baselineHardro_v79forHLT,v0HLTMeasure,58,0.07958602905273438,0,0,58,0.07958602905273438,/publicfs/cms/user/huahuil/tauOfTTTT_NanoAOD/forMVA/2017/v0baselineHardro_v79forHLT/mc/variableHists_v0HLTMeasure
2017,v0baselineHardro_v77HadroPresel,v0dataMC_allCorrectionBtagMT,58,0.06852149963378906,0,0,58,0.06852149963378906,/publicfs/cms/user/huahuil/tauOfTTTT_NanoAOD/forMVA/2017/v0baselineHardro_v77HadroPresel/mc/variableHists_v0dataMC_allCorrectionBtagMT
2017,v0baselineHardro_v77forBtagMeasurement,v0_btagEffMeasureT,58,0.06838321685791016,0,0,58,0.06838321685791016,/publicfs/cms/user/huahuil/tauOfTTTT_NanoAOD/forMVA/2017/v0baselineHardro_v77forBtagMeasurement/mc/variableHists_v0_btagEffMeasureT
2017,v0baselineHardro_v77forBtagMeasurement,v0_btagEffMeasure,58,0.06838035583496094,0,0,58,0.06838035583496094,/publicfs/cms/user/huahuil/tauOfTTTT_NanoAOD/forMVA/2017/v0baselineHardro_v77forBtagMeasurement/mc/variableHists_v0_btagEffMeasure
2017,v0baselineHardro_v79HadroPresel,v0dataMC_allCorrectionButHLT,58,0.06543922424316406,0,0,58,0.06543922424316406,/publicfs/cms/user/huahuil/tauOfTTTT_NanoAOD/forMVA/2017/v0baselineHardro_v79HadroPresel/mc/variableHists_v0dataMC_allCorrectionButHLT
2017,v0baselineHardro_v79HadroPresel,v0dataMC_allCorrectionBtagMT,58,0.06847953796386719,0,0,58,0.06847953796386719,/publicfs/cms/user/huahuil/tauOfTTTT_NanoAOD/forMVA/2017/v0baselineHardro_v79HadroPresel/mc/variableHists_v0dataMC_allCorrectionBtagMT
2017,v0baselineHardro_v79HadroPresel,v0FR_measure3prong,58,0.13892459869384766,0,0,58,0.13892459869384766,/publicfs/cms/user/huahuil/tauOfTTTT_NanoAOD/forMVA/2017/v0baselineHardro_v79HadroPresel/mc/variableHists_v0FR_measure3prong
2017,v0baselineHardro_v79HadroPresel,v0FR_measure1prong,58,0.13910293579101562,0,0,58,0.13910293579101562,/publicfs/cms/user/huahuil/tauOfTTTT_NanoAOD/forMVA/2017/v0baselineHardro_v79HadroPresel/mc/variableHists_v0FR_measure1prong
2017,v0baselineHardro_v77ForHLT,v0HLTMeasure,58,0.0734701156616211,0,0,58,0.0734701156616211,/publicfs/cms/user/huahuil/tauOfTTTT_NanoAOD/forMVA/2017/v0baselineHardro_v77ForHLT/mc/variableHists_v0HLTMeasure
2016preVFP,v0baselineHardro_v79forHLT,v0HLTMeasureBinB,58,0.07846355438232422,0,0,58,0.07846355438232422,/publicfs/cms/user/huahuil/tauOfTTTT_NanoAOD/forMVA/2016preVFP/v0baselineHardro_v79forHLT/mc/variableHists_v0HLTMeasureBinB
2016preVFP,v0baselineHardro_v77forBtagMeasurement,v0_btagEffMeasureT,58,0.06875801086425781,0,0,58,0.06875801086425781,/publicfs/cms/user/huahuil/tauOfTTTT_NanoAOD/forMVA/2016preVFP/v0baselineHardro_v77forBtagMeasurement/mc/variableHists_v0_btagEffMeasureT
2016preVFP,v0baselineHardro_v77forBtagMeasurement,v0_btagEffMeasure,58,0.0687551498413086,0,0,58,0.0687551498413086,/publicfs/cms/user/huahuil/tauOfTTTT_NanoAOD/forMVA/2016preVFP/v0baselineHardro_v77forBtagMeasurement/mc/variableHists_v0_btagEffMeasure
2016preVFP,v1baselineHardroHLTSF_v79HadroPresel,v0dataMC_allCorrectionButHLT,58,0.06566047668457031,0,0,58,0.06566047668457031,/publicfs/cms/user/huahuil/tauOfTTTT_NanoAOD/forMVA/2016preVFP/v1baselineHardroHLTSF_v79HadroPresel/mc/variableHists_v0dataMC_allCorrectionButHLT
2016preVFP,v1baselineHardroHLTSF_v79HadroPresel,v0FR_measure3prong,58,0.1393728256225586,0,0,58,0.1393728256225586,/publicfs/cms/user/huahuil/tauOfTTTT_NanoAOD/forMVA/2016preVFP/v1baselineHardroHLTSF_v79HadroPresel/mc/variableHists_v0FR_measure3prong
2016preVFP,v1baselineHardroHLTSF_v79HadroPresel,v0FR_measure1prong,58,0.13956832885742188,0,0,58,0.13956832885742188,/publicfs/cms/user/huahuil/tauOfTTTT_NanoAOD/forMVA/2016preVFP/v1baselineHardroHLTSF_v79HadroPresel/mc/variableHists_v0FR_measure1prong
2016preVFP,v1baselineHardroHLTSF_v79HadroPresel,v0dataMC_allCorrection,58,0.06839561462402344,0,0,58,0.06839561462402344,/publicfs/cms/user/huahuil/tauOfTTTT_NanoAOD/forMVA/2016preVFP/v1baselineHardroHLTSF_v79HadroPresel/mc/variableHists_v0dataMC_allCorrection
2016postVFP,v0baseline_v20FixedSelectJetsBug,v0,48,0.027795791625976562,0,0,48,0.027795791625976562,/publicfs/cms/user/huahuil/tauOfTTTT_NanoAOD/forMVA/2016postVFP/v0baseline_v20FixedSelectJetsBug/mc/variableHists_v0
2016postVFP,v0noBaseline_v31TESandJER,v1variablesUsingMyclass,48,0.09537601470947266,0,0,48,0.09537601470947266,/publicfs/cms/user/huahuil/tauOfTTTT_NanoAOD/forMVA/2016postVFP/v0noBaseline_v31TESandJER/mc/variableHists_v1variablesUsingMyclass
2016postVFP,v0baseline_v19HLTSelection,v1addedGenWeightHist,48,0.08880805969238281,0,0,48,0.08880805969238281,/publicfs/cms/user/huahuil/tauOfTTTT_NanoAOD/forMVA/2016postVFP/v0baseline_v19HLTSelection/mc/variableHists_v1addedGenWeightHist
2016postVFP,v0baseline_v19HLTSelection,v3onlyGenWeight,48,0.09685325622558594,0,0,48,0.09685325622558594,/publicfs/cms/user/huahuil/tauOfTTTT_NanoAOD/forMVA/2016postVFP/v0baseline_v19HLTSelection/mc/variableHists_v3onlyGenWeight
2016postVFP,v0baseline_v19HLTSelection,v0,48,0.061669349670410156,0,0,48,0.061669349670410156,/publicfs/cms/user/huahuil/tauOfTTTT_NanoAOD/forMVA/2016postVFP/v0baseline_v19HLTSelection/mc/variableHists_v0
2016postVFP,v0baseline_v19HLTSelection,v2baseline,48,0.09627723693847656,0,0,48,0.09627723693847656,/publicfs/cms/user/huahuil/tauOfTTTT_NanoAOD/forMVA/2016postVFP/v0baseline_v19HLTSelection/mc/variableHists_v2baseline
2016postVFP,v2baseline_v19HLTSelection,v1noScale,48,0.028728485107421875,0,0,48,0.028728485107421875,/publicfs/cms/user/huahuil/tauOfTTTT_NanoAOD/forMVA/2016postVFP/v2baseline_v19HLTSelection/mc/variableHists_v1noScale
2016postVFP,v2baseline_v19HLTSelection,v0,48,0.09735774993896484,0,0,48,0.09735774993896484,/publicfs/cms/user/huahuil/tauOfTTTT_NanoAOD/forMVA/2016postVFP/v2baseline_v19HLTSelection/mc/variableHists_v0
2016postVFP,v0noBaseline_v29LorentzProblemSolvedNoJERnoTES,v1variables,48,0.07450675964355469,0,0,48,0.07450675964355469,/publicfs/cms/user/huahuil/tauOfTTTT_NanoAOD/forMVA/2016postVFP/v0noBaseline_v29LorentzProblemSolvedNoJERnoTES/mc/variableHists_v1variables
2016postVFP,v0noBaseline_v29LorentzProblemSolvedNoJERnoTES,v0forCutFlow,48,0.067779541015625,0,0,48,0.067779541015625,/publicfs/cms/user/huahuil/tauOfTTTT_NanoAOD/forMVA/2016postVFP/v0noBaseline_v29LorentzProblemSolvedNoJERnoTES/mc/variableHists_v0forCutFlow
2016postVFP,v1baseline_v37TauPt30AndPreselection,v3pileUpAndNewRange,48,0.09428596496582031,0,0,48,0.09428596496582031,/publicfs/cms/user/huahuil/tauOfTTTT_NanoAOD/forMVA/2016postVFP/v1baseline_v37TauPt30AndPreselection/mc/variableHists_v3pileUpAndNewRange
2016postVFP,v0noBaseline_v24noJER,v0,48,0.04585838317871094,0,0,48,0.04585838317871094,/publicfs/cms/user/huahuil/tauOfTTTT_NanoAOD/forMVA/2016postVFP/v0noBaseline_v24noJER/mc/variableHists_v0
2016postVFP,v0noBaseline_v24noJER,v1leptonSlectionFirst,48,0.047954559326171875,0,0,48,0.047954559326171875,/publicfs/cms/user/huahuil/tauOfTTTT_NanoAOD/forMVA/2016postVFP/v0noBaseline_v24noJER/mc/variableHists_v1leptonSlectionFirst
2016postVFP,v0noBaseline_v27noJERnoTESWithObjectRemoval,v4add1tau1lCutflow,48,0.0681009292602539,0,0,48,0.0681009292602539,/publicfs/cms/user/huahuil/tauOfTTTT_NanoAOD/forMVA/2016postVFP/v0noBaseline_v27noJERnoTESWithObjectRemoval/mc/variableHists_v4add1tau1lCutflow
2016postVFP,v0noBaseline_v27noJERnoTESWithObjectRemoval,v1variables,48,0.054363250732421875,0,0,48,0.054363250732421875,/publicfs/cms/user/huahuil/tauOfTTTT_NanoAOD/forMVA/2016postVFP/v0noBaseline_v27noJERnoTESWithObjectRemoval/mc/variableHists_v1variables
2016postVFP,v0noBaseline_v27noJERnoTESWithObjectRemoval,v3addSubchannels,48,0.06033897399902344,0,0,48,0.06033897399902344,/publicfs/cms/user/huahuil/tauOfTTTT_NanoAOD/forMVA/2016postVFP/v0noBaseline_v27noJERnoTESWithObjectRemoval/mc/variableHists_v3addSubchannels
2016postVFP,v0noBaseline_v27noJERnoTESWithObjectRemoval,v0forCutFlow,48,0.05099010467529297,0,0,48,0.05099010467529297,/publicfs/cms/user/huahuil/tauOfTTTT_NanoAOD/forMVA/2016postVFP/v0noBaseline_v27noJERnoTESWithObjectRemoval/mc/variableHists_v0forCutFlow
2016postVFP,v0noBaseline_v25noJERNOTES,v2cutflow1tau0l,48,0.04986858367919922,0,0,48,0.04986858367919922,/publicfs/cms/user/huahuil/tauOfTTTT_NanoAOD/forMVA/2016postVFP/v0noBaseline_v25noJERNOTES/mc/variableHists_v2cutflow1tau0l
2016postVFP,v1baseline_v36TESandJERByHuiling,v2addingPileupWeight,48,0.0924825668334961,0,0,48,0.0924825668334961,/publicfs/cms/user/huahuil/tauOfTTTT_NanoAOD/forMVA/2016postVFP/v1baseline_v36TESandJERByHuiling/mc/variableHists_v2addingPileupWeight
2016postVFP,v1baseline_v33TESnoJERCodeOptimzation,v2addingPileupWeight,48,0.10146141052246094,0,0,48,0.10146141052246094,/publicfs/cms/user/huahuil/tauOfTTTT_NanoAOD/forMVA/2016postVFP/v1baseline_v33TESnoJERCodeOptimzation/mc/variableHists_v2addingPileupWeight
2016postVFP,v1baseline_v33TESnoJERCodeOptimzation,v3pileUpAndNewRange,48,0.09840583801269531,0,0,48,0.09840583801269531,/publicfs/cms/user/huahuil/tauOfTTTT_NanoAOD/forMVA/2016postVFP/v1baseline_v33TESnoJERCodeOptimzation/mc/variableHists_v3pileUpAndNewRange
2016postVFP,v1baseline_v33TESnoJERCodeOptimzation,v1variablesUsingMyclass,48,0.19528961181640625,0,0,48,0.19528961181640625,/publicfs/cms/user/huahuil/tauOfTTTT_NanoAOD/forMVA/2016postVFP/v1baseline_v33TESnoJERCodeOptimzation/mc/variableHists_v1variablesUsingMyclass
2016postVFP,v1baseline_v29LorentzProblemSolvedNoJERnoTES,v1variables,48,0.07218265533447266,0,0,48,0.07218265533447266,/publicfs/cms/user/huahuil/tauOfTTTT_NanoAOD/forMVA/2016postVFP/v1baseline_v29LorentzProblemSolvedNoJERnoTES/mc/variableHists_v1variables
2016preVFP,v0noBaseline_v29LorentzProblemSolvedNoJERnoTES,v0forCutFlow,48,0.06754207611083984,0,0,48,0.06754207611083984,/publicfs/cms/user/huahuil/tauOfTTTT_NanoAOD/forMVA/2016preVFP/v0noBaseline_v29LorentzProblemSolvedNoJERnoTES/mc/variableHists_v0forCutFlow
2016postVFP,v0baseline_v18HLTSelection,v2SwitchedCRVR,46,0.06038951873779297,0,0,46,0.06038951873779297,/publicfs/cms/user/huahuil/tauOfTTTT_NanoAOD/forMVA/2016postVFP/v0baseline_v18HLTSelection/mc/variableHists_v2SwitchedCRVR
2016postVFP,v0baseline_v18HLTSelection,v0forCutFlow,46,0.08464717864990234,0,0,46,0.08464717864990234,/publicfs/cms/user/huahuil/tauOfTTTT_NanoAOD/forMVA/2016postVFP/v0baseline_v18HLTSelection/mc/variableHists_v0forCutFlow
2016postVFP,v0baseline_v18HLTSelection,v1FixedSumgenWeight,46,0.0627908706665039,0,0,46,0.0627908706665039,/publicfs/cms/user/huahuil/tauOfTTTT_NanoAOD/forMVA/2016postVFP/v0baseline_v18HLTSelection/mc/variableHists_v1FixedSumgenWeight
2016preVFP,v0baseline_v18HLTSelection,v0forCutFlow,46,0.09091949462890625,0,0,46,0.09091949462890625,/publicfs/cms/user/huahuil/tauOfTTTT_NanoAOD/forMVA/2016preVFP/v0baseline_v18HLTSelection/mc/variableHists_v0forCutFlow
