/workfs2/cms/huahuil/CMSSW_14_1_0_pre4/src/FourTop/plotting/smooth_systematics_fourTops.py:247: RuntimeWarning: invalid value encountered in sqrt
  nominal_errors = np.sqrt(nominal_values)  # Statistical uncertainty

Processing systematic: ps_fsr, correlated: True, ifProcessCorrelated: True
Processing file: /publicfs/cms/user/huahuil/tauOfTTTT_NanoAOD/forMVA/2016preVFP/v1baselineHadroBtagWeightAdded_v94HadroPreJetVetoHemOnly/mc/variableHists_v9BDT1tau0l_CMSNamingComplete/combine/templatesForCombine1tau0l_new_notMCFTau_unblind.root
ps_fsr correlated for smoothing across years: ['2016preVFP', '2016postVFP', '2017', '2018']
Smoothed systematics plot saved to /publicfs/cms/user/huahuil/tauOfTTTT_NanoAOD/forMVA/2018/v1baselineHadroBtagWeightAdded_v94HadroPreJetVetoHemOnly/mc/variableHists_v9BDT1tau0l_CMSNamingComplete/combine/results/systematics_comparison_ps_fsr_2016preVFP_tt_1tau0lSR.png
Processing file: /publicfs/cms/user/huahuil/tauOfTTTT_NanoAOD/forMVA/2016postVFP/v1baselineHadroBtagWeightAdded_v94HadroPreJetVetoHemOnly/mc/variableHists_v9BDT1tau0l_CMSNamingComplete/combine/templatesForCombine1tau0l_new_notMCFTau_unblind.root
ps_fsr correlated for smoothing across years: ['2016preVFP', '2016postVFP', '2017', '2018']
Smoothed systematics plot saved to /publicfs/cms/user/huahuil/tauOfTTTT_NanoAOD/forMVA/2018/v1baselineHadroBtagWeightAdded_v94HadroPreJetVetoHemOnly/mc/variableHists_v9BDT1tau0l_CMSNamingComplete/combine/results/systematics_comparison_ps_fsr_2016postVFP_tt_1tau0lSR.png
Processing file: /publicfs/cms/user/huahuil/tauOfTTTT_NanoAOD/forMVA/2017/v1baselineHadroBtagWeightAdded_v94HadroPreJetVetoHemOnly/mc/variableHists_v9BDT1tau0l_CMSNamingComplete/combine/templatesForCombine1tau0l_new_notMCFTau_unblind.root
ps_fsr correlated for smoothing across years: ['2016preVFP', '2016postVFP', '2017', '2018']
Smoothed systematics plot saved to /publicfs/cms/user/huahuil/tauOfTTTT_NanoAOD/forMVA/2018/v1baselineHadroBtagWeightAdded_v94HadroPreJetVetoHemOnly/mc/variableHists_v9BDT1tau0l_CMSNamingComplete/combine/results/systematics_comparison_ps_fsr_2017_tt_1tau0lSR.png
Processing file: /publicfs/cms/user/huahuil/tauOfTTTT_NanoAOD/forMVA/2018/v1baselineHadroBtagWeightAdded_v94HadroPreJetVetoHemOnly/mc/variableHists_v9BDT1tau0l_CMSNamingComplete/combine/templatesForCombine1tau0l_new_notMCFTau_unblind.root
ps_fsr correlated for smoothing across years: ['2016preVFP', '2016postVFP', '2017', '2018']
Smoothed systematics plot saved to /publicfs/cms/user/huahuil/tauOfTTTT_NanoAOD/forMVA/2018/v1baselineHadroBtagWeightAdded_v94HadroPreJetVetoHemOnly/mc/variableHists_v9BDT1tau0l_CMSNamingComplete/combine/results/systematics_comparison_ps_fsr_2018_tt_1tau0lSR.png
Processing file: /publicfs/cms/user/huahuil/tauOfTTTT_NanoAOD/forMVA/2016preVFP/v1baselineHadroBtagWeightAdded_v94HadroPreJetVetoHemOnly/mc/variableHists_v9BDT1tau0l_CMSNamingComplete/combine/templatesForCombine1tau0l_new_notMCFTau_unblind.root
ps_fsr correlated for smoothing across years: ['2016preVFP', '2016postVFP', '2017', '2018']
Smoothed systematics plot saved to /publicfs/cms/user/huahuil/tauOfTTTT_NanoAOD/forMVA/2018/v1baselineHadroBtagWeightAdded_v94HadroPreJetVetoHemOnly/mc/variableHists_v9BDT1tau0l_CMSNamingComplete/combine/results/systematics_comparison_ps_fsr_2016preVFP_ttH_1tau0lSR.png
Processing file: /publicfs/cms/user/huahuil/tauOfTTTT_NanoAOD/forMVA/2016postVFP/v1baselineHadroBtagWeightAdded_v94HadroPreJetVetoHemOnly/mc/variableHists_v9BDT1tau0l_CMSNamingComplete/combine/templatesForCombine1tau0l_new_notMCFTau_unblind.root
ps_fsr correlated for smoothing across years: ['2016preVFP', '2016postVFP', '2017', '2018']
Smoothed systematics plot saved to /publicfs/cms/user/huahuil/tauOfTTTT_NanoAOD/forMVA/2018/v1baselineHadroBtagWeightAdded_v94HadroPreJetVetoHemOnly/mc/variableHists_v9BDT1tau0l_CMSNamingComplete/combine/results/systematics_comparison_ps_fsr_2016postVFP_ttH_1tau0lSR.png
Processing file: /publicfs/cms/user/huahuil/tauOfTTTT_NanoAOD/forMVA/2017/v1baselineHadroBtagWeightAdded_v94HadroPreJetVetoHemOnly/mc/variableHists_v9BDT1tau0l_CMSNamingComplete/combine/templatesForCombine1tau0l_new_notMCFTau_unblind.root
ps_fsr correlated for smoothing across years: ['2016preVFP', '2016postVFP', '2017', '2018']
Smoothed systematics plot saved to /publicfs/cms/user/huahuil/tauOfTTTT_NanoAOD/forMVA/2018/v1baselineHadroBtagWeightAdded_v94HadroPreJetVetoHemOnly/mc/variableHists_v9BDT1tau0l_CMSNamingComplete/combine/results/systematics_comparison_ps_fsr_2017_ttH_1tau0lSR.png
Processing file: /publicfs/cms/user/huahuil/tauOfTTTT_NanoAOD/forMVA/2018/v1baselineHadroBtagWeightAdded_v94HadroPreJetVetoHemOnly/mc/variableHists_v9BDT1tau0l_CMSNamingComplete/combine/templatesForCombine1tau0l_new_notMCFTau_unblind.root
ps_fsr correlated for smoothing across years: ['2016preVFP', '2016postVFP', '2017', '2018']
Smoothed systematics plot saved to /publicfs/cms/user/huahuil/tauOfTTTT_NanoAOD/forMVA/2018/v1baselineHadroBtagWeightAdded_v94HadroPreJetVetoHemOnly/mc/variableHists_v9BDT1tau0l_CMSNamingComplete/combine/results/systematics_comparison_ps_fsr_2018_ttH_1tau0lSR.png
Processing file: /publicfs/cms/user/huahuil/tauOfTTTT_NanoAOD/forMVA/2016preVFP/v1baselineHadroBtagWeightAdded_v94HadroPreJetVetoHemOnly/mc/variableHists_v9BDT1tau0l_CMSNamingComplete/combine/templatesForCombine1tau0l_new_notMCFTau_unblind.root
ps_fsr correlated for smoothing across years: ['2016preVFP', '2016postVFP', '2017', '2018']
Smoothed systematics plot saved to /publicfs/cms/user/huahuil/tauOfTTTT_NanoAOD/forMVA/2018/v1baselineHadroBtagWeightAdded_v94HadroPreJetVetoHemOnly/mc/variableHists_v9BDT1tau0l_CMSNamingComplete/combine/results/systematics_comparison_ps_fsr_2016preVFP_ttZ_1tau0lSR.png
Processing file: /publicfs/cms/user/huahuil/tauOfTTTT_NanoAOD/forMVA/2016postVFP/v1baselineHadroBtagWeightAdded_v94HadroPreJetVetoHemOnly/mc/variableHists_v9BDT1tau0l_CMSNamingComplete/combine/templatesForCombine1tau0l_new_notMCFTau_unblind.root
ps_fsr correlated for smoothing across years: ['2016preVFP', '2016postVFP', '2017', '2018']
Smoothed systematics plot saved to /publicfs/cms/user/huahuil/tauOfTTTT_NanoAOD/forMVA/2018/v1baselineHadroBtagWeightAdded_v94HadroPreJetVetoHemOnly/mc/variableHists_v9BDT1tau0l_CMSNamingComplete/combine/results/systematics_comparison_ps_fsr_2016postVFP_ttZ_1tau0lSR.png
Processing file: /publicfs/cms/user/huahuil/tauOfTTTT_NanoAOD/forMVA/2017/v1baselineHadroBtagWeightAdded_v94HadroPreJetVetoHemOnly/mc/variableHists_v9BDT1tau0l_CMSNamingComplete/combine/templatesForCombine1tau0l_new_notMCFTau_unblind.root
ps_fsr correlated for smoothing across years: ['2016preVFP', '2016postVFP', '2017', '2018']
Smoothed systematics plot saved to /publicfs/cms/user/huahuil/tauOfTTTT_NanoAOD/forMVA/2018/v1baselineHadroBtagWeightAdded_v94HadroPreJetVetoHemOnly/mc/variableHists_v9BDT1tau0l_CMSNamingComplete/combine/results/systematics_comparison_ps_fsr_2017_ttZ_1tau0lSR.png
Processing file: /publicfs/cms/user/huahuil/tauOfTTTT_NanoAOD/forMVA/2018/v1baselineHadroBtagWeightAdded_v94HadroPreJetVetoHemOnly/mc/variableHists_v9BDT1tau0l_CMSNamingComplete/combine/templatesForCombine1tau0l_new_notMCFTau_unblind.root
ps_fsr correlated for smoothing across years: ['2016preVFP', '2016postVFP', '2017', '2018']
Smoothed systematics plot saved to /publicfs/cms/user/huahuil/tauOfTTTT_NanoAOD/forMVA/2018/v1baselineHadroBtagWeightAdded_v94HadroPreJetVetoHemOnly/mc/variableHists_v9BDT1tau0l_CMSNamingComplete/combine/results/systematics_comparison_ps_fsr_2018_ttZ_1tau0lSR.png
Processing file: /publicfs/cms/user/huahuil/tauOfTTTT_NanoAOD/forMVA/2016preVFP/v1baselineHadroBtagWeightAdded_v94HadroPreJetVetoHemOnly/mc/variableHists_v9BDT1tau0l_CMSNamingComplete/combine/templatesForCombine1tau0l_new_notMCFTau_unblind.root
ps_fsr correlated for smoothing across years: ['2016preVFP', '2016postVFP', '2017', '2018']
Smoothed systematics plot saved to /publicfs/cms/user/huahuil/tauOfTTTT_NanoAOD/forMVA/2018/v1baselineHadroBtagWeightAdded_v94HadroPreJetVetoHemOnly/mc/variableHists_v9BDT1tau0l_CMSNamingComplete/combine/results/systematics_comparison_ps_fsr_2016preVFP_ttW_1tau0lSR.png
Processing file: /publicfs/cms/user/huahuil/tauOfTTTT_NanoAOD/forMVA/2016postVFP/v1baselineHadroBtagWeightAdded_v94HadroPreJetVetoHemOnly/mc/variableHists_v9BDT1tau0l_CMSNamingComplete/combine/templatesForCombine1tau0l_new_notMCFTau_unblind.root
ps_fsr correlated for smoothing across years: ['2016preVFP', '2016postVFP', '2017', '2018']
Smoothed systematics plot saved to /publicfs/cms/user/huahuil/tauOfTTTT_NanoAOD/forMVA/2018/v1baselineHadroBtagWeightAdded_v94HadroPreJetVetoHemOnly/mc/variableHists_v9BDT1tau0l_CMSNamingComplete/combine/results/systematics_comparison_ps_fsr_2016postVFP_ttW_1tau0lSR.png
Processing file: /publicfs/cms/user/huahuil/tauOfTTTT_NanoAOD/forMVA/2017/v1baselineHadroBtagWeightAdded_v94HadroPreJetVetoHemOnly/mc/variableHists_v9BDT1tau0l_CMSNamingComplete/combine/templatesForCombine1tau0l_new_notMCFTau_unblind.root
ps_fsr correlated for smoothing across years: ['2016preVFP', '2016postVFP', '2017', '2018']
Smoothed systematics plot saved to /publicfs/cms/user/huahuil/tauOfTTTT_NanoAOD/forMVA/2018/v1baselineHadroBtagWeightAdded_v94HadroPreJetVetoHemOnly/mc/variableHists_v9BDT1tau0l_CMSNamingComplete/combine/results/systematics_comparison_ps_fsr_2017_ttW_1tau0lSR.png
Processing file: /publicfs/cms/user/huahuil/tauOfTTTT_NanoAOD/forMVA/2018/v1baselineHadroBtagWeightAdded_v94HadroPreJetVetoHemOnly/mc/variableHists_v9BDT1tau0l_CMSNamingComplete/combine/templatesForCombine1tau0l_new_notMCFTau_unblind.root
ps_fsr correlated for smoothing across years: ['2016preVFP', '2016postVFP', '2017', '2018']
Smoothed systematics plot saved to /publicfs/cms/user/huahuil/tauOfTTTT_NanoAOD/forMVA/2018/v1baselineHadroBtagWeightAdded_v94HadroPreJetVetoHemOnly/mc/variableHists_v9BDT1tau0l_CMSNamingComplete/combine/results/systematics_comparison_ps_fsr_2018_ttW_1tau0lSR.png
Processing file: /publicfs/cms/user/huahuil/tauOfTTTT_NanoAOD/forMVA/2016preVFP/v1baselineHadroBtagWeightAdded_v94HadroPreJetVetoHemOnly/mc/variableHists_v9BDT1tau0l_CMSNamingComplete/combine/templatesForCombine1tau0l_new_notMCFTau_unblind.root
ps_fsr correlated for smoothing across years: ['2016preVFP', '2016postVFP', '2017', '2018']
Smoothed systematics plot saved to /publicfs/cms/user/huahuil/tauOfTTTT_NanoAOD/forMVA/2018/v1baselineHadroBtagWeightAdded_v94HadroPreJetVetoHemOnly/mc/variableHists_v9BDT1tau0l_CMSNamingComplete/combine/results/systematics_comparison_ps_fsr_2016preVFP_WJets_1tau0lSR.png
Processing file: /publicfs/cms/user/huahuil/tauOfTTTT_NanoAOD/forMVA/2016postVFP/v1baselineHadroBtagWeightAdded_v94HadroPreJetVetoHemOnly/mc/variableHists_v9BDT1tau0l_CMSNamingComplete/combine/templatesForCombine1tau0l_new_notMCFTau_unblind.root
ps_fsr correlated for smoothing across years: ['2016preVFP', '2016postVFP', '2017', '2018']
Smoothed systematics plot saved to /publicfs/cms/user/huahuil/tauOfTTTT_NanoAOD/forMVA/2018/v1baselineHadroBtagWeightAdded_v94HadroPreJetVetoHemOnly/mc/variableHists_v9BDT1tau0l_CMSNamingComplete/combine/results/systematics_comparison_ps_fsr_2016postVFP_WJets_1tau0lSR.png
Processing file: /publicfs/cms/user/huahuil/tauOfTTTT_NanoAOD/forMVA/2017/v1baselineHadroBtagWeightAdded_v94HadroPreJetVetoHemOnly/mc/variableHists_v9BDT1tau0l_CMSNamingComplete/combine/templatesForCombine1tau0l_new_notMCFTau_unblind.root
ps_fsr correlated for smoothing across years: ['2016preVFP', '2016postVFP', '2017', '2018']
Smoothed systematics plot saved to /publicfs/cms/user/huahuil/tauOfTTTT_NanoAOD/forMVA/2018/v1baselineHadroBtagWeightAdded_v94HadroPreJetVetoHemOnly/mc/variableHists_v9BDT1tau0l_CMSNamingComplete/combine/results/systematics_comparison_ps_fsr_2017_WJets_1tau0lSR.png
Processing file: /publicfs/cms/user/huahuil/tauOfTTTT_NanoAOD/forMVA/2018/v1baselineHadroBtagWeightAdded_v94HadroPreJetVetoHemOnly/mc/variableHists_v9BDT1tau0l_CMSNamingComplete/combine/templatesForCombine1tau0l_new_notMCFTau_unblind.root
ps_fsr correlated for smoothing across years: ['2016preVFP', '2016postVFP', '2017', '2018']
Smoothed systematics plot saved to /publicfs/cms/user/huahuil/tauOfTTTT_NanoAOD/forMVA/2018/v1baselineHadroBtagWeightAdded_v94HadroPreJetVetoHemOnly/mc/variableHists_v9BDT1tau0l_CMSNamingComplete/combine/results/systematics_comparison_ps_fsr_2018_WJets_1tau0lSR.png

Processing systematic: CMS_btag_fullShape_hf, correlated: True, ifProcessCorrelated: True
Processing file: /publicfs/cms/user/huahuil/tauOfTTTT_NanoAOD/forMVA/2016preVFP/v1baselineHadroBtagWeightAdded_v94HadroPreJetVetoHemOnly/mc/variableHists_v9BDT1tau0l_CMSNamingComplete/combine/templatesForCombine1tau0l_new_notMCFTau_unblind.root
CMS_btag_fullShape_hf correlated for smoothing across years: ['2016preVFP', '2016postVFP', '2017', '2018']
Smoothed systematics plot saved to /publicfs/cms/user/huahuil/tauOfTTTT_NanoAOD/forMVA/2018/v1baselineHadroBtagWeightAdded_v94HadroPreJetVetoHemOnly/mc/variableHists_v9BDT1tau0l_CMSNamingComplete/combine/results/systematics_comparison_CMS_btag_fullShape_hf_2016preVFP_tt_1tau0lSR.png
Processing file: /publicfs/cms/user/huahuil/tauOfTTTT_NanoAOD/forMVA/2016postVFP/v1baselineHadroBtagWeightAdded_v94HadroPreJetVetoHemOnly/mc/variableHists_v9BDT1tau0l_CMSNamingComplete/combine/templatesForCombine1tau0l_new_notMCFTau_unblind.root
CMS_btag_fullShape_hf correlated for smoothing across years: ['2016preVFP', '2016postVFP', '2017', '2018']
Smoothed systematics plot saved to /publicfs/cms/user/huahuil/tauOfTTTT_NanoAOD/forMVA/2018/v1baselineHadroBtagWeightAdded_v94HadroPreJetVetoHemOnly/mc/variableHists_v9BDT1tau0l_CMSNamingComplete/combine/results/systematics_comparison_CMS_btag_fullShape_hf_2016postVFP_tt_1tau0lSR.png
Processing file: /publicfs/cms/user/huahuil/tauOfTTTT_NanoAOD/forMVA/2017/v1baselineHadroBtagWeightAdded_v94HadroPreJetVetoHemOnly/mc/variableHists_v9BDT1tau0l_CMSNamingComplete/combine/templatesForCombine1tau0l_new_notMCFTau_unblind.root
CMS_btag_fullShape_hf correlated for smoothing across years: ['2016preVFP', '2016postVFP', '2017', '2018']
Smoothed systematics plot saved to /publicfs/cms/user/huahuil/tauOfTTTT_NanoAOD/forMVA/2018/v1baselineHadroBtagWeightAdded_v94HadroPreJetVetoHemOnly/mc/variableHists_v9BDT1tau0l_CMSNamingComplete/combine/results/systematics_comparison_CMS_btag_fullShape_hf_2017_tt_1tau0lSR.png
Processing file: /publicfs/cms/user/huahuil/tauOfTTTT_NanoAOD/forMVA/2018/v1baselineHadroBtagWeightAdded_v94HadroPreJetVetoHemOnly/mc/variableHists_v9BDT1tau0l_CMSNamingComplete/combine/templatesForCombine1tau0l_new_notMCFTau_unblind.root
CMS_btag_fullShape_hf correlated for smoothing across years: ['2016preVFP', '2016postVFP', '2017', '2018']
Smoothed systematics plot saved to /publicfs/cms/user/huahuil/tauOfTTTT_NanoAOD/forMVA/2018/v1baselineHadroBtagWeightAdded_v94HadroPreJetVetoHemOnly/mc/variableHists_v9BDT1tau0l_CMSNamingComplete/combine/results/systematics_comparison_CMS_btag_fullShape_hf_2018_tt_1tau0lSR.png
Processing file: /publicfs/cms/user/huahuil/tauOfTTTT_NanoAOD/forMVA/2016preVFP/v1baselineHadroBtagWeightAdded_v94HadroPreJetVetoHemOnly/mc/variableHists_v9BDT1tau0l_CMSNamingComplete/combine/templatesForCombine1tau0l_new_notMCFTau_unblind.root
CMS_btag_fullShape_hf correlated for smoothing across years: ['2016preVFP', '2016postVFP', '2017', '2018']
Smoothed systematics plot saved to /publicfs/cms/user/huahuil/tauOfTTTT_NanoAOD/forMVA/2018/v1baselineHadroBtagWeightAdded_v94HadroPreJetVetoHemOnly/mc/variableHists_v9BDT1tau0l_CMSNamingComplete/combine/results/systematics_comparison_CMS_btag_fullShape_hf_2016preVFP_ttH_1tau0lSR.png
Processing file: /publicfs/cms/user/huahuil/tauOfTTTT_NanoAOD/forMVA/2016postVFP/v1baselineHadroBtagWeightAdded_v94HadroPreJetVetoHemOnly/mc/variableHists_v9BDT1tau0l_CMSNamingComplete/combine/templatesForCombine1tau0l_new_notMCFTau_unblind.root
CMS_btag_fullShape_hf correlated for smoothing across years: ['2016preVFP', '2016postVFP', '2017', '2018']
Smoothed systematics plot saved to /publicfs/cms/user/huahuil/tauOfTTTT_NanoAOD/forMVA/2018/v1baselineHadroBtagWeightAdded_v94HadroPreJetVetoHemOnly/mc/variableHists_v9BDT1tau0l_CMSNamingComplete/combine/results/systematics_comparison_CMS_btag_fullShape_hf_2016postVFP_ttH_1tau0lSR.png
Processing file: /publicfs/cms/user/huahuil/tauOfTTTT_NanoAOD/forMVA/2017/v1baselineHadroBtagWeightAdded_v94HadroPreJetVetoHemOnly/mc/variableHists_v9BDT1tau0l_CMSNamingComplete/combine/templatesForCombine1tau0l_new_notMCFTau_unblind.root
CMS_btag_fullShape_hf correlated for smoothing across years: ['2016preVFP', '2016postVFP', '2017', '2018']
Smoothed systematics plot saved to /publicfs/cms/user/huahuil/tauOfTTTT_NanoAOD/forMVA/2018/v1baselineHadroBtagWeightAdded_v94HadroPreJetVetoHemOnly/mc/variableHists_v9BDT1tau0l_CMSNamingComplete/combine/results/systematics_comparison_CMS_btag_fullShape_hf_2017_ttH_1tau0lSR.png
Processing file: /publicfs/cms/user/huahuil/tauOfTTTT_NanoAOD/forMVA/2018/v1baselineHadroBtagWeightAdded_v94HadroPreJetVetoHemOnly/mc/variableHists_v9BDT1tau0l_CMSNamingComplete/combine/templatesForCombine1tau0l_new_notMCFTau_unblind.root
CMS_btag_fullShape_hf correlated for smoothing across years: ['2016preVFP', '2016postVFP', '2017', '2018']
Smoothed systematics plot saved to /publicfs/cms/user/huahuil/tauOfTTTT_NanoAOD/forMVA/2018/v1baselineHadroBtagWeightAdded_v94HadroPreJetVetoHemOnly/mc/variableHists_v9BDT1tau0l_CMSNamingComplete/combine/results/systematics_comparison_CMS_btag_fullShape_hf_2018_ttH_1tau0lSR.png
Processing file: /publicfs/cms/user/huahuil/tauOfTTTT_NanoAOD/forMVA/2016preVFP/v1baselineHadroBtagWeightAdded_v94HadroPreJetVetoHemOnly/mc/variableHists_v9BDT1tau0l_CMSNamingComplete/combine/templatesForCombine1tau0l_new_notMCFTau_unblind.root
CMS_btag_fullShape_hf correlated for smoothing across years: ['2016preVFP', '2016postVFP', '2017', '2018']
Smoothed systematics plot saved to /publicfs/cms/user/huahuil/tauOfTTTT_NanoAOD/forMVA/2018/v1baselineHadroBtagWeightAdded_v94HadroPreJetVetoHemOnly/mc/variableHists_v9BDT1tau0l_CMSNamingComplete/combine/results/systematics_comparison_CMS_btag_fullShape_hf_2016preVFP_ttZ_1tau0lSR.png
Processing file: /publicfs/cms/user/huahuil/tauOfTTTT_NanoAOD/forMVA/2016postVFP/v1baselineHadroBtagWeightAdded_v94HadroPreJetVetoHemOnly/mc/variableHists_v9BDT1tau0l_CMSNamingComplete/combine/templatesForCombine1tau0l_new_notMCFTau_unblind.root
CMS_btag_fullShape_hf correlated for smoothing across years: ['2016preVFP', '2016postVFP', '2017', '2018']
Smoothed systematics plot saved to /publicfs/cms/user/huahuil/tauOfTTTT_NanoAOD/forMVA/2018/v1baselineHadroBtagWeightAdded_v94HadroPreJetVetoHemOnly/mc/variableHists_v9BDT1tau0l_CMSNamingComplete/combine/results/systematics_comparison_CMS_btag_fullShape_hf_2016postVFP_ttZ_1tau0lSR.png
Processing file: /publicfs/cms/user/huahuil/tauOfTTTT_NanoAOD/forMVA/2017/v1baselineHadroBtagWeightAdded_v94HadroPreJetVetoHemOnly/mc/variableHists_v9BDT1tau0l_CMSNamingComplete/combine/templatesForCombine1tau0l_new_notMCFTau_unblind.root
CMS_btag_fullShape_hf correlated for smoothing across years: ['2016preVFP', '2016postVFP', '2017', '2018']
Smoothed systematics plot saved to /publicfs/cms/user/huahuil/tauOfTTTT_NanoAOD/forMVA/2018/v1baselineHadroBtagWeightAdded_v94HadroPreJetVetoHemOnly/mc/variableHists_v9BDT1tau0l_CMSNamingComplete/combine/results/systematics_comparison_CMS_btag_fullShape_hf_2017_ttZ_1tau0lSR.png
Processing file: /publicfs/cms/user/huahuil/tauOfTTTT_NanoAOD/forMVA/2018/v1baselineHadroBtagWeightAdded_v94HadroPreJetVetoHemOnly/mc/variableHists_v9BDT1tau0l_CMSNamingComplete/combine/templatesForCombine1tau0l_new_notMCFTau_unblind.root
CMS_btag_fullShape_hf correlated for smoothing across years: ['2016preVFP', '2016postVFP', '2017', '2018']
Smoothed systematics plot saved to /publicfs/cms/user/huahuil/tauOfTTTT_NanoAOD/forMVA/2018/v1baselineHadroBtagWeightAdded_v94HadroPreJetVetoHemOnly/mc/variableHists_v9BDT1tau0l_CMSNamingComplete/combine/results/systematics_comparison_CMS_btag_fullShape_hf_2018_ttZ_1tau0lSR.png
Processing file: /publicfs/cms/user/huahuil/tauOfTTTT_NanoAOD/forMVA/2016preVFP/v1baselineHadroBtagWeightAdded_v94HadroPreJetVetoHemOnly/mc/variableHists_v9BDT1tau0l_CMSNamingComplete/combine/templatesForCombine1tau0l_new_notMCFTau_unblind.root
CMS_btag_fullShape_hf correlated for smoothing across years: ['2016preVFP', '2016postVFP', '2017', '2018']
Smoothed systematics plot saved to /publicfs/cms/user/huahuil/tauOfTTTT_NanoAOD/forMVA/2018/v1baselineHadroBtagWeightAdded_v94HadroPreJetVetoHemOnly/mc/variableHists_v9BDT1tau0l_CMSNamingComplete/combine/results/systematics_comparison_CMS_btag_fullShape_hf_2016preVFP_ttW_1tau0lSR.png
Processing file: /publicfs/cms/user/huahuil/tauOfTTTT_NanoAOD/forMVA/2016postVFP/v1baselineHadroBtagWeightAdded_v94HadroPreJetVetoHemOnly/mc/variableHists_v9BDT1tau0l_CMSNamingComplete/combine/templatesForCombine1tau0l_new_notMCFTau_unblind.root
CMS_btag_fullShape_hf correlated for smoothing across years: ['2016preVFP', '2016postVFP', '2017', '2018']
Smoothed systematics plot saved to /publicfs/cms/user/huahuil/tauOfTTTT_NanoAOD/forMVA/2018/v1baselineHadroBtagWeightAdded_v94HadroPreJetVetoHemOnly/mc/variableHists_v9BDT1tau0l_CMSNamingComplete/combine/results/systematics_comparison_CMS_btag_fullShape_hf_2016postVFP_ttW_1tau0lSR.png
Processing file: /publicfs/cms/user/huahuil/tauOfTTTT_NanoAOD/forMVA/2017/v1baselineHadroBtagWeightAdded_v94HadroPreJetVetoHemOnly/mc/variableHists_v9BDT1tau0l_CMSNamingComplete/combine/templatesForCombine1tau0l_new_notMCFTau_unblind.root
CMS_btag_fullShape_hf correlated for smoothing across years: ['2016preVFP', '2016postVFP', '2017', '2018']
Smoothed systematics plot saved to /publicfs/cms/user/huahuil/tauOfTTTT_NanoAOD/forMVA/2018/v1baselineHadroBtagWeightAdded_v94HadroPreJetVetoHemOnly/mc/variableHists_v9BDT1tau0l_CMSNamingComplete/combine/results/systematics_comparison_CMS_btag_fullShape_hf_2017_ttW_1tau0lSR.png
Processing file: /publicfs/cms/user/huahuil/tauOfTTTT_NanoAOD/forMVA/2018/v1baselineHadroBtagWeightAdded_v94HadroPreJetVetoHemOnly/mc/variableHists_v9BDT1tau0l_CMSNamingComplete/combine/templatesForCombine1tau0l_new_notMCFTau_unblind.root
CMS_btag_fullShape_hf correlated for smoothing across years: ['2016preVFP', '2016postVFP', '2017', '2018']
Smoothed systematics plot saved to /publicfs/cms/user/huahuil/tauOfTTTT_NanoAOD/forMVA/2018/v1baselineHadroBtagWeightAdded_v94HadroPreJetVetoHemOnly/mc/variableHists_v9BDT1tau0l_CMSNamingComplete/combine/results/systematics_comparison_CMS_btag_fullShape_hf_2018_ttW_1tau0lSR.png
Processing file: /publicfs/cms/user/huahuil/tauOfTTTT_NanoAOD/forMVA/2016preVFP/v1baselineHadroBtagWeightAdded_v94HadroPreJetVetoHemOnly/mc/variableHists_v9BDT1tau0l_CMSNamingComplete/combine/templatesForCombine1tau0l_new_notMCFTau_unblind.root
CMS_btag_fullShape_hf correlated for smoothing across years: ['2016preVFP', '2016postVFP', '2017', '2018']
Smoothed systematics plot saved to /publicfs/cms/user/huahuil/tauOfTTTT_NanoAOD/forMVA/2018/v1baselineHadroBtagWeightAdded_v94HadroPreJetVetoHemOnly/mc/variableHists_v9BDT1tau0l_CMSNamingComplete/combine/results/systematics_comparison_CMS_btag_fullShape_hf_2016preVFP_WJets_1tau0lSR.png
Processing file: /publicfs/cms/user/huahuil/tauOfTTTT_NanoAOD/forMVA/2016postVFP/v1baselineHadroBtagWeightAdded_v94HadroPreJetVetoHemOnly/mc/variableHists_v9BDT1tau0l_CMSNamingComplete/combine/templatesForCombine1tau0l_new_notMCFTau_unblind.root
CMS_btag_fullShape_hf correlated for smoothing across years: ['2016preVFP', '2016postVFP', '2017', '2018']
Smoothed systematics plot saved to /publicfs/cms/user/huahuil/tauOfTTTT_NanoAOD/forMVA/2018/v1baselineHadroBtagWeightAdded_v94HadroPreJetVetoHemOnly/mc/variableHists_v9BDT1tau0l_CMSNamingComplete/combine/results/systematics_comparison_CMS_btag_fullShape_hf_2016postVFP_WJets_1tau0lSR.png
Processing file: /publicfs/cms/user/huahuil/tauOfTTTT_NanoAOD/forMVA/2017/v1baselineHadroBtagWeightAdded_v94HadroPreJetVetoHemOnly/mc/variableHists_v9BDT1tau0l_CMSNamingComplete/combine/templatesForCombine1tau0l_new_notMCFTau_unblind.root
CMS_btag_fullShape_hf correlated for smoothing across years: ['2016preVFP', '2016postVFP', '2017', '2018']
Smoothed systematics plot saved to /publicfs/cms/user/huahuil/tauOfTTTT_NanoAOD/forMVA/2018/v1baselineHadroBtagWeightAdded_v94HadroPreJetVetoHemOnly/mc/variableHists_v9BDT1tau0l_CMSNamingComplete/combine/results/systematics_comparison_CMS_btag_fullShape_hf_2017_WJets_1tau0lSR.png
Processing file: /publicfs/cms/user/huahuil/tauOfTTTT_NanoAOD/forMVA/2018/v1baselineHadroBtagWeightAdded_v94HadroPreJetVetoHemOnly/mc/variableHists_v9BDT1tau0l_CMSNamingComplete/combine/templatesForCombine1tau0l_new_notMCFTau_unblind.root
CMS_btag_fullShape_hf correlated for smoothing across years: ['2016preVFP', '2016postVFP', '2017', '2018']
Smoothed systematics plot saved to /publicfs/cms/user/huahuil/tauOfTTTT_NanoAOD/forMVA/2018/v1baselineHadroBtagWeightAdded_v94HadroPreJetVetoHemOnly/mc/variableHists_v9BDT1tau0l_CMSNamingComplete/combine/results/systematics_comparison_CMS_btag_fullShape_hf_2018_WJets_1tau0lSR.png

Processing systematic: ps_isr, correlated: True, ifProcessCorrelated: False
Processing file: /publicfs/cms/user/huahuil/tauOfTTTT_NanoAOD/forMVA/2016preVFP/v1baselineHadroBtagWeightAdded_v94HadroPreJetVetoHemOnly/mc/variableHists_v9BDT1tau0l_CMSNamingComplete/combine/templatesForCombine1tau0l_new_notMCFTau_unblind.root
ps_isr correlated for smoothing across years: ['2016preVFP', '2016postVFP', '2017', '2018']
Smoothed systematics plot saved to /publicfs/cms/user/huahuil/tauOfTTTT_NanoAOD/forMVA/2018/v1baselineHadroBtagWeightAdded_v94HadroPreJetVetoHemOnly/mc/variableHists_v9BDT1tau0l_CMSNamingComplete/combine/results/systematics_comparison_ps_isr_2016preVFP_tt_1tau0lSR.png
Processing file: /publicfs/cms/user/huahuil/tauOfTTTT_NanoAOD/forMVA/2016postVFP/v1baselineHadroBtagWeightAdded_v94HadroPreJetVetoHemOnly/mc/variableHists_v9BDT1tau0l_CMSNamingComplete/combine/templatesForCombine1tau0l_new_notMCFTau_unblind.root
ps_isr correlated for smoothing across years: ['2016preVFP', '2016postVFP', '2017', '2018']
Smoothed systematics plot saved to /publicfs/cms/user/huahuil/tauOfTTTT_NanoAOD/forMVA/2018/v1baselineHadroBtagWeightAdded_v94HadroPreJetVetoHemOnly/mc/variableHists_v9BDT1tau0l_CMSNamingComplete/combine/results/systematics_comparison_ps_isr_2016postVFP_tt_1tau0lSR.png
Processing file: /publicfs/cms/user/huahuil/tauOfTTTT_NanoAOD/forMVA/2017/v1baselineHadroBtagWeightAdded_v94HadroPreJetVetoHemOnly/mc/variableHists_v9BDT1tau0l_CMSNamingComplete/combine/templatesForCombine1tau0l_new_notMCFTau_unblind.root
ps_isr correlated for smoothing across years: ['2016preVFP', '2016postVFP', '2017', '2018']
Smoothed systematics plot saved to /publicfs/cms/user/huahuil/tauOfTTTT_NanoAOD/forMVA/2018/v1baselineHadroBtagWeightAdded_v94HadroPreJetVetoHemOnly/mc/variableHists_v9BDT1tau0l_CMSNamingComplete/combine/results/systematics_comparison_ps_isr_2017_tt_1tau0lSR.png
Processing file: /publicfs/cms/user/huahuil/tauOfTTTT_NanoAOD/forMVA/2018/v1baselineHadroBtagWeightAdded_v94HadroPreJetVetoHemOnly/mc/variableHists_v9BDT1tau0l_CMSNamingComplete/combine/templatesForCombine1tau0l_new_notMCFTau_unblind.root
ps_isr correlated for smoothing across years: ['2016preVFP', '2016postVFP', '2017', '2018']
Smoothed systematics plot saved to /publicfs/cms/user/huahuil/tauOfTTTT_NanoAOD/forMVA/2018/v1baselineHadroBtagWeightAdded_v94HadroPreJetVetoHemOnly/mc/variableHists_v9BDT1tau0l_CMSNamingComplete/combine/results/systematics_comparison_ps_isr_2018_tt_1tau0lSR.png
Processing file: /publicfs/cms/user/huahuil/tauOfTTTT_NanoAOD/forMVA/2016preVFP/v1baselineHadroBtagWeightAdded_v94HadroPreJetVetoHemOnly/mc/variableHists_v9BDT1tau0l_CMSNamingComplete/combine/templatesForCombine1tau0l_new_notMCFTau_unblind.root
ps_isr correlated for smoothing across years: ['2016preVFP', '2016postVFP', '2017', '2018']
Smoothed systematics plot saved to /publicfs/cms/user/huahuil/tauOfTTTT_NanoAOD/forMVA/2018/v1baselineHadroBtagWeightAdded_v94HadroPreJetVetoHemOnly/mc/variableHists_v9BDT1tau0l_CMSNamingComplete/combine/results/systematics_comparison_ps_isr_2016preVFP_ttH_1tau0lSR.png
Processing file: /publicfs/cms/user/huahuil/tauOfTTTT_NanoAOD/forMVA/2016postVFP/v1baselineHadroBtagWeightAdded_v94HadroPreJetVetoHemOnly/mc/variableHists_v9BDT1tau0l_CMSNamingComplete/combine/templatesForCombine1tau0l_new_notMCFTau_unblind.root
ps_isr correlated for smoothing across years: ['2016preVFP', '2016postVFP', '2017', '2018']
Smoothed systematics plot saved to /publicfs/cms/user/huahuil/tauOfTTTT_NanoAOD/forMVA/2018/v1baselineHadroBtagWeightAdded_v94HadroPreJetVetoHemOnly/mc/variableHists_v9BDT1tau0l_CMSNamingComplete/combine/results/systematics_comparison_ps_isr_2016postVFP_ttH_1tau0lSR.png
Processing file: /publicfs/cms/user/huahuil/tauOfTTTT_NanoAOD/forMVA/2017/v1baselineHadroBtagWeightAdded_v94HadroPreJetVetoHemOnly/mc/variableHists_v9BDT1tau0l_CMSNamingComplete/combine/templatesForCombine1tau0l_new_notMCFTau_unblind.root
ps_isr correlated for smoothing across years: ['2016preVFP', '2016postVFP', '2017', '2018']
Smoothed systematics plot saved to /publicfs/cms/user/huahuil/tauOfTTTT_NanoAOD/forMVA/2018/v1baselineHadroBtagWeightAdded_v94HadroPreJetVetoHemOnly/mc/variableHists_v9BDT1tau0l_CMSNamingComplete/combine/results/systematics_comparison_ps_isr_2017_ttH_1tau0lSR.png
Processing file: /publicfs/cms/user/huahuil/tauOfTTTT_NanoAOD/forMVA/2018/v1baselineHadroBtagWeightAdded_v94HadroPreJetVetoHemOnly/mc/variableHists_v9BDT1tau0l_CMSNamingComplete/combine/templatesForCombine1tau0l_new_notMCFTau_unblind.root
ps_isr correlated for smoothing across years: ['2016preVFP', '2016postVFP', '2017', '2018']
Smoothed systematics plot saved to /publicfs/cms/user/huahuil/tauOfTTTT_NanoAOD/forMVA/2018/v1baselineHadroBtagWeightAdded_v94HadroPreJetVetoHemOnly/mc/variableHists_v9BDT1tau0l_CMSNamingComplete/combine/results/systematics_comparison_ps_isr_2018_ttH_1tau0lSR.png
Processing file: /publicfs/cms/user/huahuil/tauOfTTTT_NanoAOD/forMVA/2016preVFP/v1baselineHadroBtagWeightAdded_v94HadroPreJetVetoHemOnly/mc/variableHists_v9BDT1tau0l_CMSNamingComplete/combine/templatesForCombine1tau0l_new_notMCFTau_unblind.root
ps_isr correlated for smoothing across years: ['2016preVFP', '2016postVFP', '2017', '2018']
Smoothed systematics plot saved to /publicfs/cms/user/huahuil/tauOfTTTT_NanoAOD/forMVA/2018/v1baselineHadroBtagWeightAdded_v94HadroPreJetVetoHemOnly/mc/variableHists_v9BDT1tau0l_CMSNamingComplete/combine/results/systematics_comparison_ps_isr_2016preVFP_ttZ_1tau0lSR.png
Processing file: /publicfs/cms/user/huahuil/tauOfTTTT_NanoAOD/forMVA/2016postVFP/v1baselineHadroBtagWeightAdded_v94HadroPreJetVetoHemOnly/mc/variableHists_v9BDT1tau0l_CMSNamingComplete/combine/templatesForCombine1tau0l_new_notMCFTau_unblind.root
ps_isr correlated for smoothing across years: ['2016preVFP', '2016postVFP', '2017', '2018']
Smoothed systematics plot saved to /publicfs/cms/user/huahuil/tauOfTTTT_NanoAOD/forMVA/2018/v1baselineHadroBtagWeightAdded_v94HadroPreJetVetoHemOnly/mc/variableHists_v9BDT1tau0l_CMSNamingComplete/combine/results/systematics_comparison_ps_isr_2016postVFP_ttZ_1tau0lSR.png
Processing file: /publicfs/cms/user/huahuil/tauOfTTTT_NanoAOD/forMVA/2017/v1baselineHadroBtagWeightAdded_v94HadroPreJetVetoHemOnly/mc/variableHists_v9BDT1tau0l_CMSNamingComplete/combine/templatesForCombine1tau0l_new_notMCFTau_unblind.root
ps_isr correlated for smoothing across years: ['2016preVFP', '2016postVFP', '2017', '2018']
Smoothed systematics plot saved to /publicfs/cms/user/huahuil/tauOfTTTT_NanoAOD/forMVA/2018/v1baselineHadroBtagWeightAdded_v94HadroPreJetVetoHemOnly/mc/variableHists_v9BDT1tau0l_CMSNamingComplete/combine/results/systematics_comparison_ps_isr_2017_ttZ_1tau0lSR.png
Processing file: /publicfs/cms/user/huahuil/tauOfTTTT_NanoAOD/forMVA/2018/v1baselineHadroBtagWeightAdded_v94HadroPreJetVetoHemOnly/mc/variableHists_v9BDT1tau0l_CMSNamingComplete/combine/templatesForCombine1tau0l_new_notMCFTau_unblind.root
ps_isr correlated for smoothing across years: ['2016preVFP', '2016postVFP', '2017', '2018']
Smoothed systematics plot saved to /publicfs/cms/user/huahuil/tauOfTTTT_NanoAOD/forMVA/2018/v1baselineHadroBtagWeightAdded_v94HadroPreJetVetoHemOnly/mc/variableHists_v9BDT1tau0l_CMSNamingComplete/combine/results/systematics_comparison_ps_isr_2018_ttZ_1tau0lSR.png
Processing file: /publicfs/cms/user/huahuil/tauOfTTTT_NanoAOD/forMVA/2016preVFP/v1baselineHadroBtagWeightAdded_v94HadroPreJetVetoHemOnly/mc/variableHists_v9BDT1tau0l_CMSNamingComplete/combine/templatesForCombine1tau0l_new_notMCFTau_unblind.root
ps_isr correlated for smoothing across years: ['2016preVFP', '2016postVFP', '2017', '2018']
Smoothed systematics plot saved to /publicfs/cms/user/huahuil/tauOfTTTT_NanoAOD/forMVA/2018/v1baselineHadroBtagWeightAdded_v94HadroPreJetVetoHemOnly/mc/variableHists_v9BDT1tau0l_CMSNamingComplete/combine/results/systematics_comparison_ps_isr_2016preVFP_ttW_1tau0lSR.png
Processing file: /publicfs/cms/user/huahuil/tauOfTTTT_NanoAOD/forMVA/2016postVFP/v1baselineHadroBtagWeightAdded_v94HadroPreJetVetoHemOnly/mc/variableHists_v9BDT1tau0l_CMSNamingComplete/combine/templatesForCombine1tau0l_new_notMCFTau_unblind.root
ps_isr correlated for smoothing across years: ['2016preVFP', '2016postVFP', '2017', '2018']
Smoothed systematics plot saved to /publicfs/cms/user/huahuil/tauOfTTTT_NanoAOD/forMVA/2018/v1baselineHadroBtagWeightAdded_v94HadroPreJetVetoHemOnly/mc/variableHists_v9BDT1tau0l_CMSNamingComplete/combine/results/systematics_comparison_ps_isr_2016postVFP_ttW_1tau0lSR.png
Processing file: /publicfs/cms/user/huahuil/tauOfTTTT_NanoAOD/forMVA/2017/v1baselineHadroBtagWeightAdded_v94HadroPreJetVetoHemOnly/mc/variableHists_v9BDT1tau0l_CMSNamingComplete/combine/templatesForCombine1tau0l_new_notMCFTau_unblind.root
ps_isr correlated for smoothing across years: ['2016preVFP', '2016postVFP', '2017', '2018']
Smoothed systematics plot saved to /publicfs/cms/user/huahuil/tauOfTTTT_NanoAOD/forMVA/2018/v1baselineHadroBtagWeightAdded_v94HadroPreJetVetoHemOnly/mc/variableHists_v9BDT1tau0l_CMSNamingComplete/combine/results/systematics_comparison_ps_isr_2017_ttW_1tau0lSR.png
Processing file: /publicfs/cms/user/huahuil/tauOfTTTT_NanoAOD/forMVA/2018/v1baselineHadroBtagWeightAdded_v94HadroPreJetVetoHemOnly/mc/variableHists_v9BDT1tau0l_CMSNamingComplete/combine/templatesForCombine1tau0l_new_notMCFTau_unblind.root
ps_isr correlated for smoothing across years: ['2016preVFP', '2016postVFP', '2017', '2018']
Smoothed systematics plot saved to /publicfs/cms/user/huahuil/tauOfTTTT_NanoAOD/forMVA/2018/v1baselineHadroBtagWeightAdded_v94HadroPreJetVetoHemOnly/mc/variableHists_v9BDT1tau0l_CMSNamingComplete/combine/results/systematics_comparison_ps_isr_2018_ttW_1tau0lSR.png
Processing file: /publicfs/cms/user/huahuil/tauOfTTTT_NanoAOD/forMVA/2016preVFP/v1baselineHadroBtagWeightAdded_v94HadroPreJetVetoHemOnly/mc/variableHists_v9BDT1tau0l_CMSNamingComplete/combine/templatesForCombine1tau0l_new_notMCFTau_unblind.root
ps_isr correlated for smoothing across years: ['2016preVFP', '2016postVFP', '2017', '2018']
Smoothed systematics plot saved to /publicfs/cms/user/huahuil/tauOfTTTT_NanoAOD/forMVA/2018/v1baselineHadroBtagWeightAdded_v94HadroPreJetVetoHemOnly/mc/variableHists_v9BDT1tau0l_CMSNamingComplete/combine/results/systematics_comparison_ps_isr_2016preVFP_WJets_1tau0lSR.png
Processing file: /publicfs/cms/user/huahuil/tauOfTTTT_NanoAOD/forMVA/2016postVFP/v1baselineHadroBtagWeightAdded_v94HadroPreJetVetoHemOnly/mc/variableHists_v9BDT1tau0l_CMSNamingComplete/combine/templatesForCombine1tau0l_new_notMCFTau_unblind.root
ps_isr correlated for smoothing across years: ['2016preVFP', '2016postVFP', '2017', '2018']
Smoothed systematics plot saved to /publicfs/cms/user/huahuil/tauOfTTTT_NanoAOD/forMVA/2018/v1baselineHadroBtagWeightAdded_v94HadroPreJetVetoHemOnly/mc/variableHists_v9BDT1tau0l_CMSNamingComplete/combine/results/systematics_comparison_ps_isr_2016postVFP_WJets_1tau0lSR.png
Processing file: /publicfs/cms/user/huahuil/tauOfTTTT_NanoAOD/forMVA/2017/v1baselineHadroBtagWeightAdded_v94HadroPreJetVetoHemOnly/mc/variableHists_v9BDT1tau0l_CMSNamingComplete/combine/templatesForCombine1tau0l_new_notMCFTau_unblind.root
ps_isr correlated for smoothing across years: ['2016preVFP', '2016postVFP', '2017', '2018']
Smoothed systematics plot saved to /publicfs/cms/user/huahuil/tauOfTTTT_NanoAOD/forMVA/2018/v1baselineHadroBtagWeightAdded_v94HadroPreJetVetoHemOnly/mc/variableHists_v9BDT1tau0l_CMSNamingComplete/combine/results/systematics_comparison_ps_isr_2017_WJets_1tau0lSR.png
Processing file: /publicfs/cms/user/huahuil/tauOfTTTT_NanoAOD/forMVA/2018/v1baselineHadroBtagWeightAdded_v94HadroPreJetVetoHemOnly/mc/variableHists_v9BDT1tau0l_CMSNamingComplete/combine/templatesForCombine1tau0l_new_notMCFTau_unblind.root
ps_isr correlated for smoothing across years: ['2016preVFP', '2016postVFP', '2017', '2018']
Smoothed systematics plot saved to /publicfs/cms/user/huahuil/tauOfTTTT_NanoAOD/forMVA/2018/v1baselineHadroBtagWeightAdded_v94HadroPreJetVetoHemOnly/mc/variableHists_v9BDT1tau0l_CMSNamingComplete/combine/results/systematics_comparison_ps_isr_2018_WJets_1tau0lSR.png

Processing systematic: CMS_scale_j_FlavorPureGluon, correlated: True, ifProcessCorrelated: True
Processing file: /publicfs/cms/user/huahuil/tauOfTTTT_NanoAOD/forMVA/2016preVFP/v1baselineHadroBtagWeightAdded_v94HadroPreJetVetoHemOnly/mc/variableHists_v9BDT1tau0l_CMSNamingComplete/combine/templatesForCombine1tau0l_new_notMCFTau_unblind.root
CMS_scale_j_FlavorPureGluon correlated for smoothing across years: ['2016preVFP', '2016postVFP', '2017', '2018']
Smoothed systematics plot saved to /publicfs/cms/user/huahuil/tauOfTTTT_NanoAOD/forMVA/2018/v1baselineHadroBtagWeightAdded_v94HadroPreJetVetoHemOnly/mc/variableHists_v9BDT1tau0l_CMSNamingComplete/combine/results/systematics_comparison_CMS_scale_j_FlavorPureGluon_2016preVFP_tt_1tau0lSR.png
Processing file: /publicfs/cms/user/huahuil/tauOfTTTT_NanoAOD/forMVA/2016postVFP/v1baselineHadroBtagWeightAdded_v94HadroPreJetVetoHemOnly/mc/variableHists_v9BDT1tau0l_CMSNamingComplete/combine/templatesForCombine1tau0l_new_notMCFTau_unblind.root
CMS_scale_j_FlavorPureGluon correlated for smoothing across years: ['2016preVFP', '2016postVFP', '2017', '2018']
Smoothed systematics plot saved to /publicfs/cms/user/huahuil/tauOfTTTT_NanoAOD/forMVA/2018/v1baselineHadroBtagWeightAdded_v94HadroPreJetVetoHemOnly/mc/variableHists_v9BDT1tau0l_CMSNamingComplete/combine/results/systematics_comparison_CMS_scale_j_FlavorPureGluon_2016postVFP_tt_1tau0lSR.png
Processing file: /publicfs/cms/user/huahuil/tauOfTTTT_NanoAOD/forMVA/2017/v1baselineHadroBtagWeightAdded_v94HadroPreJetVetoHemOnly/mc/variableHists_v9BDT1tau0l_CMSNamingComplete/combine/templatesForCombine1tau0l_new_notMCFTau_unblind.root
CMS_scale_j_FlavorPureGluon correlated for smoothing across years: ['2016preVFP', '2016postVFP', '2017', '2018']
Smoothed systematics plot saved to /publicfs/cms/user/huahuil/tauOfTTTT_NanoAOD/forMVA/2018/v1baselineHadroBtagWeightAdded_v94HadroPreJetVetoHemOnly/mc/variableHists_v9BDT1tau0l_CMSNamingComplete/combine/results/systematics_comparison_CMS_scale_j_FlavorPureGluon_2017_tt_1tau0lSR.png
Processing file: /publicfs/cms/user/huahuil/tauOfTTTT_NanoAOD/forMVA/2018/v1baselineHadroBtagWeightAdded_v94HadroPreJetVetoHemOnly/mc/variableHists_v9BDT1tau0l_CMSNamingComplete/combine/templatesForCombine1tau0l_new_notMCFTau_unblind.root
CMS_scale_j_FlavorPureGluon correlated for smoothing across years: ['2016preVFP', '2016postVFP', '2017', '2018']
Smoothed systematics plot saved to /publicfs/cms/user/huahuil/tauOfTTTT_NanoAOD/forMVA/2018/v1baselineHadroBtagWeightAdded_v94HadroPreJetVetoHemOnly/mc/variableHists_v9BDT1tau0l_CMSNamingComplete/combine/results/systematics_comparison_CMS_scale_j_FlavorPureGluon_2018_tt_1tau0lSR.png
Processing file: /publicfs/cms/user/huahuil/tauOfTTTT_NanoAOD/forMVA/2016preVFP/v1baselineHadroBtagWeightAdded_v94HadroPreJetVetoHemOnly/mc/variableHists_v9BDT1tau0l_CMSNamingComplete/combine/templatesForCombine1tau0l_new_notMCFTau_unblind.root
CMS_scale_j_FlavorPureGluon correlated for smoothing across years: ['2016preVFP', '2016postVFP', '2017', '2018']
Smoothed systematics plot saved to /publicfs/cms/user/huahuil/tauOfTTTT_NanoAOD/forMVA/2018/v1baselineHadroBtagWeightAdded_v94HadroPreJetVetoHemOnly/mc/variableHists_v9BDT1tau0l_CMSNamingComplete/combine/results/systematics_comparison_CMS_scale_j_FlavorPureGluon_2016preVFP_ttH_1tau0lSR.png
Processing file: /publicfs/cms/user/huahuil/tauOfTTTT_NanoAOD/forMVA/2016postVFP/v1baselineHadroBtagWeightAdded_v94HadroPreJetVetoHemOnly/mc/variableHists_v9BDT1tau0l_CMSNamingComplete/combine/templatesForCombine1tau0l_new_notMCFTau_unblind.root
CMS_scale_j_FlavorPureGluon correlated for smoothing across years: ['2016preVFP', '2016postVFP', '2017', '2018']
Smoothed systematics plot saved to /publicfs/cms/user/huahuil/tauOfTTTT_NanoAOD/forMVA/2018/v1baselineHadroBtagWeightAdded_v94HadroPreJetVetoHemOnly/mc/variableHists_v9BDT1tau0l_CMSNamingComplete/combine/results/systematics_comparison_CMS_scale_j_FlavorPureGluon_2016postVFP_ttH_1tau0lSR.png
Processing file: /publicfs/cms/user/huahuil/tauOfTTTT_NanoAOD/forMVA/2017/v1baselineHadroBtagWeightAdded_v94HadroPreJetVetoHemOnly/mc/variableHists_v9BDT1tau0l_CMSNamingComplete/combine/templatesForCombine1tau0l_new_notMCFTau_unblind.root
CMS_scale_j_FlavorPureGluon correlated for smoothing across years: ['2016preVFP', '2016postVFP', '2017', '2018']
Smoothed systematics plot saved to /publicfs/cms/user/huahuil/tauOfTTTT_NanoAOD/forMVA/2018/v1baselineHadroBtagWeightAdded_v94HadroPreJetVetoHemOnly/mc/variableHists_v9BDT1tau0l_CMSNamingComplete/combine/results/systematics_comparison_CMS_scale_j_FlavorPureGluon_2017_ttH_1tau0lSR.png
Processing file: /publicfs/cms/user/huahuil/tauOfTTTT_NanoAOD/forMVA/2018/v1baselineHadroBtagWeightAdded_v94HadroPreJetVetoHemOnly/mc/variableHists_v9BDT1tau0l_CMSNamingComplete/combine/templatesForCombine1tau0l_new_notMCFTau_unblind.root
CMS_scale_j_FlavorPureGluon correlated for smoothing across years: ['2016preVFP', '2016postVFP', '2017', '2018']
Smoothed systematics plot saved to /publicfs/cms/user/huahuil/tauOfTTTT_NanoAOD/forMVA/2018/v1baselineHadroBtagWeightAdded_v94HadroPreJetVetoHemOnly/mc/variableHists_v9BDT1tau0l_CMSNamingComplete/combine/results/systematics_comparison_CMS_scale_j_FlavorPureGluon_2018_ttH_1tau0lSR.png
Processing file: /publicfs/cms/user/huahuil/tauOfTTTT_NanoAOD/forMVA/2016preVFP/v1baselineHadroBtagWeightAdded_v94HadroPreJetVetoHemOnly/mc/variableHists_v9BDT1tau0l_CMSNamingComplete/combine/templatesForCombine1tau0l_new_notMCFTau_unblind.root
CMS_scale_j_FlavorPureGluon correlated for smoothing across years: ['2016preVFP', '2016postVFP', '2017', '2018']
Smoothed systematics plot saved to /publicfs/cms/user/huahuil/tauOfTTTT_NanoAOD/forMVA/2018/v1baselineHadroBtagWeightAdded_v94HadroPreJetVetoHemOnly/mc/variableHists_v9BDT1tau0l_CMSNamingComplete/combine/results/systematics_comparison_CMS_scale_j_FlavorPureGluon_2016preVFP_ttZ_1tau0lSR.png
Processing file: /publicfs/cms/user/huahuil/tauOfTTTT_NanoAOD/forMVA/2016postVFP/v1baselineHadroBtagWeightAdded_v94HadroPreJetVetoHemOnly/mc/variableHists_v9BDT1tau0l_CMSNamingComplete/combine/templatesForCombine1tau0l_new_notMCFTau_unblind.root
CMS_scale_j_FlavorPureGluon correlated for smoothing across years: ['2016preVFP', '2016postVFP', '2017', '2018']
Smoothed systematics plot saved to /publicfs/cms/user/huahuil/tauOfTTTT_NanoAOD/forMVA/2018/v1baselineHadroBtagWeightAdded_v94HadroPreJetVetoHemOnly/mc/variableHists_v9BDT1tau0l_CMSNamingComplete/combine/results/systematics_comparison_CMS_scale_j_FlavorPureGluon_2016postVFP_ttZ_1tau0lSR.png
Processing file: /publicfs/cms/user/huahuil/tauOfTTTT_NanoAOD/forMVA/2017/v1baselineHadroBtagWeightAdded_v94HadroPreJetVetoHemOnly/mc/variableHists_v9BDT1tau0l_CMSNamingComplete/combine/templatesForCombine1tau0l_new_notMCFTau_unblind.root
CMS_scale_j_FlavorPureGluon correlated for smoothing across years: ['2016preVFP', '2016postVFP', '2017', '2018']
Smoothed systematics plot saved to /publicfs/cms/user/huahuil/tauOfTTTT_NanoAOD/forMVA/2018/v1baselineHadroBtagWeightAdded_v94HadroPreJetVetoHemOnly/mc/variableHists_v9BDT1tau0l_CMSNamingComplete/combine/results/systematics_comparison_CMS_scale_j_FlavorPureGluon_2017_ttZ_1tau0lSR.png
Processing file: /publicfs/cms/user/huahuil/tauOfTTTT_NanoAOD/forMVA/2018/v1baselineHadroBtagWeightAdded_v94HadroPreJetVetoHemOnly/mc/variableHists_v9BDT1tau0l_CMSNamingComplete/combine/templatesForCombine1tau0l_new_notMCFTau_unblind.root
CMS_scale_j_FlavorPureGluon correlated for smoothing across years: ['2016preVFP', '2016postVFP', '2017', '2018']
Smoothed systematics plot saved to /publicfs/cms/user/huahuil/tauOfTTTT_NanoAOD/forMVA/2018/v1baselineHadroBtagWeightAdded_v94HadroPreJetVetoHemOnly/mc/variableHists_v9BDT1tau0l_CMSNamingComplete/combine/results/systematics_comparison_CMS_scale_j_FlavorPureGluon_2018_ttZ_1tau0lSR.png
Processing file: /publicfs/cms/user/huahuil/tauOfTTTT_NanoAOD/forMVA/2016preVFP/v1baselineHadroBtagWeightAdded_v94HadroPreJetVetoHemOnly/mc/variableHists_v9BDT1tau0l_CMSNamingComplete/combine/templatesForCombine1tau0l_new_notMCFTau_unblind.root
CMS_scale_j_FlavorPureGluon correlated for smoothing across years: ['2016preVFP', '2016postVFP', '2017', '2018']
Smoothed systematics plot saved to /publicfs/cms/user/huahuil/tauOfTTTT_NanoAOD/forMVA/2018/v1baselineHadroBtagWeightAdded_v94HadroPreJetVetoHemOnly/mc/variableHists_v9BDT1tau0l_CMSNamingComplete/combine/results/systematics_comparison_CMS_scale_j_FlavorPureGluon_2016preVFP_ttW_1tau0lSR.png
Processing file: /publicfs/cms/user/huahuil/tauOfTTTT_NanoAOD/forMVA/2016postVFP/v1baselineHadroBtagWeightAdded_v94HadroPreJetVetoHemOnly/mc/variableHists_v9BDT1tau0l_CMSNamingComplete/combine/templatesForCombine1tau0l_new_notMCFTau_unblind.root
CMS_scale_j_FlavorPureGluon correlated for smoothing across years: ['2016preVFP', '2016postVFP', '2017', '2018']
Smoothed systematics plot saved to /publicfs/cms/user/huahuil/tauOfTTTT_NanoAOD/forMVA/2018/v1baselineHadroBtagWeightAdded_v94HadroPreJetVetoHemOnly/mc/variableHists_v9BDT1tau0l_CMSNamingComplete/combine/results/systematics_comparison_CMS_scale_j_FlavorPureGluon_2016postVFP_ttW_1tau0lSR.png
Processing file: /publicfs/cms/user/huahuil/tauOfTTTT_NanoAOD/forMVA/2017/v1baselineHadroBtagWeightAdded_v94HadroPreJetVetoHemOnly/mc/variableHists_v9BDT1tau0l_CMSNamingComplete/combine/templatesForCombine1tau0l_new_notMCFTau_unblind.root
CMS_scale_j_FlavorPureGluon correlated for smoothing across years: ['2016preVFP', '2016postVFP', '2017', '2018']
Smoothed systematics plot saved to /publicfs/cms/user/huahuil/tauOfTTTT_NanoAOD/forMVA/2018/v1baselineHadroBtagWeightAdded_v94HadroPreJetVetoHemOnly/mc/variableHists_v9BDT1tau0l_CMSNamingComplete/combine/results/systematics_comparison_CMS_scale_j_FlavorPureGluon_2017_ttW_1tau0lSR.png
Processing file: /publicfs/cms/user/huahuil/tauOfTTTT_NanoAOD/forMVA/2018/v1baselineHadroBtagWeightAdded_v94HadroPreJetVetoHemOnly/mc/variableHists_v9BDT1tau0l_CMSNamingComplete/combine/templatesForCombine1tau0l_new_notMCFTau_unblind.root
CMS_scale_j_FlavorPureGluon correlated for smoothing across years: ['2016preVFP', '2016postVFP', '2017', '2018']
Smoothed systematics plot saved to /publicfs/cms/user/huahuil/tauOfTTTT_NanoAOD/forMVA/2018/v1baselineHadroBtagWeightAdded_v94HadroPreJetVetoHemOnly/mc/variableHists_v9BDT1tau0l_CMSNamingComplete/combine/results/systematics_comparison_CMS_scale_j_FlavorPureGluon_2018_ttW_1tau0lSR.png
Processing file: /publicfs/cms/user/huahuil/tauOfTTTT_NanoAOD/forMVA/2016preVFP/v1baselineHadroBtagWeightAdded_v94HadroPreJetVetoHemOnly/mc/variableHists_v9BDT1tau0l_CMSNamingComplete/combine/templatesForCombine1tau0l_new_notMCFTau_unblind.root
CMS_scale_j_FlavorPureGluon correlated for smoothing across years: ['2016preVFP', '2016postVFP', '2017', '2018']
Smoothed systematics plot saved to /publicfs/cms/user/huahuil/tauOfTTTT_NanoAOD/forMVA/2018/v1baselineHadroBtagWeightAdded_v94HadroPreJetVetoHemOnly/mc/variableHists_v9BDT1tau0l_CMSNamingComplete/combine/results/systematics_comparison_CMS_scale_j_FlavorPureGluon_2016preVFP_WJets_1tau0lSR.png
Processing file: /publicfs/cms/user/huahuil/tauOfTTTT_NanoAOD/forMVA/2016postVFP/v1baselineHadroBtagWeightAdded_v94HadroPreJetVetoHemOnly/mc/variableHists_v9BDT1tau0l_CMSNamingComplete/combine/templatesForCombine1tau0l_new_notMCFTau_unblind.root
CMS_scale_j_FlavorPureGluon correlated for smoothing across years: ['2016preVFP', '2016postVFP', '2017', '2018']
Smoothed systematics plot saved to /publicfs/cms/user/huahuil/tauOfTTTT_NanoAOD/forMVA/2018/v1baselineHadroBtagWeightAdded_v94HadroPreJetVetoHemOnly/mc/variableHists_v9BDT1tau0l_CMSNamingComplete/combine/results/systematics_comparison_CMS_scale_j_FlavorPureGluon_2016postVFP_WJets_1tau0lSR.png
Processing file: /publicfs/cms/user/huahuil/tauOfTTTT_NanoAOD/forMVA/2017/v1baselineHadroBtagWeightAdded_v94HadroPreJetVetoHemOnly/mc/variableHists_v9BDT1tau0l_CMSNamingComplete/combine/templatesForCombine1tau0l_new_notMCFTau_unblind.root
CMS_scale_j_FlavorPureGluon correlated for smoothing across years: ['2016preVFP', '2016postVFP', '2017', '2018']
Smoothed systematics plot saved to /publicfs/cms/user/huahuil/tauOfTTTT_NanoAOD/forMVA/2018/v1baselineHadroBtagWeightAdded_v94HadroPreJetVetoHemOnly/mc/variableHists_v9BDT1tau0l_CMSNamingComplete/combine/results/systematics_comparison_CMS_scale_j_FlavorPureGluon_2017_WJets_1tau0lSR.png
Processing file: /publicfs/cms/user/huahuil/tauOfTTTT_NanoAOD/forMVA/2018/v1baselineHadroBtagWeightAdded_v94HadroPreJetVetoHemOnly/mc/variableHists_v9BDT1tau0l_CMSNamingComplete/combine/templatesForCombine1tau0l_new_notMCFTau_unblind.root
CMS_scale_j_FlavorPureGluon correlated for smoothing across years: ['2016preVFP', '2016postVFP', '2017', '2018']
Smoothed systematics plot saved to /publicfs/cms/user/huahuil/tauOfTTTT_NanoAOD/forMVA/2018/v1baselineHadroBtagWeightAdded_v94HadroPreJetVetoHemOnly/mc/variableHists_v9BDT1tau0l_CMSNamingComplete/combine/results/systematics_comparison_CMS_scale_j_FlavorPureGluon_2018_WJets_1tau0lSR.png

Processing systematic: pdf_alphas, correlated: True, ifProcessCorrelated: True
Processing file: /publicfs/cms/user/huahuil/tauOfTTTT_NanoAOD/forMVA/2016preVFP/v1baselineHadroBtagWeightAdded_v94HadroPreJetVetoHemOnly/mc/variableHists_v9BDT1tau0l_CMSNamingComplete/combine/templatesForCombine1tau0l_new_notMCFTau_unblind.root
pdf_alphas correlated for smoothing across years: ['2016preVFP', '2016postVFP', '2017', '2018']
Smoothed systematics plot saved to /publicfs/cms/user/huahuil/tauOfTTTT_NanoAOD/forMVA/2018/v1baselineHadroBtagWeightAdded_v94HadroPreJetVetoHemOnly/mc/variableHists_v9BDT1tau0l_CMSNamingComplete/combine/results/systematics_comparison_pdf_alphas_2016preVFP_tt_1tau0lSR.png
Processing file: /publicfs/cms/user/huahuil/tauOfTTTT_NanoAOD/forMVA/2016postVFP/v1baselineHadroBtagWeightAdded_v94HadroPreJetVetoHemOnly/mc/variableHists_v9BDT1tau0l_CMSNamingComplete/combine/templatesForCombine1tau0l_new_notMCFTau_unblind.root
pdf_alphas correlated for smoothing across years: ['2016preVFP', '2016postVFP', '2017', '2018']
Smoothed systematics plot saved to /publicfs/cms/user/huahuil/tauOfTTTT_NanoAOD/forMVA/2018/v1baselineHadroBtagWeightAdded_v94HadroPreJetVetoHemOnly/mc/variableHists_v9BDT1tau0l_CMSNamingComplete/combine/results/systematics_comparison_pdf_alphas_2016postVFP_tt_1tau0lSR.png
Processing file: /publicfs/cms/user/huahuil/tauOfTTTT_NanoAOD/forMVA/2017/v1baselineHadroBtagWeightAdded_v94HadroPreJetVetoHemOnly/mc/variableHists_v9BDT1tau0l_CMSNamingComplete/combine/templatesForCombine1tau0l_new_notMCFTau_unblind.root
pdf_alphas correlated for smoothing across years: ['2016preVFP', '2016postVFP', '2017', '2018']
Smoothed systematics plot saved to /publicfs/cms/user/huahuil/tauOfTTTT_NanoAOD/forMVA/2018/v1baselineHadroBtagWeightAdded_v94HadroPreJetVetoHemOnly/mc/variableHists_v9BDT1tau0l_CMSNamingComplete/combine/results/systematics_comparison_pdf_alphas_2017_tt_1tau0lSR.png
Processing file: /publicfs/cms/user/huahuil/tauOfTTTT_NanoAOD/forMVA/2018/v1baselineHadroBtagWeightAdded_v94HadroPreJetVetoHemOnly/mc/variableHists_v9BDT1tau0l_CMSNamingComplete/combine/templatesForCombine1tau0l_new_notMCFTau_unblind.root
pdf_alphas correlated for smoothing across years: ['2016preVFP', '2016postVFP', '2017', '2018']
Smoothed systematics plot saved to /publicfs/cms/user/huahuil/tauOfTTTT_NanoAOD/forMVA/2018/v1baselineHadroBtagWeightAdded_v94HadroPreJetVetoHemOnly/mc/variableHists_v9BDT1tau0l_CMSNamingComplete/combine/results/systematics_comparison_pdf_alphas_2018_tt_1tau0lSR.png
Processing file: /publicfs/cms/user/huahuil/tauOfTTTT_NanoAOD/forMVA/2016preVFP/v1baselineHadroBtagWeightAdded_v94HadroPreJetVetoHemOnly/mc/variableHists_v9BDT1tau0l_CMSNamingComplete/combine/templatesForCombine1tau0l_new_notMCFTau_unblind.root
pdf_alphas correlated for smoothing across years: ['2016preVFP', '2016postVFP', '2017', '2018']
Smoothed systematics plot saved to /publicfs/cms/user/huahuil/tauOfTTTT_NanoAOD/forMVA/2018/v1baselineHadroBtagWeightAdded_v94HadroPreJetVetoHemOnly/mc/variableHists_v9BDT1tau0l_CMSNamingComplete/combine/results/systematics_comparison_pdf_alphas_2016preVFP_ttH_1tau0lSR.png
Processing file: /publicfs/cms/user/huahuil/tauOfTTTT_NanoAOD/forMVA/2016postVFP/v1baselineHadroBtagWeightAdded_v94HadroPreJetVetoHemOnly/mc/variableHists_v9BDT1tau0l_CMSNamingComplete/combine/templatesForCombine1tau0l_new_notMCFTau_unblind.root
pdf_alphas correlated for smoothing across years: ['2016preVFP', '2016postVFP', '2017', '2018']
Smoothed systematics plot saved to /publicfs/cms/user/huahuil/tauOfTTTT_NanoAOD/forMVA/2018/v1baselineHadroBtagWeightAdded_v94HadroPreJetVetoHemOnly/mc/variableHists_v9BDT1tau0l_CMSNamingComplete/combine/results/systematics_comparison_pdf_alphas_2016postVFP_ttH_1tau0lSR.png
Processing file: /publicfs/cms/user/huahuil/tauOfTTTT_NanoAOD/forMVA/2017/v1baselineHadroBtagWeightAdded_v94HadroPreJetVetoHemOnly/mc/variableHists_v9BDT1tau0l_CMSNamingComplete/combine/templatesForCombine1tau0l_new_notMCFTau_unblind.root
pdf_alphas correlated for smoothing across years: ['2016preVFP', '2016postVFP', '2017', '2018']
Smoothed systematics plot saved to /publicfs/cms/user/huahuil/tauOfTTTT_NanoAOD/forMVA/2018/v1baselineHadroBtagWeightAdded_v94HadroPreJetVetoHemOnly/mc/variableHists_v9BDT1tau0l_CMSNamingComplete/combine/results/systematics_comparison_pdf_alphas_2017_ttH_1tau0lSR.png
Processing file: /publicfs/cms/user/huahuil/tauOfTTTT_NanoAOD/forMVA/2018/v1baselineHadroBtagWeightAdded_v94HadroPreJetVetoHemOnly/mc/variableHists_v9BDT1tau0l_CMSNamingComplete/combine/templatesForCombine1tau0l_new_notMCFTau_unblind.root
pdf_alphas correlated for smoothing across years: ['2016preVFP', '2016postVFP', '2017', '2018']
Smoothed systematics plot saved to /publicfs/cms/user/huahuil/tauOfTTTT_NanoAOD/forMVA/2018/v1baselineHadroBtagWeightAdded_v94HadroPreJetVetoHemOnly/mc/variableHists_v9BDT1tau0l_CMSNamingComplete/combine/results/systematics_comparison_pdf_alphas_2018_ttH_1tau0lSR.png
Processing file: /publicfs/cms/user/huahuil/tauOfTTTT_NanoAOD/forMVA/2016preVFP/v1baselineHadroBtagWeightAdded_v94HadroPreJetVetoHemOnly/mc/variableHists_v9BDT1tau0l_CMSNamingComplete/combine/templatesForCombine1tau0l_new_notMCFTau_unblind.root
pdf_alphas correlated for smoothing across years: ['2016preVFP', '2016postVFP', '2017', '2018']
Smoothed systematics plot saved to /publicfs/cms/user/huahuil/tauOfTTTT_NanoAOD/forMVA/2018/v1baselineHadroBtagWeightAdded_v94HadroPreJetVetoHemOnly/mc/variableHists_v9BDT1tau0l_CMSNamingComplete/combine/results/systematics_comparison_pdf_alphas_2016preVFP_ttZ_1tau0lSR.png
Processing file: /publicfs/cms/user/huahuil/tauOfTTTT_NanoAOD/forMVA/2016postVFP/v1baselineHadroBtagWeightAdded_v94HadroPreJetVetoHemOnly/mc/variableHists_v9BDT1tau0l_CMSNamingComplete/combine/templatesForCombine1tau0l_new_notMCFTau_unblind.root
pdf_alphas correlated for smoothing across years: ['2016preVFP', '2016postVFP', '2017', '2018']
Smoothed systematics plot saved to /publicfs/cms/user/huahuil/tauOfTTTT_NanoAOD/forMVA/2018/v1baselineHadroBtagWeightAdded_v94HadroPreJetVetoHemOnly/mc/variableHists_v9BDT1tau0l_CMSNamingComplete/combine/results/systematics_comparison_pdf_alphas_2016postVFP_ttZ_1tau0lSR.png
Processing file: /publicfs/cms/user/huahuil/tauOfTTTT_NanoAOD/forMVA/2017/v1baselineHadroBtagWeightAdded_v94HadroPreJetVetoHemOnly/mc/variableHists_v9BDT1tau0l_CMSNamingComplete/combine/templatesForCombine1tau0l_new_notMCFTau_unblind.root
pdf_alphas correlated for smoothing across years: ['2016preVFP', '2016postVFP', '2017', '2018']
Smoothed systematics plot saved to /publicfs/cms/user/huahuil/tauOfTTTT_NanoAOD/forMVA/2018/v1baselineHadroBtagWeightAdded_v94HadroPreJetVetoHemOnly/mc/variableHists_v9BDT1tau0l_CMSNamingComplete/combine/results/systematics_comparison_pdf_alphas_2017_ttZ_1tau0lSR.png
Processing file: /publicfs/cms/user/huahuil/tauOfTTTT_NanoAOD/forMVA/2018/v1baselineHadroBtagWeightAdded_v94HadroPreJetVetoHemOnly/mc/variableHists_v9BDT1tau0l_CMSNamingComplete/combine/templatesForCombine1tau0l_new_notMCFTau_unblind.root
pdf_alphas correlated for smoothing across years: ['2016preVFP', '2016postVFP', '2017', '2018']
Smoothed systematics plot saved to /publicfs/cms/user/huahuil/tauOfTTTT_NanoAOD/forMVA/2018/v1baselineHadroBtagWeightAdded_v94HadroPreJetVetoHemOnly/mc/variableHists_v9BDT1tau0l_CMSNamingComplete/combine/results/systematics_comparison_pdf_alphas_2018_ttZ_1tau0lSR.png
Processing file: /publicfs/cms/user/huahuil/tauOfTTTT_NanoAOD/forMVA/2016preVFP/v1baselineHadroBtagWeightAdded_v94HadroPreJetVetoHemOnly/mc/variableHists_v9BDT1tau0l_CMSNamingComplete/combine/templatesForCombine1tau0l_new_notMCFTau_unblind.root
pdf_alphas correlated for smoothing across years: ['2016preVFP', '2016postVFP', '2017', '2018']
Smoothed systematics plot saved to /publicfs/cms/user/huahuil/tauOfTTTT_NanoAOD/forMVA/2018/v1baselineHadroBtagWeightAdded_v94HadroPreJetVetoHemOnly/mc/variableHists_v9BDT1tau0l_CMSNamingComplete/combine/results/systematics_comparison_pdf_alphas_2016preVFP_ttW_1tau0lSR.png
Processing file: /publicfs/cms/user/huahuil/tauOfTTTT_NanoAOD/forMVA/2016postVFP/v1baselineHadroBtagWeightAdded_v94HadroPreJetVetoHemOnly/mc/variableHists_v9BDT1tau0l_CMSNamingComplete/combine/templatesForCombine1tau0l_new_notMCFTau_unblind.root
pdf_alphas correlated for smoothing across years: ['2016preVFP', '2016postVFP', '2017', '2018']
Smoothed systematics plot saved to /publicfs/cms/user/huahuil/tauOfTTTT_NanoAOD/forMVA/2018/v1baselineHadroBtagWeightAdded_v94HadroPreJetVetoHemOnly/mc/variableHists_v9BDT1tau0l_CMSNamingComplete/combine/results/systematics_comparison_pdf_alphas_2016postVFP_ttW_1tau0lSR.png
Processing file: /publicfs/cms/user/huahuil/tauOfTTTT_NanoAOD/forMVA/2017/v1baselineHadroBtagWeightAdded_v94HadroPreJetVetoHemOnly/mc/variableHists_v9BDT1tau0l_CMSNamingComplete/combine/templatesForCombine1tau0l_new_notMCFTau_unblind.root
pdf_alphas correlated for smoothing across years: ['2016preVFP', '2016postVFP', '2017', '2018']
Smoothed systematics plot saved to /publicfs/cms/user/huahuil/tauOfTTTT_NanoAOD/forMVA/2018/v1baselineHadroBtagWeightAdded_v94HadroPreJetVetoHemOnly/mc/variableHists_v9BDT1tau0l_CMSNamingComplete/combine/results/systematics_comparison_pdf_alphas_2017_ttW_1tau0lSR.png
Processing file: /publicfs/cms/user/huahuil/tauOfTTTT_NanoAOD/forMVA/2018/v1baselineHadroBtagWeightAdded_v94HadroPreJetVetoHemOnly/mc/variableHists_v9BDT1tau0l_CMSNamingComplete/combine/templatesForCombine1tau0l_new_notMCFTau_unblind.root
pdf_alphas correlated for smoothing across years: ['2016preVFP', '2016postVFP', '2017', '2018']
Smoothed systematics plot saved to /publicfs/cms/user/huahuil/tauOfTTTT_NanoAOD/forMVA/2018/v1baselineHadroBtagWeightAdded_v94HadroPreJetVetoHemOnly/mc/variableHists_v9BDT1tau0l_CMSNamingComplete/combine/results/systematics_comparison_pdf_alphas_2018_ttW_1tau0lSR.png
Processing file: /publicfs/cms/user/huahuil/tauOfTTTT_NanoAOD/forMVA/2016preVFP/v1baselineHadroBtagWeightAdded_v94HadroPreJetVetoHemOnly/mc/variableHists_v9BDT1tau0l_CMSNamingComplete/combine/templatesForCombine1tau0l_new_notMCFTau_unblind.root
pdf_alphas correlated for smoothing across years: ['2016preVFP', '2016postVFP', '2017', '2018']
Smoothed systematics plot saved to /publicfs/cms/user/huahuil/tauOfTTTT_NanoAOD/forMVA/2018/v1baselineHadroBtagWeightAdded_v94HadroPreJetVetoHemOnly/mc/variableHists_v9BDT1tau0l_CMSNamingComplete/combine/results/systematics_comparison_pdf_alphas_2016preVFP_WJets_1tau0lSR.png
Processing file: /publicfs/cms/user/huahuil/tauOfTTTT_NanoAOD/forMVA/2016postVFP/v1baselineHadroBtagWeightAdded_v94HadroPreJetVetoHemOnly/mc/variableHists_v9BDT1tau0l_CMSNamingComplete/combine/templatesForCombine1tau0l_new_notMCFTau_unblind.root
pdf_alphas correlated for smoothing across years: ['2016preVFP', '2016postVFP', '2017', '2018']
Smoothed systematics plot saved to /publicfs/cms/user/huahuil/tauOfTTTT_NanoAOD/forMVA/2018/v1baselineHadroBtagWeightAdded_v94HadroPreJetVetoHemOnly/mc/variableHists_v9BDT1tau0l_CMSNamingComplete/combine/results/systematics_comparison_pdf_alphas_2016postVFP_WJets_1tau0lSR.png
Processing file: /publicfs/cms/user/huahuil/tauOfTTTT_NanoAOD/forMVA/2017/v1baselineHadroBtagWeightAdded_v94HadroPreJetVetoHemOnly/mc/variableHists_v9BDT1tau0l_CMSNamingComplete/combine/templatesForCombine1tau0l_new_notMCFTau_unblind.root
pdf_alphas correlated for smoothing across years: ['2016preVFP', '2016postVFP', '2017', '2018']
Smoothed systematics plot saved to /publicfs/cms/user/huahuil/tauOfTTTT_NanoAOD/forMVA/2018/v1baselineHadroBtagWeightAdded_v94HadroPreJetVetoHemOnly/mc/variableHists_v9BDT1tau0l_CMSNamingComplete/combine/results/systematics_comparison_pdf_alphas_2017_WJets_1tau0lSR.png
Processing file: /publicfs/cms/user/huahuil/tauOfTTTT_NanoAOD/forMVA/2018/v1baselineHadroBtagWeightAdded_v94HadroPreJetVetoHemOnly/mc/variableHists_v9BDT1tau0l_CMSNamingComplete/combine/templatesForCombine1tau0l_new_notMCFTau_unblind.root
pdf_alphas correlated for smoothing across years: ['2016preVFP', '2016postVFP', '2017', '2018']
Smoothed systematics plot saved to /publicfs/cms/user/huahuil/tauOfTTTT_NanoAOD/forMVA/2018/v1baselineHadroBtagWeightAdded_v94HadroPreJetVetoHemOnly/mc/variableHists_v9BDT1tau0l_CMSNamingComplete/combine/results/systematics_comparison_pdf_alphas_2018_WJets_1tau0lSR.png

Processing systematic: QCDscale_fac, correlated: True, ifProcessCorrelated: False
Processing file: /publicfs/cms/user/huahuil/tauOfTTTT_NanoAOD/forMVA/2016preVFP/v1baselineHadroBtagWeightAdded_v94HadroPreJetVetoHemOnly/mc/variableHists_v9BDT1tau0l_CMSNamingComplete/combine/templatesForCombine1tau0l_new_notMCFTau_unblind.root
QCDscale_fac correlated for smoothing across years: ['2016preVFP', '2016postVFP', '2017', '2018']
Smoothed systematics plot saved to /publicfs/cms/user/huahuil/tauOfTTTT_NanoAOD/forMVA/2018/v1baselineHadroBtagWeightAdded_v94HadroPreJetVetoHemOnly/mc/variableHists_v9BDT1tau0l_CMSNamingComplete/combine/results/systematics_comparison_QCDscale_fac_2016preVFP_tt_1tau0lSR.png
Processing file: /publicfs/cms/user/huahuil/tauOfTTTT_NanoAOD/forMVA/2016postVFP/v1baselineHadroBtagWeightAdded_v94HadroPreJetVetoHemOnly/mc/variableHists_v9BDT1tau0l_CMSNamingComplete/combine/templatesForCombine1tau0l_new_notMCFTau_unblind.root
QCDscale_fac correlated for smoothing across years: ['2016preVFP', '2016postVFP', '2017', '2018']
Smoothed systematics plot saved to /publicfs/cms/user/huahuil/tauOfTTTT_NanoAOD/forMVA/2018/v1baselineHadroBtagWeightAdded_v94HadroPreJetVetoHemOnly/mc/variableHists_v9BDT1tau0l_CMSNamingComplete/combine/results/systematics_comparison_QCDscale_fac_2016postVFP_tt_1tau0lSR.png
Processing file: /publicfs/cms/user/huahuil/tauOfTTTT_NanoAOD/forMVA/2017/v1baselineHadroBtagWeightAdded_v94HadroPreJetVetoHemOnly/mc/variableHists_v9BDT1tau0l_CMSNamingComplete/combine/templatesForCombine1tau0l_new_notMCFTau_unblind.root
QCDscale_fac correlated for smoothing across years: ['2016preVFP', '2016postVFP', '2017', '2018']
Smoothed systematics plot saved to /publicfs/cms/user/huahuil/tauOfTTTT_NanoAOD/forMVA/2018/v1baselineHadroBtagWeightAdded_v94HadroPreJetVetoHemOnly/mc/variableHists_v9BDT1tau0l_CMSNamingComplete/combine/results/systematics_comparison_QCDscale_fac_2017_tt_1tau0lSR.png
Processing file: /publicfs/cms/user/huahuil/tauOfTTTT_NanoAOD/forMVA/2018/v1baselineHadroBtagWeightAdded_v94HadroPreJetVetoHemOnly/mc/variableHists_v9BDT1tau0l_CMSNamingComplete/combine/templatesForCombine1tau0l_new_notMCFTau_unblind.root
QCDscale_fac correlated for smoothing across years: ['2016preVFP', '2016postVFP', '2017', '2018']
Smoothed systematics plot saved to /publicfs/cms/user/huahuil/tauOfTTTT_NanoAOD/forMVA/2018/v1baselineHadroBtagWeightAdded_v94HadroPreJetVetoHemOnly/mc/variableHists_v9BDT1tau0l_CMSNamingComplete/combine/results/systematics_comparison_QCDscale_fac_2018_tt_1tau0lSR.png
Processing file: /publicfs/cms/user/huahuil/tauOfTTTT_NanoAOD/forMVA/2016preVFP/v1baselineHadroBtagWeightAdded_v94HadroPreJetVetoHemOnly/mc/variableHists_v9BDT1tau0l_CMSNamingComplete/combine/templatesForCombine1tau0l_new_notMCFTau_unblind.root
QCDscale_fac correlated for smoothing across years: ['2016preVFP', '2016postVFP', '2017', '2018']
Smoothed systematics plot saved to /publicfs/cms/user/huahuil/tauOfTTTT_NanoAOD/forMVA/2018/v1baselineHadroBtagWeightAdded_v94HadroPreJetVetoHemOnly/mc/variableHists_v9BDT1tau0l_CMSNamingComplete/combine/results/systematics_comparison_QCDscale_fac_2016preVFP_ttH_1tau0lSR.png
Processing file: /publicfs/cms/user/huahuil/tauOfTTTT_NanoAOD/forMVA/2016postVFP/v1baselineHadroBtagWeightAdded_v94HadroPreJetVetoHemOnly/mc/variableHists_v9BDT1tau0l_CMSNamingComplete/combine/templatesForCombine1tau0l_new_notMCFTau_unblind.root
QCDscale_fac correlated for smoothing across years: ['2016preVFP', '2016postVFP', '2017', '2018']
Smoothed systematics plot saved to /publicfs/cms/user/huahuil/tauOfTTTT_NanoAOD/forMVA/2018/v1baselineHadroBtagWeightAdded_v94HadroPreJetVetoHemOnly/mc/variableHists_v9BDT1tau0l_CMSNamingComplete/combine/results/systematics_comparison_QCDscale_fac_2016postVFP_ttH_1tau0lSR.png
Processing file: /publicfs/cms/user/huahuil/tauOfTTTT_NanoAOD/forMVA/2017/v1baselineHadroBtagWeightAdded_v94HadroPreJetVetoHemOnly/mc/variableHists_v9BDT1tau0l_CMSNamingComplete/combine/templatesForCombine1tau0l_new_notMCFTau_unblind.root
QCDscale_fac correlated for smoothing across years: ['2016preVFP', '2016postVFP', '2017', '2018']
Smoothed systematics plot saved to /publicfs/cms/user/huahuil/tauOfTTTT_NanoAOD/forMVA/2018/v1baselineHadroBtagWeightAdded_v94HadroPreJetVetoHemOnly/mc/variableHists_v9BDT1tau0l_CMSNamingComplete/combine/results/systematics_comparison_QCDscale_fac_2017_ttH_1tau0lSR.png
Processing file: /publicfs/cms/user/huahuil/tauOfTTTT_NanoAOD/forMVA/2018/v1baselineHadroBtagWeightAdded_v94HadroPreJetVetoHemOnly/mc/variableHists_v9BDT1tau0l_CMSNamingComplete/combine/templatesForCombine1tau0l_new_notMCFTau_unblind.root
QCDscale_fac correlated for smoothing across years: ['2016preVFP', '2016postVFP', '2017', '2018']
Smoothed systematics plot saved to /publicfs/cms/user/huahuil/tauOfTTTT_NanoAOD/forMVA/2018/v1baselineHadroBtagWeightAdded_v94HadroPreJetVetoHemOnly/mc/variableHists_v9BDT1tau0l_CMSNamingComplete/combine/results/systematics_comparison_QCDscale_fac_2018_ttH_1tau0lSR.png
Processing file: /publicfs/cms/user/huahuil/tauOfTTTT_NanoAOD/forMVA/2016preVFP/v1baselineHadroBtagWeightAdded_v94HadroPreJetVetoHemOnly/mc/variableHists_v9BDT1tau0l_CMSNamingComplete/combine/templatesForCombine1tau0l_new_notMCFTau_unblind.root
QCDscale_fac correlated for smoothing across years: ['2016preVFP', '2016postVFP', '2017', '2018']
Smoothed systematics plot saved to /publicfs/cms/user/huahuil/tauOfTTTT_NanoAOD/forMVA/2018/v1baselineHadroBtagWeightAdded_v94HadroPreJetVetoHemOnly/mc/variableHists_v9BDT1tau0l_CMSNamingComplete/combine/results/systematics_comparison_QCDscale_fac_2016preVFP_ttZ_1tau0lSR.png
Processing file: /publicfs/cms/user/huahuil/tauOfTTTT_NanoAOD/forMVA/2016postVFP/v1baselineHadroBtagWeightAdded_v94HadroPreJetVetoHemOnly/mc/variableHists_v9BDT1tau0l_CMSNamingComplete/combine/templatesForCombine1tau0l_new_notMCFTau_unblind.root
QCDscale_fac correlated for smoothing across years: ['2016preVFP', '2016postVFP', '2017', '2018']
Smoothed systematics plot saved to /publicfs/cms/user/huahuil/tauOfTTTT_NanoAOD/forMVA/2018/v1baselineHadroBtagWeightAdded_v94HadroPreJetVetoHemOnly/mc/variableHists_v9BDT1tau0l_CMSNamingComplete/combine/results/systematics_comparison_QCDscale_fac_2016postVFP_ttZ_1tau0lSR.png
Processing file: /publicfs/cms/user/huahuil/tauOfTTTT_NanoAOD/forMVA/2017/v1baselineHadroBtagWeightAdded_v94HadroPreJetVetoHemOnly/mc/variableHists_v9BDT1tau0l_CMSNamingComplete/combine/templatesForCombine1tau0l_new_notMCFTau_unblind.root
QCDscale_fac correlated for smoothing across years: ['2016preVFP', '2016postVFP', '2017', '2018']
Smoothed systematics plot saved to /publicfs/cms/user/huahuil/tauOfTTTT_NanoAOD/forMVA/2018/v1baselineHadroBtagWeightAdded_v94HadroPreJetVetoHemOnly/mc/variableHists_v9BDT1tau0l_CMSNamingComplete/combine/results/systematics_comparison_QCDscale_fac_2017_ttZ_1tau0lSR.png
Processing file: /publicfs/cms/user/huahuil/tauOfTTTT_NanoAOD/forMVA/2018/v1baselineHadroBtagWeightAdded_v94HadroPreJetVetoHemOnly/mc/variableHists_v9BDT1tau0l_CMSNamingComplete/combine/templatesForCombine1tau0l_new_notMCFTau_unblind.root
QCDscale_fac correlated for smoothing across years: ['2016preVFP', '2016postVFP', '2017', '2018']
Smoothed systematics plot saved to /publicfs/cms/user/huahuil/tauOfTTTT_NanoAOD/forMVA/2018/v1baselineHadroBtagWeightAdded_v94HadroPreJetVetoHemOnly/mc/variableHists_v9BDT1tau0l_CMSNamingComplete/combine/results/systematics_comparison_QCDscale_fac_2018_ttZ_1tau0lSR.png
Processing file: /publicfs/cms/user/huahuil/tauOfTTTT_NanoAOD/forMVA/2016preVFP/v1baselineHadroBtagWeightAdded_v94HadroPreJetVetoHemOnly/mc/variableHists_v9BDT1tau0l_CMSNamingComplete/combine/templatesForCombine1tau0l_new_notMCFTau_unblind.root
QCDscale_fac correlated for smoothing across years: ['2016preVFP', '2016postVFP', '2017', '2018']
Smoothed systematics plot saved to /publicfs/cms/user/huahuil/tauOfTTTT_NanoAOD/forMVA/2018/v1baselineHadroBtagWeightAdded_v94HadroPreJetVetoHemOnly/mc/variableHists_v9BDT1tau0l_CMSNamingComplete/combine/results/systematics_comparison_QCDscale_fac_2016preVFP_ttW_1tau0lSR.png
Processing file: /publicfs/cms/user/huahuil/tauOfTTTT_NanoAOD/forMVA/2016postVFP/v1baselineHadroBtagWeightAdded_v94HadroPreJetVetoHemOnly/mc/variableHists_v9BDT1tau0l_CMSNamingComplete/combine/templatesForCombine1tau0l_new_notMCFTau_unblind.root
QCDscale_fac correlated for smoothing across years: ['2016preVFP', '2016postVFP', '2017', '2018']
Smoothed systematics plot saved to /publicfs/cms/user/huahuil/tauOfTTTT_NanoAOD/forMVA/2018/v1baselineHadroBtagWeightAdded_v94HadroPreJetVetoHemOnly/mc/variableHists_v9BDT1tau0l_CMSNamingComplete/combine/results/systematics_comparison_QCDscale_fac_2016postVFP_ttW_1tau0lSR.png
Processing file: /publicfs/cms/user/huahuil/tauOfTTTT_NanoAOD/forMVA/2017/v1baselineHadroBtagWeightAdded_v94HadroPreJetVetoHemOnly/mc/variableHists_v9BDT1tau0l_CMSNamingComplete/combine/templatesForCombine1tau0l_new_notMCFTau_unblind.root
QCDscale_fac correlated for smoothing across years: ['2016preVFP', '2016postVFP', '2017', '2018']
Smoothed systematics plot saved to /publicfs/cms/user/huahuil/tauOfTTTT_NanoAOD/forMVA/2018/v1baselineHadroBtagWeightAdded_v94HadroPreJetVetoHemOnly/mc/variableHists_v9BDT1tau0l_CMSNamingComplete/combine/results/systematics_comparison_QCDscale_fac_2017_ttW_1tau0lSR.png
Processing file: /publicfs/cms/user/huahuil/tauOfTTTT_NanoAOD/forMVA/2018/v1baselineHadroBtagWeightAdded_v94HadroPreJetVetoHemOnly/mc/variableHists_v9BDT1tau0l_CMSNamingComplete/combine/templatesForCombine1tau0l_new_notMCFTau_unblind.root
QCDscale_fac correlated for smoothing across years: ['2016preVFP', '2016postVFP', '2017', '2018']
Smoothed systematics plot saved to /publicfs/cms/user/huahuil/tauOfTTTT_NanoAOD/forMVA/2018/v1baselineHadroBtagWeightAdded_v94HadroPreJetVetoHemOnly/mc/variableHists_v9BDT1tau0l_CMSNamingComplete/combine/results/systematics_comparison_QCDscale_fac_2018_ttW_1tau0lSR.png
Processing file: /publicfs/cms/user/huahuil/tauOfTTTT_NanoAOD/forMVA/2016preVFP/v1baselineHadroBtagWeightAdded_v94HadroPreJetVetoHemOnly/mc/variableHists_v9BDT1tau0l_CMSNamingComplete/combine/templatesForCombine1tau0l_new_notMCFTau_unblind.root
QCDscale_fac correlated for smoothing across years: ['2016preVFP', '2016postVFP', '2017', '2018']
Smoothed systematics plot saved to /publicfs/cms/user/huahuil/tauOfTTTT_NanoAOD/forMVA/2018/v1baselineHadroBtagWeightAdded_v94HadroPreJetVetoHemOnly/mc/variableHists_v9BDT1tau0l_CMSNamingComplete/combine/results/systematics_comparison_QCDscale_fac_2016preVFP_WJets_1tau0lSR.png
Processing file: /publicfs/cms/user/huahuil/tauOfTTTT_NanoAOD/forMVA/2016postVFP/v1baselineHadroBtagWeightAdded_v94HadroPreJetVetoHemOnly/mc/variableHists_v9BDT1tau0l_CMSNamingComplete/combine/templatesForCombine1tau0l_new_notMCFTau_unblind.root
QCDscale_fac correlated for smoothing across years: ['2016preVFP', '2016postVFP', '2017', '2018']
Smoothed systematics plot saved to /publicfs/cms/user/huahuil/tauOfTTTT_NanoAOD/forMVA/2018/v1baselineHadroBtagWeightAdded_v94HadroPreJetVetoHemOnly/mc/variableHists_v9BDT1tau0l_CMSNamingComplete/combine/results/systematics_comparison_QCDscale_fac_2016postVFP_WJets_1tau0lSR.png
Processing file: /publicfs/cms/user/huahuil/tauOfTTTT_NanoAOD/forMVA/2017/v1baselineHadroBtagWeightAdded_v94HadroPreJetVetoHemOnly/mc/variableHists_v9BDT1tau0l_CMSNamingComplete/combine/templatesForCombine1tau0l_new_notMCFTau_unblind.root
QCDscale_fac correlated for smoothing across years: ['2016preVFP', '2016postVFP', '2017', '2018']
Smoothed systematics plot saved to /publicfs/cms/user/huahuil/tauOfTTTT_NanoAOD/forMVA/2018/v1baselineHadroBtagWeightAdded_v94HadroPreJetVetoHemOnly/mc/variableHists_v9BDT1tau0l_CMSNamingComplete/combine/results/systematics_comparison_QCDscale_fac_2017_WJets_1tau0lSR.png
Processing file: /publicfs/cms/user/huahuil/tauOfTTTT_NanoAOD/forMVA/2018/v1baselineHadroBtagWeightAdded_v94HadroPreJetVetoHemOnly/mc/variableHists_v9BDT1tau0l_CMSNamingComplete/combine/templatesForCombine1tau0l_new_notMCFTau_unblind.root
QCDscale_fac correlated for smoothing across years: ['2016preVFP', '2016postVFP', '2017', '2018']
Smoothed systematics plot saved to /publicfs/cms/user/huahuil/tauOfTTTT_NanoAOD/forMVA/2018/v1baselineHadroBtagWeightAdded_v94HadroPreJetVetoHemOnly/mc/variableHists_v9BDT1tau0l_CMSNamingComplete/combine/results/systematics_comparison_QCDscale_fac_2018_WJets_1tau0lSR.png

Processing systematic: QCDscale_ren, correlated: True, ifProcessCorrelated: False
Processing file: /publicfs/cms/user/huahuil/tauOfTTTT_NanoAOD/forMVA/2016preVFP/v1baselineHadroBtagWeightAdded_v94HadroPreJetVetoHemOnly/mc/variableHists_v9BDT1tau0l_CMSNamingComplete/combine/templatesForCombine1tau0l_new_notMCFTau_unblind.root
QCDscale_ren correlated for smoothing across years: ['2016preVFP', '2016postVFP', '2017', '2018']
Smoothed systematics plot saved to /publicfs/cms/user/huahuil/tauOfTTTT_NanoAOD/forMVA/2018/v1baselineHadroBtagWeightAdded_v94HadroPreJetVetoHemOnly/mc/variableHists_v9BDT1tau0l_CMSNamingComplete/combine/results/systematics_comparison_QCDscale_ren_2016preVFP_tt_1tau0lSR.png
Processing file: /publicfs/cms/user/huahuil/tauOfTTTT_NanoAOD/forMVA/2016postVFP/v1baselineHadroBtagWeightAdded_v94HadroPreJetVetoHemOnly/mc/variableHists_v9BDT1tau0l_CMSNamingComplete/combine/templatesForCombine1tau0l_new_notMCFTau_unblind.root
QCDscale_ren correlated for smoothing across years: ['2016preVFP', '2016postVFP', '2017', '2018']
Smoothed systematics plot saved to /publicfs/cms/user/huahuil/tauOfTTTT_NanoAOD/forMVA/2018/v1baselineHadroBtagWeightAdded_v94HadroPreJetVetoHemOnly/mc/variableHists_v9BDT1tau0l_CMSNamingComplete/combine/results/systematics_comparison_QCDscale_ren_2016postVFP_tt_1tau0lSR.png
Processing file: /publicfs/cms/user/huahuil/tauOfTTTT_NanoAOD/forMVA/2017/v1baselineHadroBtagWeightAdded_v94HadroPreJetVetoHemOnly/mc/variableHists_v9BDT1tau0l_CMSNamingComplete/combine/templatesForCombine1tau0l_new_notMCFTau_unblind.root
QCDscale_ren correlated for smoothing across years: ['2016preVFP', '2016postVFP', '2017', '2018']
Smoothed systematics plot saved to /publicfs/cms/user/huahuil/tauOfTTTT_NanoAOD/forMVA/2018/v1baselineHadroBtagWeightAdded_v94HadroPreJetVetoHemOnly/mc/variableHists_v9BDT1tau0l_CMSNamingComplete/combine/results/systematics_comparison_QCDscale_ren_2017_tt_1tau0lSR.png
Processing file: /publicfs/cms/user/huahuil/tauOfTTTT_NanoAOD/forMVA/2018/v1baselineHadroBtagWeightAdded_v94HadroPreJetVetoHemOnly/mc/variableHists_v9BDT1tau0l_CMSNamingComplete/combine/templatesForCombine1tau0l_new_notMCFTau_unblind.root
QCDscale_ren correlated for smoothing across years: ['2016preVFP', '2016postVFP', '2017', '2018']
Smoothed systematics plot saved to /publicfs/cms/user/huahuil/tauOfTTTT_NanoAOD/forMVA/2018/v1baselineHadroBtagWeightAdded_v94HadroPreJetVetoHemOnly/mc/variableHists_v9BDT1tau0l_CMSNamingComplete/combine/results/systematics_comparison_QCDscale_ren_2018_tt_1tau0lSR.png
Processing file: /publicfs/cms/user/huahuil/tauOfTTTT_NanoAOD/forMVA/2016preVFP/v1baselineHadroBtagWeightAdded_v94HadroPreJetVetoHemOnly/mc/variableHists_v9BDT1tau0l_CMSNamingComplete/combine/templatesForCombine1tau0l_new_notMCFTau_unblind.root
QCDscale_ren correlated for smoothing across years: ['2016preVFP', '2016postVFP', '2017', '2018']
Smoothed systematics plot saved to /publicfs/cms/user/huahuil/tauOfTTTT_NanoAOD/forMVA/2018/v1baselineHadroBtagWeightAdded_v94HadroPreJetVetoHemOnly/mc/variableHists_v9BDT1tau0l_CMSNamingComplete/combine/results/systematics_comparison_QCDscale_ren_2016preVFP_ttH_1tau0lSR.png
Processing file: /publicfs/cms/user/huahuil/tauOfTTTT_NanoAOD/forMVA/2016postVFP/v1baselineHadroBtagWeightAdded_v94HadroPreJetVetoHemOnly/mc/variableHists_v9BDT1tau0l_CMSNamingComplete/combine/templatesForCombine1tau0l_new_notMCFTau_unblind.root
QCDscale_ren correlated for smoothing across years: ['2016preVFP', '2016postVFP', '2017', '2018']
Smoothed systematics plot saved to /publicfs/cms/user/huahuil/tauOfTTTT_NanoAOD/forMVA/2018/v1baselineHadroBtagWeightAdded_v94HadroPreJetVetoHemOnly/mc/variableHists_v9BDT1tau0l_CMSNamingComplete/combine/results/systematics_comparison_QCDscale_ren_2016postVFP_ttH_1tau0lSR.png
Processing file: /publicfs/cms/user/huahuil/tauOfTTTT_NanoAOD/forMVA/2017/v1baselineHadroBtagWeightAdded_v94HadroPreJetVetoHemOnly/mc/variableHists_v9BDT1tau0l_CMSNamingComplete/combine/templatesForCombine1tau0l_new_notMCFTau_unblind.root
QCDscale_ren correlated for smoothing across years: ['2016preVFP', '2016postVFP', '2017', '2018']
Smoothed systematics plot saved to /publicfs/cms/user/huahuil/tauOfTTTT_NanoAOD/forMVA/2018/v1baselineHadroBtagWeightAdded_v94HadroPreJetVetoHemOnly/mc/variableHists_v9BDT1tau0l_CMSNamingComplete/combine/results/systematics_comparison_QCDscale_ren_2017_ttH_1tau0lSR.png
Processing file: /publicfs/cms/user/huahuil/tauOfTTTT_NanoAOD/forMVA/2018/v1baselineHadroBtagWeightAdded_v94HadroPreJetVetoHemOnly/mc/variableHists_v9BDT1tau0l_CMSNamingComplete/combine/templatesForCombine1tau0l_new_notMCFTau_unblind.root
QCDscale_ren correlated for smoothing across years: ['2016preVFP', '2016postVFP', '2017', '2018']
Smoothed systematics plot saved to /publicfs/cms/user/huahuil/tauOfTTTT_NanoAOD/forMVA/2018/v1baselineHadroBtagWeightAdded_v94HadroPreJetVetoHemOnly/mc/variableHists_v9BDT1tau0l_CMSNamingComplete/combine/results/systematics_comparison_QCDscale_ren_2018_ttH_1tau0lSR.png
Processing file: /publicfs/cms/user/huahuil/tauOfTTTT_NanoAOD/forMVA/2016preVFP/v1baselineHadroBtagWeightAdded_v94HadroPreJetVetoHemOnly/mc/variableHists_v9BDT1tau0l_CMSNamingComplete/combine/templatesForCombine1tau0l_new_notMCFTau_unblind.root
QCDscale_ren correlated for smoothing across years: ['2016preVFP', '2016postVFP', '2017', '2018']
Smoothed systematics plot saved to /publicfs/cms/user/huahuil/tauOfTTTT_NanoAOD/forMVA/2018/v1baselineHadroBtagWeightAdded_v94HadroPreJetVetoHemOnly/mc/variableHists_v9BDT1tau0l_CMSNamingComplete/combine/results/systematics_comparison_QCDscale_ren_2016preVFP_ttZ_1tau0lSR.png
Processing file: /publicfs/cms/user/huahuil/tauOfTTTT_NanoAOD/forMVA/2016postVFP/v1baselineHadroBtagWeightAdded_v94HadroPreJetVetoHemOnly/mc/variableHists_v9BDT1tau0l_CMSNamingComplete/combine/templatesForCombine1tau0l_new_notMCFTau_unblind.root
QCDscale_ren correlated for smoothing across years: ['2016preVFP', '2016postVFP', '2017', '2018']
Smoothed systematics plot saved to /publicfs/cms/user/huahuil/tauOfTTTT_NanoAOD/forMVA/2018/v1baselineHadroBtagWeightAdded_v94HadroPreJetVetoHemOnly/mc/variableHists_v9BDT1tau0l_CMSNamingComplete/combine/results/systematics_comparison_QCDscale_ren_2016postVFP_ttZ_1tau0lSR.png
Processing file: /publicfs/cms/user/huahuil/tauOfTTTT_NanoAOD/forMVA/2017/v1baselineHadroBtagWeightAdded_v94HadroPreJetVetoHemOnly/mc/variableHists_v9BDT1tau0l_CMSNamingComplete/combine/templatesForCombine1tau0l_new_notMCFTau_unblind.root
QCDscale_ren correlated for smoothing across years: ['2016preVFP', '2016postVFP', '2017', '2018']
Smoothed systematics plot saved to /publicfs/cms/user/huahuil/tauOfTTTT_NanoAOD/forMVA/2018/v1baselineHadroBtagWeightAdded_v94HadroPreJetVetoHemOnly/mc/variableHists_v9BDT1tau0l_CMSNamingComplete/combine/results/systematics_comparison_QCDscale_ren_2017_ttZ_1tau0lSR.png
Processing file: /publicfs/cms/user/huahuil/tauOfTTTT_NanoAOD/forMVA/2018/v1baselineHadroBtagWeightAdded_v94HadroPreJetVetoHemOnly/mc/variableHists_v9BDT1tau0l_CMSNamingComplete/combine/templatesForCombine1tau0l_new_notMCFTau_unblind.root
QCDscale_ren correlated for smoothing across years: ['2016preVFP', '2016postVFP', '2017', '2018']
Smoothed systematics plot saved to /publicfs/cms/user/huahuil/tauOfTTTT_NanoAOD/forMVA/2018/v1baselineHadroBtagWeightAdded_v94HadroPreJetVetoHemOnly/mc/variableHists_v9BDT1tau0l_CMSNamingComplete/combine/results/systematics_comparison_QCDscale_ren_2018_ttZ_1tau0lSR.png
Processing file: /publicfs/cms/user/huahuil/tauOfTTTT_NanoAOD/forMVA/2016preVFP/v1baselineHadroBtagWeightAdded_v94HadroPreJetVetoHemOnly/mc/variableHists_v9BDT1tau0l_CMSNamingComplete/combine/templatesForCombine1tau0l_new_notMCFTau_unblind.root
QCDscale_ren correlated for smoothing across years: ['2016preVFP', '2016postVFP', '2017', '2018']
Smoothed systematics plot saved to /publicfs/cms/user/huahuil/tauOfTTTT_NanoAOD/forMVA/2018/v1baselineHadroBtagWeightAdded_v94HadroPreJetVetoHemOnly/mc/variableHists_v9BDT1tau0l_CMSNamingComplete/combine/results/systematics_comparison_QCDscale_ren_2016preVFP_ttW_1tau0lSR.png
Processing file: /publicfs/cms/user/huahuil/tauOfTTTT_NanoAOD/forMVA/2016postVFP/v1baselineHadroBtagWeightAdded_v94HadroPreJetVetoHemOnly/mc/variableHists_v9BDT1tau0l_CMSNamingComplete/combine/templatesForCombine1tau0l_new_notMCFTau_unblind.root
QCDscale_ren correlated for smoothing across years: ['2016preVFP', '2016postVFP', '2017', '2018']
Smoothed systematics plot saved to /publicfs/cms/user/huahuil/tauOfTTTT_NanoAOD/forMVA/2018/v1baselineHadroBtagWeightAdded_v94HadroPreJetVetoHemOnly/mc/variableHists_v9BDT1tau0l_CMSNamingComplete/combine/results/systematics_comparison_QCDscale_ren_2016postVFP_ttW_1tau0lSR.png
Processing file: /publicfs/cms/user/huahuil/tauOfTTTT_NanoAOD/forMVA/2017/v1baselineHadroBtagWeightAdded_v94HadroPreJetVetoHemOnly/mc/variableHists_v9BDT1tau0l_CMSNamingComplete/combine/templatesForCombine1tau0l_new_notMCFTau_unblind.root
QCDscale_ren correlated for smoothing across years: ['2016preVFP', '2016postVFP', '2017', '2018']
Smoothed systematics plot saved to /publicfs/cms/user/huahuil/tauOfTTTT_NanoAOD/forMVA/2018/v1baselineHadroBtagWeightAdded_v94HadroPreJetVetoHemOnly/mc/variableHists_v9BDT1tau0l_CMSNamingComplete/combine/results/systematics_comparison_QCDscale_ren_2017_ttW_1tau0lSR.png
Processing file: /publicfs/cms/user/huahuil/tauOfTTTT_NanoAOD/forMVA/2018/v1baselineHadroBtagWeightAdded_v94HadroPreJetVetoHemOnly/mc/variableHists_v9BDT1tau0l_CMSNamingComplete/combine/templatesForCombine1tau0l_new_notMCFTau_unblind.root
QCDscale_ren correlated for smoothing across years: ['2016preVFP', '2016postVFP', '2017', '2018']
Smoothed systematics plot saved to /publicfs/cms/user/huahuil/tauOfTTTT_NanoAOD/forMVA/2018/v1baselineHadroBtagWeightAdded_v94HadroPreJetVetoHemOnly/mc/variableHists_v9BDT1tau0l_CMSNamingComplete/combine/results/systematics_comparison_QCDscale_ren_2018_ttW_1tau0lSR.png
Processing file: /publicfs/cms/user/huahuil/tauOfTTTT_NanoAOD/forMVA/2016preVFP/v1baselineHadroBtagWeightAdded_v94HadroPreJetVetoHemOnly/mc/variableHists_v9BDT1tau0l_CMSNamingComplete/combine/templatesForCombine1tau0l_new_notMCFTau_unblind.root
QCDscale_ren correlated for smoothing across years: ['2016preVFP', '2016postVFP', '2017', '2018']
Smoothed systematics plot saved to /publicfs/cms/user/huahuil/tauOfTTTT_NanoAOD/forMVA/2018/v1baselineHadroBtagWeightAdded_v94HadroPreJetVetoHemOnly/mc/variableHists_v9BDT1tau0l_CMSNamingComplete/combine/results/systematics_comparison_QCDscale_ren_2016preVFP_WJets_1tau0lSR.png
Processing file: /publicfs/cms/user/huahuil/tauOfTTTT_NanoAOD/forMVA/2016postVFP/v1baselineHadroBtagWeightAdded_v94HadroPreJetVetoHemOnly/mc/variableHists_v9BDT1tau0l_CMSNamingComplete/combine/templatesForCombine1tau0l_new_notMCFTau_unblind.root
QCDscale_ren correlated for smoothing across years: ['2016preVFP', '2016postVFP', '2017', '2018']
Smoothed systematics plot saved to /publicfs/cms/user/huahuil/tauOfTTTT_NanoAOD/forMVA/2018/v1baselineHadroBtagWeightAdded_v94HadroPreJetVetoHemOnly/mc/variableHists_v9BDT1tau0l_CMSNamingComplete/combine/results/systematics_comparison_QCDscale_ren_2016postVFP_WJets_1tau0lSR.png
Processing file: /publicfs/cms/user/huahuil/tauOfTTTT_NanoAOD/forMVA/2017/v1baselineHadroBtagWeightAdded_v94HadroPreJetVetoHemOnly/mc/variableHists_v9BDT1tau0l_CMSNamingComplete/combine/templatesForCombine1tau0l_new_notMCFTau_unblind.root
QCDscale_ren correlated for smoothing across years: ['2016preVFP', '2016postVFP', '2017', '2018']
Smoothed systematics plot saved to /publicfs/cms/user/huahuil/tauOfTTTT_NanoAOD/forMVA/2018/v1baselineHadroBtagWeightAdded_v94HadroPreJetVetoHemOnly/mc/variableHists_v9BDT1tau0l_CMSNamingComplete/combine/results/systematics_comparison_QCDscale_ren_2017_WJets_1tau0lSR.png
Processing file: /publicfs/cms/user/huahuil/tauOfTTTT_NanoAOD/forMVA/2018/v1baselineHadroBtagWeightAdded_v94HadroPreJetVetoHemOnly/mc/variableHists_v9BDT1tau0l_CMSNamingComplete/combine/templatesForCombine1tau0l_new_notMCFTau_unblind.root
QCDscale_ren correlated for smoothing across years: ['2016preVFP', '2016postVFP', '2017', '2018']
Smoothed systematics plot saved to /publicfs/cms/user/huahuil/tauOfTTTT_NanoAOD/forMVA/2018/v1baselineHadroBtagWeightAdded_v94HadroPreJetVetoHemOnly/mc/variableHists_v9BDT1tau0l_CMSNamingComplete/combine/results/systematics_comparison_QCDscale_ren_2018_WJets_1tau0lSR.png

Processing systematic: CMS_res_j, correlated: False, ifProcessCorrelated: True
Processing file: /publicfs/cms/user/huahuil/tauOfTTTT_NanoAOD/forMVA/2016preVFP/v1baselineHadroBtagWeightAdded_v94HadroPreJetVetoHemOnly/mc/variableHists_v9BDT1tau0l_CMSNamingComplete/combine/templatesForCombine1tau0l_new_notMCFTau_unblind.root
CMS_res_j not correlated for smoothing
Smoothed systematics plot saved to /publicfs/cms/user/huahuil/tauOfTTTT_NanoAOD/forMVA/2018/v1baselineHadroBtagWeightAdded_v94HadroPreJetVetoHemOnly/mc/variableHists_v9BDT1tau0l_CMSNamingComplete/combine/results/systematics_comparison_CMS_res_j_2016preVFP_tt_1tau0lSR.png
Processing file: /publicfs/cms/user/huahuil/tauOfTTTT_NanoAOD/forMVA/2016postVFP/v1baselineHadroBtagWeightAdded_v94HadroPreJetVetoHemOnly/mc/variableHists_v9BDT1tau0l_CMSNamingComplete/combine/templatesForCombine1tau0l_new_notMCFTau_unblind.root
CMS_res_j not correlated for smoothing
Smoothed systematics plot saved to /publicfs/cms/user/huahuil/tauOfTTTT_NanoAOD/forMVA/2018/v1baselineHadroBtagWeightAdded_v94HadroPreJetVetoHemOnly/mc/variableHists_v9BDT1tau0l_CMSNamingComplete/combine/results/systematics_comparison_CMS_res_j_2016postVFP_tt_1tau0lSR.png
Processing file: /publicfs/cms/user/huahuil/tauOfTTTT_NanoAOD/forMVA/2017/v1baselineHadroBtagWeightAdded_v94HadroPreJetVetoHemOnly/mc/variableHists_v9BDT1tau0l_CMSNamingComplete/combine/templatesForCombine1tau0l_new_notMCFTau_unblind.root
CMS_res_j not correlated for smoothing
Smoothed systematics plot saved to /publicfs/cms/user/huahuil/tauOfTTTT_NanoAOD/forMVA/2018/v1baselineHadroBtagWeightAdded_v94HadroPreJetVetoHemOnly/mc/variableHists_v9BDT1tau0l_CMSNamingComplete/combine/results/systematics_comparison_CMS_res_j_2017_tt_1tau0lSR.png
Processing file: /publicfs/cms/user/huahuil/tauOfTTTT_NanoAOD/forMVA/2018/v1baselineHadroBtagWeightAdded_v94HadroPreJetVetoHemOnly/mc/variableHists_v9BDT1tau0l_CMSNamingComplete/combine/templatesForCombine1tau0l_new_notMCFTau_unblind.root
CMS_res_j not correlated for smoothing
Smoothed systematics plot saved to /publicfs/cms/user/huahuil/tauOfTTTT_NanoAOD/forMVA/2018/v1baselineHadroBtagWeightAdded_v94HadroPreJetVetoHemOnly/mc/variableHists_v9BDT1tau0l_CMSNamingComplete/combine/results/systematics_comparison_CMS_res_j_2018_tt_1tau0lSR.png
Processing file: /publicfs/cms/user/huahuil/tauOfTTTT_NanoAOD/forMVA/2016preVFP/v1baselineHadroBtagWeightAdded_v94HadroPreJetVetoHemOnly/mc/variableHists_v9BDT1tau0l_CMSNamingComplete/combine/templatesForCombine1tau0l_new_notMCFTau_unblind.root
CMS_res_j not correlated for smoothing
Smoothed systematics plot saved to /publicfs/cms/user/huahuil/tauOfTTTT_NanoAOD/forMVA/2018/v1baselineHadroBtagWeightAdded_v94HadroPreJetVetoHemOnly/mc/variableHists_v9BDT1tau0l_CMSNamingComplete/combine/results/systematics_comparison_CMS_res_j_2016preVFP_ttH_1tau0lSR.png
Processing file: /publicfs/cms/user/huahuil/tauOfTTTT_NanoAOD/forMVA/2016postVFP/v1baselineHadroBtagWeightAdded_v94HadroPreJetVetoHemOnly/mc/variableHists_v9BDT1tau0l_CMSNamingComplete/combine/templatesForCombine1tau0l_new_notMCFTau_unblind.root
CMS_res_j not correlated for smoothing
Smoothed systematics plot saved to /publicfs/cms/user/huahuil/tauOfTTTT_NanoAOD/forMVA/2018/v1baselineHadroBtagWeightAdded_v94HadroPreJetVetoHemOnly/mc/variableHists_v9BDT1tau0l_CMSNamingComplete/combine/results/systematics_comparison_CMS_res_j_2016postVFP_ttH_1tau0lSR.png
Processing file: /publicfs/cms/user/huahuil/tauOfTTTT_NanoAOD/forMVA/2017/v1baselineHadroBtagWeightAdded_v94HadroPreJetVetoHemOnly/mc/variableHists_v9BDT1tau0l_CMSNamingComplete/combine/templatesForCombine1tau0l_new_notMCFTau_unblind.root
CMS_res_j not correlated for smoothing
Smoothed systematics plot saved to /publicfs/cms/user/huahuil/tauOfTTTT_NanoAOD/forMVA/2018/v1baselineHadroBtagWeightAdded_v94HadroPreJetVetoHemOnly/mc/variableHists_v9BDT1tau0l_CMSNamingComplete/combine/results/systematics_comparison_CMS_res_j_2017_ttH_1tau0lSR.png
Processing file: /publicfs/cms/user/huahuil/tauOfTTTT_NanoAOD/forMVA/2018/v1baselineHadroBtagWeightAdded_v94HadroPreJetVetoHemOnly/mc/variableHists_v9BDT1tau0l_CMSNamingComplete/combine/templatesForCombine1tau0l_new_notMCFTau_unblind.root
CMS_res_j not correlated for smoothing
Smoothed systematics plot saved to /publicfs/cms/user/huahuil/tauOfTTTT_NanoAOD/forMVA/2018/v1baselineHadroBtagWeightAdded_v94HadroPreJetVetoHemOnly/mc/variableHists_v9BDT1tau0l_CMSNamingComplete/combine/results/systematics_comparison_CMS_res_j_2018_ttH_1tau0lSR.png
Processing file: /publicfs/cms/user/huahuil/tauOfTTTT_NanoAOD/forMVA/2016preVFP/v1baselineHadroBtagWeightAdded_v94HadroPreJetVetoHemOnly/mc/variableHists_v9BDT1tau0l_CMSNamingComplete/combine/templatesForCombine1tau0l_new_notMCFTau_unblind.root
CMS_res_j not correlated for smoothing
Smoothed systematics plot saved to /publicfs/cms/user/huahuil/tauOfTTTT_NanoAOD/forMVA/2018/v1baselineHadroBtagWeightAdded_v94HadroPreJetVetoHemOnly/mc/variableHists_v9BDT1tau0l_CMSNamingComplete/combine/results/systematics_comparison_CMS_res_j_2016preVFP_ttZ_1tau0lSR.png
Processing file: /publicfs/cms/user/huahuil/tauOfTTTT_NanoAOD/forMVA/2016postVFP/v1baselineHadroBtagWeightAdded_v94HadroPreJetVetoHemOnly/mc/variableHists_v9BDT1tau0l_CMSNamingComplete/combine/templatesForCombine1tau0l_new_notMCFTau_unblind.root
CMS_res_j not correlated for smoothing
Smoothed systematics plot saved to /publicfs/cms/user/huahuil/tauOfTTTT_NanoAOD/forMVA/2018/v1baselineHadroBtagWeightAdded_v94HadroPreJetVetoHemOnly/mc/variableHists_v9BDT1tau0l_CMSNamingComplete/combine/results/systematics_comparison_CMS_res_j_2016postVFP_ttZ_1tau0lSR.png
Processing file: /publicfs/cms/user/huahuil/tauOfTTTT_NanoAOD/forMVA/2017/v1baselineHadroBtagWeightAdded_v94HadroPreJetVetoHemOnly/mc/variableHists_v9BDT1tau0l_CMSNamingComplete/combine/templatesForCombine1tau0l_new_notMCFTau_unblind.root
CMS_res_j not correlated for smoothing
Smoothed systematics plot saved to /publicfs/cms/user/huahuil/tauOfTTTT_NanoAOD/forMVA/2018/v1baselineHadroBtagWeightAdded_v94HadroPreJetVetoHemOnly/mc/variableHists_v9BDT1tau0l_CMSNamingComplete/combine/results/systematics_comparison_CMS_res_j_2017_ttZ_1tau0lSR.png
Processing file: /publicfs/cms/user/huahuil/tauOfTTTT_NanoAOD/forMVA/2018/v1baselineHadroBtagWeightAdded_v94HadroPreJetVetoHemOnly/mc/variableHists_v9BDT1tau0l_CMSNamingComplete/combine/templatesForCombine1tau0l_new_notMCFTau_unblind.root
CMS_res_j not correlated for smoothing
Smoothed systematics plot saved to /publicfs/cms/user/huahuil/tauOfTTTT_NanoAOD/forMVA/2018/v1baselineHadroBtagWeightAdded_v94HadroPreJetVetoHemOnly/mc/variableHists_v9BDT1tau0l_CMSNamingComplete/combine/results/systematics_comparison_CMS_res_j_2018_ttZ_1tau0lSR.png
Processing file: /publicfs/cms/user/huahuil/tauOfTTTT_NanoAOD/forMVA/2016preVFP/v1baselineHadroBtagWeightAdded_v94HadroPreJetVetoHemOnly/mc/variableHists_v9BDT1tau0l_CMSNamingComplete/combine/templatesForCombine1tau0l_new_notMCFTau_unblind.root
CMS_res_j not correlated for smoothing
Smoothed systematics plot saved to /publicfs/cms/user/huahuil/tauOfTTTT_NanoAOD/forMVA/2018/v1baselineHadroBtagWeightAdded_v94HadroPreJetVetoHemOnly/mc/variableHists_v9BDT1tau0l_CMSNamingComplete/combine/results/systematics_comparison_CMS_res_j_2016preVFP_ttW_1tau0lSR.png
Processing file: /publicfs/cms/user/huahuil/tauOfTTTT_NanoAOD/forMVA/2016postVFP/v1baselineHadroBtagWeightAdded_v94HadroPreJetVetoHemOnly/mc/variableHists_v9BDT1tau0l_CMSNamingComplete/combine/templatesForCombine1tau0l_new_notMCFTau_unblind.root
CMS_res_j not correlated for smoothing
Smoothed systematics plot saved to /publicfs/cms/user/huahuil/tauOfTTTT_NanoAOD/forMVA/2018/v1baselineHadroBtagWeightAdded_v94HadroPreJetVetoHemOnly/mc/variableHists_v9BDT1tau0l_CMSNamingComplete/combine/results/systematics_comparison_CMS_res_j_2016postVFP_ttW_1tau0lSR.png
Processing file: /publicfs/cms/user/huahuil/tauOfTTTT_NanoAOD/forMVA/2017/v1baselineHadroBtagWeightAdded_v94HadroPreJetVetoHemOnly/mc/variableHists_v9BDT1tau0l_CMSNamingComplete/combine/templatesForCombine1tau0l_new_notMCFTau_unblind.root
CMS_res_j not correlated for smoothing
Smoothed systematics plot saved to /publicfs/cms/user/huahuil/tauOfTTTT_NanoAOD/forMVA/2018/v1baselineHadroBtagWeightAdded_v94HadroPreJetVetoHemOnly/mc/variableHists_v9BDT1tau0l_CMSNamingComplete/combine/results/systematics_comparison_CMS_res_j_2017_ttW_1tau0lSR.png
Processing file: /publicfs/cms/user/huahuil/tauOfTTTT_NanoAOD/forMVA/2018/v1baselineHadroBtagWeightAdded_v94HadroPreJetVetoHemOnly/mc/variableHists_v9BDT1tau0l_CMSNamingComplete/combine/templatesForCombine1tau0l_new_notMCFTau_unblind.root
CMS_res_j not correlated for smoothing
Smoothed systematics plot saved to /publicfs/cms/user/huahuil/tauOfTTTT_NanoAOD/forMVA/2018/v1baselineHadroBtagWeightAdded_v94HadroPreJetVetoHemOnly/mc/variableHists_v9BDT1tau0l_CMSNamingComplete/combine/results/systematics_comparison_CMS_res_j_2018_ttW_1tau0lSR.png
Processing file: /publicfs/cms/user/huahuil/tauOfTTTT_NanoAOD/forMVA/2016preVFP/v1baselineHadroBtagWeightAdded_v94HadroPreJetVetoHemOnly/mc/variableHists_v9BDT1tau0l_CMSNamingComplete/combine/templatesForCombine1tau0l_new_notMCFTau_unblind.root
CMS_res_j not correlated for smoothing
Smoothed systematics plot saved to /publicfs/cms/user/huahuil/tauOfTTTT_NanoAOD/forMVA/2018/v1baselineHadroBtagWeightAdded_v94HadroPreJetVetoHemOnly/mc/variableHists_v9BDT1tau0l_CMSNamingComplete/combine/results/systematics_comparison_CMS_res_j_2016preVFP_WJets_1tau0lSR.png
Processing file: /publicfs/cms/user/huahuil/tauOfTTTT_NanoAOD/forMVA/2016postVFP/v1baselineHadroBtagWeightAdded_v94HadroPreJetVetoHemOnly/mc/variableHists_v9BDT1tau0l_CMSNamingComplete/combine/templatesForCombine1tau0l_new_notMCFTau_unblind.root
CMS_res_j not correlated for smoothing
Smoothed systematics plot saved to /publicfs/cms/user/huahuil/tauOfTTTT_NanoAOD/forMVA/2018/v1baselineHadroBtagWeightAdded_v94HadroPreJetVetoHemOnly/mc/variableHists_v9BDT1tau0l_CMSNamingComplete/combine/results/systematics_comparison_CMS_res_j_2016postVFP_WJets_1tau0lSR.png
Processing file: /publicfs/cms/user/huahuil/tauOfTTTT_NanoAOD/forMVA/2017/v1baselineHadroBtagWeightAdded_v94HadroPreJetVetoHemOnly/mc/variableHists_v9BDT1tau0l_CMSNamingComplete/combine/templatesForCombine1tau0l_new_notMCFTau_unblind.root
CMS_res_j not correlated for smoothing
Smoothed systematics plot saved to /publicfs/cms/user/huahuil/tauOfTTTT_NanoAOD/forMVA/2018/v1baselineHadroBtagWeightAdded_v94HadroPreJetVetoHemOnly/mc/variableHists_v9BDT1tau0l_CMSNamingComplete/combine/results/systematics_comparison_CMS_res_j_2017_WJets_1tau0lSR.png
Processing file: /publicfs/cms/user/huahuil/tauOfTTTT_NanoAOD/forMVA/2018/v1baselineHadroBtagWeightAdded_v94HadroPreJetVetoHemOnly/mc/variableHists_v9BDT1tau0l_CMSNamingComplete/combine/templatesForCombine1tau0l_new_notMCFTau_unblind.root
CMS_res_j not correlated for smoothing
Smoothed systematics plot saved to /publicfs/cms/user/huahuil/tauOfTTTT_NanoAOD/forMVA/2018/v1baselineHadroBtagWeightAdded_v94HadroPreJetVetoHemOnly/mc/variableHists_v9BDT1tau0l_CMSNamingComplete/combine/results/systematics_comparison_CMS_res_j_2018_WJets_1tau0lSR.png

Processing systematic: CMS_scale_j_FlavorPureQuark, correlated: True, ifProcessCorrelated: True
Processing file: /publicfs/cms/user/huahuil/tauOfTTTT_NanoAOD/forMVA/2016preVFP/v1baselineHadroBtagWeightAdded_v94HadroPreJetVetoHemOnly/mc/variableHists_v9BDT1tau0l_CMSNamingComplete/combine/templatesForCombine1tau0l_new_notMCFTau_unblind.root
CMS_scale_j_FlavorPureQuark correlated for smoothing across years: ['2016preVFP', '2016postVFP', '2017', '2018']
Smoothed systematics plot saved to /publicfs/cms/user/huahuil/tauOfTTTT_NanoAOD/forMVA/2018/v1baselineHadroBtagWeightAdded_v94HadroPreJetVetoHemOnly/mc/variableHists_v9BDT1tau0l_CMSNamingComplete/combine/results/systematics_comparison_CMS_scale_j_FlavorPureQuark_2016preVFP_tt_1tau0lSR.png
Processing file: /publicfs/cms/user/huahuil/tauOfTTTT_NanoAOD/forMVA/2016postVFP/v1baselineHadroBtagWeightAdded_v94HadroPreJetVetoHemOnly/mc/variableHists_v9BDT1tau0l_CMSNamingComplete/combine/templatesForCombine1tau0l_new_notMCFTau_unblind.root
CMS_scale_j_FlavorPureQuark correlated for smoothing across years: ['2016preVFP', '2016postVFP', '2017', '2018']
Smoothed systematics plot saved to /publicfs/cms/user/huahuil/tauOfTTTT_NanoAOD/forMVA/2018/v1baselineHadroBtagWeightAdded_v94HadroPreJetVetoHemOnly/mc/variableHists_v9BDT1tau0l_CMSNamingComplete/combine/results/systematics_comparison_CMS_scale_j_FlavorPureQuark_2016postVFP_tt_1tau0lSR.png
Processing file: /publicfs/cms/user/huahuil/tauOfTTTT_NanoAOD/forMVA/2017/v1baselineHadroBtagWeightAdded_v94HadroPreJetVetoHemOnly/mc/variableHists_v9BDT1tau0l_CMSNamingComplete/combine/templatesForCombine1tau0l_new_notMCFTau_unblind.root
CMS_scale_j_FlavorPureQuark correlated for smoothing across years: ['2016preVFP', '2016postVFP', '2017', '2018']
Smoothed systematics plot saved to /publicfs/cms/user/huahuil/tauOfTTTT_NanoAOD/forMVA/2018/v1baselineHadroBtagWeightAdded_v94HadroPreJetVetoHemOnly/mc/variableHists_v9BDT1tau0l_CMSNamingComplete/combine/results/systematics_comparison_CMS_scale_j_FlavorPureQuark_2017_tt_1tau0lSR.png
Processing file: /publicfs/cms/user/huahuil/tauOfTTTT_NanoAOD/forMVA/2018/v1baselineHadroBtagWeightAdded_v94HadroPreJetVetoHemOnly/mc/variableHists_v9BDT1tau0l_CMSNamingComplete/combine/templatesForCombine1tau0l_new_notMCFTau_unblind.root
CMS_scale_j_FlavorPureQuark correlated for smoothing across years: ['2016preVFP', '2016postVFP', '2017', '2018']
Smoothed systematics plot saved to /publicfs/cms/user/huahuil/tauOfTTTT_NanoAOD/forMVA/2018/v1baselineHadroBtagWeightAdded_v94HadroPreJetVetoHemOnly/mc/variableHists_v9BDT1tau0l_CMSNamingComplete/combine/results/systematics_comparison_CMS_scale_j_FlavorPureQuark_2018_tt_1tau0lSR.png
Processing file: /publicfs/cms/user/huahuil/tauOfTTTT_NanoAOD/forMVA/2016preVFP/v1baselineHadroBtagWeightAdded_v94HadroPreJetVetoHemOnly/mc/variableHists_v9BDT1tau0l_CMSNamingComplete/combine/templatesForCombine1tau0l_new_notMCFTau_unblind.root
CMS_scale_j_FlavorPureQuark correlated for smoothing across years: ['2016preVFP', '2016postVFP', '2017', '2018']
Smoothed systematics plot saved to /publicfs/cms/user/huahuil/tauOfTTTT_NanoAOD/forMVA/2018/v1baselineHadroBtagWeightAdded_v94HadroPreJetVetoHemOnly/mc/variableHists_v9BDT1tau0l_CMSNamingComplete/combine/results/systematics_comparison_CMS_scale_j_FlavorPureQuark_2016preVFP_ttH_1tau0lSR.png
Processing file: /publicfs/cms/user/huahuil/tauOfTTTT_NanoAOD/forMVA/2016postVFP/v1baselineHadroBtagWeightAdded_v94HadroPreJetVetoHemOnly/mc/variableHists_v9BDT1tau0l_CMSNamingComplete/combine/templatesForCombine1tau0l_new_notMCFTau_unblind.root
CMS_scale_j_FlavorPureQuark correlated for smoothing across years: ['2016preVFP', '2016postVFP', '2017', '2018']
Smoothed systematics plot saved to /publicfs/cms/user/huahuil/tauOfTTTT_NanoAOD/forMVA/2018/v1baselineHadroBtagWeightAdded_v94HadroPreJetVetoHemOnly/mc/variableHists_v9BDT1tau0l_CMSNamingComplete/combine/results/systematics_comparison_CMS_scale_j_FlavorPureQuark_2016postVFP_ttH_1tau0lSR.png
Processing file: /publicfs/cms/user/huahuil/tauOfTTTT_NanoAOD/forMVA/2017/v1baselineHadroBtagWeightAdded_v94HadroPreJetVetoHemOnly/mc/variableHists_v9BDT1tau0l_CMSNamingComplete/combine/templatesForCombine1tau0l_new_notMCFTau_unblind.root
CMS_scale_j_FlavorPureQuark correlated for smoothing across years: ['2016preVFP', '2016postVFP', '2017', '2018']
Smoothed systematics plot saved to /publicfs/cms/user/huahuil/tauOfTTTT_NanoAOD/forMVA/2018/v1baselineHadroBtagWeightAdded_v94HadroPreJetVetoHemOnly/mc/variableHists_v9BDT1tau0l_CMSNamingComplete/combine/results/systematics_comparison_CMS_scale_j_FlavorPureQuark_2017_ttH_1tau0lSR.png
Processing file: /publicfs/cms/user/huahuil/tauOfTTTT_NanoAOD/forMVA/2018/v1baselineHadroBtagWeightAdded_v94HadroPreJetVetoHemOnly/mc/variableHists_v9BDT1tau0l_CMSNamingComplete/combine/templatesForCombine1tau0l_new_notMCFTau_unblind.root
CMS_scale_j_FlavorPureQuark correlated for smoothing across years: ['2016preVFP', '2016postVFP', '2017', '2018']
Smoothed systematics plot saved to /publicfs/cms/user/huahuil/tauOfTTTT_NanoAOD/forMVA/2018/v1baselineHadroBtagWeightAdded_v94HadroPreJetVetoHemOnly/mc/variableHists_v9BDT1tau0l_CMSNamingComplete/combine/results/systematics_comparison_CMS_scale_j_FlavorPureQuark_2018_ttH_1tau0lSR.png
Processing file: /publicfs/cms/user/huahuil/tauOfTTTT_NanoAOD/forMVA/2016preVFP/v1baselineHadroBtagWeightAdded_v94HadroPreJetVetoHemOnly/mc/variableHists_v9BDT1tau0l_CMSNamingComplete/combine/templatesForCombine1tau0l_new_notMCFTau_unblind.root
CMS_scale_j_FlavorPureQuark correlated for smoothing across years: ['2016preVFP', '2016postVFP', '2017', '2018']
Smoothed systematics plot saved to /publicfs/cms/user/huahuil/tauOfTTTT_NanoAOD/forMVA/2018/v1baselineHadroBtagWeightAdded_v94HadroPreJetVetoHemOnly/mc/variableHists_v9BDT1tau0l_CMSNamingComplete/combine/results/systematics_comparison_CMS_scale_j_FlavorPureQuark_2016preVFP_ttZ_1tau0lSR.png
Processing file: /publicfs/cms/user/huahuil/tauOfTTTT_NanoAOD/forMVA/2016postVFP/v1baselineHadroBtagWeightAdded_v94HadroPreJetVetoHemOnly/mc/variableHists_v9BDT1tau0l_CMSNamingComplete/combine/templatesForCombine1tau0l_new_notMCFTau_unblind.root
CMS_scale_j_FlavorPureQuark correlated for smoothing across years: ['2016preVFP', '2016postVFP', '2017', '2018']
Smoothed systematics plot saved to /publicfs/cms/user/huahuil/tauOfTTTT_NanoAOD/forMVA/2018/v1baselineHadroBtagWeightAdded_v94HadroPreJetVetoHemOnly/mc/variableHists_v9BDT1tau0l_CMSNamingComplete/combine/results/systematics_comparison_CMS_scale_j_FlavorPureQuark_2016postVFP_ttZ_1tau0lSR.png
Processing file: /publicfs/cms/user/huahuil/tauOfTTTT_NanoAOD/forMVA/2017/v1baselineHadroBtagWeightAdded_v94HadroPreJetVetoHemOnly/mc/variableHists_v9BDT1tau0l_CMSNamingComplete/combine/templatesForCombine1tau0l_new_notMCFTau_unblind.root
CMS_scale_j_FlavorPureQuark correlated for smoothing across years: ['2016preVFP', '2016postVFP', '2017', '2018']
Smoothed systematics plot saved to /publicfs/cms/user/huahuil/tauOfTTTT_NanoAOD/forMVA/2018/v1baselineHadroBtagWeightAdded_v94HadroPreJetVetoHemOnly/mc/variableHists_v9BDT1tau0l_CMSNamingComplete/combine/results/systematics_comparison_CMS_scale_j_FlavorPureQuark_2017_ttZ_1tau0lSR.png
Processing file: /publicfs/cms/user/huahuil/tauOfTTTT_NanoAOD/forMVA/2018/v1baselineHadroBtagWeightAdded_v94HadroPreJetVetoHemOnly/mc/variableHists_v9BDT1tau0l_CMSNamingComplete/combine/templatesForCombine1tau0l_new_notMCFTau_unblind.root
CMS_scale_j_FlavorPureQuark correlated for smoothing across years: ['2016preVFP', '2016postVFP', '2017', '2018']
Smoothed systematics plot saved to /publicfs/cms/user/huahuil/tauOfTTTT_NanoAOD/forMVA/2018/v1baselineHadroBtagWeightAdded_v94HadroPreJetVetoHemOnly/mc/variableHists_v9BDT1tau0l_CMSNamingComplete/combine/results/systematics_comparison_CMS_scale_j_FlavorPureQuark_2018_ttZ_1tau0lSR.png
Processing file: /publicfs/cms/user/huahuil/tauOfTTTT_NanoAOD/forMVA/2016preVFP/v1baselineHadroBtagWeightAdded_v94HadroPreJetVetoHemOnly/mc/variableHists_v9BDT1tau0l_CMSNamingComplete/combine/templatesForCombine1tau0l_new_notMCFTau_unblind.root
CMS_scale_j_FlavorPureQuark correlated for smoothing across years: ['2016preVFP', '2016postVFP', '2017', '2018']
Smoothed systematics plot saved to /publicfs/cms/user/huahuil/tauOfTTTT_NanoAOD/forMVA/2018/v1baselineHadroBtagWeightAdded_v94HadroPreJetVetoHemOnly/mc/variableHists_v9BDT1tau0l_CMSNamingComplete/combine/results/systematics_comparison_CMS_scale_j_FlavorPureQuark_2016preVFP_ttW_1tau0lSR.png
Processing file: /publicfs/cms/user/huahuil/tauOfTTTT_NanoAOD/forMVA/2016postVFP/v1baselineHadroBtagWeightAdded_v94HadroPreJetVetoHemOnly/mc/variableHists_v9BDT1tau0l_CMSNamingComplete/combine/templatesForCombine1tau0l_new_notMCFTau_unblind.root
CMS_scale_j_FlavorPureQuark correlated for smoothing across years: ['2016preVFP', '2016postVFP', '2017', '2018']
Smoothed systematics plot saved to /publicfs/cms/user/huahuil/tauOfTTTT_NanoAOD/forMVA/2018/v1baselineHadroBtagWeightAdded_v94HadroPreJetVetoHemOnly/mc/variableHists_v9BDT1tau0l_CMSNamingComplete/combine/results/systematics_comparison_CMS_scale_j_FlavorPureQuark_2016postVFP_ttW_1tau0lSR.png
Processing file: /publicfs/cms/user/huahuil/tauOfTTTT_NanoAOD/forMVA/2017/v1baselineHadroBtagWeightAdded_v94HadroPreJetVetoHemOnly/mc/variableHists_v9BDT1tau0l_CMSNamingComplete/combine/templatesForCombine1tau0l_new_notMCFTau_unblind.root
CMS_scale_j_FlavorPureQuark correlated for smoothing across years: ['2016preVFP', '2016postVFP', '2017', '2018']
Smoothed systematics plot saved to /publicfs/cms/user/huahuil/tauOfTTTT_NanoAOD/forMVA/2018/v1baselineHadroBtagWeightAdded_v94HadroPreJetVetoHemOnly/mc/variableHists_v9BDT1tau0l_CMSNamingComplete/combine/results/systematics_comparison_CMS_scale_j_FlavorPureQuark_2017_ttW_1tau0lSR.png
Processing file: /publicfs/cms/user/huahuil/tauOfTTTT_NanoAOD/forMVA/2018/v1baselineHadroBtagWeightAdded_v94HadroPreJetVetoHemOnly/mc/variableHists_v9BDT1tau0l_CMSNamingComplete/combine/templatesForCombine1tau0l_new_notMCFTau_unblind.root
CMS_scale_j_FlavorPureQuark correlated for smoothing across years: ['2016preVFP', '2016postVFP', '2017', '2018']
Smoothed systematics plot saved to /publicfs/cms/user/huahuil/tauOfTTTT_NanoAOD/forMVA/2018/v1baselineHadroBtagWeightAdded_v94HadroPreJetVetoHemOnly/mc/variableHists_v9BDT1tau0l_CMSNamingComplete/combine/results/systematics_comparison_CMS_scale_j_FlavorPureQuark_2018_ttW_1tau0lSR.png
Processing file: /publicfs/cms/user/huahuil/tauOfTTTT_NanoAOD/forMVA/2016preVFP/v1baselineHadroBtagWeightAdded_v94HadroPreJetVetoHemOnly/mc/variableHists_v9BDT1tau0l_CMSNamingComplete/combine/templatesForCombine1tau0l_new_notMCFTau_unblind.root
CMS_scale_j_FlavorPureQuark correlated for smoothing across years: ['2016preVFP', '2016postVFP', '2017', '2018']
Smoothed systematics plot saved to /publicfs/cms/user/huahuil/tauOfTTTT_NanoAOD/forMVA/2018/v1baselineHadroBtagWeightAdded_v94HadroPreJetVetoHemOnly/mc/variableHists_v9BDT1tau0l_CMSNamingComplete/combine/results/systematics_comparison_CMS_scale_j_FlavorPureQuark_2016preVFP_WJets_1tau0lSR.png
Processing file: /publicfs/cms/user/huahuil/tauOfTTTT_NanoAOD/forMVA/2016postVFP/v1baselineHadroBtagWeightAdded_v94HadroPreJetVetoHemOnly/mc/variableHists_v9BDT1tau0l_CMSNamingComplete/combine/templatesForCombine1tau0l_new_notMCFTau_unblind.root
CMS_scale_j_FlavorPureQuark correlated for smoothing across years: ['2016preVFP', '2016postVFP', '2017', '2018']
Smoothed systematics plot saved to /publicfs/cms/user/huahuil/tauOfTTTT_NanoAOD/forMVA/2018/v1baselineHadroBtagWeightAdded_v94HadroPreJetVetoHemOnly/mc/variableHists_v9BDT1tau0l_CMSNamingComplete/combine/results/systematics_comparison_CMS_scale_j_FlavorPureQuark_2016postVFP_WJets_1tau0lSR.png
Processing file: /publicfs/cms/user/huahuil/tauOfTTTT_NanoAOD/forMVA/2017/v1baselineHadroBtagWeightAdded_v94HadroPreJetVetoHemOnly/mc/variableHists_v9BDT1tau0l_CMSNamingComplete/combine/templatesForCombine1tau0l_new_notMCFTau_unblind.root
CMS_scale_j_FlavorPureQuark correlated for smoothing across years: ['2016preVFP', '2016postVFP', '2017', '2018']
Smoothed systematics plot saved to /publicfs/cms/user/huahuil/tauOfTTTT_NanoAOD/forMVA/2018/v1baselineHadroBtagWeightAdded_v94HadroPreJetVetoHemOnly/mc/variableHists_v9BDT1tau0l_CMSNamingComplete/combine/results/systematics_comparison_CMS_scale_j_FlavorPureQuark_2017_WJets_1tau0lSR.png
Processing file: /publicfs/cms/user/huahuil/tauOfTTTT_NanoAOD/forMVA/2018/v1baselineHadroBtagWeightAdded_v94HadroPreJetVetoHemOnly/mc/variableHists_v9BDT1tau0l_CMSNamingComplete/combine/templatesForCombine1tau0l_new_notMCFTau_unblind.root
CMS_scale_j_FlavorPureQuark correlated for smoothing across years: ['2016preVFP', '2016postVFP', '2017', '2018']
Smoothed systematics plot saved to /publicfs/cms/user/huahuil/tauOfTTTT_NanoAOD/forMVA/2018/v1baselineHadroBtagWeightAdded_v94HadroPreJetVetoHemOnly/mc/variableHists_v9BDT1tau0l_CMSNamingComplete/combine/results/systematics_comparison_CMS_scale_j_FlavorPureQuark_2018_WJets_1tau0lSR.png

Smoothing completed for all processes and years. Saving smoothed histograms...
!!! replace histogram: tt_1tau0lSR_CMS_btag_fullShape_hfUp_BDT with smoothed values for CMS_btag_fullShape_hf tt 2016preVFP
!!! replace histogram: tt_1tau0lSR_CMS_btag_fullShape_hfDown_BDT with smoothed values for CMS_btag_fullShape_hf tt 2016preVFP
!!! replace histogram: tt_1tau0lSR_pdf_alphasUp_BDT with smoothed values for pdf_alphas tt 2016preVFP
!!! replace histogram: tt_1tau0lSR_pdf_alphasDown_BDT with smoothed values for pdf_alphas tt 2016preVFP
!!! replace histogram: tt_1tau0lSR_ps_fsrUp_BDT with smoothed values for ps_fsr tt 2016preVFP
!!! replace histogram: tt_1tau0lSR_ps_fsrDown_BDT with smoothed values for ps_fsr tt 2016preVFP
!!! replace histogram: tt_1tau0lSR_CMS_scale_j_FlavorPureGluonUp_BDT with smoothed values for CMS_scale_j_FlavorPureGluon tt 2016preVFP
!!! replace histogram: tt_1tau0lSR_CMS_scale_j_FlavorPureGluonDown_BDT with smoothed values for CMS_scale_j_FlavorPureGluon tt 2016preVFP
!!! replace histogram: tt_1tau0lSR_CMS_scale_j_FlavorPureQuarkUp_BDT with smoothed values for CMS_scale_j_FlavorPureQuark tt 2016preVFP
!!! replace histogram: tt_1tau0lSR_CMS_scale_j_FlavorPureQuarkDown_BDT with smoothed values for CMS_scale_j_FlavorPureQuark tt 2016preVFP
!!! replace histogram: tt_1tau0lSR_CMS_res_j_2016preVFPUp_BDT with smoothed values for CMS_res_j tt 2016preVFP
!!! replace histogram: tt_1tau0lSR_CMS_res_j_2016preVFPDown_BDT with smoothed values for CMS_res_j tt 2016preVFP
!!! replace histogram: ttZ_1tau0lSR_CMS_btag_fullShape_hfUp_BDT with smoothed values for CMS_btag_fullShape_hf ttZ 2016preVFP
!!! replace histogram: ttZ_1tau0lSR_CMS_btag_fullShape_hfDown_BDT with smoothed values for CMS_btag_fullShape_hf ttZ 2016preVFP
!!! replace histogram: ttZ_1tau0lSR_pdf_alphasUp_BDT with smoothed values for pdf_alphas ttZ 2016preVFP
!!! replace histogram: ttZ_1tau0lSR_pdf_alphasDown_BDT with smoothed values for pdf_alphas ttZ 2016preVFP
!!! replace histogram: ttZ_1tau0lSR_ps_fsrUp_BDT with smoothed values for ps_fsr ttZ 2016preVFP
!!! replace histogram: ttZ_1tau0lSR_ps_fsrDown_BDT with smoothed values for ps_fsr ttZ 2016preVFP
!!! replace histogram: ttZ_1tau0lSR_CMS_scale_j_FlavorPureGluonUp_BDT with smoothed values for CMS_scale_j_FlavorPureGluon ttZ 2016preVFP
!!! replace histogram: ttZ_1tau0lSR_CMS_scale_j_FlavorPureGluonDown_BDT with smoothed values for CMS_scale_j_FlavorPureGluon ttZ 2016preVFP
!!! replace histogram: ttZ_1tau0lSR_CMS_scale_j_FlavorPureQuarkUp_BDT with smoothed values for CMS_scale_j_FlavorPureQuark ttZ 2016preVFP
!!! replace histogram: ttZ_1tau0lSR_CMS_scale_j_FlavorPureQuarkDown_BDT with smoothed values for CMS_scale_j_FlavorPureQuark ttZ 2016preVFP
!!! replace histogram: ttZ_1tau0lSR_CMS_res_j_2016preVFPUp_BDT with smoothed values for CMS_res_j ttZ 2016preVFP
!!! replace histogram: ttZ_1tau0lSR_CMS_res_j_2016preVFPDown_BDT with smoothed values for CMS_res_j ttZ 2016preVFP
!!! replace histogram: ttW_1tau0lSR_CMS_btag_fullShape_hfUp_BDT with smoothed values for CMS_btag_fullShape_hf ttW 2016preVFP
!!! replace histogram: ttW_1tau0lSR_CMS_btag_fullShape_hfDown_BDT with smoothed values for CMS_btag_fullShape_hf ttW 2016preVFP
!!! replace histogram: ttW_1tau0lSR_pdf_alphasUp_BDT with smoothed values for pdf_alphas ttW 2016preVFP
!!! replace histogram: ttW_1tau0lSR_pdf_alphasDown_BDT with smoothed values for pdf_alphas ttW 2016preVFP
!!! replace histogram: ttW_1tau0lSR_ps_fsrUp_BDT with smoothed values for ps_fsr ttW 2016preVFP
!!! replace histogram: ttW_1tau0lSR_ps_fsrDown_BDT with smoothed values for ps_fsr ttW 2016preVFP
!!! replace histogram: ttW_1tau0lSR_CMS_scale_j_FlavorPureGluonUp_BDT with smoothed values for CMS_scale_j_FlavorPureGluon ttW 2016preVFP
!!! replace histogram: ttW_1tau0lSR_CMS_scale_j_FlavorPureGluonDown_BDT with smoothed values for CMS_scale_j_FlavorPureGluon ttW 2016preVFP
!!! replace histogram: ttW_1tau0lSR_CMS_scale_j_FlavorPureQuarkUp_BDT with smoothed values for CMS_scale_j_FlavorPureQuark ttW 2016preVFP
!!! replace histogram: ttW_1tau0lSR_CMS_scale_j_FlavorPureQuarkDown_BDT with smoothed values for CMS_scale_j_FlavorPureQuark ttW 2016preVFP
!!! replace histogram: ttW_1tau0lSR_CMS_res_j_2016preVFPUp_BDT with smoothed values for CMS_res_j ttW 2016preVFP
!!! replace histogram: ttW_1tau0lSR_CMS_res_j_2016preVFPDown_BDT with smoothed values for CMS_res_j ttW 2016preVFP
!!! replace histogram: ttH_1tau0lSR_CMS_btag_fullShape_hfUp_BDT with smoothed values for CMS_btag_fullShape_hf ttH 2016preVFP
!!! replace histogram: ttH_1tau0lSR_CMS_btag_fullShape_hfDown_BDT with smoothed values for CMS_btag_fullShape_hf ttH 2016preVFP
!!! replace histogram: ttH_1tau0lSR_pdf_alphasUp_BDT with smoothed values for pdf_alphas ttH 2016preVFP
!!! replace histogram: ttH_1tau0lSR_pdf_alphasDown_BDT with smoothed values for pdf_alphas ttH 2016preVFP
!!! replace histogram: ttH_1tau0lSR_ps_fsrUp_BDT with smoothed values for ps_fsr ttH 2016preVFP
!!! replace histogram: ttH_1tau0lSR_ps_fsrDown_BDT with smoothed values for ps_fsr ttH 2016preVFP
!!! replace histogram: ttH_1tau0lSR_CMS_scale_j_FlavorPureGluonUp_BDT with smoothed values for CMS_scale_j_FlavorPureGluon ttH 2016preVFP
!!! replace histogram: ttH_1tau0lSR_CMS_scale_j_FlavorPureGluonDown_BDT with smoothed values for CMS_scale_j_FlavorPureGluon ttH 2016preVFP
!!! replace histogram: ttH_1tau0lSR_CMS_scale_j_FlavorPureQuarkUp_BDT with smoothed values for CMS_scale_j_FlavorPureQuark ttH 2016preVFP
!!! replace histogram: ttH_1tau0lSR_CMS_scale_j_FlavorPureQuarkDown_BDT with smoothed values for CMS_scale_j_FlavorPureQuark ttH 2016preVFP
!!! replace histogram: ttH_1tau0lSR_CMS_res_j_2016preVFPUp_BDT with smoothed values for CMS_res_j ttH 2016preVFP
!!! replace histogram: ttH_1tau0lSR_CMS_res_j_2016preVFPDown_BDT with smoothed values for CMS_res_j ttH 2016preVFP
!!! replace histogram: WJets_1tau0lSR_CMS_btag_fullShape_hfUp_BDT with smoothed values for CMS_btag_fullShape_hf WJets 2016preVFP
!!! replace histogram: WJets_1tau0lSR_CMS_btag_fullShape_hfDown_BDT with smoothed values for CMS_btag_fullShape_hf WJets 2016preVFP
!!! replace histogram: WJets_1tau0lSR_pdf_alphasUp_BDT with smoothed values for pdf_alphas WJets 2016preVFP
!!! replace histogram: WJets_1tau0lSR_pdf_alphasDown_BDT with smoothed values for pdf_alphas WJets 2016preVFP
!!! replace histogram: WJets_1tau0lSR_ps_fsrUp_BDT with smoothed values for ps_fsr WJets 2016preVFP
!!! replace histogram: WJets_1tau0lSR_ps_fsrDown_BDT with smoothed values for ps_fsr WJets 2016preVFP
!!! replace histogram: WJets_1tau0lSR_CMS_scale_j_FlavorPureGluonUp_BDT with smoothed values for CMS_scale_j_FlavorPureGluon WJets 2016preVFP
!!! replace histogram: WJets_1tau0lSR_CMS_scale_j_FlavorPureGluonDown_BDT with smoothed values for CMS_scale_j_FlavorPureGluon WJets 2016preVFP
!!! replace histogram: WJets_1tau0lSR_CMS_scale_j_FlavorPureQuarkUp_BDT with smoothed values for CMS_scale_j_FlavorPureQuark WJets 2016preVFP
!!! replace histogram: WJets_1tau0lSR_CMS_scale_j_FlavorPureQuarkDown_BDT with smoothed values for CMS_scale_j_FlavorPureQuark WJets 2016preVFP
!!! replace histogram: WJets_1tau0lSR_CMS_res_j_2016preVFPUp_BDT with smoothed values for CMS_res_j WJets 2016preVFP
!!! replace histogram: WJets_1tau0lSR_CMS_res_j_2016preVFPDown_BDT with smoothed values for CMS_res_j WJets 2016preVFP
Smoothed histograms saved to /publicfs/cms/user/huahuil/tauOfTTTT_NanoAOD/forMVA/2016preVFP/v1baselineHadroBtagWeightAdded_v94HadroPreJetVetoHemOnly/mc/variableHists_v9BDT1tau0l_CMSNamingComplete/combine/templatesForCombine1tau0l_new_notMCFTau_unblind_smoothed.root
!!! replace histogram: tt_1tau0lSR_CMS_btag_fullShape_hfUp_BDT with smoothed values for CMS_btag_fullShape_hf tt 2016postVFP
!!! replace histogram: tt_1tau0lSR_CMS_btag_fullShape_hfDown_BDT with smoothed values for CMS_btag_fullShape_hf tt 2016postVFP
!!! replace histogram: tt_1tau0lSR_pdf_alphasUp_BDT with smoothed values for pdf_alphas tt 2016postVFP
!!! replace histogram: tt_1tau0lSR_pdf_alphasDown_BDT with smoothed values for pdf_alphas tt 2016postVFP
!!! replace histogram: tt_1tau0lSR_ps_fsrUp_BDT with smoothed values for ps_fsr tt 2016postVFP
!!! replace histogram: tt_1tau0lSR_ps_fsrDown_BDT with smoothed values for ps_fsr tt 2016postVFP
!!! replace histogram: tt_1tau0lSR_CMS_scale_j_FlavorPureGluonUp_BDT with smoothed values for CMS_scale_j_FlavorPureGluon tt 2016postVFP
!!! replace histogram: tt_1tau0lSR_CMS_scale_j_FlavorPureGluonDown_BDT with smoothed values for CMS_scale_j_FlavorPureGluon tt 2016postVFP
!!! replace histogram: tt_1tau0lSR_CMS_scale_j_FlavorPureQuarkUp_BDT with smoothed values for CMS_scale_j_FlavorPureQuark tt 2016postVFP
!!! replace histogram: tt_1tau0lSR_CMS_scale_j_FlavorPureQuarkDown_BDT with smoothed values for CMS_scale_j_FlavorPureQuark tt 2016postVFP
!!! replace histogram: tt_1tau0lSR_CMS_res_j_2016postVFPUp_BDT with smoothed values for CMS_res_j tt 2016postVFP
!!! replace histogram: tt_1tau0lSR_CMS_res_j_2016postVFPDown_BDT with smoothed values for CMS_res_j tt 2016postVFP
!!! replace histogram: ttZ_1tau0lSR_CMS_btag_fullShape_hfUp_BDT with smoothed values for CMS_btag_fullShape_hf ttZ 2016postVFP
!!! replace histogram: ttZ_1tau0lSR_CMS_btag_fullShape_hfDown_BDT with smoothed values for CMS_btag_fullShape_hf ttZ 2016postVFP
!!! replace histogram: ttZ_1tau0lSR_pdf_alphasUp_BDT with smoothed values for pdf_alphas ttZ 2016postVFP
!!! replace histogram: ttZ_1tau0lSR_pdf_alphasDown_BDT with smoothed values for pdf_alphas ttZ 2016postVFP
!!! replace histogram: ttZ_1tau0lSR_ps_fsrUp_BDT with smoothed values for ps_fsr ttZ 2016postVFP
!!! replace histogram: ttZ_1tau0lSR_ps_fsrDown_BDT with smoothed values for ps_fsr ttZ 2016postVFP
!!! replace histogram: ttZ_1tau0lSR_CMS_scale_j_FlavorPureGluonUp_BDT with smoothed values for CMS_scale_j_FlavorPureGluon ttZ 2016postVFP
!!! replace histogram: ttZ_1tau0lSR_CMS_scale_j_FlavorPureGluonDown_BDT with smoothed values for CMS_scale_j_FlavorPureGluon ttZ 2016postVFP
!!! replace histogram: ttZ_1tau0lSR_CMS_scale_j_FlavorPureQuarkUp_BDT with smoothed values for CMS_scale_j_FlavorPureQuark ttZ 2016postVFP
!!! replace histogram: ttZ_1tau0lSR_CMS_scale_j_FlavorPureQuarkDown_BDT with smoothed values for CMS_scale_j_FlavorPureQuark ttZ 2016postVFP
!!! replace histogram: ttZ_1tau0lSR_CMS_res_j_2016postVFPUp_BDT with smoothed values for CMS_res_j ttZ 2016postVFP
!!! replace histogram: ttZ_1tau0lSR_CMS_res_j_2016postVFPDown_BDT with smoothed values for CMS_res_j ttZ 2016postVFP
!!! replace histogram: ttW_1tau0lSR_CMS_btag_fullShape_hfUp_BDT with smoothed values for CMS_btag_fullShape_hf ttW 2016postVFP
!!! replace histogram: ttW_1tau0lSR_CMS_btag_fullShape_hfDown_BDT with smoothed values for CMS_btag_fullShape_hf ttW 2016postVFP
!!! replace histogram: ttW_1tau0lSR_pdf_alphasUp_BDT with smoothed values for pdf_alphas ttW 2016postVFP
!!! replace histogram: ttW_1tau0lSR_pdf_alphasDown_BDT with smoothed values for pdf_alphas ttW 2016postVFP
!!! replace histogram: ttW_1tau0lSR_ps_fsrUp_BDT with smoothed values for ps_fsr ttW 2016postVFP
!!! replace histogram: ttW_1tau0lSR_ps_fsrDown_BDT with smoothed values for ps_fsr ttW 2016postVFP
!!! replace histogram: ttW_1tau0lSR_CMS_scale_j_FlavorPureGluonUp_BDT with smoothed values for CMS_scale_j_FlavorPureGluon ttW 2016postVFP
!!! replace histogram: ttW_1tau0lSR_CMS_scale_j_FlavorPureGluonDown_BDT with smoothed values for CMS_scale_j_FlavorPureGluon ttW 2016postVFP
!!! replace histogram: ttW_1tau0lSR_CMS_scale_j_FlavorPureQuarkUp_BDT with smoothed values for CMS_scale_j_FlavorPureQuark ttW 2016postVFP
!!! replace histogram: ttW_1tau0lSR_CMS_scale_j_FlavorPureQuarkDown_BDT with smoothed values for CMS_scale_j_FlavorPureQuark ttW 2016postVFP
!!! replace histogram: ttW_1tau0lSR_CMS_res_j_2016postVFPUp_BDT with smoothed values for CMS_res_j ttW 2016postVFP
!!! replace histogram: ttW_1tau0lSR_CMS_res_j_2016postVFPDown_BDT with smoothed values for CMS_res_j ttW 2016postVFP
!!! replace histogram: ttH_1tau0lSR_CMS_btag_fullShape_hfUp_BDT with smoothed values for CMS_btag_fullShape_hf ttH 2016postVFP
!!! replace histogram: ttH_1tau0lSR_CMS_btag_fullShape_hfDown_BDT with smoothed values for CMS_btag_fullShape_hf ttH 2016postVFP
!!! replace histogram: ttH_1tau0lSR_pdf_alphasUp_BDT with smoothed values for pdf_alphas ttH 2016postVFP
!!! replace histogram: ttH_1tau0lSR_pdf_alphasDown_BDT with smoothed values for pdf_alphas ttH 2016postVFP
!!! replace histogram: ttH_1tau0lSR_ps_fsrUp_BDT with smoothed values for ps_fsr ttH 2016postVFP
!!! replace histogram: ttH_1tau0lSR_ps_fsrDown_BDT with smoothed values for ps_fsr ttH 2016postVFP
!!! replace histogram: ttH_1tau0lSR_CMS_scale_j_FlavorPureGluonUp_BDT with smoothed values for CMS_scale_j_FlavorPureGluon ttH 2016postVFP
!!! replace histogram: ttH_1tau0lSR_CMS_scale_j_FlavorPureGluonDown_BDT with smoothed values for CMS_scale_j_FlavorPureGluon ttH 2016postVFP
!!! replace histogram: ttH_1tau0lSR_CMS_scale_j_FlavorPureQuarkUp_BDT with smoothed values for CMS_scale_j_FlavorPureQuark ttH 2016postVFP
!!! replace histogram: ttH_1tau0lSR_CMS_scale_j_FlavorPureQuarkDown_BDT with smoothed values for CMS_scale_j_FlavorPureQuark ttH 2016postVFP
!!! replace histogram: ttH_1tau0lSR_CMS_res_j_2016postVFPUp_BDT with smoothed values for CMS_res_j ttH 2016postVFP
!!! replace histogram: ttH_1tau0lSR_CMS_res_j_2016postVFPDown_BDT with smoothed values for CMS_res_j ttH 2016postVFP
!!! replace histogram: WJets_1tau0lSR_CMS_btag_fullShape_hfUp_BDT with smoothed values for CMS_btag_fullShape_hf WJets 2016postVFP
!!! replace histogram: WJets_1tau0lSR_CMS_btag_fullShape_hfDown_BDT with smoothed values for CMS_btag_fullShape_hf WJets 2016postVFP
!!! replace histogram: WJets_1tau0lSR_pdf_alphasUp_BDT with smoothed values for pdf_alphas WJets 2016postVFP
!!! replace histogram: WJets_1tau0lSR_pdf_alphasDown_BDT with smoothed values for pdf_alphas WJets 2016postVFP
!!! replace histogram: WJets_1tau0lSR_ps_fsrUp_BDT with smoothed values for ps_fsr WJets 2016postVFP
!!! replace histogram: WJets_1tau0lSR_ps_fsrDown_BDT with smoothed values for ps_fsr WJets 2016postVFP
!!! replace histogram: WJets_1tau0lSR_CMS_scale_j_FlavorPureGluonUp_BDT with smoothed values for CMS_scale_j_FlavorPureGluon WJets 2016postVFP
!!! replace histogram: WJets_1tau0lSR_CMS_scale_j_FlavorPureGluonDown_BDT with smoothed values for CMS_scale_j_FlavorPureGluon WJets 2016postVFP
!!! replace histogram: WJets_1tau0lSR_CMS_scale_j_FlavorPureQuarkUp_BDT with smoothed values for CMS_scale_j_FlavorPureQuark WJets 2016postVFP
!!! replace histogram: WJets_1tau0lSR_CMS_scale_j_FlavorPureQuarkDown_BDT with smoothed values for CMS_scale_j_FlavorPureQuark WJets 2016postVFP
!!! replace histogram: WJets_1tau0lSR_CMS_res_j_2016postVFPUp_BDT with smoothed values for CMS_res_j WJets 2016postVFP
!!! replace histogram: WJets_1tau0lSR_CMS_res_j_2016postVFPDown_BDT with smoothed values for CMS_res_j WJets 2016postVFP
Smoothed histograms saved to /publicfs/cms/user/huahuil/tauOfTTTT_NanoAOD/forMVA/2016postVFP/v1baselineHadroBtagWeightAdded_v94HadroPreJetVetoHemOnly/mc/variableHists_v9BDT1tau0l_CMSNamingComplete/combine/templatesForCombine1tau0l_new_notMCFTau_unblind_smoothed.root
!!! replace histogram: tt_1tau0lSR_CMS_btag_fullShape_hfUp_BDT with smoothed values for CMS_btag_fullShape_hf tt 2017
!!! replace histogram: tt_1tau0lSR_CMS_btag_fullShape_hfDown_BDT with smoothed values for CMS_btag_fullShape_hf tt 2017
!!! replace histogram: tt_1tau0lSR_pdf_alphasUp_BDT with smoothed values for pdf_alphas tt 2017
!!! replace histogram: tt_1tau0lSR_pdf_alphasDown_BDT with smoothed values for pdf_alphas tt 2017
!!! replace histogram: tt_1tau0lSR_ps_fsrUp_BDT with smoothed values for ps_fsr tt 2017
!!! replace histogram: tt_1tau0lSR_ps_fsrDown_BDT with smoothed values for ps_fsr tt 2017
!!! replace histogram: tt_1tau0lSR_CMS_scale_j_FlavorPureGluonUp_BDT with smoothed values for CMS_scale_j_FlavorPureGluon tt 2017
!!! replace histogram: tt_1tau0lSR_CMS_scale_j_FlavorPureGluonDown_BDT with smoothed values for CMS_scale_j_FlavorPureGluon tt 2017
!!! replace histogram: tt_1tau0lSR_CMS_scale_j_FlavorPureQuarkUp_BDT with smoothed values for CMS_scale_j_FlavorPureQuark tt 2017
!!! replace histogram: tt_1tau0lSR_CMS_scale_j_FlavorPureQuarkDown_BDT with smoothed values for CMS_scale_j_FlavorPureQuark tt 2017
!!! replace histogram: tt_1tau0lSR_CMS_res_j_2017Up_BDT with smoothed values for CMS_res_j tt 2017
!!! replace histogram: tt_1tau0lSR_CMS_res_j_2017Down_BDT with smoothed values for CMS_res_j tt 2017
!!! replace histogram: ttZ_1tau0lSR_CMS_btag_fullShape_hfUp_BDT with smoothed values for CMS_btag_fullShape_hf ttZ 2017
!!! replace histogram: ttZ_1tau0lSR_CMS_btag_fullShape_hfDown_BDT with smoothed values for CMS_btag_fullShape_hf ttZ 2017
!!! replace histogram: ttZ_1tau0lSR_pdf_alphasUp_BDT with smoothed values for pdf_alphas ttZ 2017
!!! replace histogram: ttZ_1tau0lSR_pdf_alphasDown_BDT with smoothed values for pdf_alphas ttZ 2017
!!! replace histogram: ttZ_1tau0lSR_ps_fsrUp_BDT with smoothed values for ps_fsr ttZ 2017
!!! replace histogram: ttZ_1tau0lSR_ps_fsrDown_BDT with smoothed values for ps_fsr ttZ 2017
!!! replace histogram: ttZ_1tau0lSR_CMS_scale_j_FlavorPureGluonUp_BDT with smoothed values for CMS_scale_j_FlavorPureGluon ttZ 2017
!!! replace histogram: ttZ_1tau0lSR_CMS_scale_j_FlavorPureGluonDown_BDT with smoothed values for CMS_scale_j_FlavorPureGluon ttZ 2017
!!! replace histogram: ttZ_1tau0lSR_CMS_scale_j_FlavorPureQuarkUp_BDT with smoothed values for CMS_scale_j_FlavorPureQuark ttZ 2017
!!! replace histogram: ttZ_1tau0lSR_CMS_scale_j_FlavorPureQuarkDown_BDT with smoothed values for CMS_scale_j_FlavorPureQuark ttZ 2017
!!! replace histogram: ttZ_1tau0lSR_CMS_res_j_2017Up_BDT with smoothed values for CMS_res_j ttZ 2017
!!! replace histogram: ttZ_1tau0lSR_CMS_res_j_2017Down_BDT with smoothed values for CMS_res_j ttZ 2017
!!! replace histogram: ttW_1tau0lSR_CMS_btag_fullShape_hfUp_BDT with smoothed values for CMS_btag_fullShape_hf ttW 2017
!!! replace histogram: ttW_1tau0lSR_CMS_btag_fullShape_hfDown_BDT with smoothed values for CMS_btag_fullShape_hf ttW 2017
!!! replace histogram: ttW_1tau0lSR_pdf_alphasUp_BDT with smoothed values for pdf_alphas ttW 2017
!!! replace histogram: ttW_1tau0lSR_pdf_alphasDown_BDT with smoothed values for pdf_alphas ttW 2017
!!! replace histogram: ttW_1tau0lSR_ps_fsrUp_BDT with smoothed values for ps_fsr ttW 2017
!!! replace histogram: ttW_1tau0lSR_ps_fsrDown_BDT with smoothed values for ps_fsr ttW 2017
!!! replace histogram: ttW_1tau0lSR_CMS_scale_j_FlavorPureGluonUp_BDT with smoothed values for CMS_scale_j_FlavorPureGluon ttW 2017
!!! replace histogram: ttW_1tau0lSR_CMS_scale_j_FlavorPureGluonDown_BDT with smoothed values for CMS_scale_j_FlavorPureGluon ttW 2017
!!! replace histogram: ttW_1tau0lSR_CMS_scale_j_FlavorPureQuarkUp_BDT with smoothed values for CMS_scale_j_FlavorPureQuark ttW 2017
!!! replace histogram: ttW_1tau0lSR_CMS_scale_j_FlavorPureQuarkDown_BDT with smoothed values for CMS_scale_j_FlavorPureQuark ttW 2017
!!! replace histogram: ttW_1tau0lSR_CMS_res_j_2017Up_BDT with smoothed values for CMS_res_j ttW 2017
!!! replace histogram: ttW_1tau0lSR_CMS_res_j_2017Down_BDT with smoothed values for CMS_res_j ttW 2017
!!! replace histogram: ttH_1tau0lSR_CMS_btag_fullShape_hfUp_BDT with smoothed values for CMS_btag_fullShape_hf ttH 2017
!!! replace histogram: ttH_1tau0lSR_CMS_btag_fullShape_hfDown_BDT with smoothed values for CMS_btag_fullShape_hf ttH 2017
!!! replace histogram: ttH_1tau0lSR_pdf_alphasUp_BDT with smoothed values for pdf_alphas ttH 2017
!!! replace histogram: ttH_1tau0lSR_pdf_alphasDown_BDT with smoothed values for pdf_alphas ttH 2017
!!! replace histogram: ttH_1tau0lSR_ps_fsrUp_BDT with smoothed values for ps_fsr ttH 2017
!!! replace histogram: ttH_1tau0lSR_ps_fsrDown_BDT with smoothed values for ps_fsr ttH 2017
!!! replace histogram: ttH_1tau0lSR_CMS_scale_j_FlavorPureGluonUp_BDT with smoothed values for CMS_scale_j_FlavorPureGluon ttH 2017
!!! replace histogram: ttH_1tau0lSR_CMS_scale_j_FlavorPureGluonDown_BDT with smoothed values for CMS_scale_j_FlavorPureGluon ttH 2017
!!! replace histogram: ttH_1tau0lSR_CMS_scale_j_FlavorPureQuarkUp_BDT with smoothed values for CMS_scale_j_FlavorPureQuark ttH 2017
!!! replace histogram: ttH_1tau0lSR_CMS_scale_j_FlavorPureQuarkDown_BDT with smoothed values for CMS_scale_j_FlavorPureQuark ttH 2017
!!! replace histogram: ttH_1tau0lSR_CMS_res_j_2017Up_BDT with smoothed values for CMS_res_j ttH 2017
!!! replace histogram: ttH_1tau0lSR_CMS_res_j_2017Down_BDT with smoothed values for CMS_res_j ttH 2017
!!! replace histogram: WJets_1tau0lSR_CMS_btag_fullShape_hfUp_BDT with smoothed values for CMS_btag_fullShape_hf WJets 2017
!!! replace histogram: WJets_1tau0lSR_CMS_btag_fullShape_hfDown_BDT with smoothed values for CMS_btag_fullShape_hf WJets 2017
!!! replace histogram: WJets_1tau0lSR_pdf_alphasUp_BDT with smoothed values for pdf_alphas WJets 2017
!!! replace histogram: WJets_1tau0lSR_pdf_alphasDown_BDT with smoothed values for pdf_alphas WJets 2017
!!! replace histogram: WJets_1tau0lSR_ps_fsrUp_BDT with smoothed values for ps_fsr WJets 2017
!!! replace histogram: WJets_1tau0lSR_ps_fsrDown_BDT with smoothed values for ps_fsr WJets 2017
!!! replace histogram: WJets_1tau0lSR_CMS_scale_j_FlavorPureGluonUp_BDT with smoothed values for CMS_scale_j_FlavorPureGluon WJets 2017
!!! replace histogram: WJets_1tau0lSR_CMS_scale_j_FlavorPureGluonDown_BDT with smoothed values for CMS_scale_j_FlavorPureGluon WJets 2017
!!! replace histogram: WJets_1tau0lSR_CMS_scale_j_FlavorPureQuarkUp_BDT with smoothed values for CMS_scale_j_FlavorPureQuark WJets 2017
!!! replace histogram: WJets_1tau0lSR_CMS_scale_j_FlavorPureQuarkDown_BDT with smoothed values for CMS_scale_j_FlavorPureQuark WJets 2017
!!! replace histogram: WJets_1tau0lSR_CMS_res_j_2017Up_BDT with smoothed values for CMS_res_j WJets 2017
!!! replace histogram: WJets_1tau0lSR_CMS_res_j_2017Down_BDT with smoothed values for CMS_res_j WJets 2017
Smoothed histograms saved to /publicfs/cms/user/huahuil/tauOfTTTT_NanoAOD/forMVA/2017/v1baselineHadroBtagWeightAdded_v94HadroPreJetVetoHemOnly/mc/variableHists_v9BDT1tau0l_CMSNamingComplete/combine/templatesForCombine1tau0l_new_notMCFTau_unblind_smoothed.root
!!! replace histogram: tt_1tau0lSR_CMS_btag_fullShape_hfUp_BDT with smoothed values for CMS_btag_fullShape_hf tt 2018
!!! replace histogram: tt_1tau0lSR_CMS_btag_fullShape_hfDown_BDT with smoothed values for CMS_btag_fullShape_hf tt 2018
!!! replace histogram: tt_1tau0lSR_pdf_alphasUp_BDT with smoothed values for pdf_alphas tt 2018
!!! replace histogram: tt_1tau0lSR_pdf_alphasDown_BDT with smoothed values for pdf_alphas tt 2018
!!! replace histogram: tt_1tau0lSR_ps_fsrUp_BDT with smoothed values for ps_fsr tt 2018
!!! replace histogram: tt_1tau0lSR_ps_fsrDown_BDT with smoothed values for ps_fsr tt 2018
!!! replace histogram: tt_1tau0lSR_CMS_scale_j_FlavorPureGluonUp_BDT with smoothed values for CMS_scale_j_FlavorPureGluon tt 2018
!!! replace histogram: tt_1tau0lSR_CMS_scale_j_FlavorPureGluonDown_BDT with smoothed values for CMS_scale_j_FlavorPureGluon tt 2018
!!! replace histogram: tt_1tau0lSR_CMS_scale_j_FlavorPureQuarkUp_BDT with smoothed values for CMS_scale_j_FlavorPureQuark tt 2018
!!! replace histogram: tt_1tau0lSR_CMS_scale_j_FlavorPureQuarkDown_BDT with smoothed values for CMS_scale_j_FlavorPureQuark tt 2018
!!! replace histogram: tt_1tau0lSR_CMS_res_j_2018Up_BDT with smoothed values for CMS_res_j tt 2018
!!! replace histogram: tt_1tau0lSR_CMS_res_j_2018Down_BDT with smoothed values for CMS_res_j tt 2018
!!! replace histogram: ttZ_1tau0lSR_CMS_btag_fullShape_hfUp_BDT with smoothed values for CMS_btag_fullShape_hf ttZ 2018
!!! replace histogram: ttZ_1tau0lSR_CMS_btag_fullShape_hfDown_BDT with smoothed values for CMS_btag_fullShape_hf ttZ 2018
!!! replace histogram: ttZ_1tau0lSR_pdf_alphasUp_BDT with smoothed values for pdf_alphas ttZ 2018
!!! replace histogram: ttZ_1tau0lSR_pdf_alphasDown_BDT with smoothed values for pdf_alphas ttZ 2018
!!! replace histogram: ttZ_1tau0lSR_ps_fsrUp_BDT with smoothed values for ps_fsr ttZ 2018
!!! replace histogram: ttZ_1tau0lSR_ps_fsrDown_BDT with smoothed values for ps_fsr ttZ 2018
!!! replace histogram: ttZ_1tau0lSR_CMS_scale_j_FlavorPureGluonUp_BDT with smoothed values for CMS_scale_j_FlavorPureGluon ttZ 2018
!!! replace histogram: ttZ_1tau0lSR_CMS_scale_j_FlavorPureGluonDown_BDT with smoothed values for CMS_scale_j_FlavorPureGluon ttZ 2018
!!! replace histogram: ttZ_1tau0lSR_CMS_scale_j_FlavorPureQuarkUp_BDT with smoothed values for CMS_scale_j_FlavorPureQuark ttZ 2018
!!! replace histogram: ttZ_1tau0lSR_CMS_scale_j_FlavorPureQuarkDown_BDT with smoothed values for CMS_scale_j_FlavorPureQuark ttZ 2018
!!! replace histogram: ttZ_1tau0lSR_CMS_res_j_2018Up_BDT with smoothed values for CMS_res_j ttZ 2018
!!! replace histogram: ttZ_1tau0lSR_CMS_res_j_2018Down_BDT with smoothed values for CMS_res_j ttZ 2018
!!! replace histogram: ttW_1tau0lSR_CMS_btag_fullShape_hfUp_BDT with smoothed values for CMS_btag_fullShape_hf ttW 2018
!!! replace histogram: ttW_1tau0lSR_CMS_btag_fullShape_hfDown_BDT with smoothed values for CMS_btag_fullShape_hf ttW 2018
!!! replace histogram: ttW_1tau0lSR_pdf_alphasUp_BDT with smoothed values for pdf_alphas ttW 2018
!!! replace histogram: ttW_1tau0lSR_pdf_alphasDown_BDT with smoothed values for pdf_alphas ttW 2018
!!! replace histogram: ttW_1tau0lSR_ps_fsrUp_BDT with smoothed values for ps_fsr ttW 2018
!!! replace histogram: ttW_1tau0lSR_ps_fsrDown_BDT with smoothed values for ps_fsr ttW 2018
!!! replace histogram: ttW_1tau0lSR_CMS_scale_j_FlavorPureGluonUp_BDT with smoothed values for CMS_scale_j_FlavorPureGluon ttW 2018
!!! replace histogram: ttW_1tau0lSR_CMS_scale_j_FlavorPureGluonDown_BDT with smoothed values for CMS_scale_j_FlavorPureGluon ttW 2018
!!! replace histogram: ttW_1tau0lSR_CMS_scale_j_FlavorPureQuarkUp_BDT with smoothed values for CMS_scale_j_FlavorPureQuark ttW 2018
!!! replace histogram: ttW_1tau0lSR_CMS_scale_j_FlavorPureQuarkDown_BDT with smoothed values for CMS_scale_j_FlavorPureQuark ttW 2018
!!! replace histogram: ttW_1tau0lSR_CMS_res_j_2018Up_BDT with smoothed values for CMS_res_j ttW 2018
!!! replace histogram: ttW_1tau0lSR_CMS_res_j_2018Down_BDT with smoothed values for CMS_res_j ttW 2018
!!! replace histogram: ttH_1tau0lSR_CMS_btag_fullShape_hfUp_BDT with smoothed values for CMS_btag_fullShape_hf ttH 2018
!!! replace histogram: ttH_1tau0lSR_CMS_btag_fullShape_hfDown_BDT with smoothed values for CMS_btag_fullShape_hf ttH 2018
!!! replace histogram: ttH_1tau0lSR_pdf_alphasUp_BDT with smoothed values for pdf_alphas ttH 2018
!!! replace histogram: ttH_1tau0lSR_pdf_alphasDown_BDT with smoothed values for pdf_alphas ttH 2018
!!! replace histogram: ttH_1tau0lSR_ps_fsrUp_BDT with smoothed values for ps_fsr ttH 2018
!!! replace histogram: ttH_1tau0lSR_ps_fsrDown_BDT with smoothed values for ps_fsr ttH 2018
!!! replace histogram: ttH_1tau0lSR_CMS_scale_j_FlavorPureGluonUp_BDT with smoothed values for CMS_scale_j_FlavorPureGluon ttH 2018
!!! replace histogram: ttH_1tau0lSR_CMS_scale_j_FlavorPureGluonDown_BDT with smoothed values for CMS_scale_j_FlavorPureGluon ttH 2018
!!! replace histogram: ttH_1tau0lSR_CMS_scale_j_FlavorPureQuarkUp_BDT with smoothed values for CMS_scale_j_FlavorPureQuark ttH 2018
!!! replace histogram: ttH_1tau0lSR_CMS_scale_j_FlavorPureQuarkDown_BDT with smoothed values for CMS_scale_j_FlavorPureQuark ttH 2018
!!! replace histogram: ttH_1tau0lSR_CMS_res_j_2018Up_BDT with smoothed values for CMS_res_j ttH 2018
!!! replace histogram: ttH_1tau0lSR_CMS_res_j_2018Down_BDT with smoothed values for CMS_res_j ttH 2018
!!! replace histogram: WJets_1tau0lSR_CMS_btag_fullShape_hfUp_BDT with smoothed values for CMS_btag_fullShape_hf WJets 2018
!!! replace histogram: WJets_1tau0lSR_CMS_btag_fullShape_hfDown_BDT with smoothed values for CMS_btag_fullShape_hf WJets 2018
!!! replace histogram: WJets_1tau0lSR_pdf_alphasUp_BDT with smoothed values for pdf_alphas WJets 2018
!!! replace histogram: WJets_1tau0lSR_pdf_alphasDown_BDT with smoothed values for pdf_alphas WJets 2018
!!! replace histogram: WJets_1tau0lSR_ps_fsrUp_BDT with smoothed values for ps_fsr WJets 2018
!!! replace histogram: WJets_1tau0lSR_ps_fsrDown_BDT with smoothed values for ps_fsr WJets 2018
!!! replace histogram: WJets_1tau0lSR_CMS_scale_j_FlavorPureGluonUp_BDT with smoothed values for CMS_scale_j_FlavorPureGluon WJets 2018
!!! replace histogram: WJets_1tau0lSR_CMS_scale_j_FlavorPureGluonDown_BDT with smoothed values for CMS_scale_j_FlavorPureGluon WJets 2018
!!! replace histogram: WJets_1tau0lSR_CMS_scale_j_FlavorPureQuarkUp_BDT with smoothed values for CMS_scale_j_FlavorPureQuark WJets 2018
!!! replace histogram: WJets_1tau0lSR_CMS_scale_j_FlavorPureQuarkDown_BDT with smoothed values for CMS_scale_j_FlavorPureQuark WJets 2018
!!! replace histogram: WJets_1tau0lSR_CMS_res_j_2018Up_BDT with smoothed values for CMS_res_j WJets 2018
!!! replace histogram: WJets_1tau0lSR_CMS_res_j_2018Down_BDT with smoothed values for CMS_res_j WJets 2018
Smoothed histograms saved to /publicfs/cms/user/huahuil/tauOfTTTT_NanoAOD/forMVA/2018/v1baselineHadroBtagWeightAdded_v94HadroPreJetVetoHemOnly/mc/variableHists_v9BDT1tau0l_CMSNamingComplete/combine/templatesForCombine1tau0l_new_notMCFTau_unblind_smoothed.root
