sum pro ['fakeTau', 'tt', 'ttZ', 'ttW', 'ttH', 'singleTop', 'WJets', 'tttt', 'jetHT']
sumProList: ['fakeTau', 'tt', 'ttZ', 'ttW', 'ttH', 'singleTop', 'WJets', 'tttt', 'jetHT']
staring to get process systematic
processes in getSysDicPL():  ['fakeTau', 'tt', 'ttZ', 'ttW', 'ttH', 'singleTop', 'WJets', 'tttt', 'jetHT']
{'CMS_pileup': ['shape', {'fakeTau': 0, 'tt': 1, 'ttZ': 1, 'ttW': 1, 'ttH': 1, 'singleTop': 1, 'WJets': 1, 'tttt': 1}], 'CMS_l1_ecal_prefiring_2017': ['shape', {'fakeTau': 0, 'tt': 1, 'ttZ': 1, 'ttW': 1, 'ttH': 1, 'singleTop': 1, 'WJets': 1, 'tttt': 1}], 'CMS_TOP24017_eff_trigger_stats_2017': ['shape', {'fakeTau': 0, 'tt': 1, 'ttZ': 1, 'ttW': 1, 'ttH': 1, 'singleTop': 1, 'WJets': 1, 'tttt': 1}], 'CMS_TOP24017_ttttSS_eff_trigger_2017': ['shape', {'fakeTau': 0, 'tt': 0, 'ttZ': 0, 'ttW': 0, 'ttH': 0, 'singleTop': 0, 'WJets': 0, 'tttt': 0}], 'CMS_fake_t_DeepTau2017v2p1_VSmu_2017': ['shape', {'fakeTau': 0, 'tt': 1, 'ttZ': 1, 'ttW': 1, 'ttH': 1, 'singleTop': 1, 'WJets': 1, 'tttt': 1}], 'CMS_fake_t_DeepTau2017v2p1_VSe_2017': ['shape', {'fakeTau': 0, 'tt': 1, 'ttZ': 1, 'ttW': 1, 'ttH': 1, 'singleTop': 1, 'WJets': 1, 'tttt': 1}], 'CMS_eff_t_vsJet_stat1_dm0_2017': ['shape', {'fakeTau': 0, 'tt': 1, 'ttZ': 1, 'ttW': 1, 'ttH': 1, 'singleTop': 1, 'WJets': 1, 'tttt': 1}], 'CMS_eff_t_vsJet_stat1_dm1_2017': ['shape', {'fakeTau': 0, 'tt': 1, 'ttZ': 1, 'ttW': 1, 'ttH': 1, 'singleTop': 1, 'WJets': 1, 'tttt': 1}], 'CMS_eff_t_vsJet_stat1_dm10_2017': ['shape', {'fakeTau': 0, 'tt': 1, 'ttZ': 1, 'ttW': 1, 'ttH': 1, 'singleTop': 1, 'WJets': 1, 'tttt': 1}], 'CMS_eff_t_vsJet_stat1_dm11_2017': ['shape', {'fakeTau': 0, 'tt': 1, 'ttZ': 1, 'ttW': 1, 'ttH': 1, 'singleTop': 1, 'WJets': 1, 'tttt': 1}], 'CMS_eff_t_vsJet_stat2_dm0_2017': ['shape', {'fakeTau': 0, 'tt': 1, 'ttZ': 1, 'ttW': 1, 'ttH': 1, 'singleTop': 1, 'WJets': 1, 'tttt': 1}], 'CMS_eff_t_vsJet_stat2_dm1_2017': ['shape', {'fakeTau': 0, 'tt': 1, 'ttZ': 1, 'ttW': 1, 'ttH': 1, 'singleTop': 1, 'WJets': 1, 'tttt': 1}], 'CMS_eff_t_vsJet_stat2_dm10_2017': ['shape', {'fakeTau': 0, 'tt': 1, 'ttZ': 1, 'ttW': 1, 'ttH': 1, 'singleTop': 1, 'WJets': 1, 'tttt': 1}], 'CMS_eff_t_vsJet_stat2_dm11_2017': ['shape', {'fakeTau': 0, 'tt': 1, 'ttZ': 1, 'ttW': 1, 'ttH': 1, 'singleTop': 1, 'WJets': 1, 'tttt': 1}], 'CMS_eff_t_vsJet_syst_alleras': ['shape', {'fakeTau': 0, 'tt': 1, 'ttZ': 1, 'ttW': 1, 'ttH': 1, 'singleTop': 1, 'WJets': 1, 'tttt': 1}], 'CMS_eff_t_vsJet_syst_2017': ['shape', {'fakeTau': 0, 'tt': 1, 'ttZ': 1, 'ttW': 1, 'ttH': 1, 'singleTop': 1, 'WJets': 1, 'tttt': 1}], 'CMS_eff_t_vsJet_syst_dm0_2017': ['shape', {'fakeTau': 0, 'tt': 1, 'ttZ': 1, 'ttW': 1, 'ttH': 1, 'singleTop': 1, 'WJets': 1, 'tttt': 1}], 'CMS_eff_t_vsJet_syst_dm1_2017': ['shape', {'fakeTau': 0, 'tt': 1, 'ttZ': 1, 'ttW': 1, 'ttH': 1, 'singleTop': 1, 'WJets': 1, 'tttt': 1}], 'CMS_eff_t_vsJet_syst_dm10_2017': ['shape', {'fakeTau': 0, 'tt': 1, 'ttZ': 1, 'ttW': 1, 'ttH': 1, 'singleTop': 1, 'WJets': 1, 'tttt': 1}], 'CMS_eff_t_vsJet_syst_dm11_2017': ['shape', {'fakeTau': 0, 'tt': 1, 'ttZ': 1, 'ttW': 1, 'ttH': 1, 'singleTop': 1, 'WJets': 1, 'tttt': 1}], 'CMS_TOP24017_ttttSS_eff_e_syst': ['shape', {'fakeTau': 0, 'tt': 0, 'ttZ': 0, 'ttW': 0, 'ttH': 0, 'singleTop': 0, 'WJets': 0, 'tttt': 0}], 'CMS_TOP24017_ttttSS_eff_m_syst': ['shape', {'fakeTau': 0, 'tt': 0, 'ttZ': 0, 'ttW': 0, 'ttH': 0, 'singleTop': 0, 'WJets': 0, 'tttt': 0}], 'CMS_TOP24017_ttttSS_eff_e_stat_2017': ['shape', {'fakeTau': 0, 'tt': 0, 'ttZ': 0, 'ttW': 0, 'ttH': 0, 'singleTop': 0, 'WJets': 0, 'tttt': 0}], 'CMS_TOP24017_ttttSS_eff_m_stat_2017': ['shape', {'fakeTau': 0, 'tt': 0, 'ttZ': 0, 'ttW': 0, 'ttH': 0, 'singleTop': 0, 'WJets': 0, 'tttt': 0}], 'CMS_eff_e_reco_2017': ['shape', {'fakeTau': 0, 'tt': 0, 'ttZ': 0, 'ttW': 0, 'ttH': 0, 'singleTop': 0, 'WJets': 0, 'tttt': 0}], 'CMS_btag_fixedWP_comb_bc_correlated': ['shape', {'fakeTau': 0, 'tt': 0, 'ttZ': 0, 'ttW': 0, 'ttH': 0, 'singleTop': 0, 'WJets': 0, 'tttt': 0}], 'CMS_btag_fixedWP_comb_bc_uncorrelated_2017': ['shape', {'fakeTau': 0, 'tt': 0, 'ttZ': 0, 'ttW': 0, 'ttH': 0, 'singleTop': 0, 'WJets': 0, 'tttt': 0}], 'CMS_btag_fixedWP_incl_light_correlated': ['shape', {'fakeTau': 0, 'tt': 0, 'ttZ': 0, 'ttW': 0, 'ttH': 0, 'singleTop': 0, 'WJets': 0, 'tttt': 0}], 'CMS_btag_fixedWP_incl_light_uncorrelated_2017': ['shape', {'fakeTau': 0, 'tt': 0, 'ttZ': 0, 'ttW': 0, 'ttH': 0, 'singleTop': 0, 'WJets': 0, 'tttt': 0}], 'CMS_btag_fullShape_hf': ['shape', {'fakeTau': 0, 'tt': 1, 'ttZ': 1, 'ttW': 1, 'ttH': 1, 'singleTop': 1, 'WJets': 1, 'tttt': 1}], 'CMS_btag_fullShape_lf': ['shape', {'fakeTau': 0, 'tt': 1, 'ttZ': 1, 'ttW': 1, 'ttH': 1, 'singleTop': 1, 'WJets': 1, 'tttt': 1}], 'CMS_btag_fullShape_cferr1': ['shape', {'fakeTau': 0, 'tt': 1, 'ttZ': 1, 'ttW': 1, 'ttH': 1, 'singleTop': 1, 'WJets': 1, 'tttt': 1}], 'CMS_btag_fullShape_cferr2': ['shape', {'fakeTau': 0, 'tt': 1, 'ttZ': 1, 'ttW': 1, 'ttH': 1, 'singleTop': 1, 'WJets': 1, 'tttt': 1}], 'CMS_btag_fullShape_hfstats1_2017': ['shape', {'fakeTau': 0, 'tt': 1, 'ttZ': 1, 'ttW': 1, 'ttH': 1, 'singleTop': 1, 'WJets': 1, 'tttt': 1}], 'CMS_btag_fullShape_hfstats2_2017': ['shape', {'fakeTau': 0, 'tt': 1, 'ttZ': 1, 'ttW': 1, 'ttH': 1, 'singleTop': 1, 'WJets': 1, 'tttt': 1}], 'CMS_btag_fullShape_lfstats1_2017': ['shape', {'fakeTau': 0, 'tt': 1, 'ttZ': 1, 'ttW': 1, 'ttH': 1, 'singleTop': 1, 'WJets': 1, 'tttt': 1}], 'CMS_btag_fullShape_lfstats2_2017': ['shape', {'fakeTau': 0, 'tt': 1, 'ttZ': 1, 'ttW': 1, 'ttH': 1, 'singleTop': 1, 'WJets': 1, 'tttt': 1}], 'CMS_fake_t_2017': ['shape', {'fakeTau': 1, 'tt': 0, 'ttZ': 0, 'ttW': 0, 'ttH': 0, 'singleTop': 0, 'WJets': 0, 'tttt': 0}], 'CMS_TOP24017_fake_t_MC': ['shape', {'fakeTau': 0, 'tt': 0, 'ttZ': 0, 'ttW': 0, 'ttH': 0, 'singleTop': 0, 'WJets': 0, 'tttt': 0}], 'pdf_alphas': ['shape', {'fakeTau': 0, 'tt': 1, 'ttZ': 1, 'ttW': 1, 'ttH': 1, 'singleTop': 0, 'WJets': 1, 'tttt': 1}], 'pdf_00': ['shape', {'fakeTau': 0, 'tt': 1, 'ttZ': 1, 'ttW': 1, 'ttH': 1, 'singleTop': 1, 'WJets': 1, 'tttt': 1}], 'QCDscale_ren': ['shape', {'fakeTau': 0, 'tt': 1, 'ttZ': 1, 'ttW': 1, 'ttH': 1, 'singleTop': 1, 'WJets': 1, 'tttt': 1}], 'QCDscale_fac': ['shape', {'fakeTau': 0, 'tt': 1, 'ttZ': 1, 'ttW': 1, 'ttH': 1, 'singleTop': 1, 'WJets': 1, 'tttt': 1}], 'ps_isr': ['shape', {'fakeTau': 0, 'tt': 1, 'ttZ': 1, 'ttW': 1, 'ttH': 1, 'singleTop': 1, 'WJets': 1, 'tttt': 1}], 'ps_fsr': ['shape', {'fakeTau': 0, 'tt': 1, 'ttZ': 1, 'ttW': 1, 'ttH': 1, 'singleTop': 1, 'WJets': 1, 'tttt': 1}], 'CMS_scale_j_AbsoluteMPFBias': ['shape', {'fakeTau': 0, 'tt': 1, 'ttZ': 1, 'ttW': 1, 'ttH': 1, 'singleTop': 1, 'WJets': 1, 'tttt': 1}], 'CMS_scale_j_AbsoluteScale': ['shape', {'fakeTau': 0, 'tt': 1, 'ttZ': 1, 'ttW': 1, 'ttH': 1, 'singleTop': 1, 'WJets': 1, 'tttt': 1}], 'CMS_scale_j_AbsoluteStat_2017': ['shape', {'fakeTau': 0, 'tt': 1, 'ttZ': 1, 'ttW': 1, 'ttH': 1, 'singleTop': 1, 'WJets': 1, 'tttt': 1}], 'CMS_scale_j_Fragmentation': ['shape', {'fakeTau': 0, 'tt': 1, 'ttZ': 1, 'ttW': 1, 'ttH': 1, 'singleTop': 1, 'WJets': 1, 'tttt': 1}], 'CMS_scale_j_PileUpDataMC': ['shape', {'fakeTau': 0, 'tt': 1, 'ttZ': 1, 'ttW': 1, 'ttH': 1, 'singleTop': 1, 'WJets': 1, 'tttt': 1}], 'CMS_scale_j_PileUpPtBB': ['shape', {'fakeTau': 0, 'tt': 1, 'ttZ': 1, 'ttW': 1, 'ttH': 1, 'singleTop': 1, 'WJets': 1, 'tttt': 1}], 'CMS_scale_j_PileUpPtEC1': ['shape', {'fakeTau': 0, 'tt': 1, 'ttZ': 1, 'ttW': 1, 'ttH': 1, 'singleTop': 1, 'WJets': 1, 'tttt': 1}], 'CMS_scale_j_PileUpPtEC2': ['shape', {'fakeTau': 0, 'tt': 1, 'ttZ': 1, 'ttW': 1, 'ttH': 1, 'singleTop': 1, 'WJets': 1, 'tttt': 1}], 'CMS_scale_j_PileUpPtHF': ['shape', {'fakeTau': 0, 'tt': 1, 'ttZ': 1, 'ttW': 1, 'ttH': 1, 'singleTop': 1, 'WJets': 1, 'tttt': 1}], 'CMS_scale_j_PileUpPtRef': ['shape', {'fakeTau': 0, 'tt': 1, 'ttZ': 1, 'ttW': 1, 'ttH': 1, 'singleTop': 1, 'WJets': 1, 'tttt': 1}], 'CMS_scale_j_RelativeFSR': ['shape', {'fakeTau': 0, 'tt': 1, 'ttZ': 1, 'ttW': 1, 'ttH': 1, 'singleTop': 1, 'WJets': 1, 'tttt': 1}], 'CMS_scale_j_RelativeJEREC1_2017': ['shape', {'fakeTau': 0, 'tt': 1, 'ttZ': 1, 'ttW': 1, 'ttH': 1, 'singleTop': 1, 'WJets': 1, 'tttt': 1}], 'CMS_scale_j_RelativeJEREC2_2017': ['shape', {'fakeTau': 0, 'tt': 1, 'ttZ': 1, 'ttW': 1, 'ttH': 1, 'singleTop': 1, 'WJets': 1, 'tttt': 1}], 'CMS_scale_j_RelativeJERHF': ['shape', {'fakeTau': 0, 'tt': 1, 'ttZ': 1, 'ttW': 1, 'ttH': 1, 'singleTop': 1, 'WJets': 1, 'tttt': 1}], 'CMS_scale_j_RelativePtBB': ['shape', {'fakeTau': 0, 'tt': 1, 'ttZ': 1, 'ttW': 1, 'ttH': 1, 'singleTop': 1, 'WJets': 1, 'tttt': 1}], 'CMS_scale_j_RelativePtEC1_2017': ['shape', {'fakeTau': 0, 'tt': 1, 'ttZ': 1, 'ttW': 1, 'ttH': 1, 'singleTop': 1, 'WJets': 1, 'tttt': 1}], 'CMS_scale_j_RelativePtEC2_2017': ['shape', {'fakeTau': 0, 'tt': 1, 'ttZ': 1, 'ttW': 1, 'ttH': 1, 'singleTop': 1, 'WJets': 1, 'tttt': 1}], 'CMS_scale_j_RelativePtHF': ['shape', {'fakeTau': 0, 'tt': 1, 'ttZ': 1, 'ttW': 1, 'ttH': 1, 'singleTop': 1, 'WJets': 1, 'tttt': 1}], 'CMS_scale_j_RelativeBal': ['shape', {'fakeTau': 0, 'tt': 1, 'ttZ': 1, 'ttW': 1, 'ttH': 1, 'singleTop': 1, 'WJets': 1, 'tttt': 1}], 'CMS_scale_j_RelativeSample_2017': ['shape', {'fakeTau': 0, 'tt': 1, 'ttZ': 1, 'ttW': 1, 'ttH': 1, 'singleTop': 1, 'WJets': 1, 'tttt': 1}], 'CMS_scale_j_RelativeStatEC_2017': ['shape', {'fakeTau': 0, 'tt': 1, 'ttZ': 1, 'ttW': 1, 'ttH': 1, 'singleTop': 1, 'WJets': 1, 'tttt': 1}], 'CMS_scale_j_RelativeStatFSR_2017': ['shape', {'fakeTau': 0, 'tt': 1, 'ttZ': 1, 'ttW': 1, 'ttH': 1, 'singleTop': 1, 'WJets': 1, 'tttt': 1}], 'CMS_scale_j_RelativeStatHF_2017': ['shape', {'fakeTau': 0, 'tt': 1, 'ttZ': 1, 'ttW': 1, 'ttH': 1, 'singleTop': 1, 'WJets': 1, 'tttt': 1}], 'CMS_scale_j_SinglePionECAL': ['shape', {'fakeTau': 0, 'tt': 1, 'ttZ': 1, 'ttW': 1, 'ttH': 1, 'singleTop': 1, 'WJets': 1, 'tttt': 1}], 'CMS_scale_j_SinglePionHCAL': ['shape', {'fakeTau': 0, 'tt': 1, 'ttZ': 1, 'ttW': 1, 'ttH': 1, 'singleTop': 1, 'WJets': 1, 'tttt': 1}], 'CMS_scale_j_TimePtEta_2017': ['shape', {'fakeTau': 0, 'tt': 1, 'ttZ': 1, 'ttW': 1, 'ttH': 1, 'singleTop': 1, 'WJets': 1, 'tttt': 1}], 'CMS_scale_j_FlavorPureGluon': ['shape', {'fakeTau': 0, 'tt': 1, 'ttZ': 1, 'ttW': 1, 'ttH': 1, 'singleTop': 1, 'WJets': 1, 'tttt': 1}], 'CMS_scale_j_FlavorPureQuark': ['shape', {'fakeTau': 0, 'tt': 1, 'ttZ': 1, 'ttW': 1, 'ttH': 1, 'singleTop': 1, 'WJets': 1, 'tttt': 1}], 'CMS_scale_j_FlavorPureCharm': ['shape', {'fakeTau': 0, 'tt': 1, 'ttZ': 1, 'ttW': 1, 'ttH': 1, 'singleTop': 1, 'WJets': 1, 'tttt': 1}], 'CMS_scale_j_FlavorPureBottom': ['shape', {'fakeTau': 0, 'tt': 1, 'ttZ': 1, 'ttW': 1, 'ttH': 1, 'singleTop': 1, 'WJets': 1, 'tttt': 1}], 'CMS_res_j_2017': ['shape', {'fakeTau': 0, 'tt': 1, 'ttZ': 1, 'ttW': 1, 'ttH': 1, 'singleTop': 1, 'WJets': 1, 'tttt': 1}], 'CMS_scale_t_DeepTau2017v2p1_DM0_genTau_2017': ['shape', {'fakeTau': 0, 'tt': 1, 'ttZ': 1, 'ttW': 1, 'ttH': 1, 'singleTop': 1, 'WJets': 1, 'tttt': 1}], 'CMS_scale_t_DeepTau2017v2p1_DM1_genTau_2017': ['shape', {'fakeTau': 0, 'tt': 1, 'ttZ': 1, 'ttW': 1, 'ttH': 1, 'singleTop': 1, 'WJets': 1, 'tttt': 1}], 'CMS_scale_t_DeepTau2017v2p1_DM10_genTau_2017': ['shape', {'fakeTau': 0, 'tt': 1, 'ttZ': 1, 'ttW': 1, 'ttH': 1, 'singleTop': 1, 'WJets': 1, 'tttt': 1}], 'CMS_scale_t_DeepTau2017v2p1_DM11_genTau_2017': ['shape', {'fakeTau': 0, 'tt': 1, 'ttZ': 1, 'ttW': 1, 'ttH': 1, 'singleTop': 1, 'WJets': 1, 'tttt': 1}], 'CMS_scale_met_unclustered_energy_2017': ['shape', {'fakeTau': 0, 'tt': 1, 'ttZ': 1, 'ttW': 1, 'ttH': 1, 'singleTop': 1, 'WJets': 1, 'tttt': 1}], 'CMS_scale_e_2017': ['shape', {'fakeTau': 0, 'tt': 0, 'ttZ': 0, 'ttW': 0, 'ttH': 0, 'singleTop': 0, 'WJets': 0, 'tttt': 0}]}
CMS_pileup ['shape', {'fakeTau': 0, 'tt': 1, 'ttZ': 1, 'ttW': 1, 'ttH': 1, 'singleTop': 1, 'WJets': 1, 'tttt': 1}]
CMS_l1_ecal_prefiring_2017 ['shape', {'fakeTau': 0, 'tt': 1, 'ttZ': 1, 'ttW': 1, 'ttH': 1, 'singleTop': 1, 'WJets': 1, 'tttt': 1}]
CMS_TOP24017_eff_trigger_stats_2017 ['shape', {'fakeTau': 0, 'tt': 1, 'ttZ': 1, 'ttW': 1, 'ttH': 1, 'singleTop': 1, 'WJets': 1, 'tttt': 1}]
CMS_TOP24017_ttttSS_eff_trigger_2017 ['shape', {'fakeTau': 0, 'tt': 0, 'ttZ': 0, 'ttW': 0, 'ttH': 0, 'singleTop': 0, 'WJets': 0, 'tttt': 0}]
CMS_fake_t_DeepTau2017v2p1_VSmu_2017 ['shape', {'fakeTau': 0, 'tt': 1, 'ttZ': 1, 'ttW': 1, 'ttH': 1, 'singleTop': 1, 'WJets': 1, 'tttt': 1}]
CMS_fake_t_DeepTau2017v2p1_VSe_2017 ['shape', {'fakeTau': 0, 'tt': 1, 'ttZ': 1, 'ttW': 1, 'ttH': 1, 'singleTop': 1, 'WJets': 1, 'tttt': 1}]
CMS_eff_t_vsJet_stat1_dm0_2017 ['shape', {'fakeTau': 0, 'tt': 1, 'ttZ': 1, 'ttW': 1, 'ttH': 1, 'singleTop': 1, 'WJets': 1, 'tttt': 1}]
CMS_eff_t_vsJet_stat1_dm1_2017 ['shape', {'fakeTau': 0, 'tt': 1, 'ttZ': 1, 'ttW': 1, 'ttH': 1, 'singleTop': 1, 'WJets': 1, 'tttt': 1}]
CMS_eff_t_vsJet_stat1_dm10_2017 ['shape', {'fakeTau': 0, 'tt': 1, 'ttZ': 1, 'ttW': 1, 'ttH': 1, 'singleTop': 1, 'WJets': 1, 'tttt': 1}]
CMS_eff_t_vsJet_stat1_dm11_2017 ['shape', {'fakeTau': 0, 'tt': 1, 'ttZ': 1, 'ttW': 1, 'ttH': 1, 'singleTop': 1, 'WJets': 1, 'tttt': 1}]
CMS_eff_t_vsJet_stat2_dm0_2017 ['shape', {'fakeTau': 0, 'tt': 1, 'ttZ': 1, 'ttW': 1, 'ttH': 1, 'singleTop': 1, 'WJets': 1, 'tttt': 1}]
CMS_eff_t_vsJet_stat2_dm1_2017 ['shape', {'fakeTau': 0, 'tt': 1, 'ttZ': 1, 'ttW': 1, 'ttH': 1, 'singleTop': 1, 'WJets': 1, 'tttt': 1}]
CMS_eff_t_vsJet_stat2_dm10_2017 ['shape', {'fakeTau': 0, 'tt': 1, 'ttZ': 1, 'ttW': 1, 'ttH': 1, 'singleTop': 1, 'WJets': 1, 'tttt': 1}]
CMS_eff_t_vsJet_stat2_dm11_2017 ['shape', {'fakeTau': 0, 'tt': 1, 'ttZ': 1, 'ttW': 1, 'ttH': 1, 'singleTop': 1, 'WJets': 1, 'tttt': 1}]
CMS_eff_t_vsJet_syst_alleras ['shape', {'fakeTau': 0, 'tt': 1, 'ttZ': 1, 'ttW': 1, 'ttH': 1, 'singleTop': 1, 'WJets': 1, 'tttt': 1}]
CMS_eff_t_vsJet_syst_2017 ['shape', {'fakeTau': 0, 'tt': 1, 'ttZ': 1, 'ttW': 1, 'ttH': 1, 'singleTop': 1, 'WJets': 1, 'tttt': 1}]
CMS_eff_t_vsJet_syst_dm0_2017 ['shape', {'fakeTau': 0, 'tt': 1, 'ttZ': 1, 'ttW': 1, 'ttH': 1, 'singleTop': 1, 'WJets': 1, 'tttt': 1}]
CMS_eff_t_vsJet_syst_dm1_2017 ['shape', {'fakeTau': 0, 'tt': 1, 'ttZ': 1, 'ttW': 1, 'ttH': 1, 'singleTop': 1, 'WJets': 1, 'tttt': 1}]
CMS_eff_t_vsJet_syst_dm10_2017 ['shape', {'fakeTau': 0, 'tt': 1, 'ttZ': 1, 'ttW': 1, 'ttH': 1, 'singleTop': 1, 'WJets': 1, 'tttt': 1}]
CMS_eff_t_vsJet_syst_dm11_2017 ['shape', {'fakeTau': 0, 'tt': 1, 'ttZ': 1, 'ttW': 1, 'ttH': 1, 'singleTop': 1, 'WJets': 1, 'tttt': 1}]
CMS_TOP24017_ttttSS_eff_e_syst ['shape', {'fakeTau': 0, 'tt': 0, 'ttZ': 0, 'ttW': 0, 'ttH': 0, 'singleTop': 0, 'WJets': 0, 'tttt': 0}]
CMS_TOP24017_ttttSS_eff_m_syst ['shape', {'fakeTau': 0, 'tt': 0, 'ttZ': 0, 'ttW': 0, 'ttH': 0, 'singleTop': 0, 'WJets': 0, 'tttt': 0}]
CMS_TOP24017_ttttSS_eff_e_stat_2017 ['shape', {'fakeTau': 0, 'tt': 0, 'ttZ': 0, 'ttW': 0, 'ttH': 0, 'singleTop': 0, 'WJets': 0, 'tttt': 0}]
CMS_TOP24017_ttttSS_eff_m_stat_2017 ['shape', {'fakeTau': 0, 'tt': 0, 'ttZ': 0, 'ttW': 0, 'ttH': 0, 'singleTop': 0, 'WJets': 0, 'tttt': 0}]
CMS_eff_e_reco_2017 ['shape', {'fakeTau': 0, 'tt': 0, 'ttZ': 0, 'ttW': 0, 'ttH': 0, 'singleTop': 0, 'WJets': 0, 'tttt': 0}]
CMS_btag_fixedWP_comb_bc_correlated ['shape', {'fakeTau': 0, 'tt': 0, 'ttZ': 0, 'ttW': 0, 'ttH': 0, 'singleTop': 0, 'WJets': 0, 'tttt': 0}]
CMS_btag_fixedWP_comb_bc_uncorrelated_2017 ['shape', {'fakeTau': 0, 'tt': 0, 'ttZ': 0, 'ttW': 0, 'ttH': 0, 'singleTop': 0, 'WJets': 0, 'tttt': 0}]
CMS_btag_fixedWP_incl_light_correlated ['shape', {'fakeTau': 0, 'tt': 0, 'ttZ': 0, 'ttW': 0, 'ttH': 0, 'singleTop': 0, 'WJets': 0, 'tttt': 0}]
CMS_btag_fixedWP_incl_light_uncorrelated_2017 ['shape', {'fakeTau': 0, 'tt': 0, 'ttZ': 0, 'ttW': 0, 'ttH': 0, 'singleTop': 0, 'WJets': 0, 'tttt': 0}]
CMS_btag_fullShape_hf ['shape', {'fakeTau': 0, 'tt': 1, 'ttZ': 1, 'ttW': 1, 'ttH': 1, 'singleTop': 1, 'WJets': 1, 'tttt': 1}]
CMS_btag_fullShape_lf ['shape', {'fakeTau': 0, 'tt': 1, 'ttZ': 1, 'ttW': 1, 'ttH': 1, 'singleTop': 1, 'WJets': 1, 'tttt': 1}]
CMS_btag_fullShape_cferr1 ['shape', {'fakeTau': 0, 'tt': 1, 'ttZ': 1, 'ttW': 1, 'ttH': 1, 'singleTop': 1, 'WJets': 1, 'tttt': 1}]
CMS_btag_fullShape_cferr2 ['shape', {'fakeTau': 0, 'tt': 1, 'ttZ': 1, 'ttW': 1, 'ttH': 1, 'singleTop': 1, 'WJets': 1, 'tttt': 1}]
CMS_btag_fullShape_hfstats1_2017 ['shape', {'fakeTau': 0, 'tt': 1, 'ttZ': 1, 'ttW': 1, 'ttH': 1, 'singleTop': 1, 'WJets': 1, 'tttt': 1}]
CMS_btag_fullShape_hfstats2_2017 ['shape', {'fakeTau': 0, 'tt': 1, 'ttZ': 1, 'ttW': 1, 'ttH': 1, 'singleTop': 1, 'WJets': 1, 'tttt': 1}]
CMS_btag_fullShape_lfstats1_2017 ['shape', {'fakeTau': 0, 'tt': 1, 'ttZ': 1, 'ttW': 1, 'ttH': 1, 'singleTop': 1, 'WJets': 1, 'tttt': 1}]
CMS_btag_fullShape_lfstats2_2017 ['shape', {'fakeTau': 0, 'tt': 1, 'ttZ': 1, 'ttW': 1, 'ttH': 1, 'singleTop': 1, 'WJets': 1, 'tttt': 1}]
CMS_fake_t_2017 ['shape', {'fakeTau': 1, 'tt': 0, 'ttZ': 0, 'ttW': 0, 'ttH': 0, 'singleTop': 0, 'WJets': 0, 'tttt': 0}]
CMS_TOP24017_fake_t_MC ['shape', {'fakeTau': 0, 'tt': 0, 'ttZ': 0, 'ttW': 0, 'ttH': 0, 'singleTop': 0, 'WJets': 0, 'tttt': 0}]
pdf_alphas ['shape', {'fakeTau': 0, 'tt': 1, 'ttZ': 1, 'ttW': 1, 'ttH': 1, 'singleTop': 0, 'WJets': 1, 'tttt': 1}]
pdf_00 ['shape', {'fakeTau': 0, 'tt': 1, 'ttZ': 1, 'ttW': 1, 'ttH': 1, 'singleTop': 1, 'WJets': 1, 'tttt': 1}]
QCDscale_ren ['shape', {'fakeTau': 0, 'tt': 1, 'ttZ': 1, 'ttW': 1, 'ttH': 1, 'singleTop': 1, 'WJets': 1, 'tttt': 1}]
QCDscale_fac ['shape', {'fakeTau': 0, 'tt': 1, 'ttZ': 1, 'ttW': 1, 'ttH': 1, 'singleTop': 1, 'WJets': 1, 'tttt': 1}]
ps_isr ['shape', {'fakeTau': 0, 'tt': 1, 'ttZ': 1, 'ttW': 1, 'ttH': 1, 'singleTop': 1, 'WJets': 1, 'tttt': 1}]
ps_fsr ['shape', {'fakeTau': 0, 'tt': 1, 'ttZ': 1, 'ttW': 1, 'ttH': 1, 'singleTop': 1, 'WJets': 1, 'tttt': 1}]
CMS_scale_j_AbsoluteMPFBias ['shape', {'fakeTau': 0, 'tt': 1, 'ttZ': 1, 'ttW': 1, 'ttH': 1, 'singleTop': 1, 'WJets': 1, 'tttt': 1}]
CMS_scale_j_AbsoluteScale ['shape', {'fakeTau': 0, 'tt': 1, 'ttZ': 1, 'ttW': 1, 'ttH': 1, 'singleTop': 1, 'WJets': 1, 'tttt': 1}]
CMS_scale_j_AbsoluteStat_2017 ['shape', {'fakeTau': 0, 'tt': 1, 'ttZ': 1, 'ttW': 1, 'ttH': 1, 'singleTop': 1, 'WJets': 1, 'tttt': 1}]
CMS_scale_j_Fragmentation ['shape', {'fakeTau': 0, 'tt': 1, 'ttZ': 1, 'ttW': 1, 'ttH': 1, 'singleTop': 1, 'WJets': 1, 'tttt': 1}]
CMS_scale_j_PileUpDataMC ['shape', {'fakeTau': 0, 'tt': 1, 'ttZ': 1, 'ttW': 1, 'ttH': 1, 'singleTop': 1, 'WJets': 1, 'tttt': 1}]
CMS_scale_j_PileUpPtBB ['shape', {'fakeTau': 0, 'tt': 1, 'ttZ': 1, 'ttW': 1, 'ttH': 1, 'singleTop': 1, 'WJets': 1, 'tttt': 1}]
CMS_scale_j_PileUpPtEC1 ['shape', {'fakeTau': 0, 'tt': 1, 'ttZ': 1, 'ttW': 1, 'ttH': 1, 'singleTop': 1, 'WJets': 1, 'tttt': 1}]
CMS_scale_j_PileUpPtEC2 ['shape', {'fakeTau': 0, 'tt': 1, 'ttZ': 1, 'ttW': 1, 'ttH': 1, 'singleTop': 1, 'WJets': 1, 'tttt': 1}]
CMS_scale_j_PileUpPtHF ['shape', {'fakeTau': 0, 'tt': 1, 'ttZ': 1, 'ttW': 1, 'ttH': 1, 'singleTop': 1, 'WJets': 1, 'tttt': 1}]
CMS_scale_j_PileUpPtRef ['shape', {'fakeTau': 0, 'tt': 1, 'ttZ': 1, 'ttW': 1, 'ttH': 1, 'singleTop': 1, 'WJets': 1, 'tttt': 1}]
CMS_scale_j_RelativeFSR ['shape', {'fakeTau': 0, 'tt': 1, 'ttZ': 1, 'ttW': 1, 'ttH': 1, 'singleTop': 1, 'WJets': 1, 'tttt': 1}]
CMS_scale_j_RelativeJEREC1_2017 ['shape', {'fakeTau': 0, 'tt': 1, 'ttZ': 1, 'ttW': 1, 'ttH': 1, 'singleTop': 1, 'WJets': 1, 'tttt': 1}]
CMS_scale_j_RelativeJEREC2_2017 ['shape', {'fakeTau': 0, 'tt': 1, 'ttZ': 1, 'ttW': 1, 'ttH': 1, 'singleTop': 1, 'WJets': 1, 'tttt': 1}]
CMS_scale_j_RelativeJERHF ['shape', {'fakeTau': 0, 'tt': 1, 'ttZ': 1, 'ttW': 1, 'ttH': 1, 'singleTop': 1, 'WJets': 1, 'tttt': 1}]
CMS_scale_j_RelativePtBB ['shape', {'fakeTau': 0, 'tt': 1, 'ttZ': 1, 'ttW': 1, 'ttH': 1, 'singleTop': 1, 'WJets': 1, 'tttt': 1}]
CMS_scale_j_RelativePtEC1_2017 ['shape', {'fakeTau': 0, 'tt': 1, 'ttZ': 1, 'ttW': 1, 'ttH': 1, 'singleTop': 1, 'WJets': 1, 'tttt': 1}]
CMS_scale_j_RelativePtEC2_2017 ['shape', {'fakeTau': 0, 'tt': 1, 'ttZ': 1, 'ttW': 1, 'ttH': 1, 'singleTop': 1, 'WJets': 1, 'tttt': 1}]
CMS_scale_j_RelativePtHF ['shape', {'fakeTau': 0, 'tt': 1, 'ttZ': 1, 'ttW': 1, 'ttH': 1, 'singleTop': 1, 'WJets': 1, 'tttt': 1}]
CMS_scale_j_RelativeBal ['shape', {'fakeTau': 0, 'tt': 1, 'ttZ': 1, 'ttW': 1, 'ttH': 1, 'singleTop': 1, 'WJets': 1, 'tttt': 1}]
CMS_scale_j_RelativeSample_2017 ['shape', {'fakeTau': 0, 'tt': 1, 'ttZ': 1, 'ttW': 1, 'ttH': 1, 'singleTop': 1, 'WJets': 1, 'tttt': 1}]
CMS_scale_j_RelativeStatEC_2017 ['shape', {'fakeTau': 0, 'tt': 1, 'ttZ': 1, 'ttW': 1, 'ttH': 1, 'singleTop': 1, 'WJets': 1, 'tttt': 1}]
CMS_scale_j_RelativeStatFSR_2017 ['shape', {'fakeTau': 0, 'tt': 1, 'ttZ': 1, 'ttW': 1, 'ttH': 1, 'singleTop': 1, 'WJets': 1, 'tttt': 1}]
CMS_scale_j_RelativeStatHF_2017 ['shape', {'fakeTau': 0, 'tt': 1, 'ttZ': 1, 'ttW': 1, 'ttH': 1, 'singleTop': 1, 'WJets': 1, 'tttt': 1}]
CMS_scale_j_SinglePionECAL ['shape', {'fakeTau': 0, 'tt': 1, 'ttZ': 1, 'ttW': 1, 'ttH': 1, 'singleTop': 1, 'WJets': 1, 'tttt': 1}]
CMS_scale_j_SinglePionHCAL ['shape', {'fakeTau': 0, 'tt': 1, 'ttZ': 1, 'ttW': 1, 'ttH': 1, 'singleTop': 1, 'WJets': 1, 'tttt': 1}]
CMS_scale_j_TimePtEta_2017 ['shape', {'fakeTau': 0, 'tt': 1, 'ttZ': 1, 'ttW': 1, 'ttH': 1, 'singleTop': 1, 'WJets': 1, 'tttt': 1}]
CMS_scale_j_FlavorPureGluon ['shape', {'fakeTau': 0, 'tt': 1, 'ttZ': 1, 'ttW': 1, 'ttH': 1, 'singleTop': 1, 'WJets': 1, 'tttt': 1}]
CMS_scale_j_FlavorPureQuark ['shape', {'fakeTau': 0, 'tt': 1, 'ttZ': 1, 'ttW': 1, 'ttH': 1, 'singleTop': 1, 'WJets': 1, 'tttt': 1}]
CMS_scale_j_FlavorPureCharm ['shape', {'fakeTau': 0, 'tt': 1, 'ttZ': 1, 'ttW': 1, 'ttH': 1, 'singleTop': 1, 'WJets': 1, 'tttt': 1}]
CMS_scale_j_FlavorPureBottom ['shape', {'fakeTau': 0, 'tt': 1, 'ttZ': 1, 'ttW': 1, 'ttH': 1, 'singleTop': 1, 'WJets': 1, 'tttt': 1}]
CMS_res_j_2017 ['shape', {'fakeTau': 0, 'tt': 1, 'ttZ': 1, 'ttW': 1, 'ttH': 1, 'singleTop': 1, 'WJets': 1, 'tttt': 1}]
CMS_scale_t_DeepTau2017v2p1_DM0_genTau_2017 ['shape', {'fakeTau': 0, 'tt': 1, 'ttZ': 1, 'ttW': 1, 'ttH': 1, 'singleTop': 1, 'WJets': 1, 'tttt': 1}]
CMS_scale_t_DeepTau2017v2p1_DM1_genTau_2017 ['shape', {'fakeTau': 0, 'tt': 1, 'ttZ': 1, 'ttW': 1, 'ttH': 1, 'singleTop': 1, 'WJets': 1, 'tttt': 1}]
CMS_scale_t_DeepTau2017v2p1_DM10_genTau_2017 ['shape', {'fakeTau': 0, 'tt': 1, 'ttZ': 1, 'ttW': 1, 'ttH': 1, 'singleTop': 1, 'WJets': 1, 'tttt': 1}]
CMS_scale_t_DeepTau2017v2p1_DM11_genTau_2017 ['shape', {'fakeTau': 0, 'tt': 1, 'ttZ': 1, 'ttW': 1, 'ttH': 1, 'singleTop': 1, 'WJets': 1, 'tttt': 1}]
CMS_scale_met_unclustered_energy_2017 ['shape', {'fakeTau': 0, 'tt': 1, 'ttZ': 1, 'ttW': 1, 'ttH': 1, 'singleTop': 1, 'WJets': 1, 'tttt': 1}]
CMS_scale_e_2017 ['shape', {'fakeTau': 0, 'tt': 0, 'ttZ': 0, 'ttW': 0, 'ttH': 0, 'singleTop': 0, 'WJets': 0, 'tttt': 0}]
CMS_pileup ['shape', {'fakeTau': 0, 'tt': 1, 'ttZ': 1, 'ttW': 1, 'ttH': 1, 'singleTop': 1, 'WJets': 1, 'tttt': 1}]
CMS_l1_ecal_prefiring_2017 ['shape', {'fakeTau': 0, 'tt': 1, 'ttZ': 1, 'ttW': 1, 'ttH': 1, 'singleTop': 1, 'WJets': 1, 'tttt': 1}]
CMS_TOP24017_eff_trigger_stats_2017 ['shape', {'fakeTau': 0, 'tt': 1, 'ttZ': 1, 'ttW': 1, 'ttH': 1, 'singleTop': 1, 'WJets': 1, 'tttt': 1}]
CMS_TOP24017_ttttSS_eff_trigger_2017 ['shape', {'fakeTau': 0, 'tt': 0, 'ttZ': 0, 'ttW': 0, 'ttH': 0, 'singleTop': 0, 'WJets': 0, 'tttt': 0}]
CMS_fake_t_DeepTau2017v2p1_VSmu_2017 ['shape', {'fakeTau': 0, 'tt': 1, 'ttZ': 1, 'ttW': 1, 'ttH': 1, 'singleTop': 1, 'WJets': 1, 'tttt': 1}]
CMS_fake_t_DeepTau2017v2p1_VSe_2017 ['shape', {'fakeTau': 0, 'tt': 1, 'ttZ': 1, 'ttW': 1, 'ttH': 1, 'singleTop': 1, 'WJets': 1, 'tttt': 1}]
CMS_eff_t_vsJet_stat1_dm0_2017 ['shape', {'fakeTau': 0, 'tt': 1, 'ttZ': 1, 'ttW': 1, 'ttH': 1, 'singleTop': 1, 'WJets': 1, 'tttt': 1}]
CMS_eff_t_vsJet_stat1_dm1_2017 ['shape', {'fakeTau': 0, 'tt': 1, 'ttZ': 1, 'ttW': 1, 'ttH': 1, 'singleTop': 1, 'WJets': 1, 'tttt': 1}]
CMS_eff_t_vsJet_stat1_dm10_2017 ['shape', {'fakeTau': 0, 'tt': 1, 'ttZ': 1, 'ttW': 1, 'ttH': 1, 'singleTop': 1, 'WJets': 1, 'tttt': 1}]
CMS_eff_t_vsJet_stat1_dm11_2017 ['shape', {'fakeTau': 0, 'tt': 1, 'ttZ': 1, 'ttW': 1, 'ttH': 1, 'singleTop': 1, 'WJets': 1, 'tttt': 1}]
CMS_eff_t_vsJet_stat2_dm0_2017 ['shape', {'fakeTau': 0, 'tt': 1, 'ttZ': 1, 'ttW': 1, 'ttH': 1, 'singleTop': 1, 'WJets': 1, 'tttt': 1}]
CMS_eff_t_vsJet_stat2_dm1_2017 ['shape', {'fakeTau': 0, 'tt': 1, 'ttZ': 1, 'ttW': 1, 'ttH': 1, 'singleTop': 1, 'WJets': 1, 'tttt': 1}]
CMS_eff_t_vsJet_stat2_dm10_2017 ['shape', {'fakeTau': 0, 'tt': 1, 'ttZ': 1, 'ttW': 1, 'ttH': 1, 'singleTop': 1, 'WJets': 1, 'tttt': 1}]
CMS_eff_t_vsJet_stat2_dm11_2017 ['shape', {'fakeTau': 0, 'tt': 1, 'ttZ': 1, 'ttW': 1, 'ttH': 1, 'singleTop': 1, 'WJets': 1, 'tttt': 1}]
CMS_eff_t_vsJet_syst_alleras ['shape', {'fakeTau': 0, 'tt': 1, 'ttZ': 1, 'ttW': 1, 'ttH': 1, 'singleTop': 1, 'WJets': 1, 'tttt': 1}]
CMS_eff_t_vsJet_syst_2017 ['shape', {'fakeTau': 0, 'tt': 1, 'ttZ': 1, 'ttW': 1, 'ttH': 1, 'singleTop': 1, 'WJets': 1, 'tttt': 1}]
CMS_eff_t_vsJet_syst_dm0_2017 ['shape', {'fakeTau': 0, 'tt': 1, 'ttZ': 1, 'ttW': 1, 'ttH': 1, 'singleTop': 1, 'WJets': 1, 'tttt': 1}]
CMS_eff_t_vsJet_syst_dm1_2017 ['shape', {'fakeTau': 0, 'tt': 1, 'ttZ': 1, 'ttW': 1, 'ttH': 1, 'singleTop': 1, 'WJets': 1, 'tttt': 1}]
CMS_eff_t_vsJet_syst_dm10_2017 ['shape', {'fakeTau': 0, 'tt': 1, 'ttZ': 1, 'ttW': 1, 'ttH': 1, 'singleTop': 1, 'WJets': 1, 'tttt': 1}]
CMS_eff_t_vsJet_syst_dm11_2017 ['shape', {'fakeTau': 0, 'tt': 1, 'ttZ': 1, 'ttW': 1, 'ttH': 1, 'singleTop': 1, 'WJets': 1, 'tttt': 1}]
CMS_TOP24017_ttttSS_eff_e_syst ['shape', {'fakeTau': 0, 'tt': 0, 'ttZ': 0, 'ttW': 0, 'ttH': 0, 'singleTop': 0, 'WJets': 0, 'tttt': 0}]
CMS_TOP24017_ttttSS_eff_m_syst ['shape', {'fakeTau': 0, 'tt': 0, 'ttZ': 0, 'ttW': 0, 'ttH': 0, 'singleTop': 0, 'WJets': 0, 'tttt': 0}]
CMS_TOP24017_ttttSS_eff_e_stat_2017 ['shape', {'fakeTau': 0, 'tt': 0, 'ttZ': 0, 'ttW': 0, 'ttH': 0, 'singleTop': 0, 'WJets': 0, 'tttt': 0}]
CMS_TOP24017_ttttSS_eff_m_stat_2017 ['shape', {'fakeTau': 0, 'tt': 0, 'ttZ': 0, 'ttW': 0, 'ttH': 0, 'singleTop': 0, 'WJets': 0, 'tttt': 0}]
CMS_eff_e_reco_2017 ['shape', {'fakeTau': 0, 'tt': 0, 'ttZ': 0, 'ttW': 0, 'ttH': 0, 'singleTop': 0, 'WJets': 0, 'tttt': 0}]
CMS_btag_fixedWP_comb_bc_correlated ['shape', {'fakeTau': 0, 'tt': 0, 'ttZ': 0, 'ttW': 0, 'ttH': 0, 'singleTop': 0, 'WJets': 0, 'tttt': 0}]
CMS_btag_fixedWP_comb_bc_uncorrelated_2017 ['shape', {'fakeTau': 0, 'tt': 0, 'ttZ': 0, 'ttW': 0, 'ttH': 0, 'singleTop': 0, 'WJets': 0, 'tttt': 0}]
CMS_btag_fixedWP_incl_light_correlated ['shape', {'fakeTau': 0, 'tt': 0, 'ttZ': 0, 'ttW': 0, 'ttH': 0, 'singleTop': 0, 'WJets': 0, 'tttt': 0}]
CMS_btag_fixedWP_incl_light_uncorrelated_2017 ['shape', {'fakeTau': 0, 'tt': 0, 'ttZ': 0, 'ttW': 0, 'ttH': 0, 'singleTop': 0, 'WJets': 0, 'tttt': 0}]
CMS_btag_fullShape_hf ['shape', {'fakeTau': 0, 'tt': 1, 'ttZ': 1, 'ttW': 1, 'ttH': 1, 'singleTop': 1, 'WJets': 1, 'tttt': 1}]
CMS_btag_fullShape_lf ['shape', {'fakeTau': 0, 'tt': 1, 'ttZ': 1, 'ttW': 1, 'ttH': 1, 'singleTop': 1, 'WJets': 1, 'tttt': 1}]
CMS_btag_fullShape_cferr1 ['shape', {'fakeTau': 0, 'tt': 1, 'ttZ': 1, 'ttW': 1, 'ttH': 1, 'singleTop': 1, 'WJets': 1, 'tttt': 1}]
CMS_btag_fullShape_cferr2 ['shape', {'fakeTau': 0, 'tt': 1, 'ttZ': 1, 'ttW': 1, 'ttH': 1, 'singleTop': 1, 'WJets': 1, 'tttt': 1}]
CMS_btag_fullShape_hfstats1_2017 ['shape', {'fakeTau': 0, 'tt': 1, 'ttZ': 1, 'ttW': 1, 'ttH': 1, 'singleTop': 1, 'WJets': 1, 'tttt': 1}]
CMS_btag_fullShape_hfstats2_2017 ['shape', {'fakeTau': 0, 'tt': 1, 'ttZ': 1, 'ttW': 1, 'ttH': 1, 'singleTop': 1, 'WJets': 1, 'tttt': 1}]
CMS_btag_fullShape_lfstats1_2017 ['shape', {'fakeTau': 0, 'tt': 1, 'ttZ': 1, 'ttW': 1, 'ttH': 1, 'singleTop': 1, 'WJets': 1, 'tttt': 1}]
CMS_btag_fullShape_lfstats2_2017 ['shape', {'fakeTau': 0, 'tt': 1, 'ttZ': 1, 'ttW': 1, 'ttH': 1, 'singleTop': 1, 'WJets': 1, 'tttt': 1}]
CMS_fake_t_2017 ['shape', {'fakeTau': 1, 'tt': 0, 'ttZ': 0, 'ttW': 0, 'ttH': 0, 'singleTop': 0, 'WJets': 0, 'tttt': 0}]
CMS_TOP24017_fake_t_MC ['shape', {'fakeTau': 0, 'tt': 0, 'ttZ': 0, 'ttW': 0, 'ttH': 0, 'singleTop': 0, 'WJets': 0, 'tttt': 0}]
pdf_alphas ['shape', {'fakeTau': 0, 'tt': 1, 'ttZ': 1, 'ttW': 1, 'ttH': 1, 'singleTop': 0, 'WJets': 1, 'tttt': 1}]
pdf_00 ['shape', {'fakeTau': 0, 'tt': 1, 'ttZ': 1, 'ttW': 1, 'ttH': 1, 'singleTop': 1, 'WJets': 1, 'tttt': 1}]
QCDscale_ren ['shape', {'fakeTau': 0, 'tt': 1, 'ttZ': 1, 'ttW': 1, 'ttH': 1, 'singleTop': 1, 'WJets': 1, 'tttt': 1}]
QCDscale_fac ['shape', {'fakeTau': 0, 'tt': 1, 'ttZ': 1, 'ttW': 1, 'ttH': 1, 'singleTop': 1, 'WJets': 1, 'tttt': 1}]
ps_isr ['shape', {'fakeTau': 0, 'tt': 1, 'ttZ': 1, 'ttW': 1, 'ttH': 1, 'singleTop': 1, 'WJets': 1, 'tttt': 1}]
ps_fsr ['shape', {'fakeTau': 0, 'tt': 1, 'ttZ': 1, 'ttW': 1, 'ttH': 1, 'singleTop': 1, 'WJets': 1, 'tttt': 1}]
CMS_scale_j_AbsoluteMPFBias ['shape', {'fakeTau': 0, 'tt': 1, 'ttZ': 1, 'ttW': 1, 'ttH': 1, 'singleTop': 1, 'WJets': 1, 'tttt': 1}]
CMS_scale_j_AbsoluteScale ['shape', {'fakeTau': 0, 'tt': 1, 'ttZ': 1, 'ttW': 1, 'ttH': 1, 'singleTop': 1, 'WJets': 1, 'tttt': 1}]
CMS_scale_j_AbsoluteStat_2017 ['shape', {'fakeTau': 0, 'tt': 1, 'ttZ': 1, 'ttW': 1, 'ttH': 1, 'singleTop': 1, 'WJets': 1, 'tttt': 1}]
CMS_scale_j_Fragmentation ['shape', {'fakeTau': 0, 'tt': 1, 'ttZ': 1, 'ttW': 1, 'ttH': 1, 'singleTop': 1, 'WJets': 1, 'tttt': 1}]
CMS_scale_j_PileUpDataMC ['shape', {'fakeTau': 0, 'tt': 1, 'ttZ': 1, 'ttW': 1, 'ttH': 1, 'singleTop': 1, 'WJets': 1, 'tttt': 1}]
CMS_scale_j_PileUpPtBB ['shape', {'fakeTau': 0, 'tt': 1, 'ttZ': 1, 'ttW': 1, 'ttH': 1, 'singleTop': 1, 'WJets': 1, 'tttt': 1}]
CMS_scale_j_PileUpPtEC1 ['shape', {'fakeTau': 0, 'tt': 1, 'ttZ': 1, 'ttW': 1, 'ttH': 1, 'singleTop': 1, 'WJets': 1, 'tttt': 1}]
CMS_scale_j_PileUpPtEC2 ['shape', {'fakeTau': 0, 'tt': 1, 'ttZ': 1, 'ttW': 1, 'ttH': 1, 'singleTop': 1, 'WJets': 1, 'tttt': 1}]
CMS_scale_j_PileUpPtHF ['shape', {'fakeTau': 0, 'tt': 1, 'ttZ': 1, 'ttW': 1, 'ttH': 1, 'singleTop': 1, 'WJets': 1, 'tttt': 1}]
CMS_scale_j_PileUpPtRef ['shape', {'fakeTau': 0, 'tt': 1, 'ttZ': 1, 'ttW': 1, 'ttH': 1, 'singleTop': 1, 'WJets': 1, 'tttt': 1}]
CMS_scale_j_RelativeFSR ['shape', {'fakeTau': 0, 'tt': 1, 'ttZ': 1, 'ttW': 1, 'ttH': 1, 'singleTop': 1, 'WJets': 1, 'tttt': 1}]
CMS_scale_j_RelativeJEREC1_2017 ['shape', {'fakeTau': 0, 'tt': 1, 'ttZ': 1, 'ttW': 1, 'ttH': 1, 'singleTop': 1, 'WJets': 1, 'tttt': 1}]
CMS_scale_j_RelativeJEREC2_2017 ['shape', {'fakeTau': 0, 'tt': 1, 'ttZ': 1, 'ttW': 1, 'ttH': 1, 'singleTop': 1, 'WJets': 1, 'tttt': 1}]
CMS_scale_j_RelativeJERHF ['shape', {'fakeTau': 0, 'tt': 1, 'ttZ': 1, 'ttW': 1, 'ttH': 1, 'singleTop': 1, 'WJets': 1, 'tttt': 1}]
CMS_scale_j_RelativePtBB ['shape', {'fakeTau': 0, 'tt': 1, 'ttZ': 1, 'ttW': 1, 'ttH': 1, 'singleTop': 1, 'WJets': 1, 'tttt': 1}]
CMS_scale_j_RelativePtEC1_2017 ['shape', {'fakeTau': 0, 'tt': 1, 'ttZ': 1, 'ttW': 1, 'ttH': 1, 'singleTop': 1, 'WJets': 1, 'tttt': 1}]
CMS_scale_j_RelativePtEC2_2017 ['shape', {'fakeTau': 0, 'tt': 1, 'ttZ': 1, 'ttW': 1, 'ttH': 1, 'singleTop': 1, 'WJets': 1, 'tttt': 1}]
CMS_scale_j_RelativePtHF ['shape', {'fakeTau': 0, 'tt': 1, 'ttZ': 1, 'ttW': 1, 'ttH': 1, 'singleTop': 1, 'WJets': 1, 'tttt': 1}]
CMS_scale_j_RelativeBal ['shape', {'fakeTau': 0, 'tt': 1, 'ttZ': 1, 'ttW': 1, 'ttH': 1, 'singleTop': 1, 'WJets': 1, 'tttt': 1}]
CMS_scale_j_RelativeSample_2017 ['shape', {'fakeTau': 0, 'tt': 1, 'ttZ': 1, 'ttW': 1, 'ttH': 1, 'singleTop': 1, 'WJets': 1, 'tttt': 1}]
CMS_scale_j_RelativeStatEC_2017 ['shape', {'fakeTau': 0, 'tt': 1, 'ttZ': 1, 'ttW': 1, 'ttH': 1, 'singleTop': 1, 'WJets': 1, 'tttt': 1}]
CMS_scale_j_RelativeStatFSR_2017 ['shape', {'fakeTau': 0, 'tt': 1, 'ttZ': 1, 'ttW': 1, 'ttH': 1, 'singleTop': 1, 'WJets': 1, 'tttt': 1}]
CMS_scale_j_RelativeStatHF_2017 ['shape', {'fakeTau': 0, 'tt': 1, 'ttZ': 1, 'ttW': 1, 'ttH': 1, 'singleTop': 1, 'WJets': 1, 'tttt': 1}]
CMS_scale_j_SinglePionECAL ['shape', {'fakeTau': 0, 'tt': 1, 'ttZ': 1, 'ttW': 1, 'ttH': 1, 'singleTop': 1, 'WJets': 1, 'tttt': 1}]
CMS_scale_j_SinglePionHCAL ['shape', {'fakeTau': 0, 'tt': 1, 'ttZ': 1, 'ttW': 1, 'ttH': 1, 'singleTop': 1, 'WJets': 1, 'tttt': 1}]
CMS_scale_j_TimePtEta_2017 ['shape', {'fakeTau': 0, 'tt': 1, 'ttZ': 1, 'ttW': 1, 'ttH': 1, 'singleTop': 1, 'WJets': 1, 'tttt': 1}]
CMS_scale_j_FlavorPureGluon ['shape', {'fakeTau': 0, 'tt': 1, 'ttZ': 1, 'ttW': 1, 'ttH': 1, 'singleTop': 1, 'WJets': 1, 'tttt': 1}]
CMS_scale_j_FlavorPureQuark ['shape', {'fakeTau': 0, 'tt': 1, 'ttZ': 1, 'ttW': 1, 'ttH': 1, 'singleTop': 1, 'WJets': 1, 'tttt': 1}]
CMS_scale_j_FlavorPureCharm ['shape', {'fakeTau': 0, 'tt': 1, 'ttZ': 1, 'ttW': 1, 'ttH': 1, 'singleTop': 1, 'WJets': 1, 'tttt': 1}]
CMS_scale_j_FlavorPureBottom ['shape', {'fakeTau': 0, 'tt': 1, 'ttZ': 1, 'ttW': 1, 'ttH': 1, 'singleTop': 1, 'WJets': 1, 'tttt': 1}]
CMS_res_j_2017 ['shape', {'fakeTau': 0, 'tt': 1, 'ttZ': 1, 'ttW': 1, 'ttH': 1, 'singleTop': 1, 'WJets': 1, 'tttt': 1}]
CMS_scale_t_DeepTau2017v2p1_DM0_genTau_2017 ['shape', {'fakeTau': 0, 'tt': 1, 'ttZ': 1, 'ttW': 1, 'ttH': 1, 'singleTop': 1, 'WJets': 1, 'tttt': 1}]
CMS_scale_t_DeepTau2017v2p1_DM1_genTau_2017 ['shape', {'fakeTau': 0, 'tt': 1, 'ttZ': 1, 'ttW': 1, 'ttH': 1, 'singleTop': 1, 'WJets': 1, 'tttt': 1}]
CMS_scale_t_DeepTau2017v2p1_DM10_genTau_2017 ['shape', {'fakeTau': 0, 'tt': 1, 'ttZ': 1, 'ttW': 1, 'ttH': 1, 'singleTop': 1, 'WJets': 1, 'tttt': 1}]
CMS_scale_t_DeepTau2017v2p1_DM11_genTau_2017 ['shape', {'fakeTau': 0, 'tt': 1, 'ttZ': 1, 'ttW': 1, 'ttH': 1, 'singleTop': 1, 'WJets': 1, 'tttt': 1}]
CMS_scale_met_unclustered_energy_2017 ['shape', {'fakeTau': 0, 'tt': 1, 'ttZ': 1, 'ttW': 1, 'ttH': 1, 'singleTop': 1, 'WJets': 1, 'tttt': 1}]
CMS_scale_e_2017 ['shape', {'fakeTau': 0, 'tt': 0, 'ttZ': 0, 'ttW': 0, 'ttH': 0, 'singleTop': 0, 'WJets': 0, 'tttt': 0}]
CMS_pileup ['shape', {'fakeTau': 0, 'tt': 1, 'ttZ': 1, 'ttW': 1, 'ttH': 1, 'singleTop': 1, 'WJets': 1, 'tttt': 1}]
CMS_l1_ecal_prefiring_2017 ['shape', {'fakeTau': 0, 'tt': 1, 'ttZ': 1, 'ttW': 1, 'ttH': 1, 'singleTop': 1, 'WJets': 1, 'tttt': 1}]
CMS_TOP24017_eff_trigger_stats_2017 ['shape', {'fakeTau': 0, 'tt': 1, 'ttZ': 1, 'ttW': 1, 'ttH': 1, 'singleTop': 1, 'WJets': 1, 'tttt': 1}]
CMS_TOP24017_ttttSS_eff_trigger_2017 ['shape', {'fakeTau': 0, 'tt': 0, 'ttZ': 0, 'ttW': 0, 'ttH': 0, 'singleTop': 0, 'WJets': 0, 'tttt': 0}]
CMS_fake_t_DeepTau2017v2p1_VSmu_2017 ['shape', {'fakeTau': 0, 'tt': 1, 'ttZ': 1, 'ttW': 1, 'ttH': 1, 'singleTop': 1, 'WJets': 1, 'tttt': 1}]
CMS_fake_t_DeepTau2017v2p1_VSe_2017 ['shape', {'fakeTau': 0, 'tt': 1, 'ttZ': 1, 'ttW': 1, 'ttH': 1, 'singleTop': 1, 'WJets': 1, 'tttt': 1}]
CMS_eff_t_vsJet_stat1_dm0_2017 ['shape', {'fakeTau': 0, 'tt': 1, 'ttZ': 1, 'ttW': 1, 'ttH': 1, 'singleTop': 1, 'WJets': 1, 'tttt': 1}]
CMS_eff_t_vsJet_stat1_dm1_2017 ['shape', {'fakeTau': 0, 'tt': 1, 'ttZ': 1, 'ttW': 1, 'ttH': 1, 'singleTop': 1, 'WJets': 1, 'tttt': 1}]
CMS_eff_t_vsJet_stat1_dm10_2017 ['shape', {'fakeTau': 0, 'tt': 1, 'ttZ': 1, 'ttW': 1, 'ttH': 1, 'singleTop': 1, 'WJets': 1, 'tttt': 1}]
CMS_eff_t_vsJet_stat1_dm11_2017 ['shape', {'fakeTau': 0, 'tt': 1, 'ttZ': 1, 'ttW': 1, 'ttH': 1, 'singleTop': 1, 'WJets': 1, 'tttt': 1}]
CMS_eff_t_vsJet_stat2_dm0_2017 ['shape', {'fakeTau': 0, 'tt': 1, 'ttZ': 1, 'ttW': 1, 'ttH': 1, 'singleTop': 1, 'WJets': 1, 'tttt': 1}]
CMS_eff_t_vsJet_stat2_dm1_2017 ['shape', {'fakeTau': 0, 'tt': 1, 'ttZ': 1, 'ttW': 1, 'ttH': 1, 'singleTop': 1, 'WJets': 1, 'tttt': 1}]
CMS_eff_t_vsJet_stat2_dm10_2017 ['shape', {'fakeTau': 0, 'tt': 1, 'ttZ': 1, 'ttW': 1, 'ttH': 1, 'singleTop': 1, 'WJets': 1, 'tttt': 1}]
CMS_eff_t_vsJet_stat2_dm11_2017 ['shape', {'fakeTau': 0, 'tt': 1, 'ttZ': 1, 'ttW': 1, 'ttH': 1, 'singleTop': 1, 'WJets': 1, 'tttt': 1}]
CMS_eff_t_vsJet_syst_alleras ['shape', {'fakeTau': 0, 'tt': 1, 'ttZ': 1, 'ttW': 1, 'ttH': 1, 'singleTop': 1, 'WJets': 1, 'tttt': 1}]
CMS_eff_t_vsJet_syst_2017 ['shape', {'fakeTau': 0, 'tt': 1, 'ttZ': 1, 'ttW': 1, 'ttH': 1, 'singleTop': 1, 'WJets': 1, 'tttt': 1}]
CMS_eff_t_vsJet_syst_dm0_2017 ['shape', {'fakeTau': 0, 'tt': 1, 'ttZ': 1, 'ttW': 1, 'ttH': 1, 'singleTop': 1, 'WJets': 1, 'tttt': 1}]
CMS_eff_t_vsJet_syst_dm1_2017 ['shape', {'fakeTau': 0, 'tt': 1, 'ttZ': 1, 'ttW': 1, 'ttH': 1, 'singleTop': 1, 'WJets': 1, 'tttt': 1}]
CMS_eff_t_vsJet_syst_dm10_2017 ['shape', {'fakeTau': 0, 'tt': 1, 'ttZ': 1, 'ttW': 1, 'ttH': 1, 'singleTop': 1, 'WJets': 1, 'tttt': 1}]
CMS_eff_t_vsJet_syst_dm11_2017 ['shape', {'fakeTau': 0, 'tt': 1, 'ttZ': 1, 'ttW': 1, 'ttH': 1, 'singleTop': 1, 'WJets': 1, 'tttt': 1}]
CMS_TOP24017_ttttSS_eff_e_syst ['shape', {'fakeTau': 0, 'tt': 0, 'ttZ': 0, 'ttW': 0, 'ttH': 0, 'singleTop': 0, 'WJets': 0, 'tttt': 0}]
CMS_TOP24017_ttttSS_eff_m_syst ['shape', {'fakeTau': 0, 'tt': 0, 'ttZ': 0, 'ttW': 0, 'ttH': 0, 'singleTop': 0, 'WJets': 0, 'tttt': 0}]
CMS_TOP24017_ttttSS_eff_e_stat_2017 ['shape', {'fakeTau': 0, 'tt': 0, 'ttZ': 0, 'ttW': 0, 'ttH': 0, 'singleTop': 0, 'WJets': 0, 'tttt': 0}]
CMS_TOP24017_ttttSS_eff_m_stat_2017 ['shape', {'fakeTau': 0, 'tt': 0, 'ttZ': 0, 'ttW': 0, 'ttH': 0, 'singleTop': 0, 'WJets': 0, 'tttt': 0}]
CMS_eff_e_reco_2017 ['shape', {'fakeTau': 0, 'tt': 0, 'ttZ': 0, 'ttW': 0, 'ttH': 0, 'singleTop': 0, 'WJets': 0, 'tttt': 0}]
CMS_btag_fixedWP_comb_bc_correlated ['shape', {'fakeTau': 0, 'tt': 0, 'ttZ': 0, 'ttW': 0, 'ttH': 0, 'singleTop': 0, 'WJets': 0, 'tttt': 0}]
CMS_btag_fixedWP_comb_bc_uncorrelated_2017 ['shape', {'fakeTau': 0, 'tt': 0, 'ttZ': 0, 'ttW': 0, 'ttH': 0, 'singleTop': 0, 'WJets': 0, 'tttt': 0}]
CMS_btag_fixedWP_incl_light_correlated ['shape', {'fakeTau': 0, 'tt': 0, 'ttZ': 0, 'ttW': 0, 'ttH': 0, 'singleTop': 0, 'WJets': 0, 'tttt': 0}]
CMS_btag_fixedWP_incl_light_uncorrelated_2017 ['shape', {'fakeTau': 0, 'tt': 0, 'ttZ': 0, 'ttW': 0, 'ttH': 0, 'singleTop': 0, 'WJets': 0, 'tttt': 0}]
CMS_btag_fullShape_hf ['shape', {'fakeTau': 0, 'tt': 1, 'ttZ': 1, 'ttW': 1, 'ttH': 1, 'singleTop': 1, 'WJets': 1, 'tttt': 1}]
CMS_btag_fullShape_lf ['shape', {'fakeTau': 0, 'tt': 1, 'ttZ': 1, 'ttW': 1, 'ttH': 1, 'singleTop': 1, 'WJets': 1, 'tttt': 1}]
CMS_btag_fullShape_cferr1 ['shape', {'fakeTau': 0, 'tt': 1, 'ttZ': 1, 'ttW': 1, 'ttH': 1, 'singleTop': 1, 'WJets': 1, 'tttt': 1}]
CMS_btag_fullShape_cferr2 ['shape', {'fakeTau': 0, 'tt': 1, 'ttZ': 1, 'ttW': 1, 'ttH': 1, 'singleTop': 1, 'WJets': 1, 'tttt': 1}]
CMS_btag_fullShape_hfstats1_2017 ['shape', {'fakeTau': 0, 'tt': 1, 'ttZ': 1, 'ttW': 1, 'ttH': 1, 'singleTop': 1, 'WJets': 1, 'tttt': 1}]
CMS_btag_fullShape_hfstats2_2017 ['shape', {'fakeTau': 0, 'tt': 1, 'ttZ': 1, 'ttW': 1, 'ttH': 1, 'singleTop': 1, 'WJets': 1, 'tttt': 1}]
CMS_btag_fullShape_lfstats1_2017 ['shape', {'fakeTau': 0, 'tt': 1, 'ttZ': 1, 'ttW': 1, 'ttH': 1, 'singleTop': 1, 'WJets': 1, 'tttt': 1}]
CMS_btag_fullShape_lfstats2_2017 ['shape', {'fakeTau': 0, 'tt': 1, 'ttZ': 1, 'ttW': 1, 'ttH': 1, 'singleTop': 1, 'WJets': 1, 'tttt': 1}]
CMS_fake_t_2017 ['shape', {'fakeTau': 1, 'tt': 0, 'ttZ': 0, 'ttW': 0, 'ttH': 0, 'singleTop': 0, 'WJets': 0, 'tttt': 0}]
CMS_TOP24017_fake_t_MC ['shape', {'fakeTau': 0, 'tt': 0, 'ttZ': 0, 'ttW': 0, 'ttH': 0, 'singleTop': 0, 'WJets': 0, 'tttt': 0}]
pdf_alphas ['shape', {'fakeTau': 0, 'tt': 1, 'ttZ': 1, 'ttW': 1, 'ttH': 1, 'singleTop': 0, 'WJets': 1, 'tttt': 1}]
pdf_00 ['shape', {'fakeTau': 0, 'tt': 1, 'ttZ': 1, 'ttW': 1, 'ttH': 1, 'singleTop': 1, 'WJets': 1, 'tttt': 1}]
QCDscale_ren ['shape', {'fakeTau': 0, 'tt': 1, 'ttZ': 1, 'ttW': 1, 'ttH': 1, 'singleTop': 1, 'WJets': 1, 'tttt': 1}]
QCDscale_fac ['shape', {'fakeTau': 0, 'tt': 1, 'ttZ': 1, 'ttW': 1, 'ttH': 1, 'singleTop': 1, 'WJets': 1, 'tttt': 1}]
ps_isr ['shape', {'fakeTau': 0, 'tt': 1, 'ttZ': 1, 'ttW': 1, 'ttH': 1, 'singleTop': 1, 'WJets': 1, 'tttt': 1}]
ps_fsr ['shape', {'fakeTau': 0, 'tt': 1, 'ttZ': 1, 'ttW': 1, 'ttH': 1, 'singleTop': 1, 'WJets': 1, 'tttt': 1}]
CMS_scale_j_AbsoluteMPFBias ['shape', {'fakeTau': 0, 'tt': 1, 'ttZ': 1, 'ttW': 1, 'ttH': 1, 'singleTop': 1, 'WJets': 1, 'tttt': 1}]
CMS_scale_j_AbsoluteScale ['shape', {'fakeTau': 0, 'tt': 1, 'ttZ': 1, 'ttW': 1, 'ttH': 1, 'singleTop': 1, 'WJets': 1, 'tttt': 1}]
CMS_scale_j_AbsoluteStat_2017 ['shape', {'fakeTau': 0, 'tt': 1, 'ttZ': 1, 'ttW': 1, 'ttH': 1, 'singleTop': 1, 'WJets': 1, 'tttt': 1}]
CMS_scale_j_Fragmentation ['shape', {'fakeTau': 0, 'tt': 1, 'ttZ': 1, 'ttW': 1, 'ttH': 1, 'singleTop': 1, 'WJets': 1, 'tttt': 1}]
CMS_scale_j_PileUpDataMC ['shape', {'fakeTau': 0, 'tt': 1, 'ttZ': 1, 'ttW': 1, 'ttH': 1, 'singleTop': 1, 'WJets': 1, 'tttt': 1}]
CMS_scale_j_PileUpPtBB ['shape', {'fakeTau': 0, 'tt': 1, 'ttZ': 1, 'ttW': 1, 'ttH': 1, 'singleTop': 1, 'WJets': 1, 'tttt': 1}]
CMS_scale_j_PileUpPtEC1 ['shape', {'fakeTau': 0, 'tt': 1, 'ttZ': 1, 'ttW': 1, 'ttH': 1, 'singleTop': 1, 'WJets': 1, 'tttt': 1}]
CMS_scale_j_PileUpPtEC2 ['shape', {'fakeTau': 0, 'tt': 1, 'ttZ': 1, 'ttW': 1, 'ttH': 1, 'singleTop': 1, 'WJets': 1, 'tttt': 1}]
CMS_scale_j_PileUpPtHF ['shape', {'fakeTau': 0, 'tt': 1, 'ttZ': 1, 'ttW': 1, 'ttH': 1, 'singleTop': 1, 'WJets': 1, 'tttt': 1}]
CMS_scale_j_PileUpPtRef ['shape', {'fakeTau': 0, 'tt': 1, 'ttZ': 1, 'ttW': 1, 'ttH': 1, 'singleTop': 1, 'WJets': 1, 'tttt': 1}]
CMS_scale_j_RelativeFSR ['shape', {'fakeTau': 0, 'tt': 1, 'ttZ': 1, 'ttW': 1, 'ttH': 1, 'singleTop': 1, 'WJets': 1, 'tttt': 1}]
CMS_scale_j_RelativeJEREC1_2017 ['shape', {'fakeTau': 0, 'tt': 1, 'ttZ': 1, 'ttW': 1, 'ttH': 1, 'singleTop': 1, 'WJets': 1, 'tttt': 1}]
CMS_scale_j_RelativeJEREC2_2017 ['shape', {'fakeTau': 0, 'tt': 1, 'ttZ': 1, 'ttW': 1, 'ttH': 1, 'singleTop': 1, 'WJets': 1, 'tttt': 1}]
CMS_scale_j_RelativeJERHF ['shape', {'fakeTau': 0, 'tt': 1, 'ttZ': 1, 'ttW': 1, 'ttH': 1, 'singleTop': 1, 'WJets': 1, 'tttt': 1}]
CMS_scale_j_RelativePtBB ['shape', {'fakeTau': 0, 'tt': 1, 'ttZ': 1, 'ttW': 1, 'ttH': 1, 'singleTop': 1, 'WJets': 1, 'tttt': 1}]
CMS_scale_j_RelativePtEC1_2017 ['shape', {'fakeTau': 0, 'tt': 1, 'ttZ': 1, 'ttW': 1, 'ttH': 1, 'singleTop': 1, 'WJets': 1, 'tttt': 1}]
CMS_scale_j_RelativePtEC2_2017 ['shape', {'fakeTau': 0, 'tt': 1, 'ttZ': 1, 'ttW': 1, 'ttH': 1, 'singleTop': 1, 'WJets': 1, 'tttt': 1}]
CMS_scale_j_RelativePtHF ['shape', {'fakeTau': 0, 'tt': 1, 'ttZ': 1, 'ttW': 1, 'ttH': 1, 'singleTop': 1, 'WJets': 1, 'tttt': 1}]
CMS_scale_j_RelativeBal ['shape', {'fakeTau': 0, 'tt': 1, 'ttZ': 1, 'ttW': 1, 'ttH': 1, 'singleTop': 1, 'WJets': 1, 'tttt': 1}]
CMS_scale_j_RelativeSample_2017 ['shape', {'fakeTau': 0, 'tt': 1, 'ttZ': 1, 'ttW': 1, 'ttH': 1, 'singleTop': 1, 'WJets': 1, 'tttt': 1}]
CMS_scale_j_RelativeStatEC_2017 ['shape', {'fakeTau': 0, 'tt': 1, 'ttZ': 1, 'ttW': 1, 'ttH': 1, 'singleTop': 1, 'WJets': 1, 'tttt': 1}]
CMS_scale_j_RelativeStatFSR_2017 ['shape', {'fakeTau': 0, 'tt': 1, 'ttZ': 1, 'ttW': 1, 'ttH': 1, 'singleTop': 1, 'WJets': 1, 'tttt': 1}]
CMS_scale_j_RelativeStatHF_2017 ['shape', {'fakeTau': 0, 'tt': 1, 'ttZ': 1, 'ttW': 1, 'ttH': 1, 'singleTop': 1, 'WJets': 1, 'tttt': 1}]
CMS_scale_j_SinglePionECAL ['shape', {'fakeTau': 0, 'tt': 1, 'ttZ': 1, 'ttW': 1, 'ttH': 1, 'singleTop': 1, 'WJets': 1, 'tttt': 1}]
CMS_scale_j_SinglePionHCAL ['shape', {'fakeTau': 0, 'tt': 1, 'ttZ': 1, 'ttW': 1, 'ttH': 1, 'singleTop': 1, 'WJets': 1, 'tttt': 1}]
CMS_scale_j_TimePtEta_2017 ['shape', {'fakeTau': 0, 'tt': 1, 'ttZ': 1, 'ttW': 1, 'ttH': 1, 'singleTop': 1, 'WJets': 1, 'tttt': 1}]
CMS_scale_j_FlavorPureGluon ['shape', {'fakeTau': 0, 'tt': 1, 'ttZ': 1, 'ttW': 1, 'ttH': 1, 'singleTop': 1, 'WJets': 1, 'tttt': 1}]
CMS_scale_j_FlavorPureQuark ['shape', {'fakeTau': 0, 'tt': 1, 'ttZ': 1, 'ttW': 1, 'ttH': 1, 'singleTop': 1, 'WJets': 1, 'tttt': 1}]
CMS_scale_j_FlavorPureCharm ['shape', {'fakeTau': 0, 'tt': 1, 'ttZ': 1, 'ttW': 1, 'ttH': 1, 'singleTop': 1, 'WJets': 1, 'tttt': 1}]
CMS_scale_j_FlavorPureBottom ['shape', {'fakeTau': 0, 'tt': 1, 'ttZ': 1, 'ttW': 1, 'ttH': 1, 'singleTop': 1, 'WJets': 1, 'tttt': 1}]
CMS_res_j_2017 ['shape', {'fakeTau': 0, 'tt': 1, 'ttZ': 1, 'ttW': 1, 'ttH': 1, 'singleTop': 1, 'WJets': 1, 'tttt': 1}]
CMS_scale_t_DeepTau2017v2p1_DM0_genTau_2017 ['shape', {'fakeTau': 0, 'tt': 1, 'ttZ': 1, 'ttW': 1, 'ttH': 1, 'singleTop': 1, 'WJets': 1, 'tttt': 1}]
CMS_scale_t_DeepTau2017v2p1_DM1_genTau_2017 ['shape', {'fakeTau': 0, 'tt': 1, 'ttZ': 1, 'ttW': 1, 'ttH': 1, 'singleTop': 1, 'WJets': 1, 'tttt': 1}]
CMS_scale_t_DeepTau2017v2p1_DM10_genTau_2017 ['shape', {'fakeTau': 0, 'tt': 1, 'ttZ': 1, 'ttW': 1, 'ttH': 1, 'singleTop': 1, 'WJets': 1, 'tttt': 1}]
CMS_scale_t_DeepTau2017v2p1_DM11_genTau_2017 ['shape', {'fakeTau': 0, 'tt': 1, 'ttZ': 1, 'ttW': 1, 'ttH': 1, 'singleTop': 1, 'WJets': 1, 'tttt': 1}]
CMS_scale_met_unclustered_energy_2017 ['shape', {'fakeTau': 0, 'tt': 1, 'ttZ': 1, 'ttW': 1, 'ttH': 1, 'singleTop': 1, 'WJets': 1, 'tttt': 1}]
CMS_scale_e_2017 ['shape', {'fakeTau': 0, 'tt': 0, 'ttZ': 0, 'ttW': 0, 'ttH': 0, 'singleTop': 0, 'WJets': 0, 'tttt': 0}]
CMS_pileup ['shape', {'fakeTau': 0, 'tt': 1, 'ttZ': 1, 'ttW': 1, 'ttH': 1, 'singleTop': 1, 'WJets': 1, 'tttt': 1}]
CMS_l1_ecal_prefiring_2017 ['shape', {'fakeTau': 0, 'tt': 1, 'ttZ': 1, 'ttW': 1, 'ttH': 1, 'singleTop': 1, 'WJets': 1, 'tttt': 1}]
CMS_TOP24017_eff_trigger_stats_2017 ['shape', {'fakeTau': 0, 'tt': 1, 'ttZ': 1, 'ttW': 1, 'ttH': 1, 'singleTop': 1, 'WJets': 1, 'tttt': 1}]
CMS_TOP24017_ttttSS_eff_trigger_2017 ['shape', {'fakeTau': 0, 'tt': 0, 'ttZ': 0, 'ttW': 0, 'ttH': 0, 'singleTop': 0, 'WJets': 0, 'tttt': 0}]
CMS_fake_t_DeepTau2017v2p1_VSmu_2017 ['shape', {'fakeTau': 0, 'tt': 1, 'ttZ': 1, 'ttW': 1, 'ttH': 1, 'singleTop': 1, 'WJets': 1, 'tttt': 1}]
CMS_fake_t_DeepTau2017v2p1_VSe_2017 ['shape', {'fakeTau': 0, 'tt': 1, 'ttZ': 1, 'ttW': 1, 'ttH': 1, 'singleTop': 1, 'WJets': 1, 'tttt': 1}]
CMS_eff_t_vsJet_stat1_dm0_2017 ['shape', {'fakeTau': 0, 'tt': 1, 'ttZ': 1, 'ttW': 1, 'ttH': 1, 'singleTop': 1, 'WJets': 1, 'tttt': 1}]
CMS_eff_t_vsJet_stat1_dm1_2017 ['shape', {'fakeTau': 0, 'tt': 1, 'ttZ': 1, 'ttW': 1, 'ttH': 1, 'singleTop': 1, 'WJets': 1, 'tttt': 1}]
CMS_eff_t_vsJet_stat1_dm10_2017 ['shape', {'fakeTau': 0, 'tt': 1, 'ttZ': 1, 'ttW': 1, 'ttH': 1, 'singleTop': 1, 'WJets': 1, 'tttt': 1}]
CMS_eff_t_vsJet_stat1_dm11_2017 ['shape', {'fakeTau': 0, 'tt': 1, 'ttZ': 1, 'ttW': 1, 'ttH': 1, 'singleTop': 1, 'WJets': 1, 'tttt': 1}]
CMS_eff_t_vsJet_stat2_dm0_2017 ['shape', {'fakeTau': 0, 'tt': 1, 'ttZ': 1, 'ttW': 1, 'ttH': 1, 'singleTop': 1, 'WJets': 1, 'tttt': 1}]
CMS_eff_t_vsJet_stat2_dm1_2017 ['shape', {'fakeTau': 0, 'tt': 1, 'ttZ': 1, 'ttW': 1, 'ttH': 1, 'singleTop': 1, 'WJets': 1, 'tttt': 1}]
CMS_eff_t_vsJet_stat2_dm10_2017 ['shape', {'fakeTau': 0, 'tt': 1, 'ttZ': 1, 'ttW': 1, 'ttH': 1, 'singleTop': 1, 'WJets': 1, 'tttt': 1}]
CMS_eff_t_vsJet_stat2_dm11_2017 ['shape', {'fakeTau': 0, 'tt': 1, 'ttZ': 1, 'ttW': 1, 'ttH': 1, 'singleTop': 1, 'WJets': 1, 'tttt': 1}]
CMS_eff_t_vsJet_syst_alleras ['shape', {'fakeTau': 0, 'tt': 1, 'ttZ': 1, 'ttW': 1, 'ttH': 1, 'singleTop': 1, 'WJets': 1, 'tttt': 1}]
CMS_eff_t_vsJet_syst_2017 ['shape', {'fakeTau': 0, 'tt': 1, 'ttZ': 1, 'ttW': 1, 'ttH': 1, 'singleTop': 1, 'WJets': 1, 'tttt': 1}]
CMS_eff_t_vsJet_syst_dm0_2017 ['shape', {'fakeTau': 0, 'tt': 1, 'ttZ': 1, 'ttW': 1, 'ttH': 1, 'singleTop': 1, 'WJets': 1, 'tttt': 1}]
CMS_eff_t_vsJet_syst_dm1_2017 ['shape', {'fakeTau': 0, 'tt': 1, 'ttZ': 1, 'ttW': 1, 'ttH': 1, 'singleTop': 1, 'WJets': 1, 'tttt': 1}]
CMS_eff_t_vsJet_syst_dm10_2017 ['shape', {'fakeTau': 0, 'tt': 1, 'ttZ': 1, 'ttW': 1, 'ttH': 1, 'singleTop': 1, 'WJets': 1, 'tttt': 1}]
CMS_eff_t_vsJet_syst_dm11_2017 ['shape', {'fakeTau': 0, 'tt': 1, 'ttZ': 1, 'ttW': 1, 'ttH': 1, 'singleTop': 1, 'WJets': 1, 'tttt': 1}]
CMS_TOP24017_ttttSS_eff_e_syst ['shape', {'fakeTau': 0, 'tt': 0, 'ttZ': 0, 'ttW': 0, 'ttH': 0, 'singleTop': 0, 'WJets': 0, 'tttt': 0}]
CMS_TOP24017_ttttSS_eff_m_syst ['shape', {'fakeTau': 0, 'tt': 0, 'ttZ': 0, 'ttW': 0, 'ttH': 0, 'singleTop': 0, 'WJets': 0, 'tttt': 0}]
CMS_TOP24017_ttttSS_eff_e_stat_2017 ['shape', {'fakeTau': 0, 'tt': 0, 'ttZ': 0, 'ttW': 0, 'ttH': 0, 'singleTop': 0, 'WJets': 0, 'tttt': 0}]
CMS_TOP24017_ttttSS_eff_m_stat_2017 ['shape', {'fakeTau': 0, 'tt': 0, 'ttZ': 0, 'ttW': 0, 'ttH': 0, 'singleTop': 0, 'WJets': 0, 'tttt': 0}]
CMS_eff_e_reco_2017 ['shape', {'fakeTau': 0, 'tt': 0, 'ttZ': 0, 'ttW': 0, 'ttH': 0, 'singleTop': 0, 'WJets': 0, 'tttt': 0}]
CMS_btag_fixedWP_comb_bc_correlated ['shape', {'fakeTau': 0, 'tt': 0, 'ttZ': 0, 'ttW': 0, 'ttH': 0, 'singleTop': 0, 'WJets': 0, 'tttt': 0}]
CMS_btag_fixedWP_comb_bc_uncorrelated_2017 ['shape', {'fakeTau': 0, 'tt': 0, 'ttZ': 0, 'ttW': 0, 'ttH': 0, 'singleTop': 0, 'WJets': 0, 'tttt': 0}]
CMS_btag_fixedWP_incl_light_correlated ['shape', {'fakeTau': 0, 'tt': 0, 'ttZ': 0, 'ttW': 0, 'ttH': 0, 'singleTop': 0, 'WJets': 0, 'tttt': 0}]
CMS_btag_fixedWP_incl_light_uncorrelated_2017 ['shape', {'fakeTau': 0, 'tt': 0, 'ttZ': 0, 'ttW': 0, 'ttH': 0, 'singleTop': 0, 'WJets': 0, 'tttt': 0}]
CMS_btag_fullShape_hf ['shape', {'fakeTau': 0, 'tt': 1, 'ttZ': 1, 'ttW': 1, 'ttH': 1, 'singleTop': 1, 'WJets': 1, 'tttt': 1}]
CMS_btag_fullShape_lf ['shape', {'fakeTau': 0, 'tt': 1, 'ttZ': 1, 'ttW': 1, 'ttH': 1, 'singleTop': 1, 'WJets': 1, 'tttt': 1}]
CMS_btag_fullShape_cferr1 ['shape', {'fakeTau': 0, 'tt': 1, 'ttZ': 1, 'ttW': 1, 'ttH': 1, 'singleTop': 1, 'WJets': 1, 'tttt': 1}]
CMS_btag_fullShape_cferr2 ['shape', {'fakeTau': 0, 'tt': 1, 'ttZ': 1, 'ttW': 1, 'ttH': 1, 'singleTop': 1, 'WJets': 1, 'tttt': 1}]
CMS_btag_fullShape_hfstats1_2017 ['shape', {'fakeTau': 0, 'tt': 1, 'ttZ': 1, 'ttW': 1, 'ttH': 1, 'singleTop': 1, 'WJets': 1, 'tttt': 1}]
CMS_btag_fullShape_hfstats2_2017 ['shape', {'fakeTau': 0, 'tt': 1, 'ttZ': 1, 'ttW': 1, 'ttH': 1, 'singleTop': 1, 'WJets': 1, 'tttt': 1}]
CMS_btag_fullShape_lfstats1_2017 ['shape', {'fakeTau': 0, 'tt': 1, 'ttZ': 1, 'ttW': 1, 'ttH': 1, 'singleTop': 1, 'WJets': 1, 'tttt': 1}]
CMS_btag_fullShape_lfstats2_2017 ['shape', {'fakeTau': 0, 'tt': 1, 'ttZ': 1, 'ttW': 1, 'ttH': 1, 'singleTop': 1, 'WJets': 1, 'tttt': 1}]
CMS_fake_t_2017 ['shape', {'fakeTau': 1, 'tt': 0, 'ttZ': 0, 'ttW': 0, 'ttH': 0, 'singleTop': 0, 'WJets': 0, 'tttt': 0}]
CMS_TOP24017_fake_t_MC ['shape', {'fakeTau': 0, 'tt': 0, 'ttZ': 0, 'ttW': 0, 'ttH': 0, 'singleTop': 0, 'WJets': 0, 'tttt': 0}]
pdf_alphas ['shape', {'fakeTau': 0, 'tt': 1, 'ttZ': 1, 'ttW': 1, 'ttH': 1, 'singleTop': 0, 'WJets': 1, 'tttt': 1}]
pdf_00 ['shape', {'fakeTau': 0, 'tt': 1, 'ttZ': 1, 'ttW': 1, 'ttH': 1, 'singleTop': 1, 'WJets': 1, 'tttt': 1}]
QCDscale_ren ['shape', {'fakeTau': 0, 'tt': 1, 'ttZ': 1, 'ttW': 1, 'ttH': 1, 'singleTop': 1, 'WJets': 1, 'tttt': 1}]
QCDscale_fac ['shape', {'fakeTau': 0, 'tt': 1, 'ttZ': 1, 'ttW': 1, 'ttH': 1, 'singleTop': 1, 'WJets': 1, 'tttt': 1}]
ps_isr ['shape', {'fakeTau': 0, 'tt': 1, 'ttZ': 1, 'ttW': 1, 'ttH': 1, 'singleTop': 1, 'WJets': 1, 'tttt': 1}]
ps_fsr ['shape', {'fakeTau': 0, 'tt': 1, 'ttZ': 1, 'ttW': 1, 'ttH': 1, 'singleTop': 1, 'WJets': 1, 'tttt': 1}]
CMS_scale_j_AbsoluteMPFBias ['shape', {'fakeTau': 0, 'tt': 1, 'ttZ': 1, 'ttW': 1, 'ttH': 1, 'singleTop': 1, 'WJets': 1, 'tttt': 1}]
CMS_scale_j_AbsoluteScale ['shape', {'fakeTau': 0, 'tt': 1, 'ttZ': 1, 'ttW': 1, 'ttH': 1, 'singleTop': 1, 'WJets': 1, 'tttt': 1}]
CMS_scale_j_AbsoluteStat_2017 ['shape', {'fakeTau': 0, 'tt': 1, 'ttZ': 1, 'ttW': 1, 'ttH': 1, 'singleTop': 1, 'WJets': 1, 'tttt': 1}]
CMS_scale_j_Fragmentation ['shape', {'fakeTau': 0, 'tt': 1, 'ttZ': 1, 'ttW': 1, 'ttH': 1, 'singleTop': 1, 'WJets': 1, 'tttt': 1}]
CMS_scale_j_PileUpDataMC ['shape', {'fakeTau': 0, 'tt': 1, 'ttZ': 1, 'ttW': 1, 'ttH': 1, 'singleTop': 1, 'WJets': 1, 'tttt': 1}]
CMS_scale_j_PileUpPtBB ['shape', {'fakeTau': 0, 'tt': 1, 'ttZ': 1, 'ttW': 1, 'ttH': 1, 'singleTop': 1, 'WJets': 1, 'tttt': 1}]
CMS_scale_j_PileUpPtEC1 ['shape', {'fakeTau': 0, 'tt': 1, 'ttZ': 1, 'ttW': 1, 'ttH': 1, 'singleTop': 1, 'WJets': 1, 'tttt': 1}]
CMS_scale_j_PileUpPtEC2 ['shape', {'fakeTau': 0, 'tt': 1, 'ttZ': 1, 'ttW': 1, 'ttH': 1, 'singleTop': 1, 'WJets': 1, 'tttt': 1}]
CMS_scale_j_PileUpPtHF ['shape', {'fakeTau': 0, 'tt': 1, 'ttZ': 1, 'ttW': 1, 'ttH': 1, 'singleTop': 1, 'WJets': 1, 'tttt': 1}]
CMS_scale_j_PileUpPtRef ['shape', {'fakeTau': 0, 'tt': 1, 'ttZ': 1, 'ttW': 1, 'ttH': 1, 'singleTop': 1, 'WJets': 1, 'tttt': 1}]
CMS_scale_j_RelativeFSR ['shape', {'fakeTau': 0, 'tt': 1, 'ttZ': 1, 'ttW': 1, 'ttH': 1, 'singleTop': 1, 'WJets': 1, 'tttt': 1}]
CMS_scale_j_RelativeJEREC1_2017 ['shape', {'fakeTau': 0, 'tt': 1, 'ttZ': 1, 'ttW': 1, 'ttH': 1, 'singleTop': 1, 'WJets': 1, 'tttt': 1}]
CMS_scale_j_RelativeJEREC2_2017 ['shape', {'fakeTau': 0, 'tt': 1, 'ttZ': 1, 'ttW': 1, 'ttH': 1, 'singleTop': 1, 'WJets': 1, 'tttt': 1}]
CMS_scale_j_RelativeJERHF ['shape', {'fakeTau': 0, 'tt': 1, 'ttZ': 1, 'ttW': 1, 'ttH': 1, 'singleTop': 1, 'WJets': 1, 'tttt': 1}]
CMS_scale_j_RelativePtBB ['shape', {'fakeTau': 0, 'tt': 1, 'ttZ': 1, 'ttW': 1, 'ttH': 1, 'singleTop': 1, 'WJets': 1, 'tttt': 1}]
CMS_scale_j_RelativePtEC1_2017 ['shape', {'fakeTau': 0, 'tt': 1, 'ttZ': 1, 'ttW': 1, 'ttH': 1, 'singleTop': 1, 'WJets': 1, 'tttt': 1}]
CMS_scale_j_RelativePtEC2_2017 ['shape', {'fakeTau': 0, 'tt': 1, 'ttZ': 1, 'ttW': 1, 'ttH': 1, 'singleTop': 1, 'WJets': 1, 'tttt': 1}]
CMS_scale_j_RelativePtHF ['shape', {'fakeTau': 0, 'tt': 1, 'ttZ': 1, 'ttW': 1, 'ttH': 1, 'singleTop': 1, 'WJets': 1, 'tttt': 1}]
CMS_scale_j_RelativeBal ['shape', {'fakeTau': 0, 'tt': 1, 'ttZ': 1, 'ttW': 1, 'ttH': 1, 'singleTop': 1, 'WJets': 1, 'tttt': 1}]
CMS_scale_j_RelativeSample_2017 ['shape', {'fakeTau': 0, 'tt': 1, 'ttZ': 1, 'ttW': 1, 'ttH': 1, 'singleTop': 1, 'WJets': 1, 'tttt': 1}]
CMS_scale_j_RelativeStatEC_2017 ['shape', {'fakeTau': 0, 'tt': 1, 'ttZ': 1, 'ttW': 1, 'ttH': 1, 'singleTop': 1, 'WJets': 1, 'tttt': 1}]
CMS_scale_j_RelativeStatFSR_2017 ['shape', {'fakeTau': 0, 'tt': 1, 'ttZ': 1, 'ttW': 1, 'ttH': 1, 'singleTop': 1, 'WJets': 1, 'tttt': 1}]
CMS_scale_j_RelativeStatHF_2017 ['shape', {'fakeTau': 0, 'tt': 1, 'ttZ': 1, 'ttW': 1, 'ttH': 1, 'singleTop': 1, 'WJets': 1, 'tttt': 1}]
CMS_scale_j_SinglePionECAL ['shape', {'fakeTau': 0, 'tt': 1, 'ttZ': 1, 'ttW': 1, 'ttH': 1, 'singleTop': 1, 'WJets': 1, 'tttt': 1}]
CMS_scale_j_SinglePionHCAL ['shape', {'fakeTau': 0, 'tt': 1, 'ttZ': 1, 'ttW': 1, 'ttH': 1, 'singleTop': 1, 'WJets': 1, 'tttt': 1}]
CMS_scale_j_TimePtEta_2017 ['shape', {'fakeTau': 0, 'tt': 1, 'ttZ': 1, 'ttW': 1, 'ttH': 1, 'singleTop': 1, 'WJets': 1, 'tttt': 1}]
CMS_scale_j_FlavorPureGluon ['shape', {'fakeTau': 0, 'tt': 1, 'ttZ': 1, 'ttW': 1, 'ttH': 1, 'singleTop': 1, 'WJets': 1, 'tttt': 1}]
CMS_scale_j_FlavorPureQuark ['shape', {'fakeTau': 0, 'tt': 1, 'ttZ': 1, 'ttW': 1, 'ttH': 1, 'singleTop': 1, 'WJets': 1, 'tttt': 1}]
CMS_scale_j_FlavorPureCharm ['shape', {'fakeTau': 0, 'tt': 1, 'ttZ': 1, 'ttW': 1, 'ttH': 1, 'singleTop': 1, 'WJets': 1, 'tttt': 1}]
CMS_scale_j_FlavorPureBottom ['shape', {'fakeTau': 0, 'tt': 1, 'ttZ': 1, 'ttW': 1, 'ttH': 1, 'singleTop': 1, 'WJets': 1, 'tttt': 1}]
CMS_res_j_2017 ['shape', {'fakeTau': 0, 'tt': 1, 'ttZ': 1, 'ttW': 1, 'ttH': 1, 'singleTop': 1, 'WJets': 1, 'tttt': 1}]
CMS_scale_t_DeepTau2017v2p1_DM0_genTau_2017 ['shape', {'fakeTau': 0, 'tt': 1, 'ttZ': 1, 'ttW': 1, 'ttH': 1, 'singleTop': 1, 'WJets': 1, 'tttt': 1}]
CMS_scale_t_DeepTau2017v2p1_DM1_genTau_2017 ['shape', {'fakeTau': 0, 'tt': 1, 'ttZ': 1, 'ttW': 1, 'ttH': 1, 'singleTop': 1, 'WJets': 1, 'tttt': 1}]
CMS_scale_t_DeepTau2017v2p1_DM10_genTau_2017 ['shape', {'fakeTau': 0, 'tt': 1, 'ttZ': 1, 'ttW': 1, 'ttH': 1, 'singleTop': 1, 'WJets': 1, 'tttt': 1}]
CMS_scale_t_DeepTau2017v2p1_DM11_genTau_2017 ['shape', {'fakeTau': 0, 'tt': 1, 'ttZ': 1, 'ttW': 1, 'ttH': 1, 'singleTop': 1, 'WJets': 1, 'tttt': 1}]
CMS_scale_met_unclustered_energy_2017 ['shape', {'fakeTau': 0, 'tt': 1, 'ttZ': 1, 'ttW': 1, 'ttH': 1, 'singleTop': 1, 'WJets': 1, 'tttt': 1}]
CMS_scale_e_2017 ['shape', {'fakeTau': 0, 'tt': 0, 'ttZ': 0, 'ttW': 0, 'ttH': 0, 'singleTop': 0, 'WJets': 0, 'tttt': 0}]
CMS_pileup ['shape', {'fakeTau': 0, 'tt': 1, 'ttZ': 1, 'ttW': 1, 'ttH': 1, 'singleTop': 1, 'WJets': 1, 'tttt': 1}]
CMS_l1_ecal_prefiring_2017 ['shape', {'fakeTau': 0, 'tt': 1, 'ttZ': 1, 'ttW': 1, 'ttH': 1, 'singleTop': 1, 'WJets': 1, 'tttt': 1}]
CMS_TOP24017_eff_trigger_stats_2017 ['shape', {'fakeTau': 0, 'tt': 1, 'ttZ': 1, 'ttW': 1, 'ttH': 1, 'singleTop': 1, 'WJets': 1, 'tttt': 1}]
CMS_TOP24017_ttttSS_eff_trigger_2017 ['shape', {'fakeTau': 0, 'tt': 0, 'ttZ': 0, 'ttW': 0, 'ttH': 0, 'singleTop': 0, 'WJets': 0, 'tttt': 0}]
CMS_fake_t_DeepTau2017v2p1_VSmu_2017 ['shape', {'fakeTau': 0, 'tt': 1, 'ttZ': 1, 'ttW': 1, 'ttH': 1, 'singleTop': 1, 'WJets': 1, 'tttt': 1}]
CMS_fake_t_DeepTau2017v2p1_VSe_2017 ['shape', {'fakeTau': 0, 'tt': 1, 'ttZ': 1, 'ttW': 1, 'ttH': 1, 'singleTop': 1, 'WJets': 1, 'tttt': 1}]
CMS_eff_t_vsJet_stat1_dm0_2017 ['shape', {'fakeTau': 0, 'tt': 1, 'ttZ': 1, 'ttW': 1, 'ttH': 1, 'singleTop': 1, 'WJets': 1, 'tttt': 1}]
CMS_eff_t_vsJet_stat1_dm1_2017 ['shape', {'fakeTau': 0, 'tt': 1, 'ttZ': 1, 'ttW': 1, 'ttH': 1, 'singleTop': 1, 'WJets': 1, 'tttt': 1}]
CMS_eff_t_vsJet_stat1_dm10_2017 ['shape', {'fakeTau': 0, 'tt': 1, 'ttZ': 1, 'ttW': 1, 'ttH': 1, 'singleTop': 1, 'WJets': 1, 'tttt': 1}]
CMS_eff_t_vsJet_stat1_dm11_2017 ['shape', {'fakeTau': 0, 'tt': 1, 'ttZ': 1, 'ttW': 1, 'ttH': 1, 'singleTop': 1, 'WJets': 1, 'tttt': 1}]
CMS_eff_t_vsJet_stat2_dm0_2017 ['shape', {'fakeTau': 0, 'tt': 1, 'ttZ': 1, 'ttW': 1, 'ttH': 1, 'singleTop': 1, 'WJets': 1, 'tttt': 1}]
CMS_eff_t_vsJet_stat2_dm1_2017 ['shape', {'fakeTau': 0, 'tt': 1, 'ttZ': 1, 'ttW': 1, 'ttH': 1, 'singleTop': 1, 'WJets': 1, 'tttt': 1}]
CMS_eff_t_vsJet_stat2_dm10_2017 ['shape', {'fakeTau': 0, 'tt': 1, 'ttZ': 1, 'ttW': 1, 'ttH': 1, 'singleTop': 1, 'WJets': 1, 'tttt': 1}]
CMS_eff_t_vsJet_stat2_dm11_2017 ['shape', {'fakeTau': 0, 'tt': 1, 'ttZ': 1, 'ttW': 1, 'ttH': 1, 'singleTop': 1, 'WJets': 1, 'tttt': 1}]
CMS_eff_t_vsJet_syst_alleras ['shape', {'fakeTau': 0, 'tt': 1, 'ttZ': 1, 'ttW': 1, 'ttH': 1, 'singleTop': 1, 'WJets': 1, 'tttt': 1}]
CMS_eff_t_vsJet_syst_2017 ['shape', {'fakeTau': 0, 'tt': 1, 'ttZ': 1, 'ttW': 1, 'ttH': 1, 'singleTop': 1, 'WJets': 1, 'tttt': 1}]
CMS_eff_t_vsJet_syst_dm0_2017 ['shape', {'fakeTau': 0, 'tt': 1, 'ttZ': 1, 'ttW': 1, 'ttH': 1, 'singleTop': 1, 'WJets': 1, 'tttt': 1}]
CMS_eff_t_vsJet_syst_dm1_2017 ['shape', {'fakeTau': 0, 'tt': 1, 'ttZ': 1, 'ttW': 1, 'ttH': 1, 'singleTop': 1, 'WJets': 1, 'tttt': 1}]
CMS_eff_t_vsJet_syst_dm10_2017 ['shape', {'fakeTau': 0, 'tt': 1, 'ttZ': 1, 'ttW': 1, 'ttH': 1, 'singleTop': 1, 'WJets': 1, 'tttt': 1}]
CMS_eff_t_vsJet_syst_dm11_2017 ['shape', {'fakeTau': 0, 'tt': 1, 'ttZ': 1, 'ttW': 1, 'ttH': 1, 'singleTop': 1, 'WJets': 1, 'tttt': 1}]
CMS_TOP24017_ttttSS_eff_e_syst ['shape', {'fakeTau': 0, 'tt': 0, 'ttZ': 0, 'ttW': 0, 'ttH': 0, 'singleTop': 0, 'WJets': 0, 'tttt': 0}]
CMS_TOP24017_ttttSS_eff_m_syst ['shape', {'fakeTau': 0, 'tt': 0, 'ttZ': 0, 'ttW': 0, 'ttH': 0, 'singleTop': 0, 'WJets': 0, 'tttt': 0}]
CMS_TOP24017_ttttSS_eff_e_stat_2017 ['shape', {'fakeTau': 0, 'tt': 0, 'ttZ': 0, 'ttW': 0, 'ttH': 0, 'singleTop': 0, 'WJets': 0, 'tttt': 0}]
CMS_TOP24017_ttttSS_eff_m_stat_2017 ['shape', {'fakeTau': 0, 'tt': 0, 'ttZ': 0, 'ttW': 0, 'ttH': 0, 'singleTop': 0, 'WJets': 0, 'tttt': 0}]
CMS_eff_e_reco_2017 ['shape', {'fakeTau': 0, 'tt': 0, 'ttZ': 0, 'ttW': 0, 'ttH': 0, 'singleTop': 0, 'WJets': 0, 'tttt': 0}]
CMS_btag_fixedWP_comb_bc_correlated ['shape', {'fakeTau': 0, 'tt': 0, 'ttZ': 0, 'ttW': 0, 'ttH': 0, 'singleTop': 0, 'WJets': 0, 'tttt': 0}]
CMS_btag_fixedWP_comb_bc_uncorrelated_2017 ['shape', {'fakeTau': 0, 'tt': 0, 'ttZ': 0, 'ttW': 0, 'ttH': 0, 'singleTop': 0, 'WJets': 0, 'tttt': 0}]
CMS_btag_fixedWP_incl_light_correlated ['shape', {'fakeTau': 0, 'tt': 0, 'ttZ': 0, 'ttW': 0, 'ttH': 0, 'singleTop': 0, 'WJets': 0, 'tttt': 0}]
CMS_btag_fixedWP_incl_light_uncorrelated_2017 ['shape', {'fakeTau': 0, 'tt': 0, 'ttZ': 0, 'ttW': 0, 'ttH': 0, 'singleTop': 0, 'WJets': 0, 'tttt': 0}]
CMS_btag_fullShape_hf ['shape', {'fakeTau': 0, 'tt': 1, 'ttZ': 1, 'ttW': 1, 'ttH': 1, 'singleTop': 1, 'WJets': 1, 'tttt': 1}]
CMS_btag_fullShape_lf ['shape', {'fakeTau': 0, 'tt': 1, 'ttZ': 1, 'ttW': 1, 'ttH': 1, 'singleTop': 1, 'WJets': 1, 'tttt': 1}]
CMS_btag_fullShape_cferr1 ['shape', {'fakeTau': 0, 'tt': 1, 'ttZ': 1, 'ttW': 1, 'ttH': 1, 'singleTop': 1, 'WJets': 1, 'tttt': 1}]
CMS_btag_fullShape_cferr2 ['shape', {'fakeTau': 0, 'tt': 1, 'ttZ': 1, 'ttW': 1, 'ttH': 1, 'singleTop': 1, 'WJets': 1, 'tttt': 1}]
CMS_btag_fullShape_hfstats1_2017 ['shape', {'fakeTau': 0, 'tt': 1, 'ttZ': 1, 'ttW': 1, 'ttH': 1, 'singleTop': 1, 'WJets': 1, 'tttt': 1}]
CMS_btag_fullShape_hfstats2_2017 ['shape', {'fakeTau': 0, 'tt': 1, 'ttZ': 1, 'ttW': 1, 'ttH': 1, 'singleTop': 1, 'WJets': 1, 'tttt': 1}]
CMS_btag_fullShape_lfstats1_2017 ['shape', {'fakeTau': 0, 'tt': 1, 'ttZ': 1, 'ttW': 1, 'ttH': 1, 'singleTop': 1, 'WJets': 1, 'tttt': 1}]
CMS_btag_fullShape_lfstats2_2017 ['shape', {'fakeTau': 0, 'tt': 1, 'ttZ': 1, 'ttW': 1, 'ttH': 1, 'singleTop': 1, 'WJets': 1, 'tttt': 1}]
CMS_fake_t_2017 ['shape', {'fakeTau': 1, 'tt': 0, 'ttZ': 0, 'ttW': 0, 'ttH': 0, 'singleTop': 0, 'WJets': 0, 'tttt': 0}]
CMS_TOP24017_fake_t_MC ['shape', {'fakeTau': 0, 'tt': 0, 'ttZ': 0, 'ttW': 0, 'ttH': 0, 'singleTop': 0, 'WJets': 0, 'tttt': 0}]
pdf_alphas ['shape', {'fakeTau': 0, 'tt': 1, 'ttZ': 1, 'ttW': 1, 'ttH': 1, 'singleTop': 0, 'WJets': 1, 'tttt': 1}]
pdf_00 ['shape', {'fakeTau': 0, 'tt': 1, 'ttZ': 1, 'ttW': 1, 'ttH': 1, 'singleTop': 1, 'WJets': 1, 'tttt': 1}]
QCDscale_ren ['shape', {'fakeTau': 0, 'tt': 1, 'ttZ': 1, 'ttW': 1, 'ttH': 1, 'singleTop': 1, 'WJets': 1, 'tttt': 1}]
QCDscale_fac ['shape', {'fakeTau': 0, 'tt': 1, 'ttZ': 1, 'ttW': 1, 'ttH': 1, 'singleTop': 1, 'WJets': 1, 'tttt': 1}]
ps_isr ['shape', {'fakeTau': 0, 'tt': 1, 'ttZ': 1, 'ttW': 1, 'ttH': 1, 'singleTop': 1, 'WJets': 1, 'tttt': 1}]
ps_fsr ['shape', {'fakeTau': 0, 'tt': 1, 'ttZ': 1, 'ttW': 1, 'ttH': 1, 'singleTop': 1, 'WJets': 1, 'tttt': 1}]
CMS_scale_j_AbsoluteMPFBias ['shape', {'fakeTau': 0, 'tt': 1, 'ttZ': 1, 'ttW': 1, 'ttH': 1, 'singleTop': 1, 'WJets': 1, 'tttt': 1}]
CMS_scale_j_AbsoluteScale ['shape', {'fakeTau': 0, 'tt': 1, 'ttZ': 1, 'ttW': 1, 'ttH': 1, 'singleTop': 1, 'WJets': 1, 'tttt': 1}]
CMS_scale_j_AbsoluteStat_2017 ['shape', {'fakeTau': 0, 'tt': 1, 'ttZ': 1, 'ttW': 1, 'ttH': 1, 'singleTop': 1, 'WJets': 1, 'tttt': 1}]
CMS_scale_j_Fragmentation ['shape', {'fakeTau': 0, 'tt': 1, 'ttZ': 1, 'ttW': 1, 'ttH': 1, 'singleTop': 1, 'WJets': 1, 'tttt': 1}]
CMS_scale_j_PileUpDataMC ['shape', {'fakeTau': 0, 'tt': 1, 'ttZ': 1, 'ttW': 1, 'ttH': 1, 'singleTop': 1, 'WJets': 1, 'tttt': 1}]
CMS_scale_j_PileUpPtBB ['shape', {'fakeTau': 0, 'tt': 1, 'ttZ': 1, 'ttW': 1, 'ttH': 1, 'singleTop': 1, 'WJets': 1, 'tttt': 1}]
CMS_scale_j_PileUpPtEC1 ['shape', {'fakeTau': 0, 'tt': 1, 'ttZ': 1, 'ttW': 1, 'ttH': 1, 'singleTop': 1, 'WJets': 1, 'tttt': 1}]
CMS_scale_j_PileUpPtEC2 ['shape', {'fakeTau': 0, 'tt': 1, 'ttZ': 1, 'ttW': 1, 'ttH': 1, 'singleTop': 1, 'WJets': 1, 'tttt': 1}]
CMS_scale_j_PileUpPtHF ['shape', {'fakeTau': 0, 'tt': 1, 'ttZ': 1, 'ttW': 1, 'ttH': 1, 'singleTop': 1, 'WJets': 1, 'tttt': 1}]
CMS_scale_j_PileUpPtRef ['shape', {'fakeTau': 0, 'tt': 1, 'ttZ': 1, 'ttW': 1, 'ttH': 1, 'singleTop': 1, 'WJets': 1, 'tttt': 1}]
CMS_scale_j_RelativeFSR ['shape', {'fakeTau': 0, 'tt': 1, 'ttZ': 1, 'ttW': 1, 'ttH': 1, 'singleTop': 1, 'WJets': 1, 'tttt': 1}]
CMS_scale_j_RelativeJEREC1_2017 ['shape', {'fakeTau': 0, 'tt': 1, 'ttZ': 1, 'ttW': 1, 'ttH': 1, 'singleTop': 1, 'WJets': 1, 'tttt': 1}]
CMS_scale_j_RelativeJEREC2_2017 ['shape', {'fakeTau': 0, 'tt': 1, 'ttZ': 1, 'ttW': 1, 'ttH': 1, 'singleTop': 1, 'WJets': 1, 'tttt': 1}]
CMS_scale_j_RelativeJERHF ['shape', {'fakeTau': 0, 'tt': 1, 'ttZ': 1, 'ttW': 1, 'ttH': 1, 'singleTop': 1, 'WJets': 1, 'tttt': 1}]
CMS_scale_j_RelativePtBB ['shape', {'fakeTau': 0, 'tt': 1, 'ttZ': 1, 'ttW': 1, 'ttH': 1, 'singleTop': 1, 'WJets': 1, 'tttt': 1}]
CMS_scale_j_RelativePtEC1_2017 ['shape', {'fakeTau': 0, 'tt': 1, 'ttZ': 1, 'ttW': 1, 'ttH': 1, 'singleTop': 1, 'WJets': 1, 'tttt': 1}]
CMS_scale_j_RelativePtEC2_2017 ['shape', {'fakeTau': 0, 'tt': 1, 'ttZ': 1, 'ttW': 1, 'ttH': 1, 'singleTop': 1, 'WJets': 1, 'tttt': 1}]
CMS_scale_j_RelativePtHF ['shape', {'fakeTau': 0, 'tt': 1, 'ttZ': 1, 'ttW': 1, 'ttH': 1, 'singleTop': 1, 'WJets': 1, 'tttt': 1}]
CMS_scale_j_RelativeBal ['shape', {'fakeTau': 0, 'tt': 1, 'ttZ': 1, 'ttW': 1, 'ttH': 1, 'singleTop': 1, 'WJets': 1, 'tttt': 1}]
CMS_scale_j_RelativeSample_2017 ['shape', {'fakeTau': 0, 'tt': 1, 'ttZ': 1, 'ttW': 1, 'ttH': 1, 'singleTop': 1, 'WJets': 1, 'tttt': 1}]
CMS_scale_j_RelativeStatEC_2017 ['shape', {'fakeTau': 0, 'tt': 1, 'ttZ': 1, 'ttW': 1, 'ttH': 1, 'singleTop': 1, 'WJets': 1, 'tttt': 1}]
CMS_scale_j_RelativeStatFSR_2017 ['shape', {'fakeTau': 0, 'tt': 1, 'ttZ': 1, 'ttW': 1, 'ttH': 1, 'singleTop': 1, 'WJets': 1, 'tttt': 1}]
CMS_scale_j_RelativeStatHF_2017 ['shape', {'fakeTau': 0, 'tt': 1, 'ttZ': 1, 'ttW': 1, 'ttH': 1, 'singleTop': 1, 'WJets': 1, 'tttt': 1}]
CMS_scale_j_SinglePionECAL ['shape', {'fakeTau': 0, 'tt': 1, 'ttZ': 1, 'ttW': 1, 'ttH': 1, 'singleTop': 1, 'WJets': 1, 'tttt': 1}]
CMS_scale_j_SinglePionHCAL ['shape', {'fakeTau': 0, 'tt': 1, 'ttZ': 1, 'ttW': 1, 'ttH': 1, 'singleTop': 1, 'WJets': 1, 'tttt': 1}]
CMS_scale_j_TimePtEta_2017 ['shape', {'fakeTau': 0, 'tt': 1, 'ttZ': 1, 'ttW': 1, 'ttH': 1, 'singleTop': 1, 'WJets': 1, 'tttt': 1}]
CMS_scale_j_FlavorPureGluon ['shape', {'fakeTau': 0, 'tt': 1, 'ttZ': 1, 'ttW': 1, 'ttH': 1, 'singleTop': 1, 'WJets': 1, 'tttt': 1}]
CMS_scale_j_FlavorPureQuark ['shape', {'fakeTau': 0, 'tt': 1, 'ttZ': 1, 'ttW': 1, 'ttH': 1, 'singleTop': 1, 'WJets': 1, 'tttt': 1}]
CMS_scale_j_FlavorPureCharm ['shape', {'fakeTau': 0, 'tt': 1, 'ttZ': 1, 'ttW': 1, 'ttH': 1, 'singleTop': 1, 'WJets': 1, 'tttt': 1}]
CMS_scale_j_FlavorPureBottom ['shape', {'fakeTau': 0, 'tt': 1, 'ttZ': 1, 'ttW': 1, 'ttH': 1, 'singleTop': 1, 'WJets': 1, 'tttt': 1}]
CMS_res_j_2017 ['shape', {'fakeTau': 0, 'tt': 1, 'ttZ': 1, 'ttW': 1, 'ttH': 1, 'singleTop': 1, 'WJets': 1, 'tttt': 1}]
CMS_scale_t_DeepTau2017v2p1_DM0_genTau_2017 ['shape', {'fakeTau': 0, 'tt': 1, 'ttZ': 1, 'ttW': 1, 'ttH': 1, 'singleTop': 1, 'WJets': 1, 'tttt': 1}]
CMS_scale_t_DeepTau2017v2p1_DM1_genTau_2017 ['shape', {'fakeTau': 0, 'tt': 1, 'ttZ': 1, 'ttW': 1, 'ttH': 1, 'singleTop': 1, 'WJets': 1, 'tttt': 1}]
CMS_scale_t_DeepTau2017v2p1_DM10_genTau_2017 ['shape', {'fakeTau': 0, 'tt': 1, 'ttZ': 1, 'ttW': 1, 'ttH': 1, 'singleTop': 1, 'WJets': 1, 'tttt': 1}]
CMS_scale_t_DeepTau2017v2p1_DM11_genTau_2017 ['shape', {'fakeTau': 0, 'tt': 1, 'ttZ': 1, 'ttW': 1, 'ttH': 1, 'singleTop': 1, 'WJets': 1, 'tttt': 1}]
CMS_scale_met_unclustered_energy_2017 ['shape', {'fakeTau': 0, 'tt': 1, 'ttZ': 1, 'ttW': 1, 'ttH': 1, 'singleTop': 1, 'WJets': 1, 'tttt': 1}]
CMS_scale_e_2017 ['shape', {'fakeTau': 0, 'tt': 0, 'ttZ': 0, 'ttW': 0, 'ttH': 0, 'singleTop': 0, 'WJets': 0, 'tttt': 0}]
CMS_pileup ['shape', {'fakeTau': 0, 'tt': 1, 'ttZ': 1, 'ttW': 1, 'ttH': 1, 'singleTop': 1, 'WJets': 1, 'tttt': 1}]
CMS_l1_ecal_prefiring_2017 ['shape', {'fakeTau': 0, 'tt': 1, 'ttZ': 1, 'ttW': 1, 'ttH': 1, 'singleTop': 1, 'WJets': 1, 'tttt': 1}]
CMS_TOP24017_eff_trigger_stats_2017 ['shape', {'fakeTau': 0, 'tt': 1, 'ttZ': 1, 'ttW': 1, 'ttH': 1, 'singleTop': 1, 'WJets': 1, 'tttt': 1}]
CMS_TOP24017_ttttSS_eff_trigger_2017 ['shape', {'fakeTau': 0, 'tt': 0, 'ttZ': 0, 'ttW': 0, 'ttH': 0, 'singleTop': 0, 'WJets': 0, 'tttt': 0}]
CMS_fake_t_DeepTau2017v2p1_VSmu_2017 ['shape', {'fakeTau': 0, 'tt': 1, 'ttZ': 1, 'ttW': 1, 'ttH': 1, 'singleTop': 1, 'WJets': 1, 'tttt': 1}]
CMS_fake_t_DeepTau2017v2p1_VSe_2017 ['shape', {'fakeTau': 0, 'tt': 1, 'ttZ': 1, 'ttW': 1, 'ttH': 1, 'singleTop': 1, 'WJets': 1, 'tttt': 1}]
CMS_eff_t_vsJet_stat1_dm0_2017 ['shape', {'fakeTau': 0, 'tt': 1, 'ttZ': 1, 'ttW': 1, 'ttH': 1, 'singleTop': 1, 'WJets': 1, 'tttt': 1}]
CMS_eff_t_vsJet_stat1_dm1_2017 ['shape', {'fakeTau': 0, 'tt': 1, 'ttZ': 1, 'ttW': 1, 'ttH': 1, 'singleTop': 1, 'WJets': 1, 'tttt': 1}]
CMS_eff_t_vsJet_stat1_dm10_2017 ['shape', {'fakeTau': 0, 'tt': 1, 'ttZ': 1, 'ttW': 1, 'ttH': 1, 'singleTop': 1, 'WJets': 1, 'tttt': 1}]
CMS_eff_t_vsJet_stat1_dm11_2017 ['shape', {'fakeTau': 0, 'tt': 1, 'ttZ': 1, 'ttW': 1, 'ttH': 1, 'singleTop': 1, 'WJets': 1, 'tttt': 1}]
CMS_eff_t_vsJet_stat2_dm0_2017 ['shape', {'fakeTau': 0, 'tt': 1, 'ttZ': 1, 'ttW': 1, 'ttH': 1, 'singleTop': 1, 'WJets': 1, 'tttt': 1}]
CMS_eff_t_vsJet_stat2_dm1_2017 ['shape', {'fakeTau': 0, 'tt': 1, 'ttZ': 1, 'ttW': 1, 'ttH': 1, 'singleTop': 1, 'WJets': 1, 'tttt': 1}]
CMS_eff_t_vsJet_stat2_dm10_2017 ['shape', {'fakeTau': 0, 'tt': 1, 'ttZ': 1, 'ttW': 1, 'ttH': 1, 'singleTop': 1, 'WJets': 1, 'tttt': 1}]
CMS_eff_t_vsJet_stat2_dm11_2017 ['shape', {'fakeTau': 0, 'tt': 1, 'ttZ': 1, 'ttW': 1, 'ttH': 1, 'singleTop': 1, 'WJets': 1, 'tttt': 1}]
CMS_eff_t_vsJet_syst_alleras ['shape', {'fakeTau': 0, 'tt': 1, 'ttZ': 1, 'ttW': 1, 'ttH': 1, 'singleTop': 1, 'WJets': 1, 'tttt': 1}]
CMS_eff_t_vsJet_syst_2017 ['shape', {'fakeTau': 0, 'tt': 1, 'ttZ': 1, 'ttW': 1, 'ttH': 1, 'singleTop': 1, 'WJets': 1, 'tttt': 1}]
CMS_eff_t_vsJet_syst_dm0_2017 ['shape', {'fakeTau': 0, 'tt': 1, 'ttZ': 1, 'ttW': 1, 'ttH': 1, 'singleTop': 1, 'WJets': 1, 'tttt': 1}]
CMS_eff_t_vsJet_syst_dm1_2017 ['shape', {'fakeTau': 0, 'tt': 1, 'ttZ': 1, 'ttW': 1, 'ttH': 1, 'singleTop': 1, 'WJets': 1, 'tttt': 1}]
CMS_eff_t_vsJet_syst_dm10_2017 ['shape', {'fakeTau': 0, 'tt': 1, 'ttZ': 1, 'ttW': 1, 'ttH': 1, 'singleTop': 1, 'WJets': 1, 'tttt': 1}]
CMS_eff_t_vsJet_syst_dm11_2017 ['shape', {'fakeTau': 0, 'tt': 1, 'ttZ': 1, 'ttW': 1, 'ttH': 1, 'singleTop': 1, 'WJets': 1, 'tttt': 1}]
CMS_TOP24017_ttttSS_eff_e_syst ['shape', {'fakeTau': 0, 'tt': 0, 'ttZ': 0, 'ttW': 0, 'ttH': 0, 'singleTop': 0, 'WJets': 0, 'tttt': 0}]
CMS_TOP24017_ttttSS_eff_m_syst ['shape', {'fakeTau': 0, 'tt': 0, 'ttZ': 0, 'ttW': 0, 'ttH': 0, 'singleTop': 0, 'WJets': 0, 'tttt': 0}]
CMS_TOP24017_ttttSS_eff_e_stat_2017 ['shape', {'fakeTau': 0, 'tt': 0, 'ttZ': 0, 'ttW': 0, 'ttH': 0, 'singleTop': 0, 'WJets': 0, 'tttt': 0}]
CMS_TOP24017_ttttSS_eff_m_stat_2017 ['shape', {'fakeTau': 0, 'tt': 0, 'ttZ': 0, 'ttW': 0, 'ttH': 0, 'singleTop': 0, 'WJets': 0, 'tttt': 0}]
CMS_eff_e_reco_2017 ['shape', {'fakeTau': 0, 'tt': 0, 'ttZ': 0, 'ttW': 0, 'ttH': 0, 'singleTop': 0, 'WJets': 0, 'tttt': 0}]
CMS_btag_fixedWP_comb_bc_correlated ['shape', {'fakeTau': 0, 'tt': 0, 'ttZ': 0, 'ttW': 0, 'ttH': 0, 'singleTop': 0, 'WJets': 0, 'tttt': 0}]
CMS_btag_fixedWP_comb_bc_uncorrelated_2017 ['shape', {'fakeTau': 0, 'tt': 0, 'ttZ': 0, 'ttW': 0, 'ttH': 0, 'singleTop': 0, 'WJets': 0, 'tttt': 0}]
CMS_btag_fixedWP_incl_light_correlated ['shape', {'fakeTau': 0, 'tt': 0, 'ttZ': 0, 'ttW': 0, 'ttH': 0, 'singleTop': 0, 'WJets': 0, 'tttt': 0}]
CMS_btag_fixedWP_incl_light_uncorrelated_2017 ['shape', {'fakeTau': 0, 'tt': 0, 'ttZ': 0, 'ttW': 0, 'ttH': 0, 'singleTop': 0, 'WJets': 0, 'tttt': 0}]
CMS_btag_fullShape_hf ['shape', {'fakeTau': 0, 'tt': 1, 'ttZ': 1, 'ttW': 1, 'ttH': 1, 'singleTop': 1, 'WJets': 1, 'tttt': 1}]
CMS_btag_fullShape_lf ['shape', {'fakeTau': 0, 'tt': 1, 'ttZ': 1, 'ttW': 1, 'ttH': 1, 'singleTop': 1, 'WJets': 1, 'tttt': 1}]
CMS_btag_fullShape_cferr1 ['shape', {'fakeTau': 0, 'tt': 1, 'ttZ': 1, 'ttW': 1, 'ttH': 1, 'singleTop': 1, 'WJets': 1, 'tttt': 1}]
CMS_btag_fullShape_cferr2 ['shape', {'fakeTau': 0, 'tt': 1, 'ttZ': 1, 'ttW': 1, 'ttH': 1, 'singleTop': 1, 'WJets': 1, 'tttt': 1}]
CMS_btag_fullShape_hfstats1_2017 ['shape', {'fakeTau': 0, 'tt': 1, 'ttZ': 1, 'ttW': 1, 'ttH': 1, 'singleTop': 1, 'WJets': 1, 'tttt': 1}]
CMS_btag_fullShape_hfstats2_2017 ['shape', {'fakeTau': 0, 'tt': 1, 'ttZ': 1, 'ttW': 1, 'ttH': 1, 'singleTop': 1, 'WJets': 1, 'tttt': 1}]
CMS_btag_fullShape_lfstats1_2017 ['shape', {'fakeTau': 0, 'tt': 1, 'ttZ': 1, 'ttW': 1, 'ttH': 1, 'singleTop': 1, 'WJets': 1, 'tttt': 1}]
CMS_btag_fullShape_lfstats2_2017 ['shape', {'fakeTau': 0, 'tt': 1, 'ttZ': 1, 'ttW': 1, 'ttH': 1, 'singleTop': 1, 'WJets': 1, 'tttt': 1}]
CMS_fake_t_2017 ['shape', {'fakeTau': 1, 'tt': 0, 'ttZ': 0, 'ttW': 0, 'ttH': 0, 'singleTop': 0, 'WJets': 0, 'tttt': 0}]
CMS_TOP24017_fake_t_MC ['shape', {'fakeTau': 0, 'tt': 0, 'ttZ': 0, 'ttW': 0, 'ttH': 0, 'singleTop': 0, 'WJets': 0, 'tttt': 0}]
pdf_alphas ['shape', {'fakeTau': 0, 'tt': 1, 'ttZ': 1, 'ttW': 1, 'ttH': 1, 'singleTop': 0, 'WJets': 1, 'tttt': 1}]
pdf_00 ['shape', {'fakeTau': 0, 'tt': 1, 'ttZ': 1, 'ttW': 1, 'ttH': 1, 'singleTop': 1, 'WJets': 1, 'tttt': 1}]
QCDscale_ren ['shape', {'fakeTau': 0, 'tt': 1, 'ttZ': 1, 'ttW': 1, 'ttH': 1, 'singleTop': 1, 'WJets': 1, 'tttt': 1}]
QCDscale_fac ['shape', {'fakeTau': 0, 'tt': 1, 'ttZ': 1, 'ttW': 1, 'ttH': 1, 'singleTop': 1, 'WJets': 1, 'tttt': 1}]
ps_isr ['shape', {'fakeTau': 0, 'tt': 1, 'ttZ': 1, 'ttW': 1, 'ttH': 1, 'singleTop': 1, 'WJets': 1, 'tttt': 1}]
ps_fsr ['shape', {'fakeTau': 0, 'tt': 1, 'ttZ': 1, 'ttW': 1, 'ttH': 1, 'singleTop': 1, 'WJets': 1, 'tttt': 1}]
CMS_scale_j_AbsoluteMPFBias ['shape', {'fakeTau': 0, 'tt': 1, 'ttZ': 1, 'ttW': 1, 'ttH': 1, 'singleTop': 1, 'WJets': 1, 'tttt': 1}]
CMS_scale_j_AbsoluteScale ['shape', {'fakeTau': 0, 'tt': 1, 'ttZ': 1, 'ttW': 1, 'ttH': 1, 'singleTop': 1, 'WJets': 1, 'tttt': 1}]
CMS_scale_j_AbsoluteStat_2017 ['shape', {'fakeTau': 0, 'tt': 1, 'ttZ': 1, 'ttW': 1, 'ttH': 1, 'singleTop': 1, 'WJets': 1, 'tttt': 1}]
CMS_scale_j_Fragmentation ['shape', {'fakeTau': 0, 'tt': 1, 'ttZ': 1, 'ttW': 1, 'ttH': 1, 'singleTop': 1, 'WJets': 1, 'tttt': 1}]
CMS_scale_j_PileUpDataMC ['shape', {'fakeTau': 0, 'tt': 1, 'ttZ': 1, 'ttW': 1, 'ttH': 1, 'singleTop': 1, 'WJets': 1, 'tttt': 1}]
CMS_scale_j_PileUpPtBB ['shape', {'fakeTau': 0, 'tt': 1, 'ttZ': 1, 'ttW': 1, 'ttH': 1, 'singleTop': 1, 'WJets': 1, 'tttt': 1}]
CMS_scale_j_PileUpPtEC1 ['shape', {'fakeTau': 0, 'tt': 1, 'ttZ': 1, 'ttW': 1, 'ttH': 1, 'singleTop': 1, 'WJets': 1, 'tttt': 1}]
CMS_scale_j_PileUpPtEC2 ['shape', {'fakeTau': 0, 'tt': 1, 'ttZ': 1, 'ttW': 1, 'ttH': 1, 'singleTop': 1, 'WJets': 1, 'tttt': 1}]
CMS_scale_j_PileUpPtHF ['shape', {'fakeTau': 0, 'tt': 1, 'ttZ': 1, 'ttW': 1, 'ttH': 1, 'singleTop': 1, 'WJets': 1, 'tttt': 1}]
CMS_scale_j_PileUpPtRef ['shape', {'fakeTau': 0, 'tt': 1, 'ttZ': 1, 'ttW': 1, 'ttH': 1, 'singleTop': 1, 'WJets': 1, 'tttt': 1}]
CMS_scale_j_RelativeFSR ['shape', {'fakeTau': 0, 'tt': 1, 'ttZ': 1, 'ttW': 1, 'ttH': 1, 'singleTop': 1, 'WJets': 1, 'tttt': 1}]
CMS_scale_j_RelativeJEREC1_2017 ['shape', {'fakeTau': 0, 'tt': 1, 'ttZ': 1, 'ttW': 1, 'ttH': 1, 'singleTop': 1, 'WJets': 1, 'tttt': 1}]
CMS_scale_j_RelativeJEREC2_2017 ['shape', {'fakeTau': 0, 'tt': 1, 'ttZ': 1, 'ttW': 1, 'ttH': 1, 'singleTop': 1, 'WJets': 1, 'tttt': 1}]
CMS_scale_j_RelativeJERHF ['shape', {'fakeTau': 0, 'tt': 1, 'ttZ': 1, 'ttW': 1, 'ttH': 1, 'singleTop': 1, 'WJets': 1, 'tttt': 1}]
CMS_scale_j_RelativePtBB ['shape', {'fakeTau': 0, 'tt': 1, 'ttZ': 1, 'ttW': 1, 'ttH': 1, 'singleTop': 1, 'WJets': 1, 'tttt': 1}]
CMS_scale_j_RelativePtEC1_2017 ['shape', {'fakeTau': 0, 'tt': 1, 'ttZ': 1, 'ttW': 1, 'ttH': 1, 'singleTop': 1, 'WJets': 1, 'tttt': 1}]
CMS_scale_j_RelativePtEC2_2017 ['shape', {'fakeTau': 0, 'tt': 1, 'ttZ': 1, 'ttW': 1, 'ttH': 1, 'singleTop': 1, 'WJets': 1, 'tttt': 1}]
CMS_scale_j_RelativePtHF ['shape', {'fakeTau': 0, 'tt': 1, 'ttZ': 1, 'ttW': 1, 'ttH': 1, 'singleTop': 1, 'WJets': 1, 'tttt': 1}]
CMS_scale_j_RelativeBal ['shape', {'fakeTau': 0, 'tt': 1, 'ttZ': 1, 'ttW': 1, 'ttH': 1, 'singleTop': 1, 'WJets': 1, 'tttt': 1}]
CMS_scale_j_RelativeSample_2017 ['shape', {'fakeTau': 0, 'tt': 1, 'ttZ': 1, 'ttW': 1, 'ttH': 1, 'singleTop': 1, 'WJets': 1, 'tttt': 1}]
CMS_scale_j_RelativeStatEC_2017 ['shape', {'fakeTau': 0, 'tt': 1, 'ttZ': 1, 'ttW': 1, 'ttH': 1, 'singleTop': 1, 'WJets': 1, 'tttt': 1}]
CMS_scale_j_RelativeStatFSR_2017 ['shape', {'fakeTau': 0, 'tt': 1, 'ttZ': 1, 'ttW': 1, 'ttH': 1, 'singleTop': 1, 'WJets': 1, 'tttt': 1}]
CMS_scale_j_RelativeStatHF_2017 ['shape', {'fakeTau': 0, 'tt': 1, 'ttZ': 1, 'ttW': 1, 'ttH': 1, 'singleTop': 1, 'WJets': 1, 'tttt': 1}]
CMS_scale_j_SinglePionECAL ['shape', {'fakeTau': 0, 'tt': 1, 'ttZ': 1, 'ttW': 1, 'ttH': 1, 'singleTop': 1, 'WJets': 1, 'tttt': 1}]
CMS_scale_j_SinglePionHCAL ['shape', {'fakeTau': 0, 'tt': 1, 'ttZ': 1, 'ttW': 1, 'ttH': 1, 'singleTop': 1, 'WJets': 1, 'tttt': 1}]
CMS_scale_j_TimePtEta_2017 ['shape', {'fakeTau': 0, 'tt': 1, 'ttZ': 1, 'ttW': 1, 'ttH': 1, 'singleTop': 1, 'WJets': 1, 'tttt': 1}]
CMS_scale_j_FlavorPureGluon ['shape', {'fakeTau': 0, 'tt': 1, 'ttZ': 1, 'ttW': 1, 'ttH': 1, 'singleTop': 1, 'WJets': 1, 'tttt': 1}]
CMS_scale_j_FlavorPureQuark ['shape', {'fakeTau': 0, 'tt': 1, 'ttZ': 1, 'ttW': 1, 'ttH': 1, 'singleTop': 1, 'WJets': 1, 'tttt': 1}]
CMS_scale_j_FlavorPureCharm ['shape', {'fakeTau': 0, 'tt': 1, 'ttZ': 1, 'ttW': 1, 'ttH': 1, 'singleTop': 1, 'WJets': 1, 'tttt': 1}]
CMS_scale_j_FlavorPureBottom ['shape', {'fakeTau': 0, 'tt': 1, 'ttZ': 1, 'ttW': 1, 'ttH': 1, 'singleTop': 1, 'WJets': 1, 'tttt': 1}]
CMS_res_j_2017 ['shape', {'fakeTau': 0, 'tt': 1, 'ttZ': 1, 'ttW': 1, 'ttH': 1, 'singleTop': 1, 'WJets': 1, 'tttt': 1}]
CMS_scale_t_DeepTau2017v2p1_DM0_genTau_2017 ['shape', {'fakeTau': 0, 'tt': 1, 'ttZ': 1, 'ttW': 1, 'ttH': 1, 'singleTop': 1, 'WJets': 1, 'tttt': 1}]
CMS_scale_t_DeepTau2017v2p1_DM1_genTau_2017 ['shape', {'fakeTau': 0, 'tt': 1, 'ttZ': 1, 'ttW': 1, 'ttH': 1, 'singleTop': 1, 'WJets': 1, 'tttt': 1}]
CMS_scale_t_DeepTau2017v2p1_DM10_genTau_2017 ['shape', {'fakeTau': 0, 'tt': 1, 'ttZ': 1, 'ttW': 1, 'ttH': 1, 'singleTop': 1, 'WJets': 1, 'tttt': 1}]
CMS_scale_t_DeepTau2017v2p1_DM11_genTau_2017 ['shape', {'fakeTau': 0, 'tt': 1, 'ttZ': 1, 'ttW': 1, 'ttH': 1, 'singleTop': 1, 'WJets': 1, 'tttt': 1}]
CMS_scale_met_unclustered_energy_2017 ['shape', {'fakeTau': 0, 'tt': 1, 'ttZ': 1, 'ttW': 1, 'ttH': 1, 'singleTop': 1, 'WJets': 1, 'tttt': 1}]
CMS_scale_e_2017 ['shape', {'fakeTau': 0, 'tt': 0, 'ttZ': 0, 'ttW': 0, 'ttH': 0, 'singleTop': 0, 'WJets': 0, 'tttt': 0}]
CMS_pileup ['shape', {'fakeTau': 0, 'tt': 1, 'ttZ': 1, 'ttW': 1, 'ttH': 1, 'singleTop': 1, 'WJets': 1, 'tttt': 1}]
CMS_l1_ecal_prefiring_2017 ['shape', {'fakeTau': 0, 'tt': 1, 'ttZ': 1, 'ttW': 1, 'ttH': 1, 'singleTop': 1, 'WJets': 1, 'tttt': 1}]
CMS_TOP24017_eff_trigger_stats_2017 ['shape', {'fakeTau': 0, 'tt': 1, 'ttZ': 1, 'ttW': 1, 'ttH': 1, 'singleTop': 1, 'WJets': 1, 'tttt': 1}]
CMS_TOP24017_ttttSS_eff_trigger_2017 ['shape', {'fakeTau': 0, 'tt': 0, 'ttZ': 0, 'ttW': 0, 'ttH': 0, 'singleTop': 0, 'WJets': 0, 'tttt': 0}]
CMS_fake_t_DeepTau2017v2p1_VSmu_2017 ['shape', {'fakeTau': 0, 'tt': 1, 'ttZ': 1, 'ttW': 1, 'ttH': 1, 'singleTop': 1, 'WJets': 1, 'tttt': 1}]
CMS_fake_t_DeepTau2017v2p1_VSe_2017 ['shape', {'fakeTau': 0, 'tt': 1, 'ttZ': 1, 'ttW': 1, 'ttH': 1, 'singleTop': 1, 'WJets': 1, 'tttt': 1}]
CMS_eff_t_vsJet_stat1_dm0_2017 ['shape', {'fakeTau': 0, 'tt': 1, 'ttZ': 1, 'ttW': 1, 'ttH': 1, 'singleTop': 1, 'WJets': 1, 'tttt': 1}]
CMS_eff_t_vsJet_stat1_dm1_2017 ['shape', {'fakeTau': 0, 'tt': 1, 'ttZ': 1, 'ttW': 1, 'ttH': 1, 'singleTop': 1, 'WJets': 1, 'tttt': 1}]
CMS_eff_t_vsJet_stat1_dm10_2017 ['shape', {'fakeTau': 0, 'tt': 1, 'ttZ': 1, 'ttW': 1, 'ttH': 1, 'singleTop': 1, 'WJets': 1, 'tttt': 1}]
CMS_eff_t_vsJet_stat1_dm11_2017 ['shape', {'fakeTau': 0, 'tt': 1, 'ttZ': 1, 'ttW': 1, 'ttH': 1, 'singleTop': 1, 'WJets': 1, 'tttt': 1}]
CMS_eff_t_vsJet_stat2_dm0_2017 ['shape', {'fakeTau': 0, 'tt': 1, 'ttZ': 1, 'ttW': 1, 'ttH': 1, 'singleTop': 1, 'WJets': 1, 'tttt': 1}]
CMS_eff_t_vsJet_stat2_dm1_2017 ['shape', {'fakeTau': 0, 'tt': 1, 'ttZ': 1, 'ttW': 1, 'ttH': 1, 'singleTop': 1, 'WJets': 1, 'tttt': 1}]
CMS_eff_t_vsJet_stat2_dm10_2017 ['shape', {'fakeTau': 0, 'tt': 1, 'ttZ': 1, 'ttW': 1, 'ttH': 1, 'singleTop': 1, 'WJets': 1, 'tttt': 1}]
CMS_eff_t_vsJet_stat2_dm11_2017 ['shape', {'fakeTau': 0, 'tt': 1, 'ttZ': 1, 'ttW': 1, 'ttH': 1, 'singleTop': 1, 'WJets': 1, 'tttt': 1}]
CMS_eff_t_vsJet_syst_alleras ['shape', {'fakeTau': 0, 'tt': 1, 'ttZ': 1, 'ttW': 1, 'ttH': 1, 'singleTop': 1, 'WJets': 1, 'tttt': 1}]
CMS_eff_t_vsJet_syst_2017 ['shape', {'fakeTau': 0, 'tt': 1, 'ttZ': 1, 'ttW': 1, 'ttH': 1, 'singleTop': 1, 'WJets': 1, 'tttt': 1}]
CMS_eff_t_vsJet_syst_dm0_2017 ['shape', {'fakeTau': 0, 'tt': 1, 'ttZ': 1, 'ttW': 1, 'ttH': 1, 'singleTop': 1, 'WJets': 1, 'tttt': 1}]
CMS_eff_t_vsJet_syst_dm1_2017 ['shape', {'fakeTau': 0, 'tt': 1, 'ttZ': 1, 'ttW': 1, 'ttH': 1, 'singleTop': 1, 'WJets': 1, 'tttt': 1}]
CMS_eff_t_vsJet_syst_dm10_2017 ['shape', {'fakeTau': 0, 'tt': 1, 'ttZ': 1, 'ttW': 1, 'ttH': 1, 'singleTop': 1, 'WJets': 1, 'tttt': 1}]
CMS_eff_t_vsJet_syst_dm11_2017 ['shape', {'fakeTau': 0, 'tt': 1, 'ttZ': 1, 'ttW': 1, 'ttH': 1, 'singleTop': 1, 'WJets': 1, 'tttt': 1}]
CMS_TOP24017_ttttSS_eff_e_syst ['shape', {'fakeTau': 0, 'tt': 0, 'ttZ': 0, 'ttW': 0, 'ttH': 0, 'singleTop': 0, 'WJets': 0, 'tttt': 0}]
CMS_TOP24017_ttttSS_eff_m_syst ['shape', {'fakeTau': 0, 'tt': 0, 'ttZ': 0, 'ttW': 0, 'ttH': 0, 'singleTop': 0, 'WJets': 0, 'tttt': 0}]
CMS_TOP24017_ttttSS_eff_e_stat_2017 ['shape', {'fakeTau': 0, 'tt': 0, 'ttZ': 0, 'ttW': 0, 'ttH': 0, 'singleTop': 0, 'WJets': 0, 'tttt': 0}]
CMS_TOP24017_ttttSS_eff_m_stat_2017 ['shape', {'fakeTau': 0, 'tt': 0, 'ttZ': 0, 'ttW': 0, 'ttH': 0, 'singleTop': 0, 'WJets': 0, 'tttt': 0}]
CMS_eff_e_reco_2017 ['shape', {'fakeTau': 0, 'tt': 0, 'ttZ': 0, 'ttW': 0, 'ttH': 0, 'singleTop': 0, 'WJets': 0, 'tttt': 0}]
CMS_btag_fixedWP_comb_bc_correlated ['shape', {'fakeTau': 0, 'tt': 0, 'ttZ': 0, 'ttW': 0, 'ttH': 0, 'singleTop': 0, 'WJets': 0, 'tttt': 0}]
CMS_btag_fixedWP_comb_bc_uncorrelated_2017 ['shape', {'fakeTau': 0, 'tt': 0, 'ttZ': 0, 'ttW': 0, 'ttH': 0, 'singleTop': 0, 'WJets': 0, 'tttt': 0}]
CMS_btag_fixedWP_incl_light_correlated ['shape', {'fakeTau': 0, 'tt': 0, 'ttZ': 0, 'ttW': 0, 'ttH': 0, 'singleTop': 0, 'WJets': 0, 'tttt': 0}]
CMS_btag_fixedWP_incl_light_uncorrelated_2017 ['shape', {'fakeTau': 0, 'tt': 0, 'ttZ': 0, 'ttW': 0, 'ttH': 0, 'singleTop': 0, 'WJets': 0, 'tttt': 0}]
CMS_btag_fullShape_hf ['shape', {'fakeTau': 0, 'tt': 1, 'ttZ': 1, 'ttW': 1, 'ttH': 1, 'singleTop': 1, 'WJets': 1, 'tttt': 1}]
CMS_btag_fullShape_lf ['shape', {'fakeTau': 0, 'tt': 1, 'ttZ': 1, 'ttW': 1, 'ttH': 1, 'singleTop': 1, 'WJets': 1, 'tttt': 1}]
CMS_btag_fullShape_cferr1 ['shape', {'fakeTau': 0, 'tt': 1, 'ttZ': 1, 'ttW': 1, 'ttH': 1, 'singleTop': 1, 'WJets': 1, 'tttt': 1}]
CMS_btag_fullShape_cferr2 ['shape', {'fakeTau': 0, 'tt': 1, 'ttZ': 1, 'ttW': 1, 'ttH': 1, 'singleTop': 1, 'WJets': 1, 'tttt': 1}]
CMS_btag_fullShape_hfstats1_2017 ['shape', {'fakeTau': 0, 'tt': 1, 'ttZ': 1, 'ttW': 1, 'ttH': 1, 'singleTop': 1, 'WJets': 1, 'tttt': 1}]
CMS_btag_fullShape_hfstats2_2017 ['shape', {'fakeTau': 0, 'tt': 1, 'ttZ': 1, 'ttW': 1, 'ttH': 1, 'singleTop': 1, 'WJets': 1, 'tttt': 1}]
CMS_btag_fullShape_lfstats1_2017 ['shape', {'fakeTau': 0, 'tt': 1, 'ttZ': 1, 'ttW': 1, 'ttH': 1, 'singleTop': 1, 'WJets': 1, 'tttt': 1}]
CMS_btag_fullShape_lfstats2_2017 ['shape', {'fakeTau': 0, 'tt': 1, 'ttZ': 1, 'ttW': 1, 'ttH': 1, 'singleTop': 1, 'WJets': 1, 'tttt': 1}]
CMS_fake_t_2017 ['shape', {'fakeTau': 1, 'tt': 0, 'ttZ': 0, 'ttW': 0, 'ttH': 0, 'singleTop': 0, 'WJets': 0, 'tttt': 0}]
CMS_TOP24017_fake_t_MC ['shape', {'fakeTau': 0, 'tt': 0, 'ttZ': 0, 'ttW': 0, 'ttH': 0, 'singleTop': 0, 'WJets': 0, 'tttt': 0}]
pdf_alphas ['shape', {'fakeTau': 0, 'tt': 1, 'ttZ': 1, 'ttW': 1, 'ttH': 1, 'singleTop': 0, 'WJets': 1, 'tttt': 1}]
pdf_00 ['shape', {'fakeTau': 0, 'tt': 1, 'ttZ': 1, 'ttW': 1, 'ttH': 1, 'singleTop': 1, 'WJets': 1, 'tttt': 1}]
QCDscale_ren ['shape', {'fakeTau': 0, 'tt': 1, 'ttZ': 1, 'ttW': 1, 'ttH': 1, 'singleTop': 1, 'WJets': 1, 'tttt': 1}]
QCDscale_fac ['shape', {'fakeTau': 0, 'tt': 1, 'ttZ': 1, 'ttW': 1, 'ttH': 1, 'singleTop': 1, 'WJets': 1, 'tttt': 1}]
ps_isr ['shape', {'fakeTau': 0, 'tt': 1, 'ttZ': 1, 'ttW': 1, 'ttH': 1, 'singleTop': 1, 'WJets': 1, 'tttt': 1}]
ps_fsr ['shape', {'fakeTau': 0, 'tt': 1, 'ttZ': 1, 'ttW': 1, 'ttH': 1, 'singleTop': 1, 'WJets': 1, 'tttt': 1}]
CMS_scale_j_AbsoluteMPFBias ['shape', {'fakeTau': 0, 'tt': 1, 'ttZ': 1, 'ttW': 1, 'ttH': 1, 'singleTop': 1, 'WJets': 1, 'tttt': 1}]
CMS_scale_j_AbsoluteScale ['shape', {'fakeTau': 0, 'tt': 1, 'ttZ': 1, 'ttW': 1, 'ttH': 1, 'singleTop': 1, 'WJets': 1, 'tttt': 1}]
CMS_scale_j_AbsoluteStat_2017 ['shape', {'fakeTau': 0, 'tt': 1, 'ttZ': 1, 'ttW': 1, 'ttH': 1, 'singleTop': 1, 'WJets': 1, 'tttt': 1}]
CMS_scale_j_Fragmentation ['shape', {'fakeTau': 0, 'tt': 1, 'ttZ': 1, 'ttW': 1, 'ttH': 1, 'singleTop': 1, 'WJets': 1, 'tttt': 1}]
CMS_scale_j_PileUpDataMC ['shape', {'fakeTau': 0, 'tt': 1, 'ttZ': 1, 'ttW': 1, 'ttH': 1, 'singleTop': 1, 'WJets': 1, 'tttt': 1}]
CMS_scale_j_PileUpPtBB ['shape', {'fakeTau': 0, 'tt': 1, 'ttZ': 1, 'ttW': 1, 'ttH': 1, 'singleTop': 1, 'WJets': 1, 'tttt': 1}]
CMS_scale_j_PileUpPtEC1 ['shape', {'fakeTau': 0, 'tt': 1, 'ttZ': 1, 'ttW': 1, 'ttH': 1, 'singleTop': 1, 'WJets': 1, 'tttt': 1}]
CMS_scale_j_PileUpPtEC2 ['shape', {'fakeTau': 0, 'tt': 1, 'ttZ': 1, 'ttW': 1, 'ttH': 1, 'singleTop': 1, 'WJets': 1, 'tttt': 1}]
CMS_scale_j_PileUpPtHF ['shape', {'fakeTau': 0, 'tt': 1, 'ttZ': 1, 'ttW': 1, 'ttH': 1, 'singleTop': 1, 'WJets': 1, 'tttt': 1}]
CMS_scale_j_PileUpPtRef ['shape', {'fakeTau': 0, 'tt': 1, 'ttZ': 1, 'ttW': 1, 'ttH': 1, 'singleTop': 1, 'WJets': 1, 'tttt': 1}]
CMS_scale_j_RelativeFSR ['shape', {'fakeTau': 0, 'tt': 1, 'ttZ': 1, 'ttW': 1, 'ttH': 1, 'singleTop': 1, 'WJets': 1, 'tttt': 1}]
CMS_scale_j_RelativeJEREC1_2017 ['shape', {'fakeTau': 0, 'tt': 1, 'ttZ': 1, 'ttW': 1, 'ttH': 1, 'singleTop': 1, 'WJets': 1, 'tttt': 1}]
CMS_scale_j_RelativeJEREC2_2017 ['shape', {'fakeTau': 0, 'tt': 1, 'ttZ': 1, 'ttW': 1, 'ttH': 1, 'singleTop': 1, 'WJets': 1, 'tttt': 1}]
CMS_scale_j_RelativeJERHF ['shape', {'fakeTau': 0, 'tt': 1, 'ttZ': 1, 'ttW': 1, 'ttH': 1, 'singleTop': 1, 'WJets': 1, 'tttt': 1}]
CMS_scale_j_RelativePtBB ['shape', {'fakeTau': 0, 'tt': 1, 'ttZ': 1, 'ttW': 1, 'ttH': 1, 'singleTop': 1, 'WJets': 1, 'tttt': 1}]
CMS_scale_j_RelativePtEC1_2017 ['shape', {'fakeTau': 0, 'tt': 1, 'ttZ': 1, 'ttW': 1, 'ttH': 1, 'singleTop': 1, 'WJets': 1, 'tttt': 1}]
CMS_scale_j_RelativePtEC2_2017 ['shape', {'fakeTau': 0, 'tt': 1, 'ttZ': 1, 'ttW': 1, 'ttH': 1, 'singleTop': 1, 'WJets': 1, 'tttt': 1}]
CMS_scale_j_RelativePtHF ['shape', {'fakeTau': 0, 'tt': 1, 'ttZ': 1, 'ttW': 1, 'ttH': 1, 'singleTop': 1, 'WJets': 1, 'tttt': 1}]
CMS_scale_j_RelativeBal ['shape', {'fakeTau': 0, 'tt': 1, 'ttZ': 1, 'ttW': 1, 'ttH': 1, 'singleTop': 1, 'WJets': 1, 'tttt': 1}]
CMS_scale_j_RelativeSample_2017 ['shape', {'fakeTau': 0, 'tt': 1, 'ttZ': 1, 'ttW': 1, 'ttH': 1, 'singleTop': 1, 'WJets': 1, 'tttt': 1}]
CMS_scale_j_RelativeStatEC_2017 ['shape', {'fakeTau': 0, 'tt': 1, 'ttZ': 1, 'ttW': 1, 'ttH': 1, 'singleTop': 1, 'WJets': 1, 'tttt': 1}]
CMS_scale_j_RelativeStatFSR_2017 ['shape', {'fakeTau': 0, 'tt': 1, 'ttZ': 1, 'ttW': 1, 'ttH': 1, 'singleTop': 1, 'WJets': 1, 'tttt': 1}]
CMS_scale_j_RelativeStatHF_2017 ['shape', {'fakeTau': 0, 'tt': 1, 'ttZ': 1, 'ttW': 1, 'ttH': 1, 'singleTop': 1, 'WJets': 1, 'tttt': 1}]
CMS_scale_j_SinglePionECAL ['shape', {'fakeTau': 0, 'tt': 1, 'ttZ': 1, 'ttW': 1, 'ttH': 1, 'singleTop': 1, 'WJets': 1, 'tttt': 1}]
CMS_scale_j_SinglePionHCAL ['shape', {'fakeTau': 0, 'tt': 1, 'ttZ': 1, 'ttW': 1, 'ttH': 1, 'singleTop': 1, 'WJets': 1, 'tttt': 1}]
CMS_scale_j_TimePtEta_2017 ['shape', {'fakeTau': 0, 'tt': 1, 'ttZ': 1, 'ttW': 1, 'ttH': 1, 'singleTop': 1, 'WJets': 1, 'tttt': 1}]
CMS_scale_j_FlavorPureGluon ['shape', {'fakeTau': 0, 'tt': 1, 'ttZ': 1, 'ttW': 1, 'ttH': 1, 'singleTop': 1, 'WJets': 1, 'tttt': 1}]
CMS_scale_j_FlavorPureQuark ['shape', {'fakeTau': 0, 'tt': 1, 'ttZ': 1, 'ttW': 1, 'ttH': 1, 'singleTop': 1, 'WJets': 1, 'tttt': 1}]
CMS_scale_j_FlavorPureCharm ['shape', {'fakeTau': 0, 'tt': 1, 'ttZ': 1, 'ttW': 1, 'ttH': 1, 'singleTop': 1, 'WJets': 1, 'tttt': 1}]
CMS_scale_j_FlavorPureBottom ['shape', {'fakeTau': 0, 'tt': 1, 'ttZ': 1, 'ttW': 1, 'ttH': 1, 'singleTop': 1, 'WJets': 1, 'tttt': 1}]
CMS_res_j_2017 ['shape', {'fakeTau': 0, 'tt': 1, 'ttZ': 1, 'ttW': 1, 'ttH': 1, 'singleTop': 1, 'WJets': 1, 'tttt': 1}]
CMS_scale_t_DeepTau2017v2p1_DM0_genTau_2017 ['shape', {'fakeTau': 0, 'tt': 1, 'ttZ': 1, 'ttW': 1, 'ttH': 1, 'singleTop': 1, 'WJets': 1, 'tttt': 1}]
CMS_scale_t_DeepTau2017v2p1_DM1_genTau_2017 ['shape', {'fakeTau': 0, 'tt': 1, 'ttZ': 1, 'ttW': 1, 'ttH': 1, 'singleTop': 1, 'WJets': 1, 'tttt': 1}]
CMS_scale_t_DeepTau2017v2p1_DM10_genTau_2017 ['shape', {'fakeTau': 0, 'tt': 1, 'ttZ': 1, 'ttW': 1, 'ttH': 1, 'singleTop': 1, 'WJets': 1, 'tttt': 1}]
CMS_scale_t_DeepTau2017v2p1_DM11_genTau_2017 ['shape', {'fakeTau': 0, 'tt': 1, 'ttZ': 1, 'ttW': 1, 'ttH': 1, 'singleTop': 1, 'WJets': 1, 'tttt': 1}]
CMS_scale_met_unclustered_energy_2017 ['shape', {'fakeTau': 0, 'tt': 1, 'ttZ': 1, 'ttW': 1, 'ttH': 1, 'singleTop': 1, 'WJets': 1, 'tttt': 1}]
CMS_scale_e_2017 ['shape', {'fakeTau': 0, 'tt': 0, 'ttZ': 0, 'ttW': 0, 'ttH': 0, 'singleTop': 0, 'WJets': 0, 'tttt': 0}]
CMS_pileup ['shape', {'fakeTau': 0, 'tt': 1, 'ttZ': 1, 'ttW': 1, 'ttH': 1, 'singleTop': 1, 'WJets': 1, 'tttt': 1}]
CMS_l1_ecal_prefiring_2017 ['shape', {'fakeTau': 0, 'tt': 1, 'ttZ': 1, 'ttW': 1, 'ttH': 1, 'singleTop': 1, 'WJets': 1, 'tttt': 1}]
CMS_TOP24017_eff_trigger_stats_2017 ['shape', {'fakeTau': 0, 'tt': 1, 'ttZ': 1, 'ttW': 1, 'ttH': 1, 'singleTop': 1, 'WJets': 1, 'tttt': 1}]
CMS_TOP24017_ttttSS_eff_trigger_2017 ['shape', {'fakeTau': 0, 'tt': 0, 'ttZ': 0, 'ttW': 0, 'ttH': 0, 'singleTop': 0, 'WJets': 0, 'tttt': 0}]
CMS_fake_t_DeepTau2017v2p1_VSmu_2017 ['shape', {'fakeTau': 0, 'tt': 1, 'ttZ': 1, 'ttW': 1, 'ttH': 1, 'singleTop': 1, 'WJets': 1, 'tttt': 1}]
CMS_fake_t_DeepTau2017v2p1_VSe_2017 ['shape', {'fakeTau': 0, 'tt': 1, 'ttZ': 1, 'ttW': 1, 'ttH': 1, 'singleTop': 1, 'WJets': 1, 'tttt': 1}]
CMS_eff_t_vsJet_stat1_dm0_2017 ['shape', {'fakeTau': 0, 'tt': 1, 'ttZ': 1, 'ttW': 1, 'ttH': 1, 'singleTop': 1, 'WJets': 1, 'tttt': 1}]
CMS_eff_t_vsJet_stat1_dm1_2017 ['shape', {'fakeTau': 0, 'tt': 1, 'ttZ': 1, 'ttW': 1, 'ttH': 1, 'singleTop': 1, 'WJets': 1, 'tttt': 1}]
CMS_eff_t_vsJet_stat1_dm10_2017 ['shape', {'fakeTau': 0, 'tt': 1, 'ttZ': 1, 'ttW': 1, 'ttH': 1, 'singleTop': 1, 'WJets': 1, 'tttt': 1}]
CMS_eff_t_vsJet_stat1_dm11_2017 ['shape', {'fakeTau': 0, 'tt': 1, 'ttZ': 1, 'ttW': 1, 'ttH': 1, 'singleTop': 1, 'WJets': 1, 'tttt': 1}]
CMS_eff_t_vsJet_stat2_dm0_2017 ['shape', {'fakeTau': 0, 'tt': 1, 'ttZ': 1, 'ttW': 1, 'ttH': 1, 'singleTop': 1, 'WJets': 1, 'tttt': 1}]
CMS_eff_t_vsJet_stat2_dm1_2017 ['shape', {'fakeTau': 0, 'tt': 1, 'ttZ': 1, 'ttW': 1, 'ttH': 1, 'singleTop': 1, 'WJets': 1, 'tttt': 1}]
CMS_eff_t_vsJet_stat2_dm10_2017 ['shape', {'fakeTau': 0, 'tt': 1, 'ttZ': 1, 'ttW': 1, 'ttH': 1, 'singleTop': 1, 'WJets': 1, 'tttt': 1}]
CMS_eff_t_vsJet_stat2_dm11_2017 ['shape', {'fakeTau': 0, 'tt': 1, 'ttZ': 1, 'ttW': 1, 'ttH': 1, 'singleTop': 1, 'WJets': 1, 'tttt': 1}]
CMS_eff_t_vsJet_syst_alleras ['shape', {'fakeTau': 0, 'tt': 1, 'ttZ': 1, 'ttW': 1, 'ttH': 1, 'singleTop': 1, 'WJets': 1, 'tttt': 1}]
CMS_eff_t_vsJet_syst_2017 ['shape', {'fakeTau': 0, 'tt': 1, 'ttZ': 1, 'ttW': 1, 'ttH': 1, 'singleTop': 1, 'WJets': 1, 'tttt': 1}]
CMS_eff_t_vsJet_syst_dm0_2017 ['shape', {'fakeTau': 0, 'tt': 1, 'ttZ': 1, 'ttW': 1, 'ttH': 1, 'singleTop': 1, 'WJets': 1, 'tttt': 1}]
CMS_eff_t_vsJet_syst_dm1_2017 ['shape', {'fakeTau': 0, 'tt': 1, 'ttZ': 1, 'ttW': 1, 'ttH': 1, 'singleTop': 1, 'WJets': 1, 'tttt': 1}]
CMS_eff_t_vsJet_syst_dm10_2017 ['shape', {'fakeTau': 0, 'tt': 1, 'ttZ': 1, 'ttW': 1, 'ttH': 1, 'singleTop': 1, 'WJets': 1, 'tttt': 1}]
CMS_eff_t_vsJet_syst_dm11_2017 ['shape', {'fakeTau': 0, 'tt': 1, 'ttZ': 1, 'ttW': 1, 'ttH': 1, 'singleTop': 1, 'WJets': 1, 'tttt': 1}]
CMS_TOP24017_ttttSS_eff_e_syst ['shape', {'fakeTau': 0, 'tt': 0, 'ttZ': 0, 'ttW': 0, 'ttH': 0, 'singleTop': 0, 'WJets': 0, 'tttt': 0}]
CMS_TOP24017_ttttSS_eff_m_syst ['shape', {'fakeTau': 0, 'tt': 0, 'ttZ': 0, 'ttW': 0, 'ttH': 0, 'singleTop': 0, 'WJets': 0, 'tttt': 0}]
CMS_TOP24017_ttttSS_eff_e_stat_2017 ['shape', {'fakeTau': 0, 'tt': 0, 'ttZ': 0, 'ttW': 0, 'ttH': 0, 'singleTop': 0, 'WJets': 0, 'tttt': 0}]
CMS_TOP24017_ttttSS_eff_m_stat_2017 ['shape', {'fakeTau': 0, 'tt': 0, 'ttZ': 0, 'ttW': 0, 'ttH': 0, 'singleTop': 0, 'WJets': 0, 'tttt': 0}]
CMS_eff_e_reco_2017 ['shape', {'fakeTau': 0, 'tt': 0, 'ttZ': 0, 'ttW': 0, 'ttH': 0, 'singleTop': 0, 'WJets': 0, 'tttt': 0}]
CMS_btag_fixedWP_comb_bc_correlated ['shape', {'fakeTau': 0, 'tt': 0, 'ttZ': 0, 'ttW': 0, 'ttH': 0, 'singleTop': 0, 'WJets': 0, 'tttt': 0}]
CMS_btag_fixedWP_comb_bc_uncorrelated_2017 ['shape', {'fakeTau': 0, 'tt': 0, 'ttZ': 0, 'ttW': 0, 'ttH': 0, 'singleTop': 0, 'WJets': 0, 'tttt': 0}]
CMS_btag_fixedWP_incl_light_correlated ['shape', {'fakeTau': 0, 'tt': 0, 'ttZ': 0, 'ttW': 0, 'ttH': 0, 'singleTop': 0, 'WJets': 0, 'tttt': 0}]
CMS_btag_fixedWP_incl_light_uncorrelated_2017 ['shape', {'fakeTau': 0, 'tt': 0, 'ttZ': 0, 'ttW': 0, 'ttH': 0, 'singleTop': 0, 'WJets': 0, 'tttt': 0}]
CMS_btag_fullShape_hf ['shape', {'fakeTau': 0, 'tt': 1, 'ttZ': 1, 'ttW': 1, 'ttH': 1, 'singleTop': 1, 'WJets': 1, 'tttt': 1}]
CMS_btag_fullShape_lf ['shape', {'fakeTau': 0, 'tt': 1, 'ttZ': 1, 'ttW': 1, 'ttH': 1, 'singleTop': 1, 'WJets': 1, 'tttt': 1}]
CMS_btag_fullShape_cferr1 ['shape', {'fakeTau': 0, 'tt': 1, 'ttZ': 1, 'ttW': 1, 'ttH': 1, 'singleTop': 1, 'WJets': 1, 'tttt': 1}]
CMS_btag_fullShape_cferr2 ['shape', {'fakeTau': 0, 'tt': 1, 'ttZ': 1, 'ttW': 1, 'ttH': 1, 'singleTop': 1, 'WJets': 1, 'tttt': 1}]
CMS_btag_fullShape_hfstats1_2017 ['shape', {'fakeTau': 0, 'tt': 1, 'ttZ': 1, 'ttW': 1, 'ttH': 1, 'singleTop': 1, 'WJets': 1, 'tttt': 1}]
CMS_btag_fullShape_hfstats2_2017 ['shape', {'fakeTau': 0, 'tt': 1, 'ttZ': 1, 'ttW': 1, 'ttH': 1, 'singleTop': 1, 'WJets': 1, 'tttt': 1}]
CMS_btag_fullShape_lfstats1_2017 ['shape', {'fakeTau': 0, 'tt': 1, 'ttZ': 1, 'ttW': 1, 'ttH': 1, 'singleTop': 1, 'WJets': 1, 'tttt': 1}]
CMS_btag_fullShape_lfstats2_2017 ['shape', {'fakeTau': 0, 'tt': 1, 'ttZ': 1, 'ttW': 1, 'ttH': 1, 'singleTop': 1, 'WJets': 1, 'tttt': 1}]
CMS_fake_t_2017 ['shape', {'fakeTau': 1, 'tt': 0, 'ttZ': 0, 'ttW': 0, 'ttH': 0, 'singleTop': 0, 'WJets': 0, 'tttt': 0}]
CMS_TOP24017_fake_t_MC ['shape', {'fakeTau': 0, 'tt': 0, 'ttZ': 0, 'ttW': 0, 'ttH': 0, 'singleTop': 0, 'WJets': 0, 'tttt': 0}]
pdf_alphas ['shape', {'fakeTau': 0, 'tt': 1, 'ttZ': 1, 'ttW': 1, 'ttH': 1, 'singleTop': 0, 'WJets': 1, 'tttt': 1}]
pdf_00 ['shape', {'fakeTau': 0, 'tt': 1, 'ttZ': 1, 'ttW': 1, 'ttH': 1, 'singleTop': 1, 'WJets': 1, 'tttt': 1}]
QCDscale_ren ['shape', {'fakeTau': 0, 'tt': 1, 'ttZ': 1, 'ttW': 1, 'ttH': 1, 'singleTop': 1, 'WJets': 1, 'tttt': 1}]
QCDscale_fac ['shape', {'fakeTau': 0, 'tt': 1, 'ttZ': 1, 'ttW': 1, 'ttH': 1, 'singleTop': 1, 'WJets': 1, 'tttt': 1}]
ps_isr ['shape', {'fakeTau': 0, 'tt': 1, 'ttZ': 1, 'ttW': 1, 'ttH': 1, 'singleTop': 1, 'WJets': 1, 'tttt': 1}]
ps_fsr ['shape', {'fakeTau': 0, 'tt': 1, 'ttZ': 1, 'ttW': 1, 'ttH': 1, 'singleTop': 1, 'WJets': 1, 'tttt': 1}]
CMS_scale_j_AbsoluteMPFBias ['shape', {'fakeTau': 0, 'tt': 1, 'ttZ': 1, 'ttW': 1, 'ttH': 1, 'singleTop': 1, 'WJets': 1, 'tttt': 1}]
CMS_scale_j_AbsoluteScale ['shape', {'fakeTau': 0, 'tt': 1, 'ttZ': 1, 'ttW': 1, 'ttH': 1, 'singleTop': 1, 'WJets': 1, 'tttt': 1}]
CMS_scale_j_AbsoluteStat_2017 ['shape', {'fakeTau': 0, 'tt': 1, 'ttZ': 1, 'ttW': 1, 'ttH': 1, 'singleTop': 1, 'WJets': 1, 'tttt': 1}]
CMS_scale_j_Fragmentation ['shape', {'fakeTau': 0, 'tt': 1, 'ttZ': 1, 'ttW': 1, 'ttH': 1, 'singleTop': 1, 'WJets': 1, 'tttt': 1}]
CMS_scale_j_PileUpDataMC ['shape', {'fakeTau': 0, 'tt': 1, 'ttZ': 1, 'ttW': 1, 'ttH': 1, 'singleTop': 1, 'WJets': 1, 'tttt': 1}]
CMS_scale_j_PileUpPtBB ['shape', {'fakeTau': 0, 'tt': 1, 'ttZ': 1, 'ttW': 1, 'ttH': 1, 'singleTop': 1, 'WJets': 1, 'tttt': 1}]
CMS_scale_j_PileUpPtEC1 ['shape', {'fakeTau': 0, 'tt': 1, 'ttZ': 1, 'ttW': 1, 'ttH': 1, 'singleTop': 1, 'WJets': 1, 'tttt': 1}]
CMS_scale_j_PileUpPtEC2 ['shape', {'fakeTau': 0, 'tt': 1, 'ttZ': 1, 'ttW': 1, 'ttH': 1, 'singleTop': 1, 'WJets': 1, 'tttt': 1}]
CMS_scale_j_PileUpPtHF ['shape', {'fakeTau': 0, 'tt': 1, 'ttZ': 1, 'ttW': 1, 'ttH': 1, 'singleTop': 1, 'WJets': 1, 'tttt': 1}]
CMS_scale_j_PileUpPtRef ['shape', {'fakeTau': 0, 'tt': 1, 'ttZ': 1, 'ttW': 1, 'ttH': 1, 'singleTop': 1, 'WJets': 1, 'tttt': 1}]
CMS_scale_j_RelativeFSR ['shape', {'fakeTau': 0, 'tt': 1, 'ttZ': 1, 'ttW': 1, 'ttH': 1, 'singleTop': 1, 'WJets': 1, 'tttt': 1}]
CMS_scale_j_RelativeJEREC1_2017 ['shape', {'fakeTau': 0, 'tt': 1, 'ttZ': 1, 'ttW': 1, 'ttH': 1, 'singleTop': 1, 'WJets': 1, 'tttt': 1}]
CMS_scale_j_RelativeJEREC2_2017 ['shape', {'fakeTau': 0, 'tt': 1, 'ttZ': 1, 'ttW': 1, 'ttH': 1, 'singleTop': 1, 'WJets': 1, 'tttt': 1}]
CMS_scale_j_RelativeJERHF ['shape', {'fakeTau': 0, 'tt': 1, 'ttZ': 1, 'ttW': 1, 'ttH': 1, 'singleTop': 1, 'WJets': 1, 'tttt': 1}]
CMS_scale_j_RelativePtBB ['shape', {'fakeTau': 0, 'tt': 1, 'ttZ': 1, 'ttW': 1, 'ttH': 1, 'singleTop': 1, 'WJets': 1, 'tttt': 1}]
CMS_scale_j_RelativePtEC1_2017 ['shape', {'fakeTau': 0, 'tt': 1, 'ttZ': 1, 'ttW': 1, 'ttH': 1, 'singleTop': 1, 'WJets': 1, 'tttt': 1}]
CMS_scale_j_RelativePtEC2_2017 ['shape', {'fakeTau': 0, 'tt': 1, 'ttZ': 1, 'ttW': 1, 'ttH': 1, 'singleTop': 1, 'WJets': 1, 'tttt': 1}]
CMS_scale_j_RelativePtHF ['shape', {'fakeTau': 0, 'tt': 1, 'ttZ': 1, 'ttW': 1, 'ttH': 1, 'singleTop': 1, 'WJets': 1, 'tttt': 1}]
CMS_scale_j_RelativeBal ['shape', {'fakeTau': 0, 'tt': 1, 'ttZ': 1, 'ttW': 1, 'ttH': 1, 'singleTop': 1, 'WJets': 1, 'tttt': 1}]
CMS_scale_j_RelativeSample_2017 ['shape', {'fakeTau': 0, 'tt': 1, 'ttZ': 1, 'ttW': 1, 'ttH': 1, 'singleTop': 1, 'WJets': 1, 'tttt': 1}]
CMS_scale_j_RelativeStatEC_2017 ['shape', {'fakeTau': 0, 'tt': 1, 'ttZ': 1, 'ttW': 1, 'ttH': 1, 'singleTop': 1, 'WJets': 1, 'tttt': 1}]
CMS_scale_j_RelativeStatFSR_2017 ['shape', {'fakeTau': 0, 'tt': 1, 'ttZ': 1, 'ttW': 1, 'ttH': 1, 'singleTop': 1, 'WJets': 1, 'tttt': 1}]
CMS_scale_j_RelativeStatHF_2017 ['shape', {'fakeTau': 0, 'tt': 1, 'ttZ': 1, 'ttW': 1, 'ttH': 1, 'singleTop': 1, 'WJets': 1, 'tttt': 1}]
CMS_scale_j_SinglePionECAL ['shape', {'fakeTau': 0, 'tt': 1, 'ttZ': 1, 'ttW': 1, 'ttH': 1, 'singleTop': 1, 'WJets': 1, 'tttt': 1}]
CMS_scale_j_SinglePionHCAL ['shape', {'fakeTau': 0, 'tt': 1, 'ttZ': 1, 'ttW': 1, 'ttH': 1, 'singleTop': 1, 'WJets': 1, 'tttt': 1}]
CMS_scale_j_TimePtEta_2017 ['shape', {'fakeTau': 0, 'tt': 1, 'ttZ': 1, 'ttW': 1, 'ttH': 1, 'singleTop': 1, 'WJets': 1, 'tttt': 1}]
CMS_scale_j_FlavorPureGluon ['shape', {'fakeTau': 0, 'tt': 1, 'ttZ': 1, 'ttW': 1, 'ttH': 1, 'singleTop': 1, 'WJets': 1, 'tttt': 1}]
CMS_scale_j_FlavorPureQuark ['shape', {'fakeTau': 0, 'tt': 1, 'ttZ': 1, 'ttW': 1, 'ttH': 1, 'singleTop': 1, 'WJets': 1, 'tttt': 1}]
CMS_scale_j_FlavorPureCharm ['shape', {'fakeTau': 0, 'tt': 1, 'ttZ': 1, 'ttW': 1, 'ttH': 1, 'singleTop': 1, 'WJets': 1, 'tttt': 1}]
CMS_scale_j_FlavorPureBottom ['shape', {'fakeTau': 0, 'tt': 1, 'ttZ': 1, 'ttW': 1, 'ttH': 1, 'singleTop': 1, 'WJets': 1, 'tttt': 1}]
CMS_res_j_2017 ['shape', {'fakeTau': 0, 'tt': 1, 'ttZ': 1, 'ttW': 1, 'ttH': 1, 'singleTop': 1, 'WJets': 1, 'tttt': 1}]
CMS_scale_t_DeepTau2017v2p1_DM0_genTau_2017 ['shape', {'fakeTau': 0, 'tt': 1, 'ttZ': 1, 'ttW': 1, 'ttH': 1, 'singleTop': 1, 'WJets': 1, 'tttt': 1}]
CMS_scale_t_DeepTau2017v2p1_DM1_genTau_2017 ['shape', {'fakeTau': 0, 'tt': 1, 'ttZ': 1, 'ttW': 1, 'ttH': 1, 'singleTop': 1, 'WJets': 1, 'tttt': 1}]
CMS_scale_t_DeepTau2017v2p1_DM10_genTau_2017 ['shape', {'fakeTau': 0, 'tt': 1, 'ttZ': 1, 'ttW': 1, 'ttH': 1, 'singleTop': 1, 'WJets': 1, 'tttt': 1}]
CMS_scale_t_DeepTau2017v2p1_DM11_genTau_2017 ['shape', {'fakeTau': 0, 'tt': 1, 'ttZ': 1, 'ttW': 1, 'ttH': 1, 'singleTop': 1, 'WJets': 1, 'tttt': 1}]
CMS_scale_met_unclustered_energy_2017 ['shape', {'fakeTau': 0, 'tt': 1, 'ttZ': 1, 'ttW': 1, 'ttH': 1, 'singleTop': 1, 'WJets': 1, 'tttt': 1}]
CMS_scale_e_2017 ['shape', {'fakeTau': 0, 'tt': 0, 'ttZ': 0, 'ttW': 0, 'ttH': 0, 'singleTop': 0, 'WJets': 0, 'tttt': 0}]
start to get hists and add them from root files
opening file: /publicfs/cms/user/huahuil/tauOfTTTT_NanoAOD/forMVA/2017/v1baselineHadroBtagWeightAdded_v94HadroPreJetVetoHemOnly/mc/variableHists_v9BDT1tau0l_CMSNamingComplete/tttt.root
BDT
	1tau0lSR
		tttt
	1tau0lCRMR
		tttt
	1tau0lVR
		tttt
opening file: /publicfs/cms/user/huahuil/tauOfTTTT_NanoAOD/forMVA/2017/v1baselineHadroBtagWeightAdded_v94HadroPreJetVetoHemOnly/mc/variableHists_v9BDT1tau0l_CMSNamingComplete/ttbar_0l.root
BDT
	1tau0lSR
		ttbar_0l
	1tau0lCRMR
		ttbar_0l
	1tau0lVR
		ttbar_0l
opening file: /publicfs/cms/user/huahuil/tauOfTTTT_NanoAOD/forMVA/2017/v1baselineHadroBtagWeightAdded_v94HadroPreJetVetoHemOnly/mc/variableHists_v9BDT1tau0l_CMSNamingComplete/ttbar_1l.root
BDT
	1tau0lSR
		ttbar_1l
	1tau0lCRMR
		ttbar_1l
	1tau0lVR
		ttbar_1l
opening file: /publicfs/cms/user/huahuil/tauOfTTTT_NanoAOD/forMVA/2017/v1baselineHadroBtagWeightAdded_v94HadroPreJetVetoHemOnly/mc/variableHists_v9BDT1tau0l_CMSNamingComplete/ttbar_2l.root
BDT
	1tau0lSR
		ttbar_2l
	1tau0lCRMR
		ttbar_2l
	1tau0lVR
		ttbar_2l
opening file: /publicfs/cms/user/huahuil/tauOfTTTT_NanoAOD/forMVA/2017/v1baselineHadroBtagWeightAdded_v94HadroPreJetVetoHemOnly/mc/variableHists_v9BDT1tau0l_CMSNamingComplete/TTZToLLNuNu.root
BDT
	1tau0lSR
		TTZToLLNuNu
	1tau0lCRMR
		TTZToLLNuNu
	1tau0lVR
		TTZToLLNuNu
opening file: /publicfs/cms/user/huahuil/tauOfTTTT_NanoAOD/forMVA/2017/v1baselineHadroBtagWeightAdded_v94HadroPreJetVetoHemOnly/mc/variableHists_v9BDT1tau0l_CMSNamingComplete/TTZToQQ.root
BDT
	1tau0lSR
		TTZToQQ
	1tau0lCRMR
		TTZToQQ
	1tau0lVR
		TTZToQQ
opening file: /publicfs/cms/user/huahuil/tauOfTTTT_NanoAOD/forMVA/2017/v1baselineHadroBtagWeightAdded_v94HadroPreJetVetoHemOnly/mc/variableHists_v9BDT1tau0l_CMSNamingComplete/TTWJetsToQQ.root
BDT
	1tau0lSR
		TTWJetsToQQ
	1tau0lCRMR
		TTWJetsToQQ
	1tau0lVR
		TTWJetsToQQ
opening file: /publicfs/cms/user/huahuil/tauOfTTTT_NanoAOD/forMVA/2017/v1baselineHadroBtagWeightAdded_v94HadroPreJetVetoHemOnly/mc/variableHists_v9BDT1tau0l_CMSNamingComplete/TTWJetsToLNu.root
BDT
	1tau0lSR
		TTWJetsToLNu
	1tau0lCRMR
		TTWJetsToLNu
	1tau0lVR
		TTWJetsToLNu
opening file: /publicfs/cms/user/huahuil/tauOfTTTT_NanoAOD/forMVA/2017/v1baselineHadroBtagWeightAdded_v94HadroPreJetVetoHemOnly/mc/variableHists_v9BDT1tau0l_CMSNamingComplete/ttH_bb.root
BDT
	1tau0lSR
		ttH_bb
	1tau0lCRMR
		ttH_bb
	1tau0lVR
		ttH_bb
opening file: /publicfs/cms/user/huahuil/tauOfTTTT_NanoAOD/forMVA/2017/v1baselineHadroBtagWeightAdded_v94HadroPreJetVetoHemOnly/mc/variableHists_v9BDT1tau0l_CMSNamingComplete/ttH_nonbb.root
BDT
	1tau0lSR
		ttH_nonbb
	1tau0lCRMR
		ttH_nonbb
	1tau0lVR
		ttH_nonbb
opening file: /publicfs/cms/user/huahuil/tauOfTTTT_NanoAOD/forMVA/2017/v1baselineHadroBtagWeightAdded_v94HadroPreJetVetoHemOnly/mc/variableHists_v9BDT1tau0l_CMSNamingComplete/st_tW_antitop.root
BDT
	1tau0lSR
		st_tW_antitop
	1tau0lCRMR
		st_tW_antitop
	1tau0lVR
		st_tW_antitop
opening file: /publicfs/cms/user/huahuil/tauOfTTTT_NanoAOD/forMVA/2017/v1baselineHadroBtagWeightAdded_v94HadroPreJetVetoHemOnly/mc/variableHists_v9BDT1tau0l_CMSNamingComplete/st_tW_top.root
BDT
	1tau0lSR
		st_tW_top
	1tau0lCRMR
		st_tW_top
	1tau0lVR
		st_tW_top
opening file: /publicfs/cms/user/huahuil/tauOfTTTT_NanoAOD/forMVA/2017/v1baselineHadroBtagWeightAdded_v94HadroPreJetVetoHemOnly/mc/variableHists_v9BDT1tau0l_CMSNamingComplete/st_schan_had.root
BDT
	1tau0lSR
		st_schan_had
	1tau0lCRMR
		st_schan_had
	1tau0lVR
		st_schan_had
opening file: /publicfs/cms/user/huahuil/tauOfTTTT_NanoAOD/forMVA/2017/v1baselineHadroBtagWeightAdded_v94HadroPreJetVetoHemOnly/mc/variableHists_v9BDT1tau0l_CMSNamingComplete/st_schan_lep.root
BDT
	1tau0lSR
		st_schan_lep
	1tau0lCRMR
		st_schan_lep
	1tau0lVR
		st_schan_lep
opening file: /publicfs/cms/user/huahuil/tauOfTTTT_NanoAOD/forMVA/2017/v1baselineHadroBtagWeightAdded_v94HadroPreJetVetoHemOnly/mc/variableHists_v9BDT1tau0l_CMSNamingComplete/st_tchan.root
BDT
	1tau0lSR
		st_tchan
	1tau0lCRMR
		st_tchan
	1tau0lVR
		st_tchan
opening file: /publicfs/cms/user/huahuil/tauOfTTTT_NanoAOD/forMVA/2017/v1baselineHadroBtagWeightAdded_v94HadroPreJetVetoHemOnly/mc/variableHists_v9BDT1tau0l_CMSNamingComplete/WJetsToLNu_HT-200To400.root
BDT
	1tau0lSR
		WJetsToLNu_HT-200To400
	1tau0lCRMR
		WJetsToLNu_HT-200To400
	1tau0lVR
		WJetsToLNu_HT-200To400
opening file: /publicfs/cms/user/huahuil/tauOfTTTT_NanoAOD/forMVA/2017/v1baselineHadroBtagWeightAdded_v94HadroPreJetVetoHemOnly/mc/variableHists_v9BDT1tau0l_CMSNamingComplete/WJetsToLNu_HT-400To600.root
BDT
	1tau0lSR
		WJetsToLNu_HT-400To600
	1tau0lCRMR
		WJetsToLNu_HT-400To600
	1tau0lVR
		WJetsToLNu_HT-400To600
opening file: /publicfs/cms/user/huahuil/tauOfTTTT_NanoAOD/forMVA/2017/v1baselineHadroBtagWeightAdded_v94HadroPreJetVetoHemOnly/mc/variableHists_v9BDT1tau0l_CMSNamingComplete/WJetsToLNu_HT-600To800.root
BDT
	1tau0lSR
		WJetsToLNu_HT-600To800
	1tau0lCRMR
		WJetsToLNu_HT-600To800
	1tau0lVR
		WJetsToLNu_HT-600To800
opening file: /publicfs/cms/user/huahuil/tauOfTTTT_NanoAOD/forMVA/2017/v1baselineHadroBtagWeightAdded_v94HadroPreJetVetoHemOnly/mc/variableHists_v9BDT1tau0l_CMSNamingComplete/WJetsToLNu_HT-800To1200.root
BDT
	1tau0lSR
		WJetsToLNu_HT-800To1200
	1tau0lCRMR
		WJetsToLNu_HT-800To1200
	1tau0lVR
		WJetsToLNu_HT-800To1200
opening file: /publicfs/cms/user/huahuil/tauOfTTTT_NanoAOD/forMVA/2017/v1baselineHadroBtagWeightAdded_v94HadroPreJetVetoHemOnly/mc/variableHists_v9BDT1tau0l_CMSNamingComplete/WJetsToLNu_HT-1200To2500.root
BDT
	1tau0lSR
		WJetsToLNu_HT-1200To2500
	1tau0lCRMR
		WJetsToLNu_HT-1200To2500
	1tau0lVR
		WJetsToLNu_HT-1200To2500
opening file: /publicfs/cms/user/huahuil/tauOfTTTT_NanoAOD/forMVA/2017/v1baselineHadroBtagWeightAdded_v94HadroPreJetVetoHemOnly/mc/variableHists_v9BDT1tau0l_CMSNamingComplete/WJetsToLNu_HT-2500ToInf.root
BDT
	1tau0lSR
		WJetsToLNu_HT-2500ToInf
	1tau0lCRMR
		WJetsToLNu_HT-2500ToInf
	1tau0lVR
		WJetsToLNu_HT-2500ToInf
opening file: /publicfs/cms/user/huahuil/tauOfTTTT_NanoAOD/forMVA/2017/v1baselineHadroBtagWeightAdded_v94HadroPreJetVetoHemOnly/mc/variableHists_v9BDT1tau0l_CMSNamingComplete/fakeTau_data_ptMorphed.root
BDT
	1tau0lSR
		fakeTau_data_ptMorphed
	1tau0lCRMR
		fakeTau_data_ptMorphed
	1tau0lVR
		fakeTau_data_ptMorphed
opening file: /publicfs/cms/user/huahuil/tauOfTTTT_NanoAOD/forMVA/2017/v1baselineHadroBtagWeightAdded_v94HadroPreJetVetoHemOnly/mc/variableHists_v9BDT1tau0l_CMSNamingComplete/fakeTau_MC_ptMorphed.root
BDT
	1tau0lSR
		fakeTau_MC_ptMorphed
	1tau0lCRMR
		fakeTau_MC_ptMorphed
	1tau0lVR
		fakeTau_MC_ptMorphed
opening file: /publicfs/cms/user/huahuil/tauOfTTTT_NanoAOD/forMVA/2017/v1baselineHadroBtagWeightAdded_v94HadroPreJetVetoHemOnly/data/variableHists_v9BDT1tau0l_CMSNamingComplete/jetHT_2017b.root
BDT
	1tau0lSR
		jetHT_2017b
	1tau0lCRMR
		jetHT_2017b
	1tau0lVR
		jetHT_2017b
opening file: /publicfs/cms/user/huahuil/tauOfTTTT_NanoAOD/forMVA/2017/v1baselineHadroBtagWeightAdded_v94HadroPreJetVetoHemOnly/data/variableHists_v9BDT1tau0l_CMSNamingComplete/jetHT_2017c.root
BDT
	1tau0lSR
		jetHT_2017c
	1tau0lCRMR
		jetHT_2017c
	1tau0lVR
		jetHT_2017c
opening file: /publicfs/cms/user/huahuil/tauOfTTTT_NanoAOD/forMVA/2017/v1baselineHadroBtagWeightAdded_v94HadroPreJetVetoHemOnly/data/variableHists_v9BDT1tau0l_CMSNamingComplete/jetHT_2017d.root
BDT
	1tau0lSR
		jetHT_2017d
	1tau0lCRMR
		jetHT_2017d
	1tau0lVR
		jetHT_2017d
opening file: /publicfs/cms/user/huahuil/tauOfTTTT_NanoAOD/forMVA/2017/v1baselineHadroBtagWeightAdded_v94HadroPreJetVetoHemOnly/data/variableHists_v9BDT1tau0l_CMSNamingComplete/jetHT_2017e.root
BDT
	1tau0lSR
		jetHT_2017e
	1tau0lCRMR
		jetHT_2017e
	1tau0lVR
		jetHT_2017e
opening file: /publicfs/cms/user/huahuil/tauOfTTTT_NanoAOD/forMVA/2017/v1baselineHadroBtagWeightAdded_v94HadroPreJetVetoHemOnly/data/variableHists_v9BDT1tau0l_CMSNamingComplete/jetHT_2017f.root
BDT
	1tau0lSR
		jetHT_2017f
	1tau0lCRMR
		jetHT_2017f
	1tau0lVR
		jetHT_2017f
opening file: /publicfs/cms/user/huahuil/tauOfTTTT_NanoAOD/forMVA/2017/v1baselineHadroBtagWeightAdded_v94HadroPreJetVetoHemOnly/data/variableHists_v9BDT1tau0l_CMSNamingComplete/BTagCSV_2017b.root
BDT
	1tau0lSR
		BTagCSV_2017b
	1tau0lCRMR
		BTagCSV_2017b
	1tau0lVR
		BTagCSV_2017b
opening file: /publicfs/cms/user/huahuil/tauOfTTTT_NanoAOD/forMVA/2017/v1baselineHadroBtagWeightAdded_v94HadroPreJetVetoHemOnly/data/variableHists_v9BDT1tau0l_CMSNamingComplete/BTagCSV_2017c.root
BDT
	1tau0lSR
		BTagCSV_2017c
	1tau0lCRMR
		BTagCSV_2017c
	1tau0lVR
		BTagCSV_2017c
opening file: /publicfs/cms/user/huahuil/tauOfTTTT_NanoAOD/forMVA/2017/v1baselineHadroBtagWeightAdded_v94HadroPreJetVetoHemOnly/data/variableHists_v9BDT1tau0l_CMSNamingComplete/BTagCSV_2017d.root
BDT
	1tau0lSR
		BTagCSV_2017d
	1tau0lCRMR
		BTagCSV_2017d
	1tau0lVR
		BTagCSV_2017d
opening file: /publicfs/cms/user/huahuil/tauOfTTTT_NanoAOD/forMVA/2017/v1baselineHadroBtagWeightAdded_v94HadroPreJetVetoHemOnly/data/variableHists_v9BDT1tau0l_CMSNamingComplete/BTagCSV_2017e.root
BDT
	1tau0lSR
		BTagCSV_2017e
	1tau0lCRMR
		BTagCSV_2017e
	1tau0lVR
		BTagCSV_2017e
opening file: /publicfs/cms/user/huahuil/tauOfTTTT_NanoAOD/forMVA/2017/v1baselineHadroBtagWeightAdded_v94HadroPreJetVetoHemOnly/data/variableHists_v9BDT1tau0l_CMSNamingComplete/BTagCSV_2017f.root
BDT
	1tau0lSR
		BTagCSV_2017f
	1tau0lCRMR
		BTagCSV_2017f
	1tau0lVR
		BTagCSV_2017f
BDT
	1tau0lCRMR
		st_schan_had
		fakeTau_MC_ptMorphed
		jetHT_2017f
		WJetsToLNu_HT-400To600
		ttbar_2l
		BTagCSV_2017c
		ttH_bb
		WJetsToLNu_HT-200To400
		jetHT_2017e
		tttt
		WJetsToLNu_HT-1200To2500
		BTagCSV_2017f
		jetHT_2017d
		TTWJetsToQQ
		st_tW_top
		ttbar_1l
		st_tW_antitop
		st_tchan
		BTagCSV_2017b
		WJetsToLNu_HT-800To1200
		TTZToQQ
		TTZToLLNuNu
		fakeTau_data_ptMorphed
		ttH_nonbb
		BTagCSV_2017d
		TTWJetsToLNu
		WJetsToLNu_HT-600To800
		st_schan_lep
		jetHT_2017c
		jetHT_2017b
		BTagCSV_2017e
		ttbar_0l
		WJetsToLNu_HT-2500ToInf
	1tau0lSR
		st_schan_had
		fakeTau_MC_ptMorphed
		jetHT_2017f
		WJetsToLNu_HT-400To600
		ttbar_2l
		BTagCSV_2017c
		ttH_bb
		WJetsToLNu_HT-200To400
		jetHT_2017e
		tttt
		WJetsToLNu_HT-1200To2500
		BTagCSV_2017f
		jetHT_2017d
		TTWJetsToQQ
		st_tW_top
		ttbar_1l
		st_tW_antitop
		st_tchan
		BTagCSV_2017b
		WJetsToLNu_HT-800To1200
		TTZToQQ
		TTZToLLNuNu
		fakeTau_data_ptMorphed
		ttH_nonbb
		BTagCSV_2017d
		TTWJetsToLNu
		WJetsToLNu_HT-600To800
		st_schan_lep
		jetHT_2017c
		jetHT_2017b
		BTagCSV_2017e
		ttbar_0l
		WJetsToLNu_HT-2500ToInf
	1tau0lVR
		st_schan_had
		fakeTau_MC_ptMorphed
		jetHT_2017f
		WJetsToLNu_HT-400To600
		ttbar_2l
		BTagCSV_2017c
		ttH_bb
		WJetsToLNu_HT-200To400
		jetHT_2017e
		tttt
		WJetsToLNu_HT-1200To2500
		BTagCSV_2017f
		jetHT_2017d
		TTWJetsToQQ
		st_tW_top
		ttbar_1l
		st_tW_antitop
		st_tchan
		BTagCSV_2017b
		WJetsToLNu_HT-800To1200
		TTZToQQ
		TTZToLLNuNu
		fakeTau_data_ptMorphed
		ttH_nonbb
		BTagCSV_2017d
		TTWJetsToLNu
		WJetsToLNu_HT-600To800
		st_schan_lep
		jetHT_2017c
		jetHT_2017b
		BTagCSV_2017e
		ttbar_0l
		WJetsToLNu_HT-2500ToInf


BDT
	1tau0lCRMR
		singleTop
		fakeTau
		jetHT
		WJets
		tt
		ttH
		tttt
		ttW
		ttZ
	1tau0lSR
		singleTop
		fakeTau
		jetHT
		WJets
		tt
		ttH
		tttt
		ttW
		ttZ
	1tau0lVR
		singleTop
		fakeTau
		jetHT
		WJets
		tt
		ttH
		tttt
		ttW
		ttZ
BDT
	1tau0lCRMR
		singleTop
			CMS_pileup_up
			CMS_pileup_down
			CMS_l1_ecal_prefiring_2017_up
			CMS_l1_ecal_prefiring_2017_down
			CMS_TOP24017_eff_trigger_stats_2017_up
			CMS_TOP24017_eff_trigger_stats_2017_down
			CMS_fake_t_DeepTau2017v2p1_VSmu_2017_up
			CMS_fake_t_DeepTau2017v2p1_VSmu_2017_down
			CMS_fake_t_DeepTau2017v2p1_VSe_2017_up
			CMS_fake_t_DeepTau2017v2p1_VSe_2017_down
			CMS_eff_t_vsJet_stat1_dm0_2017_up
			CMS_eff_t_vsJet_stat1_dm0_2017_down
			CMS_eff_t_vsJet_stat1_dm1_2017_up
			CMS_eff_t_vsJet_stat1_dm1_2017_down
			CMS_eff_t_vsJet_stat1_dm10_2017_up
			CMS_eff_t_vsJet_stat1_dm10_2017_down
			CMS_eff_t_vsJet_stat1_dm11_2017_up
			CMS_eff_t_vsJet_stat1_dm11_2017_down
			CMS_eff_t_vsJet_stat2_dm0_2017_up
			CMS_eff_t_vsJet_stat2_dm0_2017_down
			CMS_eff_t_vsJet_stat2_dm1_2017_up
			CMS_eff_t_vsJet_stat2_dm1_2017_down
			CMS_eff_t_vsJet_stat2_dm10_2017_up
			CMS_eff_t_vsJet_stat2_dm10_2017_down
			CMS_eff_t_vsJet_stat2_dm11_2017_up
			CMS_eff_t_vsJet_stat2_dm11_2017_down
			CMS_eff_t_vsJet_syst_alleras_up
			CMS_eff_t_vsJet_syst_alleras_down
			CMS_eff_t_vsJet_syst_2017_up
			CMS_eff_t_vsJet_syst_2017_down
			CMS_eff_t_vsJet_syst_dm0_2017_up
			CMS_eff_t_vsJet_syst_dm0_2017_down
			CMS_eff_t_vsJet_syst_dm1_2017_up
			CMS_eff_t_vsJet_syst_dm1_2017_down
			CMS_eff_t_vsJet_syst_dm10_2017_up
			CMS_eff_t_vsJet_syst_dm10_2017_down
			CMS_eff_t_vsJet_syst_dm11_2017_up
			CMS_eff_t_vsJet_syst_dm11_2017_down
			CMS_btag_fullShape_hf_up
			CMS_btag_fullShape_hf_down
			CMS_btag_fullShape_lf_up
			CMS_btag_fullShape_lf_down
			CMS_btag_fullShape_cferr1_up
			CMS_btag_fullShape_cferr1_down
			CMS_btag_fullShape_cferr2_up
			CMS_btag_fullShape_cferr2_down
			CMS_btag_fullShape_hfstats1_2017_up
			CMS_btag_fullShape_hfstats1_2017_down
			CMS_btag_fullShape_hfstats2_2017_up
			CMS_btag_fullShape_hfstats2_2017_down
			CMS_btag_fullShape_lfstats1_2017_up
			CMS_btag_fullShape_lfstats1_2017_down
			CMS_btag_fullShape_lfstats2_2017_up
			CMS_btag_fullShape_lfstats2_2017_down
			pdf_00_up
			pdf_00_down
			QCDscale_ren_up
			QCDscale_ren_down
			QCDscale_fac_up
			QCDscale_fac_down
			ps_isr_up
			ps_isr_down
			ps_fsr_up
			ps_fsr_down
			CMS_scale_j_AbsoluteMPFBias_up
			CMS_scale_j_AbsoluteMPFBias_down
			CMS_scale_j_AbsoluteScale_up
			CMS_scale_j_AbsoluteScale_down
			CMS_scale_j_AbsoluteStat_2017_up
			CMS_scale_j_AbsoluteStat_2017_down
			CMS_scale_j_Fragmentation_up
			CMS_scale_j_Fragmentation_down
			CMS_scale_j_PileUpDataMC_up
			CMS_scale_j_PileUpDataMC_down
			CMS_scale_j_PileUpPtBB_up
			CMS_scale_j_PileUpPtBB_down
			CMS_scale_j_PileUpPtEC1_up
			CMS_scale_j_PileUpPtEC1_down
			CMS_scale_j_PileUpPtEC2_up
			CMS_scale_j_PileUpPtEC2_down
			CMS_scale_j_PileUpPtHF_up
			CMS_scale_j_PileUpPtHF_down
			CMS_scale_j_PileUpPtRef_up
			CMS_scale_j_PileUpPtRef_down
			CMS_scale_j_RelativeFSR_up
			CMS_scale_j_RelativeFSR_down
			CMS_scale_j_RelativeJEREC1_2017_up
			CMS_scale_j_RelativeJEREC1_2017_down
			CMS_scale_j_RelativeJEREC2_2017_up
			CMS_scale_j_RelativeJEREC2_2017_down
			CMS_scale_j_RelativeJERHF_up
			CMS_scale_j_RelativeJERHF_down
			CMS_scale_j_RelativePtBB_up
			CMS_scale_j_RelativePtBB_down
			CMS_scale_j_RelativePtEC1_2017_up
			CMS_scale_j_RelativePtEC1_2017_down
			CMS_scale_j_RelativePtEC2_2017_up
			CMS_scale_j_RelativePtEC2_2017_down
			CMS_scale_j_RelativePtHF_up
			CMS_scale_j_RelativePtHF_down
			CMS_scale_j_RelativeBal_up
			CMS_scale_j_RelativeBal_down
			CMS_scale_j_RelativeSample_2017_up
			CMS_scale_j_RelativeSample_2017_down
			CMS_scale_j_RelativeStatEC_2017_up
			CMS_scale_j_RelativeStatEC_2017_down
			CMS_scale_j_RelativeStatFSR_2017_up
			CMS_scale_j_RelativeStatFSR_2017_down
			CMS_scale_j_RelativeStatHF_2017_up
			CMS_scale_j_RelativeStatHF_2017_down
			CMS_scale_j_SinglePionECAL_up
			CMS_scale_j_SinglePionECAL_down
			CMS_scale_j_SinglePionHCAL_up
			CMS_scale_j_SinglePionHCAL_down
			CMS_scale_j_TimePtEta_2017_up
			CMS_scale_j_TimePtEta_2017_down
			CMS_scale_j_FlavorPureGluon_up
			CMS_scale_j_FlavorPureGluon_down
			CMS_scale_j_FlavorPureQuark_up
			CMS_scale_j_FlavorPureQuark_down
			CMS_scale_j_FlavorPureCharm_up
			CMS_scale_j_FlavorPureCharm_down
			CMS_scale_j_FlavorPureBottom_up
			CMS_scale_j_FlavorPureBottom_down
			CMS_res_j_2017_up
			CMS_res_j_2017_down
			CMS_scale_t_DeepTau2017v2p1_DM0_genTau_2017_up
			CMS_scale_t_DeepTau2017v2p1_DM0_genTau_2017_down
			CMS_scale_t_DeepTau2017v2p1_DM1_genTau_2017_up
			CMS_scale_t_DeepTau2017v2p1_DM1_genTau_2017_down
			CMS_scale_t_DeepTau2017v2p1_DM10_genTau_2017_up
			CMS_scale_t_DeepTau2017v2p1_DM10_genTau_2017_down
			CMS_scale_t_DeepTau2017v2p1_DM11_genTau_2017_up
			CMS_scale_t_DeepTau2017v2p1_DM11_genTau_2017_down
			CMS_scale_met_unclustered_energy_2017_up
			CMS_scale_met_unclustered_energy_2017_down
		fakeTau
			CMS_fake_t_2017_up
			CMS_fake_t_2017_down
		jetHT
		WJets
			CMS_pileup_up
			CMS_pileup_down
			CMS_l1_ecal_prefiring_2017_up
			CMS_l1_ecal_prefiring_2017_down
			CMS_TOP24017_eff_trigger_stats_2017_up
			CMS_TOP24017_eff_trigger_stats_2017_down
			CMS_fake_t_DeepTau2017v2p1_VSmu_2017_up
			CMS_fake_t_DeepTau2017v2p1_VSmu_2017_down
			CMS_fake_t_DeepTau2017v2p1_VSe_2017_up
			CMS_fake_t_DeepTau2017v2p1_VSe_2017_down
			CMS_eff_t_vsJet_stat1_dm0_2017_up
			CMS_eff_t_vsJet_stat1_dm0_2017_down
			CMS_eff_t_vsJet_stat1_dm1_2017_up
			CMS_eff_t_vsJet_stat1_dm1_2017_down
			CMS_eff_t_vsJet_stat1_dm10_2017_up
			CMS_eff_t_vsJet_stat1_dm10_2017_down
			CMS_eff_t_vsJet_stat1_dm11_2017_up
			CMS_eff_t_vsJet_stat1_dm11_2017_down
			CMS_eff_t_vsJet_stat2_dm0_2017_up
			CMS_eff_t_vsJet_stat2_dm0_2017_down
			CMS_eff_t_vsJet_stat2_dm1_2017_up
			CMS_eff_t_vsJet_stat2_dm1_2017_down
			CMS_eff_t_vsJet_stat2_dm10_2017_up
			CMS_eff_t_vsJet_stat2_dm10_2017_down
			CMS_eff_t_vsJet_stat2_dm11_2017_up
			CMS_eff_t_vsJet_stat2_dm11_2017_down
			CMS_eff_t_vsJet_syst_alleras_up
			CMS_eff_t_vsJet_syst_alleras_down
			CMS_eff_t_vsJet_syst_2017_up
			CMS_eff_t_vsJet_syst_2017_down
			CMS_eff_t_vsJet_syst_dm0_2017_up
			CMS_eff_t_vsJet_syst_dm0_2017_down
			CMS_eff_t_vsJet_syst_dm1_2017_up
			CMS_eff_t_vsJet_syst_dm1_2017_down
			CMS_eff_t_vsJet_syst_dm10_2017_up
			CMS_eff_t_vsJet_syst_dm10_2017_down
			CMS_eff_t_vsJet_syst_dm11_2017_up
			CMS_eff_t_vsJet_syst_dm11_2017_down
			CMS_btag_fullShape_hf_up
			CMS_btag_fullShape_hf_down
			CMS_btag_fullShape_lf_up
			CMS_btag_fullShape_lf_down
			CMS_btag_fullShape_cferr1_up
			CMS_btag_fullShape_cferr1_down
			CMS_btag_fullShape_cferr2_up
			CMS_btag_fullShape_cferr2_down
			CMS_btag_fullShape_hfstats1_2017_up
			CMS_btag_fullShape_hfstats1_2017_down
			CMS_btag_fullShape_hfstats2_2017_up
			CMS_btag_fullShape_hfstats2_2017_down
			CMS_btag_fullShape_lfstats1_2017_up
			CMS_btag_fullShape_lfstats1_2017_down
			CMS_btag_fullShape_lfstats2_2017_up
			CMS_btag_fullShape_lfstats2_2017_down
			pdf_alphas_up
			pdf_alphas_down
			pdf_00_up
			pdf_00_down
			QCDscale_ren_up
			QCDscale_ren_down
			QCDscale_fac_up
			QCDscale_fac_down
			ps_isr_up
			ps_isr_down
			ps_fsr_up
			ps_fsr_down
			CMS_scale_j_AbsoluteMPFBias_up
			CMS_scale_j_AbsoluteMPFBias_down
			CMS_scale_j_AbsoluteScale_up
			CMS_scale_j_AbsoluteScale_down
			CMS_scale_j_AbsoluteStat_2017_up
			CMS_scale_j_AbsoluteStat_2017_down
			CMS_scale_j_Fragmentation_up
			CMS_scale_j_Fragmentation_down
			CMS_scale_j_PileUpDataMC_up
			CMS_scale_j_PileUpDataMC_down
			CMS_scale_j_PileUpPtBB_up
			CMS_scale_j_PileUpPtBB_down
			CMS_scale_j_PileUpPtEC1_up
			CMS_scale_j_PileUpPtEC1_down
			CMS_scale_j_PileUpPtEC2_up
			CMS_scale_j_PileUpPtEC2_down
			CMS_scale_j_PileUpPtHF_up
			CMS_scale_j_PileUpPtHF_down
			CMS_scale_j_PileUpPtRef_up
			CMS_scale_j_PileUpPtRef_down
			CMS_scale_j_RelativeFSR_up
			CMS_scale_j_RelativeFSR_down
			CMS_scale_j_RelativeJEREC1_2017_up
			CMS_scale_j_RelativeJEREC1_2017_down
			CMS_scale_j_RelativeJEREC2_2017_up
			CMS_scale_j_RelativeJEREC2_2017_down
			CMS_scale_j_RelativeJERHF_up
			CMS_scale_j_RelativeJERHF_down
			CMS_scale_j_RelativePtBB_up
			CMS_scale_j_RelativePtBB_down
			CMS_scale_j_RelativePtEC1_2017_up
			CMS_scale_j_RelativePtEC1_2017_down
			CMS_scale_j_RelativePtEC2_2017_up
			CMS_scale_j_RelativePtEC2_2017_down
			CMS_scale_j_RelativePtHF_up
			CMS_scale_j_RelativePtHF_down
			CMS_scale_j_RelativeBal_up
			CMS_scale_j_RelativeBal_down
			CMS_scale_j_RelativeSample_2017_up
			CMS_scale_j_RelativeSample_2017_down
			CMS_scale_j_RelativeStatEC_2017_up
			CMS_scale_j_RelativeStatEC_2017_down
			CMS_scale_j_RelativeStatFSR_2017_up
			CMS_scale_j_RelativeStatFSR_2017_down
			CMS_scale_j_RelativeStatHF_2017_up
			CMS_scale_j_RelativeStatHF_2017_down
			CMS_scale_j_SinglePionECAL_up
			CMS_scale_j_SinglePionECAL_down
			CMS_scale_j_SinglePionHCAL_up
			CMS_scale_j_SinglePionHCAL_down
			CMS_scale_j_TimePtEta_2017_up
			CMS_scale_j_TimePtEta_2017_down
			CMS_scale_j_FlavorPureGluon_up
			CMS_scale_j_FlavorPureGluon_down
			CMS_scale_j_FlavorPureQuark_up
			CMS_scale_j_FlavorPureQuark_down
			CMS_scale_j_FlavorPureCharm_up
			CMS_scale_j_FlavorPureCharm_down
			CMS_scale_j_FlavorPureBottom_up
			CMS_scale_j_FlavorPureBottom_down
			CMS_res_j_2017_up
			CMS_res_j_2017_down
			CMS_scale_t_DeepTau2017v2p1_DM0_genTau_2017_up
			CMS_scale_t_DeepTau2017v2p1_DM0_genTau_2017_down
			CMS_scale_t_DeepTau2017v2p1_DM1_genTau_2017_up
			CMS_scale_t_DeepTau2017v2p1_DM1_genTau_2017_down
			CMS_scale_t_DeepTau2017v2p1_DM10_genTau_2017_up
			CMS_scale_t_DeepTau2017v2p1_DM10_genTau_2017_down
			CMS_scale_t_DeepTau2017v2p1_DM11_genTau_2017_up
			CMS_scale_t_DeepTau2017v2p1_DM11_genTau_2017_down
			CMS_scale_met_unclustered_energy_2017_up
			CMS_scale_met_unclustered_energy_2017_down
		tt
			CMS_pileup_up
			CMS_pileup_down
			CMS_l1_ecal_prefiring_2017_up
			CMS_l1_ecal_prefiring_2017_down
			CMS_TOP24017_eff_trigger_stats_2017_up
			CMS_TOP24017_eff_trigger_stats_2017_down
			CMS_fake_t_DeepTau2017v2p1_VSmu_2017_up
			CMS_fake_t_DeepTau2017v2p1_VSmu_2017_down
			CMS_fake_t_DeepTau2017v2p1_VSe_2017_up
			CMS_fake_t_DeepTau2017v2p1_VSe_2017_down
			CMS_eff_t_vsJet_stat1_dm0_2017_up
			CMS_eff_t_vsJet_stat1_dm0_2017_down
			CMS_eff_t_vsJet_stat1_dm1_2017_up
			CMS_eff_t_vsJet_stat1_dm1_2017_down
			CMS_eff_t_vsJet_stat1_dm10_2017_up
			CMS_eff_t_vsJet_stat1_dm10_2017_down
			CMS_eff_t_vsJet_stat1_dm11_2017_up
			CMS_eff_t_vsJet_stat1_dm11_2017_down
			CMS_eff_t_vsJet_stat2_dm0_2017_up
			CMS_eff_t_vsJet_stat2_dm0_2017_down
			CMS_eff_t_vsJet_stat2_dm1_2017_up
			CMS_eff_t_vsJet_stat2_dm1_2017_down
			CMS_eff_t_vsJet_stat2_dm10_2017_up
			CMS_eff_t_vsJet_stat2_dm10_2017_down
			CMS_eff_t_vsJet_stat2_dm11_2017_up
			CMS_eff_t_vsJet_stat2_dm11_2017_down
			CMS_eff_t_vsJet_syst_alleras_up
			CMS_eff_t_vsJet_syst_alleras_down
			CMS_eff_t_vsJet_syst_2017_up
			CMS_eff_t_vsJet_syst_2017_down
			CMS_eff_t_vsJet_syst_dm0_2017_up
			CMS_eff_t_vsJet_syst_dm0_2017_down
			CMS_eff_t_vsJet_syst_dm1_2017_up
			CMS_eff_t_vsJet_syst_dm1_2017_down
			CMS_eff_t_vsJet_syst_dm10_2017_up
			CMS_eff_t_vsJet_syst_dm10_2017_down
			CMS_eff_t_vsJet_syst_dm11_2017_up
			CMS_eff_t_vsJet_syst_dm11_2017_down
			CMS_btag_fullShape_hf_up
			CMS_btag_fullShape_hf_down
			CMS_btag_fullShape_lf_up
			CMS_btag_fullShape_lf_down
			CMS_btag_fullShape_cferr1_up
			CMS_btag_fullShape_cferr1_down
			CMS_btag_fullShape_cferr2_up
			CMS_btag_fullShape_cferr2_down
			CMS_btag_fullShape_hfstats1_2017_up
			CMS_btag_fullShape_hfstats1_2017_down
			CMS_btag_fullShape_hfstats2_2017_up
			CMS_btag_fullShape_hfstats2_2017_down
			CMS_btag_fullShape_lfstats1_2017_up
			CMS_btag_fullShape_lfstats1_2017_down
			CMS_btag_fullShape_lfstats2_2017_up
			CMS_btag_fullShape_lfstats2_2017_down
			pdf_alphas_up
			pdf_alphas_down
			pdf_00_up
			pdf_00_down
			QCDscale_ren_up
			QCDscale_ren_down
			QCDscale_fac_up
			QCDscale_fac_down
			ps_isr_up
			ps_isr_down
			ps_fsr_up
			ps_fsr_down
			CMS_scale_j_AbsoluteMPFBias_up
			CMS_scale_j_AbsoluteMPFBias_down
			CMS_scale_j_AbsoluteScale_up
			CMS_scale_j_AbsoluteScale_down
			CMS_scale_j_AbsoluteStat_2017_up
			CMS_scale_j_AbsoluteStat_2017_down
			CMS_scale_j_Fragmentation_up
			CMS_scale_j_Fragmentation_down
			CMS_scale_j_PileUpDataMC_up
			CMS_scale_j_PileUpDataMC_down
			CMS_scale_j_PileUpPtBB_up
			CMS_scale_j_PileUpPtBB_down
			CMS_scale_j_PileUpPtEC1_up
			CMS_scale_j_PileUpPtEC1_down
			CMS_scale_j_PileUpPtEC2_up
			CMS_scale_j_PileUpPtEC2_down
			CMS_scale_j_PileUpPtHF_up
			CMS_scale_j_PileUpPtHF_down
			CMS_scale_j_PileUpPtRef_up
			CMS_scale_j_PileUpPtRef_down
			CMS_scale_j_RelativeFSR_up
			CMS_scale_j_RelativeFSR_down
			CMS_scale_j_RelativeJEREC1_2017_up
			CMS_scale_j_RelativeJEREC1_2017_down
			CMS_scale_j_RelativeJEREC2_2017_up
			CMS_scale_j_RelativeJEREC2_2017_down
			CMS_scale_j_RelativeJERHF_up
			CMS_scale_j_RelativeJERHF_down
			CMS_scale_j_RelativePtBB_up
			CMS_scale_j_RelativePtBB_down
			CMS_scale_j_RelativePtEC1_2017_up
			CMS_scale_j_RelativePtEC1_2017_down
			CMS_scale_j_RelativePtEC2_2017_up
			CMS_scale_j_RelativePtEC2_2017_down
			CMS_scale_j_RelativePtHF_up
			CMS_scale_j_RelativePtHF_down
			CMS_scale_j_RelativeBal_up
			CMS_scale_j_RelativeBal_down
			CMS_scale_j_RelativeSample_2017_up
			CMS_scale_j_RelativeSample_2017_down
			CMS_scale_j_RelativeStatEC_2017_up
			CMS_scale_j_RelativeStatEC_2017_down
			CMS_scale_j_RelativeStatFSR_2017_up
			CMS_scale_j_RelativeStatFSR_2017_down
			CMS_scale_j_RelativeStatHF_2017_up
			CMS_scale_j_RelativeStatHF_2017_down
			CMS_scale_j_SinglePionECAL_up
			CMS_scale_j_SinglePionECAL_down
			CMS_scale_j_SinglePionHCAL_up
			CMS_scale_j_SinglePionHCAL_down
			CMS_scale_j_TimePtEta_2017_up
			CMS_scale_j_TimePtEta_2017_down
			CMS_scale_j_FlavorPureGluon_up
			CMS_scale_j_FlavorPureGluon_down
			CMS_scale_j_FlavorPureQuark_up
			CMS_scale_j_FlavorPureQuark_down
			CMS_scale_j_FlavorPureCharm_up
			CMS_scale_j_FlavorPureCharm_down
			CMS_scale_j_FlavorPureBottom_up
			CMS_scale_j_FlavorPureBottom_down
			CMS_res_j_2017_up
			CMS_res_j_2017_down
			CMS_scale_t_DeepTau2017v2p1_DM0_genTau_2017_up
			CMS_scale_t_DeepTau2017v2p1_DM0_genTau_2017_down
			CMS_scale_t_DeepTau2017v2p1_DM1_genTau_2017_up
			CMS_scale_t_DeepTau2017v2p1_DM1_genTau_2017_down
			CMS_scale_t_DeepTau2017v2p1_DM10_genTau_2017_up
			CMS_scale_t_DeepTau2017v2p1_DM10_genTau_2017_down
			CMS_scale_t_DeepTau2017v2p1_DM11_genTau_2017_up
			CMS_scale_t_DeepTau2017v2p1_DM11_genTau_2017_down
			CMS_scale_met_unclustered_energy_2017_up
			CMS_scale_met_unclustered_energy_2017_down
		ttH
			CMS_pileup_up
			CMS_pileup_down
			CMS_l1_ecal_prefiring_2017_up
			CMS_l1_ecal_prefiring_2017_down
			CMS_TOP24017_eff_trigger_stats_2017_up
			CMS_TOP24017_eff_trigger_stats_2017_down
			CMS_fake_t_DeepTau2017v2p1_VSmu_2017_up
			CMS_fake_t_DeepTau2017v2p1_VSmu_2017_down
			CMS_fake_t_DeepTau2017v2p1_VSe_2017_up
			CMS_fake_t_DeepTau2017v2p1_VSe_2017_down
			CMS_eff_t_vsJet_stat1_dm0_2017_up
			CMS_eff_t_vsJet_stat1_dm0_2017_down
			CMS_eff_t_vsJet_stat1_dm1_2017_up
			CMS_eff_t_vsJet_stat1_dm1_2017_down
			CMS_eff_t_vsJet_stat1_dm10_2017_up
			CMS_eff_t_vsJet_stat1_dm10_2017_down
			CMS_eff_t_vsJet_stat1_dm11_2017_up
			CMS_eff_t_vsJet_stat1_dm11_2017_down
			CMS_eff_t_vsJet_stat2_dm0_2017_up
			CMS_eff_t_vsJet_stat2_dm0_2017_down
			CMS_eff_t_vsJet_stat2_dm1_2017_up
			CMS_eff_t_vsJet_stat2_dm1_2017_down
			CMS_eff_t_vsJet_stat2_dm10_2017_up
			CMS_eff_t_vsJet_stat2_dm10_2017_down
			CMS_eff_t_vsJet_stat2_dm11_2017_up
			CMS_eff_t_vsJet_stat2_dm11_2017_down
			CMS_eff_t_vsJet_syst_alleras_up
			CMS_eff_t_vsJet_syst_alleras_down
			CMS_eff_t_vsJet_syst_2017_up
			CMS_eff_t_vsJet_syst_2017_down
			CMS_eff_t_vsJet_syst_dm0_2017_up
			CMS_eff_t_vsJet_syst_dm0_2017_down
			CMS_eff_t_vsJet_syst_dm1_2017_up
			CMS_eff_t_vsJet_syst_dm1_2017_down
			CMS_eff_t_vsJet_syst_dm10_2017_up
			CMS_eff_t_vsJet_syst_dm10_2017_down
			CMS_eff_t_vsJet_syst_dm11_2017_up
			CMS_eff_t_vsJet_syst_dm11_2017_down
			CMS_btag_fullShape_hf_up
			CMS_btag_fullShape_hf_down
			CMS_btag_fullShape_lf_up
			CMS_btag_fullShape_lf_down
			CMS_btag_fullShape_cferr1_up
			CMS_btag_fullShape_cferr1_down
			CMS_btag_fullShape_cferr2_up
			CMS_btag_fullShape_cferr2_down
			CMS_btag_fullShape_hfstats1_2017_up
			CMS_btag_fullShape_hfstats1_2017_down
			CMS_btag_fullShape_hfstats2_2017_up
			CMS_btag_fullShape_hfstats2_2017_down
			CMS_btag_fullShape_lfstats1_2017_up
			CMS_btag_fullShape_lfstats1_2017_down
			CMS_btag_fullShape_lfstats2_2017_up
			CMS_btag_fullShape_lfstats2_2017_down
			pdf_alphas_up
			pdf_alphas_down
			pdf_00_up
			pdf_00_down
			QCDscale_ren_up
			QCDscale_ren_down
			QCDscale_fac_up
			QCDscale_fac_down
			ps_isr_up
			ps_isr_down
			ps_fsr_up
			ps_fsr_down
			CMS_scale_j_AbsoluteMPFBias_up
			CMS_scale_j_AbsoluteMPFBias_down
			CMS_scale_j_AbsoluteScale_up
			CMS_scale_j_AbsoluteScale_down
			CMS_scale_j_AbsoluteStat_2017_up
			CMS_scale_j_AbsoluteStat_2017_down
			CMS_scale_j_Fragmentation_up
			CMS_scale_j_Fragmentation_down
			CMS_scale_j_PileUpDataMC_up
			CMS_scale_j_PileUpDataMC_down
			CMS_scale_j_PileUpPtBB_up
			CMS_scale_j_PileUpPtBB_down
			CMS_scale_j_PileUpPtEC1_up
			CMS_scale_j_PileUpPtEC1_down
			CMS_scale_j_PileUpPtEC2_up
			CMS_scale_j_PileUpPtEC2_down
			CMS_scale_j_PileUpPtHF_up
			CMS_scale_j_PileUpPtHF_down
			CMS_scale_j_PileUpPtRef_up
			CMS_scale_j_PileUpPtRef_down
			CMS_scale_j_RelativeFSR_up
			CMS_scale_j_RelativeFSR_down
			CMS_scale_j_RelativeJEREC1_2017_up
			CMS_scale_j_RelativeJEREC1_2017_down
			CMS_scale_j_RelativeJEREC2_2017_up
			CMS_scale_j_RelativeJEREC2_2017_down
			CMS_scale_j_RelativeJERHF_up
			CMS_scale_j_RelativeJERHF_down
			CMS_scale_j_RelativePtBB_up
			CMS_scale_j_RelativePtBB_down
			CMS_scale_j_RelativePtEC1_2017_up
			CMS_scale_j_RelativePtEC1_2017_down
			CMS_scale_j_RelativePtEC2_2017_up
			CMS_scale_j_RelativePtEC2_2017_down
			CMS_scale_j_RelativePtHF_up
			CMS_scale_j_RelativePtHF_down
			CMS_scale_j_RelativeBal_up
			CMS_scale_j_RelativeBal_down
			CMS_scale_j_RelativeSample_2017_up
			CMS_scale_j_RelativeSample_2017_down
			CMS_scale_j_RelativeStatEC_2017_up
			CMS_scale_j_RelativeStatEC_2017_down
			CMS_scale_j_RelativeStatFSR_2017_up
			CMS_scale_j_RelativeStatFSR_2017_down
			CMS_scale_j_RelativeStatHF_2017_up
			CMS_scale_j_RelativeStatHF_2017_down
			CMS_scale_j_SinglePionECAL_up
			CMS_scale_j_SinglePionECAL_down
			CMS_scale_j_SinglePionHCAL_up
			CMS_scale_j_SinglePionHCAL_down
			CMS_scale_j_TimePtEta_2017_up
			CMS_scale_j_TimePtEta_2017_down
			CMS_scale_j_FlavorPureGluon_up
			CMS_scale_j_FlavorPureGluon_down
			CMS_scale_j_FlavorPureQuark_up
			CMS_scale_j_FlavorPureQuark_down
			CMS_scale_j_FlavorPureCharm_up
			CMS_scale_j_FlavorPureCharm_down
			CMS_scale_j_FlavorPureBottom_up
			CMS_scale_j_FlavorPureBottom_down
			CMS_res_j_2017_up
			CMS_res_j_2017_down
			CMS_scale_t_DeepTau2017v2p1_DM0_genTau_2017_up
			CMS_scale_t_DeepTau2017v2p1_DM0_genTau_2017_down
			CMS_scale_t_DeepTau2017v2p1_DM1_genTau_2017_up
			CMS_scale_t_DeepTau2017v2p1_DM1_genTau_2017_down
			CMS_scale_t_DeepTau2017v2p1_DM10_genTau_2017_up
			CMS_scale_t_DeepTau2017v2p1_DM10_genTau_2017_down
			CMS_scale_t_DeepTau2017v2p1_DM11_genTau_2017_up
			CMS_scale_t_DeepTau2017v2p1_DM11_genTau_2017_down
			CMS_scale_met_unclustered_energy_2017_up
			CMS_scale_met_unclustered_energy_2017_down
		tttt
			CMS_pileup_up
			CMS_pileup_down
			CMS_l1_ecal_prefiring_2017_up
			CMS_l1_ecal_prefiring_2017_down
			CMS_TOP24017_eff_trigger_stats_2017_up
			CMS_TOP24017_eff_trigger_stats_2017_down
			CMS_fake_t_DeepTau2017v2p1_VSmu_2017_up
			CMS_fake_t_DeepTau2017v2p1_VSmu_2017_down
			CMS_fake_t_DeepTau2017v2p1_VSe_2017_up
			CMS_fake_t_DeepTau2017v2p1_VSe_2017_down
			CMS_eff_t_vsJet_stat1_dm0_2017_up
			CMS_eff_t_vsJet_stat1_dm0_2017_down
			CMS_eff_t_vsJet_stat1_dm1_2017_up
			CMS_eff_t_vsJet_stat1_dm1_2017_down
			CMS_eff_t_vsJet_stat1_dm10_2017_up
			CMS_eff_t_vsJet_stat1_dm10_2017_down
			CMS_eff_t_vsJet_stat1_dm11_2017_up
			CMS_eff_t_vsJet_stat1_dm11_2017_down
			CMS_eff_t_vsJet_stat2_dm0_2017_up
			CMS_eff_t_vsJet_stat2_dm0_2017_down
			CMS_eff_t_vsJet_stat2_dm1_2017_up
			CMS_eff_t_vsJet_stat2_dm1_2017_down
			CMS_eff_t_vsJet_stat2_dm10_2017_up
			CMS_eff_t_vsJet_stat2_dm10_2017_down
			CMS_eff_t_vsJet_stat2_dm11_2017_up
			CMS_eff_t_vsJet_stat2_dm11_2017_down
			CMS_eff_t_vsJet_syst_alleras_up
			CMS_eff_t_vsJet_syst_alleras_down
			CMS_eff_t_vsJet_syst_2017_up
			CMS_eff_t_vsJet_syst_2017_down
			CMS_eff_t_vsJet_syst_dm0_2017_up
			CMS_eff_t_vsJet_syst_dm0_2017_down
			CMS_eff_t_vsJet_syst_dm1_2017_up
			CMS_eff_t_vsJet_syst_dm1_2017_down
			CMS_eff_t_vsJet_syst_dm10_2017_up
			CMS_eff_t_vsJet_syst_dm10_2017_down
			CMS_eff_t_vsJet_syst_dm11_2017_up
			CMS_eff_t_vsJet_syst_dm11_2017_down
			CMS_btag_fullShape_hf_up
			CMS_btag_fullShape_hf_down
			CMS_btag_fullShape_lf_up
			CMS_btag_fullShape_lf_down
			CMS_btag_fullShape_cferr1_up
			CMS_btag_fullShape_cferr1_down
			CMS_btag_fullShape_cferr2_up
			CMS_btag_fullShape_cferr2_down
			CMS_btag_fullShape_hfstats1_2017_up
			CMS_btag_fullShape_hfstats1_2017_down
			CMS_btag_fullShape_hfstats2_2017_up
			CMS_btag_fullShape_hfstats2_2017_down
			CMS_btag_fullShape_lfstats1_2017_up
			CMS_btag_fullShape_lfstats1_2017_down
			CMS_btag_fullShape_lfstats2_2017_up
			CMS_btag_fullShape_lfstats2_2017_down
			pdf_alphas_up
			pdf_alphas_down
			pdf_00_up
			pdf_00_down
			QCDscale_ren_up
			QCDscale_ren_down
			QCDscale_fac_up
			QCDscale_fac_down
			ps_isr_up
			ps_isr_down
			ps_fsr_up
			ps_fsr_down
			CMS_scale_j_AbsoluteMPFBias_up
			CMS_scale_j_AbsoluteMPFBias_down
			CMS_scale_j_AbsoluteScale_up
			CMS_scale_j_AbsoluteScale_down
			CMS_scale_j_AbsoluteStat_2017_up
			CMS_scale_j_AbsoluteStat_2017_down
			CMS_scale_j_Fragmentation_up
			CMS_scale_j_Fragmentation_down
			CMS_scale_j_PileUpDataMC_up
			CMS_scale_j_PileUpDataMC_down
			CMS_scale_j_PileUpPtBB_up
			CMS_scale_j_PileUpPtBB_down
			CMS_scale_j_PileUpPtEC1_up
			CMS_scale_j_PileUpPtEC1_down
			CMS_scale_j_PileUpPtEC2_up
			CMS_scale_j_PileUpPtEC2_down
			CMS_scale_j_PileUpPtHF_up
			CMS_scale_j_PileUpPtHF_down
			CMS_scale_j_PileUpPtRef_up
			CMS_scale_j_PileUpPtRef_down
			CMS_scale_j_RelativeFSR_up
			CMS_scale_j_RelativeFSR_down
			CMS_scale_j_RelativeJEREC1_2017_up
			CMS_scale_j_RelativeJEREC1_2017_down
			CMS_scale_j_RelativeJEREC2_2017_up
			CMS_scale_j_RelativeJEREC2_2017_down
			CMS_scale_j_RelativeJERHF_up
			CMS_scale_j_RelativeJERHF_down
			CMS_scale_j_RelativePtBB_up
			CMS_scale_j_RelativePtBB_down
			CMS_scale_j_RelativePtEC1_2017_up
			CMS_scale_j_RelativePtEC1_2017_down
			CMS_scale_j_RelativePtEC2_2017_up
			CMS_scale_j_RelativePtEC2_2017_down
			CMS_scale_j_RelativePtHF_up
			CMS_scale_j_RelativePtHF_down
			CMS_scale_j_RelativeBal_up
			CMS_scale_j_RelativeBal_down
			CMS_scale_j_RelativeSample_2017_up
			CMS_scale_j_RelativeSample_2017_down
			CMS_scale_j_RelativeStatEC_2017_up
			CMS_scale_j_RelativeStatEC_2017_down
			CMS_scale_j_RelativeStatFSR_2017_up
			CMS_scale_j_RelativeStatFSR_2017_down
			CMS_scale_j_RelativeStatHF_2017_up
			CMS_scale_j_RelativeStatHF_2017_down
			CMS_scale_j_SinglePionECAL_up
			CMS_scale_j_SinglePionECAL_down
			CMS_scale_j_SinglePionHCAL_up
			CMS_scale_j_SinglePionHCAL_down
			CMS_scale_j_TimePtEta_2017_up
			CMS_scale_j_TimePtEta_2017_down
			CMS_scale_j_FlavorPureGluon_up
			CMS_scale_j_FlavorPureGluon_down
			CMS_scale_j_FlavorPureQuark_up
			CMS_scale_j_FlavorPureQuark_down
			CMS_scale_j_FlavorPureCharm_up
			CMS_scale_j_FlavorPureCharm_down
			CMS_scale_j_FlavorPureBottom_up
			CMS_scale_j_FlavorPureBottom_down
			CMS_res_j_2017_up
			CMS_res_j_2017_down
			CMS_scale_t_DeepTau2017v2p1_DM0_genTau_2017_up
			CMS_scale_t_DeepTau2017v2p1_DM0_genTau_2017_down
			CMS_scale_t_DeepTau2017v2p1_DM1_genTau_2017_up
			CMS_scale_t_DeepTau2017v2p1_DM1_genTau_2017_down
			CMS_scale_t_DeepTau2017v2p1_DM10_genTau_2017_up
			CMS_scale_t_DeepTau2017v2p1_DM10_genTau_2017_down
			CMS_scale_t_DeepTau2017v2p1_DM11_genTau_2017_up
			CMS_scale_t_DeepTau2017v2p1_DM11_genTau_2017_down
			CMS_scale_met_unclustered_energy_2017_up
			CMS_scale_met_unclustered_energy_2017_down
		ttW
			CMS_pileup_up
			CMS_pileup_down
			CMS_l1_ecal_prefiring_2017_up
			CMS_l1_ecal_prefiring_2017_down
			CMS_TOP24017_eff_trigger_stats_2017_up
			CMS_TOP24017_eff_trigger_stats_2017_down
			CMS_fake_t_DeepTau2017v2p1_VSmu_2017_up
			CMS_fake_t_DeepTau2017v2p1_VSmu_2017_down
			CMS_fake_t_DeepTau2017v2p1_VSe_2017_up
			CMS_fake_t_DeepTau2017v2p1_VSe_2017_down
			CMS_eff_t_vsJet_stat1_dm0_2017_up
			CMS_eff_t_vsJet_stat1_dm0_2017_down
			CMS_eff_t_vsJet_stat1_dm1_2017_up
			CMS_eff_t_vsJet_stat1_dm1_2017_down
			CMS_eff_t_vsJet_stat1_dm10_2017_up
			CMS_eff_t_vsJet_stat1_dm10_2017_down
			CMS_eff_t_vsJet_stat1_dm11_2017_up
			CMS_eff_t_vsJet_stat1_dm11_2017_down
			CMS_eff_t_vsJet_stat2_dm0_2017_up
			CMS_eff_t_vsJet_stat2_dm0_2017_down
			CMS_eff_t_vsJet_stat2_dm1_2017_up
			CMS_eff_t_vsJet_stat2_dm1_2017_down
			CMS_eff_t_vsJet_stat2_dm10_2017_up
			CMS_eff_t_vsJet_stat2_dm10_2017_down
			CMS_eff_t_vsJet_stat2_dm11_2017_up
			CMS_eff_t_vsJet_stat2_dm11_2017_down
			CMS_eff_t_vsJet_syst_alleras_up
			CMS_eff_t_vsJet_syst_alleras_down
			CMS_eff_t_vsJet_syst_2017_up
			CMS_eff_t_vsJet_syst_2017_down
			CMS_eff_t_vsJet_syst_dm0_2017_up
			CMS_eff_t_vsJet_syst_dm0_2017_down
			CMS_eff_t_vsJet_syst_dm1_2017_up
			CMS_eff_t_vsJet_syst_dm1_2017_down
			CMS_eff_t_vsJet_syst_dm10_2017_up
			CMS_eff_t_vsJet_syst_dm10_2017_down
			CMS_eff_t_vsJet_syst_dm11_2017_up
			CMS_eff_t_vsJet_syst_dm11_2017_down
			CMS_btag_fullShape_hf_up
			CMS_btag_fullShape_hf_down
			CMS_btag_fullShape_lf_up
			CMS_btag_fullShape_lf_down
			CMS_btag_fullShape_cferr1_up
			CMS_btag_fullShape_cferr1_down
			CMS_btag_fullShape_cferr2_up
			CMS_btag_fullShape_cferr2_down
			CMS_btag_fullShape_hfstats1_2017_up
			CMS_btag_fullShape_hfstats1_2017_down
			CMS_btag_fullShape_hfstats2_2017_up
			CMS_btag_fullShape_hfstats2_2017_down
			CMS_btag_fullShape_lfstats1_2017_up
			CMS_btag_fullShape_lfstats1_2017_down
			CMS_btag_fullShape_lfstats2_2017_up
			CMS_btag_fullShape_lfstats2_2017_down
			pdf_alphas_up
			pdf_alphas_down
			pdf_00_up
			pdf_00_down
			QCDscale_ren_up
			QCDscale_ren_down
			QCDscale_fac_up
			QCDscale_fac_down
			ps_isr_up
			ps_isr_down
			ps_fsr_up
			ps_fsr_down
			CMS_scale_j_AbsoluteMPFBias_up
			CMS_scale_j_AbsoluteMPFBias_down
			CMS_scale_j_AbsoluteScale_up
			CMS_scale_j_AbsoluteScale_down
			CMS_scale_j_AbsoluteStat_2017_up
			CMS_scale_j_AbsoluteStat_2017_down
			CMS_scale_j_Fragmentation_up
			CMS_scale_j_Fragmentation_down
			CMS_scale_j_PileUpDataMC_up
			CMS_scale_j_PileUpDataMC_down
			CMS_scale_j_PileUpPtBB_up
			CMS_scale_j_PileUpPtBB_down
			CMS_scale_j_PileUpPtEC1_up
			CMS_scale_j_PileUpPtEC1_down
			CMS_scale_j_PileUpPtEC2_up
			CMS_scale_j_PileUpPtEC2_down
			CMS_scale_j_PileUpPtHF_up
			CMS_scale_j_PileUpPtHF_down
			CMS_scale_j_PileUpPtRef_up
			CMS_scale_j_PileUpPtRef_down
			CMS_scale_j_RelativeFSR_up
			CMS_scale_j_RelativeFSR_down
			CMS_scale_j_RelativeJEREC1_2017_up
			CMS_scale_j_RelativeJEREC1_2017_down
			CMS_scale_j_RelativeJEREC2_2017_up
			CMS_scale_j_RelativeJEREC2_2017_down
			CMS_scale_j_RelativeJERHF_up
			CMS_scale_j_RelativeJERHF_down
			CMS_scale_j_RelativePtBB_up
			CMS_scale_j_RelativePtBB_down
			CMS_scale_j_RelativePtEC1_2017_up
			CMS_scale_j_RelativePtEC1_2017_down
			CMS_scale_j_RelativePtEC2_2017_up
			CMS_scale_j_RelativePtEC2_2017_down
			CMS_scale_j_RelativePtHF_up
			CMS_scale_j_RelativePtHF_down
			CMS_scale_j_RelativeBal_up
			CMS_scale_j_RelativeBal_down
			CMS_scale_j_RelativeSample_2017_up
			CMS_scale_j_RelativeSample_2017_down
			CMS_scale_j_RelativeStatEC_2017_up
			CMS_scale_j_RelativeStatEC_2017_down
			CMS_scale_j_RelativeStatFSR_2017_up
			CMS_scale_j_RelativeStatFSR_2017_down
			CMS_scale_j_RelativeStatHF_2017_up
			CMS_scale_j_RelativeStatHF_2017_down
			CMS_scale_j_SinglePionECAL_up
			CMS_scale_j_SinglePionECAL_down
			CMS_scale_j_SinglePionHCAL_up
			CMS_scale_j_SinglePionHCAL_down
			CMS_scale_j_TimePtEta_2017_up
			CMS_scale_j_TimePtEta_2017_down
			CMS_scale_j_FlavorPureGluon_up
			CMS_scale_j_FlavorPureGluon_down
			CMS_scale_j_FlavorPureQuark_up
			CMS_scale_j_FlavorPureQuark_down
			CMS_scale_j_FlavorPureCharm_up
			CMS_scale_j_FlavorPureCharm_down
			CMS_scale_j_FlavorPureBottom_up
			CMS_scale_j_FlavorPureBottom_down
			CMS_res_j_2017_up
			CMS_res_j_2017_down
			CMS_scale_t_DeepTau2017v2p1_DM0_genTau_2017_up
			CMS_scale_t_DeepTau2017v2p1_DM0_genTau_2017_down
			CMS_scale_t_DeepTau2017v2p1_DM1_genTau_2017_up
			CMS_scale_t_DeepTau2017v2p1_DM1_genTau_2017_down
			CMS_scale_t_DeepTau2017v2p1_DM10_genTau_2017_up
			CMS_scale_t_DeepTau2017v2p1_DM10_genTau_2017_down
			CMS_scale_t_DeepTau2017v2p1_DM11_genTau_2017_up
			CMS_scale_t_DeepTau2017v2p1_DM11_genTau_2017_down
			CMS_scale_met_unclustered_energy_2017_up
			CMS_scale_met_unclustered_energy_2017_down
		ttZ
			CMS_pileup_up
			CMS_pileup_down
			CMS_l1_ecal_prefiring_2017_up
			CMS_l1_ecal_prefiring_2017_down
			CMS_TOP24017_eff_trigger_stats_2017_up
			CMS_TOP24017_eff_trigger_stats_2017_down
			CMS_fake_t_DeepTau2017v2p1_VSmu_2017_up
			CMS_fake_t_DeepTau2017v2p1_VSmu_2017_down
			CMS_fake_t_DeepTau2017v2p1_VSe_2017_up
			CMS_fake_t_DeepTau2017v2p1_VSe_2017_down
			CMS_eff_t_vsJet_stat1_dm0_2017_up
			CMS_eff_t_vsJet_stat1_dm0_2017_down
			CMS_eff_t_vsJet_stat1_dm1_2017_up
			CMS_eff_t_vsJet_stat1_dm1_2017_down
			CMS_eff_t_vsJet_stat1_dm10_2017_up
			CMS_eff_t_vsJet_stat1_dm10_2017_down
			CMS_eff_t_vsJet_stat1_dm11_2017_up
			CMS_eff_t_vsJet_stat1_dm11_2017_down
			CMS_eff_t_vsJet_stat2_dm0_2017_up
			CMS_eff_t_vsJet_stat2_dm0_2017_down
			CMS_eff_t_vsJet_stat2_dm1_2017_up
			CMS_eff_t_vsJet_stat2_dm1_2017_down
			CMS_eff_t_vsJet_stat2_dm10_2017_up
			CMS_eff_t_vsJet_stat2_dm10_2017_down
			CMS_eff_t_vsJet_stat2_dm11_2017_up
			CMS_eff_t_vsJet_stat2_dm11_2017_down
			CMS_eff_t_vsJet_syst_alleras_up
			CMS_eff_t_vsJet_syst_alleras_down
			CMS_eff_t_vsJet_syst_2017_up
			CMS_eff_t_vsJet_syst_2017_down
			CMS_eff_t_vsJet_syst_dm0_2017_up
			CMS_eff_t_vsJet_syst_dm0_2017_down
			CMS_eff_t_vsJet_syst_dm1_2017_up
			CMS_eff_t_vsJet_syst_dm1_2017_down
			CMS_eff_t_vsJet_syst_dm10_2017_up
			CMS_eff_t_vsJet_syst_dm10_2017_down
			CMS_eff_t_vsJet_syst_dm11_2017_up
			CMS_eff_t_vsJet_syst_dm11_2017_down
			CMS_btag_fullShape_hf_up
			CMS_btag_fullShape_hf_down
			CMS_btag_fullShape_lf_up
			CMS_btag_fullShape_lf_down
			CMS_btag_fullShape_cferr1_up
			CMS_btag_fullShape_cferr1_down
			CMS_btag_fullShape_cferr2_up
			CMS_btag_fullShape_cferr2_down
			CMS_btag_fullShape_hfstats1_2017_up
			CMS_btag_fullShape_hfstats1_2017_down
			CMS_btag_fullShape_hfstats2_2017_up
			CMS_btag_fullShape_hfstats2_2017_down
			CMS_btag_fullShape_lfstats1_2017_up
			CMS_btag_fullShape_lfstats1_2017_down
			CMS_btag_fullShape_lfstats2_2017_up
			CMS_btag_fullShape_lfstats2_2017_down
			pdf_alphas_up
			pdf_alphas_down
			pdf_00_up
			pdf_00_down
			QCDscale_ren_up
			QCDscale_ren_down
			QCDscale_fac_up
			QCDscale_fac_down
			ps_isr_up
			ps_isr_down
			ps_fsr_up
			ps_fsr_down
			CMS_scale_j_AbsoluteMPFBias_up
			CMS_scale_j_AbsoluteMPFBias_down
			CMS_scale_j_AbsoluteScale_up
			CMS_scale_j_AbsoluteScale_down
			CMS_scale_j_AbsoluteStat_2017_up
			CMS_scale_j_AbsoluteStat_2017_down
			CMS_scale_j_Fragmentation_up
			CMS_scale_j_Fragmentation_down
			CMS_scale_j_PileUpDataMC_up
			CMS_scale_j_PileUpDataMC_down
			CMS_scale_j_PileUpPtBB_up
			CMS_scale_j_PileUpPtBB_down
			CMS_scale_j_PileUpPtEC1_up
			CMS_scale_j_PileUpPtEC1_down
			CMS_scale_j_PileUpPtEC2_up
			CMS_scale_j_PileUpPtEC2_down
			CMS_scale_j_PileUpPtHF_up
			CMS_scale_j_PileUpPtHF_down
			CMS_scale_j_PileUpPtRef_up
			CMS_scale_j_PileUpPtRef_down
			CMS_scale_j_RelativeFSR_up
			CMS_scale_j_RelativeFSR_down
			CMS_scale_j_RelativeJEREC1_2017_up
			CMS_scale_j_RelativeJEREC1_2017_down
			CMS_scale_j_RelativeJEREC2_2017_up
			CMS_scale_j_RelativeJEREC2_2017_down
			CMS_scale_j_RelativeJERHF_up
			CMS_scale_j_RelativeJERHF_down
			CMS_scale_j_RelativePtBB_up
			CMS_scale_j_RelativePtBB_down
			CMS_scale_j_RelativePtEC1_2017_up
			CMS_scale_j_RelativePtEC1_2017_down
			CMS_scale_j_RelativePtEC2_2017_up
			CMS_scale_j_RelativePtEC2_2017_down
			CMS_scale_j_RelativePtHF_up
			CMS_scale_j_RelativePtHF_down
			CMS_scale_j_RelativeBal_up
			CMS_scale_j_RelativeBal_down
			CMS_scale_j_RelativeSample_2017_up
			CMS_scale_j_RelativeSample_2017_down
			CMS_scale_j_RelativeStatEC_2017_up
			CMS_scale_j_RelativeStatEC_2017_down
			CMS_scale_j_RelativeStatFSR_2017_up
			CMS_scale_j_RelativeStatFSR_2017_down
			CMS_scale_j_RelativeStatHF_2017_up
			CMS_scale_j_RelativeStatHF_2017_down
			CMS_scale_j_SinglePionECAL_up
			CMS_scale_j_SinglePionECAL_down
			CMS_scale_j_SinglePionHCAL_up
			CMS_scale_j_SinglePionHCAL_down
			CMS_scale_j_TimePtEta_2017_up
			CMS_scale_j_TimePtEta_2017_down
			CMS_scale_j_FlavorPureGluon_up
			CMS_scale_j_FlavorPureGluon_down
			CMS_scale_j_FlavorPureQuark_up
			CMS_scale_j_FlavorPureQuark_down
			CMS_scale_j_FlavorPureCharm_up
			CMS_scale_j_FlavorPureCharm_down
			CMS_scale_j_FlavorPureBottom_up
			CMS_scale_j_FlavorPureBottom_down
			CMS_res_j_2017_up
			CMS_res_j_2017_down
			CMS_scale_t_DeepTau2017v2p1_DM0_genTau_2017_up
			CMS_scale_t_DeepTau2017v2p1_DM0_genTau_2017_down
			CMS_scale_t_DeepTau2017v2p1_DM1_genTau_2017_up
			CMS_scale_t_DeepTau2017v2p1_DM1_genTau_2017_down
			CMS_scale_t_DeepTau2017v2p1_DM10_genTau_2017_up
			CMS_scale_t_DeepTau2017v2p1_DM10_genTau_2017_down
			CMS_scale_t_DeepTau2017v2p1_DM11_genTau_2017_up
			CMS_scale_t_DeepTau2017v2p1_DM11_genTau_2017_down
			CMS_scale_met_unclustered_energy_2017_up
			CMS_scale_met_unclustered_energy_2017_down
	1tau0lSR
		singleTop
			CMS_pileup_up
			CMS_pileup_down
			CMS_l1_ecal_prefiring_2017_up
			CMS_l1_ecal_prefiring_2017_down
			CMS_TOP24017_eff_trigger_stats_2017_up
			CMS_TOP24017_eff_trigger_stats_2017_down
			CMS_fake_t_DeepTau2017v2p1_VSmu_2017_up
			CMS_fake_t_DeepTau2017v2p1_VSmu_2017_down
			CMS_fake_t_DeepTau2017v2p1_VSe_2017_up
			CMS_fake_t_DeepTau2017v2p1_VSe_2017_down
			CMS_eff_t_vsJet_stat1_dm0_2017_up
			CMS_eff_t_vsJet_stat1_dm0_2017_down
			CMS_eff_t_vsJet_stat1_dm1_2017_up
			CMS_eff_t_vsJet_stat1_dm1_2017_down
			CMS_eff_t_vsJet_stat1_dm10_2017_up
			CMS_eff_t_vsJet_stat1_dm10_2017_down
			CMS_eff_t_vsJet_stat1_dm11_2017_up
			CMS_eff_t_vsJet_stat1_dm11_2017_down
			CMS_eff_t_vsJet_stat2_dm0_2017_up
			CMS_eff_t_vsJet_stat2_dm0_2017_down
			CMS_eff_t_vsJet_stat2_dm1_2017_up
			CMS_eff_t_vsJet_stat2_dm1_2017_down
			CMS_eff_t_vsJet_stat2_dm10_2017_up
			CMS_eff_t_vsJet_stat2_dm10_2017_down
			CMS_eff_t_vsJet_stat2_dm11_2017_up
			CMS_eff_t_vsJet_stat2_dm11_2017_down
			CMS_eff_t_vsJet_syst_alleras_up
			CMS_eff_t_vsJet_syst_alleras_down
			CMS_eff_t_vsJet_syst_2017_up
			CMS_eff_t_vsJet_syst_2017_down
			CMS_eff_t_vsJet_syst_dm0_2017_up
			CMS_eff_t_vsJet_syst_dm0_2017_down
			CMS_eff_t_vsJet_syst_dm1_2017_up
			CMS_eff_t_vsJet_syst_dm1_2017_down
			CMS_eff_t_vsJet_syst_dm10_2017_up
			CMS_eff_t_vsJet_syst_dm10_2017_down
			CMS_eff_t_vsJet_syst_dm11_2017_up
			CMS_eff_t_vsJet_syst_dm11_2017_down
			CMS_btag_fullShape_hf_up
			CMS_btag_fullShape_hf_down
			CMS_btag_fullShape_lf_up
			CMS_btag_fullShape_lf_down
			CMS_btag_fullShape_cferr1_up
			CMS_btag_fullShape_cferr1_down
			CMS_btag_fullShape_cferr2_up
			CMS_btag_fullShape_cferr2_down
			CMS_btag_fullShape_hfstats1_2017_up
			CMS_btag_fullShape_hfstats1_2017_down
			CMS_btag_fullShape_hfstats2_2017_up
			CMS_btag_fullShape_hfstats2_2017_down
			CMS_btag_fullShape_lfstats1_2017_up
			CMS_btag_fullShape_lfstats1_2017_down
			CMS_btag_fullShape_lfstats2_2017_up
			CMS_btag_fullShape_lfstats2_2017_down
			pdf_00_up
			pdf_00_down
			QCDscale_ren_up
			QCDscale_ren_down
			QCDscale_fac_up
			QCDscale_fac_down
			ps_isr_up
			ps_isr_down
			ps_fsr_up
			ps_fsr_down
			CMS_scale_j_AbsoluteMPFBias_up
			CMS_scale_j_AbsoluteMPFBias_down
			CMS_scale_j_AbsoluteScale_up
			CMS_scale_j_AbsoluteScale_down
			CMS_scale_j_AbsoluteStat_2017_up
			CMS_scale_j_AbsoluteStat_2017_down
			CMS_scale_j_Fragmentation_up
			CMS_scale_j_Fragmentation_down
			CMS_scale_j_PileUpDataMC_up
			CMS_scale_j_PileUpDataMC_down
			CMS_scale_j_PileUpPtBB_up
			CMS_scale_j_PileUpPtBB_down
			CMS_scale_j_PileUpPtEC1_up
			CMS_scale_j_PileUpPtEC1_down
			CMS_scale_j_PileUpPtEC2_up
			CMS_scale_j_PileUpPtEC2_down
			CMS_scale_j_PileUpPtHF_up
			CMS_scale_j_PileUpPtHF_down
			CMS_scale_j_PileUpPtRef_up
			CMS_scale_j_PileUpPtRef_down
			CMS_scale_j_RelativeFSR_up
			CMS_scale_j_RelativeFSR_down
			CMS_scale_j_RelativeJEREC1_2017_up
			CMS_scale_j_RelativeJEREC1_2017_down
			CMS_scale_j_RelativeJEREC2_2017_up
			CMS_scale_j_RelativeJEREC2_2017_down
			CMS_scale_j_RelativeJERHF_up
			CMS_scale_j_RelativeJERHF_down
			CMS_scale_j_RelativePtBB_up
			CMS_scale_j_RelativePtBB_down
			CMS_scale_j_RelativePtEC1_2017_up
			CMS_scale_j_RelativePtEC1_2017_down
			CMS_scale_j_RelativePtEC2_2017_up
			CMS_scale_j_RelativePtEC2_2017_down
			CMS_scale_j_RelativePtHF_up
			CMS_scale_j_RelativePtHF_down
			CMS_scale_j_RelativeBal_up
			CMS_scale_j_RelativeBal_down
			CMS_scale_j_RelativeSample_2017_up
			CMS_scale_j_RelativeSample_2017_down
			CMS_scale_j_RelativeStatEC_2017_up
			CMS_scale_j_RelativeStatEC_2017_down
			CMS_scale_j_RelativeStatFSR_2017_up
			CMS_scale_j_RelativeStatFSR_2017_down
			CMS_scale_j_RelativeStatHF_2017_up
			CMS_scale_j_RelativeStatHF_2017_down
			CMS_scale_j_SinglePionECAL_up
			CMS_scale_j_SinglePionECAL_down
			CMS_scale_j_SinglePionHCAL_up
			CMS_scale_j_SinglePionHCAL_down
			CMS_scale_j_TimePtEta_2017_up
			CMS_scale_j_TimePtEta_2017_down
			CMS_scale_j_FlavorPureGluon_up
			CMS_scale_j_FlavorPureGluon_down
			CMS_scale_j_FlavorPureQuark_up
			CMS_scale_j_FlavorPureQuark_down
			CMS_scale_j_FlavorPureCharm_up
			CMS_scale_j_FlavorPureCharm_down
			CMS_scale_j_FlavorPureBottom_up
			CMS_scale_j_FlavorPureBottom_down
			CMS_res_j_2017_up
			CMS_res_j_2017_down
			CMS_scale_t_DeepTau2017v2p1_DM0_genTau_2017_up
			CMS_scale_t_DeepTau2017v2p1_DM0_genTau_2017_down
			CMS_scale_t_DeepTau2017v2p1_DM1_genTau_2017_up
			CMS_scale_t_DeepTau2017v2p1_DM1_genTau_2017_down
			CMS_scale_t_DeepTau2017v2p1_DM10_genTau_2017_up
			CMS_scale_t_DeepTau2017v2p1_DM10_genTau_2017_down
			CMS_scale_t_DeepTau2017v2p1_DM11_genTau_2017_up
			CMS_scale_t_DeepTau2017v2p1_DM11_genTau_2017_down
			CMS_scale_met_unclustered_energy_2017_up
			CMS_scale_met_unclustered_energy_2017_down
		fakeTau
			CMS_fake_t_2017_up
			CMS_fake_t_2017_down
		jetHT
		WJets
			CMS_pileup_up
			CMS_pileup_down
			CMS_l1_ecal_prefiring_2017_up
			CMS_l1_ecal_prefiring_2017_down
			CMS_TOP24017_eff_trigger_stats_2017_up
			CMS_TOP24017_eff_trigger_stats_2017_down
			CMS_fake_t_DeepTau2017v2p1_VSmu_2017_up
			CMS_fake_t_DeepTau2017v2p1_VSmu_2017_down
			CMS_fake_t_DeepTau2017v2p1_VSe_2017_up
			CMS_fake_t_DeepTau2017v2p1_VSe_2017_down
			CMS_eff_t_vsJet_stat1_dm0_2017_up
			CMS_eff_t_vsJet_stat1_dm0_2017_down
			CMS_eff_t_vsJet_stat1_dm1_2017_up
			CMS_eff_t_vsJet_stat1_dm1_2017_down
			CMS_eff_t_vsJet_stat1_dm10_2017_up
			CMS_eff_t_vsJet_stat1_dm10_2017_down
			CMS_eff_t_vsJet_stat1_dm11_2017_up
			CMS_eff_t_vsJet_stat1_dm11_2017_down
			CMS_eff_t_vsJet_stat2_dm0_2017_up
			CMS_eff_t_vsJet_stat2_dm0_2017_down
			CMS_eff_t_vsJet_stat2_dm1_2017_up
			CMS_eff_t_vsJet_stat2_dm1_2017_down
			CMS_eff_t_vsJet_stat2_dm10_2017_up
			CMS_eff_t_vsJet_stat2_dm10_2017_down
			CMS_eff_t_vsJet_stat2_dm11_2017_up
			CMS_eff_t_vsJet_stat2_dm11_2017_down
			CMS_eff_t_vsJet_syst_alleras_up
			CMS_eff_t_vsJet_syst_alleras_down
			CMS_eff_t_vsJet_syst_2017_up
			CMS_eff_t_vsJet_syst_2017_down
			CMS_eff_t_vsJet_syst_dm0_2017_up
			CMS_eff_t_vsJet_syst_dm0_2017_down
			CMS_eff_t_vsJet_syst_dm1_2017_up
			CMS_eff_t_vsJet_syst_dm1_2017_down
			CMS_eff_t_vsJet_syst_dm10_2017_up
			CMS_eff_t_vsJet_syst_dm10_2017_down
			CMS_eff_t_vsJet_syst_dm11_2017_up
			CMS_eff_t_vsJet_syst_dm11_2017_down
			CMS_btag_fullShape_hf_up
			CMS_btag_fullShape_hf_down
			CMS_btag_fullShape_lf_up
			CMS_btag_fullShape_lf_down
			CMS_btag_fullShape_cferr1_up
			CMS_btag_fullShape_cferr1_down
			CMS_btag_fullShape_cferr2_up
			CMS_btag_fullShape_cferr2_down
			CMS_btag_fullShape_hfstats1_2017_up
			CMS_btag_fullShape_hfstats1_2017_down
			CMS_btag_fullShape_hfstats2_2017_up
			CMS_btag_fullShape_hfstats2_2017_down
			CMS_btag_fullShape_lfstats1_2017_up
			CMS_btag_fullShape_lfstats1_2017_down
			CMS_btag_fullShape_lfstats2_2017_up
			CMS_btag_fullShape_lfstats2_2017_down
			pdf_alphas_up
			pdf_alphas_down
			pdf_00_up
			pdf_00_down
			QCDscale_ren_up
			QCDscale_ren_down
			QCDscale_fac_up
			QCDscale_fac_down
			ps_isr_up
			ps_isr_down
			ps_fsr_up
			ps_fsr_down
			CMS_scale_j_AbsoluteMPFBias_up
			CMS_scale_j_AbsoluteMPFBias_down
			CMS_scale_j_AbsoluteScale_up
			CMS_scale_j_AbsoluteScale_down
			CMS_scale_j_AbsoluteStat_2017_up
			CMS_scale_j_AbsoluteStat_2017_down
			CMS_scale_j_Fragmentation_up
			CMS_scale_j_Fragmentation_down
			CMS_scale_j_PileUpDataMC_up
			CMS_scale_j_PileUpDataMC_down
			CMS_scale_j_PileUpPtBB_up
			CMS_scale_j_PileUpPtBB_down
			CMS_scale_j_PileUpPtEC1_up
			CMS_scale_j_PileUpPtEC1_down
			CMS_scale_j_PileUpPtEC2_up
			CMS_scale_j_PileUpPtEC2_down
			CMS_scale_j_PileUpPtHF_up
			CMS_scale_j_PileUpPtHF_down
			CMS_scale_j_PileUpPtRef_up
			CMS_scale_j_PileUpPtRef_down
			CMS_scale_j_RelativeFSR_up
			CMS_scale_j_RelativeFSR_down
			CMS_scale_j_RelativeJEREC1_2017_up
			CMS_scale_j_RelativeJEREC1_2017_down
			CMS_scale_j_RelativeJEREC2_2017_up
			CMS_scale_j_RelativeJEREC2_2017_down
			CMS_scale_j_RelativeJERHF_up
			CMS_scale_j_RelativeJERHF_down
			CMS_scale_j_RelativePtBB_up
			CMS_scale_j_RelativePtBB_down
			CMS_scale_j_RelativePtEC1_2017_up
			CMS_scale_j_RelativePtEC1_2017_down
			CMS_scale_j_RelativePtEC2_2017_up
			CMS_scale_j_RelativePtEC2_2017_down
			CMS_scale_j_RelativePtHF_up
			CMS_scale_j_RelativePtHF_down
			CMS_scale_j_RelativeBal_up
			CMS_scale_j_RelativeBal_down
			CMS_scale_j_RelativeSample_2017_up
			CMS_scale_j_RelativeSample_2017_down
			CMS_scale_j_RelativeStatEC_2017_up
			CMS_scale_j_RelativeStatEC_2017_down
			CMS_scale_j_RelativeStatFSR_2017_up
			CMS_scale_j_RelativeStatFSR_2017_down
			CMS_scale_j_RelativeStatHF_2017_up
			CMS_scale_j_RelativeStatHF_2017_down
			CMS_scale_j_SinglePionECAL_up
			CMS_scale_j_SinglePionECAL_down
			CMS_scale_j_SinglePionHCAL_up
			CMS_scale_j_SinglePionHCAL_down
			CMS_scale_j_TimePtEta_2017_up
			CMS_scale_j_TimePtEta_2017_down
			CMS_scale_j_FlavorPureGluon_up
			CMS_scale_j_FlavorPureGluon_down
			CMS_scale_j_FlavorPureQuark_up
			CMS_scale_j_FlavorPureQuark_down
			CMS_scale_j_FlavorPureCharm_up
			CMS_scale_j_FlavorPureCharm_down
			CMS_scale_j_FlavorPureBottom_up
			CMS_scale_j_FlavorPureBottom_down
			CMS_res_j_2017_up
			CMS_res_j_2017_down
			CMS_scale_t_DeepTau2017v2p1_DM0_genTau_2017_up
			CMS_scale_t_DeepTau2017v2p1_DM0_genTau_2017_down
			CMS_scale_t_DeepTau2017v2p1_DM1_genTau_2017_up
			CMS_scale_t_DeepTau2017v2p1_DM1_genTau_2017_down
			CMS_scale_t_DeepTau2017v2p1_DM10_genTau_2017_up
			CMS_scale_t_DeepTau2017v2p1_DM10_genTau_2017_down
			CMS_scale_t_DeepTau2017v2p1_DM11_genTau_2017_up
			CMS_scale_t_DeepTau2017v2p1_DM11_genTau_2017_down
			CMS_scale_met_unclustered_energy_2017_up
			CMS_scale_met_unclustered_energy_2017_down
		tt
			CMS_pileup_up
			CMS_pileup_down
			CMS_l1_ecal_prefiring_2017_up
			CMS_l1_ecal_prefiring_2017_down
			CMS_TOP24017_eff_trigger_stats_2017_up
			CMS_TOP24017_eff_trigger_stats_2017_down
			CMS_fake_t_DeepTau2017v2p1_VSmu_2017_up
			CMS_fake_t_DeepTau2017v2p1_VSmu_2017_down
			CMS_fake_t_DeepTau2017v2p1_VSe_2017_up
			CMS_fake_t_DeepTau2017v2p1_VSe_2017_down
			CMS_eff_t_vsJet_stat1_dm0_2017_up
			CMS_eff_t_vsJet_stat1_dm0_2017_down
			CMS_eff_t_vsJet_stat1_dm1_2017_up
			CMS_eff_t_vsJet_stat1_dm1_2017_down
			CMS_eff_t_vsJet_stat1_dm10_2017_up
			CMS_eff_t_vsJet_stat1_dm10_2017_down
			CMS_eff_t_vsJet_stat1_dm11_2017_up
			CMS_eff_t_vsJet_stat1_dm11_2017_down
			CMS_eff_t_vsJet_stat2_dm0_2017_up
			CMS_eff_t_vsJet_stat2_dm0_2017_down
			CMS_eff_t_vsJet_stat2_dm1_2017_up
			CMS_eff_t_vsJet_stat2_dm1_2017_down
			CMS_eff_t_vsJet_stat2_dm10_2017_up
			CMS_eff_t_vsJet_stat2_dm10_2017_down
			CMS_eff_t_vsJet_stat2_dm11_2017_up
			CMS_eff_t_vsJet_stat2_dm11_2017_down
			CMS_eff_t_vsJet_syst_alleras_up
			CMS_eff_t_vsJet_syst_alleras_down
			CMS_eff_t_vsJet_syst_2017_up
			CMS_eff_t_vsJet_syst_2017_down
			CMS_eff_t_vsJet_syst_dm0_2017_up
			CMS_eff_t_vsJet_syst_dm0_2017_down
			CMS_eff_t_vsJet_syst_dm1_2017_up
			CMS_eff_t_vsJet_syst_dm1_2017_down
			CMS_eff_t_vsJet_syst_dm10_2017_up
			CMS_eff_t_vsJet_syst_dm10_2017_down
			CMS_eff_t_vsJet_syst_dm11_2017_up
			CMS_eff_t_vsJet_syst_dm11_2017_down
			CMS_btag_fullShape_hf_up
			CMS_btag_fullShape_hf_down
			CMS_btag_fullShape_lf_up
			CMS_btag_fullShape_lf_down
			CMS_btag_fullShape_cferr1_up
			CMS_btag_fullShape_cferr1_down
			CMS_btag_fullShape_cferr2_up
			CMS_btag_fullShape_cferr2_down
			CMS_btag_fullShape_hfstats1_2017_up
			CMS_btag_fullShape_hfstats1_2017_down
			CMS_btag_fullShape_hfstats2_2017_up
			CMS_btag_fullShape_hfstats2_2017_down
			CMS_btag_fullShape_lfstats1_2017_up
			CMS_btag_fullShape_lfstats1_2017_down
			CMS_btag_fullShape_lfstats2_2017_up
			CMS_btag_fullShape_lfstats2_2017_down
			pdf_alphas_up
			pdf_alphas_down
			pdf_00_up
			pdf_00_down
			QCDscale_ren_up
			QCDscale_ren_down
			QCDscale_fac_up
			QCDscale_fac_down
			ps_isr_up
			ps_isr_down
			ps_fsr_up
			ps_fsr_down
			CMS_scale_j_AbsoluteMPFBias_up
			CMS_scale_j_AbsoluteMPFBias_down
			CMS_scale_j_AbsoluteScale_up
			CMS_scale_j_AbsoluteScale_down
			CMS_scale_j_AbsoluteStat_2017_up
			CMS_scale_j_AbsoluteStat_2017_down
			CMS_scale_j_Fragmentation_up
			CMS_scale_j_Fragmentation_down
			CMS_scale_j_PileUpDataMC_up
			CMS_scale_j_PileUpDataMC_down
			CMS_scale_j_PileUpPtBB_up
			CMS_scale_j_PileUpPtBB_down
			CMS_scale_j_PileUpPtEC1_up
			CMS_scale_j_PileUpPtEC1_down
			CMS_scale_j_PileUpPtEC2_up
			CMS_scale_j_PileUpPtEC2_down
			CMS_scale_j_PileUpPtHF_up
			CMS_scale_j_PileUpPtHF_down
			CMS_scale_j_PileUpPtRef_up
			CMS_scale_j_PileUpPtRef_down
			CMS_scale_j_RelativeFSR_up
			CMS_scale_j_RelativeFSR_down
			CMS_scale_j_RelativeJEREC1_2017_up
			CMS_scale_j_RelativeJEREC1_2017_down
			CMS_scale_j_RelativeJEREC2_2017_up
			CMS_scale_j_RelativeJEREC2_2017_down
			CMS_scale_j_RelativeJERHF_up
			CMS_scale_j_RelativeJERHF_down
			CMS_scale_j_RelativePtBB_up
			CMS_scale_j_RelativePtBB_down
			CMS_scale_j_RelativePtEC1_2017_up
			CMS_scale_j_RelativePtEC1_2017_down
			CMS_scale_j_RelativePtEC2_2017_up
			CMS_scale_j_RelativePtEC2_2017_down
			CMS_scale_j_RelativePtHF_up
			CMS_scale_j_RelativePtHF_down
			CMS_scale_j_RelativeBal_up
			CMS_scale_j_RelativeBal_down
			CMS_scale_j_RelativeSample_2017_up
			CMS_scale_j_RelativeSample_2017_down
			CMS_scale_j_RelativeStatEC_2017_up
			CMS_scale_j_RelativeStatEC_2017_down
			CMS_scale_j_RelativeStatFSR_2017_up
			CMS_scale_j_RelativeStatFSR_2017_down
			CMS_scale_j_RelativeStatHF_2017_up
			CMS_scale_j_RelativeStatHF_2017_down
			CMS_scale_j_SinglePionECAL_up
			CMS_scale_j_SinglePionECAL_down
			CMS_scale_j_SinglePionHCAL_up
			CMS_scale_j_SinglePionHCAL_down
			CMS_scale_j_TimePtEta_2017_up
			CMS_scale_j_TimePtEta_2017_down
			CMS_scale_j_FlavorPureGluon_up
			CMS_scale_j_FlavorPureGluon_down
			CMS_scale_j_FlavorPureQuark_up
			CMS_scale_j_FlavorPureQuark_down
			CMS_scale_j_FlavorPureCharm_up
			CMS_scale_j_FlavorPureCharm_down
			CMS_scale_j_FlavorPureBottom_up
			CMS_scale_j_FlavorPureBottom_down
			CMS_res_j_2017_up
			CMS_res_j_2017_down
			CMS_scale_t_DeepTau2017v2p1_DM0_genTau_2017_up
			CMS_scale_t_DeepTau2017v2p1_DM0_genTau_2017_down
			CMS_scale_t_DeepTau2017v2p1_DM1_genTau_2017_up
			CMS_scale_t_DeepTau2017v2p1_DM1_genTau_2017_down
			CMS_scale_t_DeepTau2017v2p1_DM10_genTau_2017_up
			CMS_scale_t_DeepTau2017v2p1_DM10_genTau_2017_down
			CMS_scale_t_DeepTau2017v2p1_DM11_genTau_2017_up
			CMS_scale_t_DeepTau2017v2p1_DM11_genTau_2017_down
			CMS_scale_met_unclustered_energy_2017_up
			CMS_scale_met_unclustered_energy_2017_down
		ttH
			CMS_pileup_up
			CMS_pileup_down
			CMS_l1_ecal_prefiring_2017_up
			CMS_l1_ecal_prefiring_2017_down
			CMS_TOP24017_eff_trigger_stats_2017_up
			CMS_TOP24017_eff_trigger_stats_2017_down
			CMS_fake_t_DeepTau2017v2p1_VSmu_2017_up
			CMS_fake_t_DeepTau2017v2p1_VSmu_2017_down
			CMS_fake_t_DeepTau2017v2p1_VSe_2017_up
			CMS_fake_t_DeepTau2017v2p1_VSe_2017_down
			CMS_eff_t_vsJet_stat1_dm0_2017_up
			CMS_eff_t_vsJet_stat1_dm0_2017_down
			CMS_eff_t_vsJet_stat1_dm1_2017_up
			CMS_eff_t_vsJet_stat1_dm1_2017_down
			CMS_eff_t_vsJet_stat1_dm10_2017_up
			CMS_eff_t_vsJet_stat1_dm10_2017_down
			CMS_eff_t_vsJet_stat1_dm11_2017_up
			CMS_eff_t_vsJet_stat1_dm11_2017_down
			CMS_eff_t_vsJet_stat2_dm0_2017_up
			CMS_eff_t_vsJet_stat2_dm0_2017_down
			CMS_eff_t_vsJet_stat2_dm1_2017_up
			CMS_eff_t_vsJet_stat2_dm1_2017_down
			CMS_eff_t_vsJet_stat2_dm10_2017_up
			CMS_eff_t_vsJet_stat2_dm10_2017_down
			CMS_eff_t_vsJet_stat2_dm11_2017_up
			CMS_eff_t_vsJet_stat2_dm11_2017_down
			CMS_eff_t_vsJet_syst_alleras_up
			CMS_eff_t_vsJet_syst_alleras_down
			CMS_eff_t_vsJet_syst_2017_up
			CMS_eff_t_vsJet_syst_2017_down
			CMS_eff_t_vsJet_syst_dm0_2017_up
			CMS_eff_t_vsJet_syst_dm0_2017_down
			CMS_eff_t_vsJet_syst_dm1_2017_up
			CMS_eff_t_vsJet_syst_dm1_2017_down
			CMS_eff_t_vsJet_syst_dm10_2017_up
			CMS_eff_t_vsJet_syst_dm10_2017_down
			CMS_eff_t_vsJet_syst_dm11_2017_up
			CMS_eff_t_vsJet_syst_dm11_2017_down
			CMS_btag_fullShape_hf_up
			CMS_btag_fullShape_hf_down
			CMS_btag_fullShape_lf_up
			CMS_btag_fullShape_lf_down
			CMS_btag_fullShape_cferr1_up
			CMS_btag_fullShape_cferr1_down
			CMS_btag_fullShape_cferr2_up
			CMS_btag_fullShape_cferr2_down
			CMS_btag_fullShape_hfstats1_2017_up
			CMS_btag_fullShape_hfstats1_2017_down
			CMS_btag_fullShape_hfstats2_2017_up
			CMS_btag_fullShape_hfstats2_2017_down
			CMS_btag_fullShape_lfstats1_2017_up
			CMS_btag_fullShape_lfstats1_2017_down
			CMS_btag_fullShape_lfstats2_2017_up
			CMS_btag_fullShape_lfstats2_2017_down
			pdf_alphas_up
			pdf_alphas_down
			pdf_00_up
			pdf_00_down
			QCDscale_ren_up
			QCDscale_ren_down
			QCDscale_fac_up
			QCDscale_fac_down
			ps_isr_up
			ps_isr_down
			ps_fsr_up
			ps_fsr_down
			CMS_scale_j_AbsoluteMPFBias_up
			CMS_scale_j_AbsoluteMPFBias_down
			CMS_scale_j_AbsoluteScale_up
			CMS_scale_j_AbsoluteScale_down
			CMS_scale_j_AbsoluteStat_2017_up
			CMS_scale_j_AbsoluteStat_2017_down
			CMS_scale_j_Fragmentation_up
			CMS_scale_j_Fragmentation_down
			CMS_scale_j_PileUpDataMC_up
			CMS_scale_j_PileUpDataMC_down
			CMS_scale_j_PileUpPtBB_up
			CMS_scale_j_PileUpPtBB_down
			CMS_scale_j_PileUpPtEC1_up
			CMS_scale_j_PileUpPtEC1_down
			CMS_scale_j_PileUpPtEC2_up
			CMS_scale_j_PileUpPtEC2_down
			CMS_scale_j_PileUpPtHF_up
			CMS_scale_j_PileUpPtHF_down
			CMS_scale_j_PileUpPtRef_up
			CMS_scale_j_PileUpPtRef_down
			CMS_scale_j_RelativeFSR_up
			CMS_scale_j_RelativeFSR_down
			CMS_scale_j_RelativeJEREC1_2017_up
			CMS_scale_j_RelativeJEREC1_2017_down
			CMS_scale_j_RelativeJEREC2_2017_up
			CMS_scale_j_RelativeJEREC2_2017_down
			CMS_scale_j_RelativeJERHF_up
			CMS_scale_j_RelativeJERHF_down
			CMS_scale_j_RelativePtBB_up
			CMS_scale_j_RelativePtBB_down
			CMS_scale_j_RelativePtEC1_2017_up
			CMS_scale_j_RelativePtEC1_2017_down
			CMS_scale_j_RelativePtEC2_2017_up
			CMS_scale_j_RelativePtEC2_2017_down
			CMS_scale_j_RelativePtHF_up
			CMS_scale_j_RelativePtHF_down
			CMS_scale_j_RelativeBal_up
			CMS_scale_j_RelativeBal_down
			CMS_scale_j_RelativeSample_2017_up
			CMS_scale_j_RelativeSample_2017_down
			CMS_scale_j_RelativeStatEC_2017_up
			CMS_scale_j_RelativeStatEC_2017_down
			CMS_scale_j_RelativeStatFSR_2017_up
			CMS_scale_j_RelativeStatFSR_2017_down
			CMS_scale_j_RelativeStatHF_2017_up
			CMS_scale_j_RelativeStatHF_2017_down
			CMS_scale_j_SinglePionECAL_up
			CMS_scale_j_SinglePionECAL_down
			CMS_scale_j_SinglePionHCAL_up
			CMS_scale_j_SinglePionHCAL_down
			CMS_scale_j_TimePtEta_2017_up
			CMS_scale_j_TimePtEta_2017_down
			CMS_scale_j_FlavorPureGluon_up
			CMS_scale_j_FlavorPureGluon_down
			CMS_scale_j_FlavorPureQuark_up
			CMS_scale_j_FlavorPureQuark_down
			CMS_scale_j_FlavorPureCharm_up
			CMS_scale_j_FlavorPureCharm_down
			CMS_scale_j_FlavorPureBottom_up
			CMS_scale_j_FlavorPureBottom_down
			CMS_res_j_2017_up
			CMS_res_j_2017_down
			CMS_scale_t_DeepTau2017v2p1_DM0_genTau_2017_up
			CMS_scale_t_DeepTau2017v2p1_DM0_genTau_2017_down
			CMS_scale_t_DeepTau2017v2p1_DM1_genTau_2017_up
			CMS_scale_t_DeepTau2017v2p1_DM1_genTau_2017_down
			CMS_scale_t_DeepTau2017v2p1_DM10_genTau_2017_up
			CMS_scale_t_DeepTau2017v2p1_DM10_genTau_2017_down
			CMS_scale_t_DeepTau2017v2p1_DM11_genTau_2017_up
			CMS_scale_t_DeepTau2017v2p1_DM11_genTau_2017_down
			CMS_scale_met_unclustered_energy_2017_up
			CMS_scale_met_unclustered_energy_2017_down
		tttt
			CMS_pileup_up
			CMS_pileup_down
			CMS_l1_ecal_prefiring_2017_up
			CMS_l1_ecal_prefiring_2017_down
			CMS_TOP24017_eff_trigger_stats_2017_up
			CMS_TOP24017_eff_trigger_stats_2017_down
			CMS_fake_t_DeepTau2017v2p1_VSmu_2017_up
			CMS_fake_t_DeepTau2017v2p1_VSmu_2017_down
			CMS_fake_t_DeepTau2017v2p1_VSe_2017_up
			CMS_fake_t_DeepTau2017v2p1_VSe_2017_down
			CMS_eff_t_vsJet_stat1_dm0_2017_up
			CMS_eff_t_vsJet_stat1_dm0_2017_down
			CMS_eff_t_vsJet_stat1_dm1_2017_up
			CMS_eff_t_vsJet_stat1_dm1_2017_down
			CMS_eff_t_vsJet_stat1_dm10_2017_up
			CMS_eff_t_vsJet_stat1_dm10_2017_down
			CMS_eff_t_vsJet_stat1_dm11_2017_up
			CMS_eff_t_vsJet_stat1_dm11_2017_down
			CMS_eff_t_vsJet_stat2_dm0_2017_up
			CMS_eff_t_vsJet_stat2_dm0_2017_down
			CMS_eff_t_vsJet_stat2_dm1_2017_up
			CMS_eff_t_vsJet_stat2_dm1_2017_down
			CMS_eff_t_vsJet_stat2_dm10_2017_up
			CMS_eff_t_vsJet_stat2_dm10_2017_down
			CMS_eff_t_vsJet_stat2_dm11_2017_up
			CMS_eff_t_vsJet_stat2_dm11_2017_down
			CMS_eff_t_vsJet_syst_alleras_up
			CMS_eff_t_vsJet_syst_alleras_down
			CMS_eff_t_vsJet_syst_2017_up
			CMS_eff_t_vsJet_syst_2017_down
			CMS_eff_t_vsJet_syst_dm0_2017_up
			CMS_eff_t_vsJet_syst_dm0_2017_down
			CMS_eff_t_vsJet_syst_dm1_2017_up
			CMS_eff_t_vsJet_syst_dm1_2017_down
			CMS_eff_t_vsJet_syst_dm10_2017_up
			CMS_eff_t_vsJet_syst_dm10_2017_down
			CMS_eff_t_vsJet_syst_dm11_2017_up
			CMS_eff_t_vsJet_syst_dm11_2017_down
			CMS_btag_fullShape_hf_up
			CMS_btag_fullShape_hf_down
			CMS_btag_fullShape_lf_up
			CMS_btag_fullShape_lf_down
			CMS_btag_fullShape_cferr1_up
			CMS_btag_fullShape_cferr1_down
			CMS_btag_fullShape_cferr2_up
			CMS_btag_fullShape_cferr2_down
			CMS_btag_fullShape_hfstats1_2017_up
			CMS_btag_fullShape_hfstats1_2017_down
			CMS_btag_fullShape_hfstats2_2017_up
			CMS_btag_fullShape_hfstats2_2017_down
			CMS_btag_fullShape_lfstats1_2017_up
			CMS_btag_fullShape_lfstats1_2017_down
			CMS_btag_fullShape_lfstats2_2017_up
			CMS_btag_fullShape_lfstats2_2017_down
			pdf_alphas_up
			pdf_alphas_down
			pdf_00_up
			pdf_00_down
			QCDscale_ren_up
			QCDscale_ren_down
			QCDscale_fac_up
			QCDscale_fac_down
			ps_isr_up
			ps_isr_down
			ps_fsr_up
			ps_fsr_down
			CMS_scale_j_AbsoluteMPFBias_up
			CMS_scale_j_AbsoluteMPFBias_down
			CMS_scale_j_AbsoluteScale_up
			CMS_scale_j_AbsoluteScale_down
			CMS_scale_j_AbsoluteStat_2017_up
			CMS_scale_j_AbsoluteStat_2017_down
			CMS_scale_j_Fragmentation_up
			CMS_scale_j_Fragmentation_down
			CMS_scale_j_PileUpDataMC_up
			CMS_scale_j_PileUpDataMC_down
			CMS_scale_j_PileUpPtBB_up
			CMS_scale_j_PileUpPtBB_down
			CMS_scale_j_PileUpPtEC1_up
			CMS_scale_j_PileUpPtEC1_down
			CMS_scale_j_PileUpPtEC2_up
			CMS_scale_j_PileUpPtEC2_down
			CMS_scale_j_PileUpPtHF_up
			CMS_scale_j_PileUpPtHF_down
			CMS_scale_j_PileUpPtRef_up
			CMS_scale_j_PileUpPtRef_down
			CMS_scale_j_RelativeFSR_up
			CMS_scale_j_RelativeFSR_down
			CMS_scale_j_RelativeJEREC1_2017_up
			CMS_scale_j_RelativeJEREC1_2017_down
			CMS_scale_j_RelativeJEREC2_2017_up
			CMS_scale_j_RelativeJEREC2_2017_down
			CMS_scale_j_RelativeJERHF_up
			CMS_scale_j_RelativeJERHF_down
			CMS_scale_j_RelativePtBB_up
			CMS_scale_j_RelativePtBB_down
			CMS_scale_j_RelativePtEC1_2017_up
			CMS_scale_j_RelativePtEC1_2017_down
			CMS_scale_j_RelativePtEC2_2017_up
			CMS_scale_j_RelativePtEC2_2017_down
			CMS_scale_j_RelativePtHF_up
			CMS_scale_j_RelativePtHF_down
			CMS_scale_j_RelativeBal_up
			CMS_scale_j_RelativeBal_down
			CMS_scale_j_RelativeSample_2017_up
			CMS_scale_j_RelativeSample_2017_down
			CMS_scale_j_RelativeStatEC_2017_up
			CMS_scale_j_RelativeStatEC_2017_down
			CMS_scale_j_RelativeStatFSR_2017_up
			CMS_scale_j_RelativeStatFSR_2017_down
			CMS_scale_j_RelativeStatHF_2017_up
			CMS_scale_j_RelativeStatHF_2017_down
			CMS_scale_j_SinglePionECAL_up
			CMS_scale_j_SinglePionECAL_down
			CMS_scale_j_SinglePionHCAL_up
			CMS_scale_j_SinglePionHCAL_down
			CMS_scale_j_TimePtEta_2017_up
			CMS_scale_j_TimePtEta_2017_down
			CMS_scale_j_FlavorPureGluon_up
			CMS_scale_j_FlavorPureGluon_down
			CMS_scale_j_FlavorPureQuark_up
			CMS_scale_j_FlavorPureQuark_down
			CMS_scale_j_FlavorPureCharm_up
			CMS_scale_j_FlavorPureCharm_down
			CMS_scale_j_FlavorPureBottom_up
			CMS_scale_j_FlavorPureBottom_down
			CMS_res_j_2017_up
			CMS_res_j_2017_down
			CMS_scale_t_DeepTau2017v2p1_DM0_genTau_2017_up
			CMS_scale_t_DeepTau2017v2p1_DM0_genTau_2017_down
			CMS_scale_t_DeepTau2017v2p1_DM1_genTau_2017_up
			CMS_scale_t_DeepTau2017v2p1_DM1_genTau_2017_down
			CMS_scale_t_DeepTau2017v2p1_DM10_genTau_2017_up
			CMS_scale_t_DeepTau2017v2p1_DM10_genTau_2017_down
			CMS_scale_t_DeepTau2017v2p1_DM11_genTau_2017_up
			CMS_scale_t_DeepTau2017v2p1_DM11_genTau_2017_down
			CMS_scale_met_unclustered_energy_2017_up
			CMS_scale_met_unclustered_energy_2017_down
		ttW
			CMS_pileup_up
			CMS_pileup_down
			CMS_l1_ecal_prefiring_2017_up
			CMS_l1_ecal_prefiring_2017_down
			CMS_TOP24017_eff_trigger_stats_2017_up
			CMS_TOP24017_eff_trigger_stats_2017_down
			CMS_fake_t_DeepTau2017v2p1_VSmu_2017_up
			CMS_fake_t_DeepTau2017v2p1_VSmu_2017_down
			CMS_fake_t_DeepTau2017v2p1_VSe_2017_up
			CMS_fake_t_DeepTau2017v2p1_VSe_2017_down
			CMS_eff_t_vsJet_stat1_dm0_2017_up
			CMS_eff_t_vsJet_stat1_dm0_2017_down
			CMS_eff_t_vsJet_stat1_dm1_2017_up
			CMS_eff_t_vsJet_stat1_dm1_2017_down
			CMS_eff_t_vsJet_stat1_dm10_2017_up
			CMS_eff_t_vsJet_stat1_dm10_2017_down
			CMS_eff_t_vsJet_stat1_dm11_2017_up
			CMS_eff_t_vsJet_stat1_dm11_2017_down
			CMS_eff_t_vsJet_stat2_dm0_2017_up
			CMS_eff_t_vsJet_stat2_dm0_2017_down
			CMS_eff_t_vsJet_stat2_dm1_2017_up
			CMS_eff_t_vsJet_stat2_dm1_2017_down
			CMS_eff_t_vsJet_stat2_dm10_2017_up
			CMS_eff_t_vsJet_stat2_dm10_2017_down
			CMS_eff_t_vsJet_stat2_dm11_2017_up
			CMS_eff_t_vsJet_stat2_dm11_2017_down
			CMS_eff_t_vsJet_syst_alleras_up
			CMS_eff_t_vsJet_syst_alleras_down
			CMS_eff_t_vsJet_syst_2017_up
			CMS_eff_t_vsJet_syst_2017_down
			CMS_eff_t_vsJet_syst_dm0_2017_up
			CMS_eff_t_vsJet_syst_dm0_2017_down
			CMS_eff_t_vsJet_syst_dm1_2017_up
			CMS_eff_t_vsJet_syst_dm1_2017_down
			CMS_eff_t_vsJet_syst_dm10_2017_up
			CMS_eff_t_vsJet_syst_dm10_2017_down
			CMS_eff_t_vsJet_syst_dm11_2017_up
			CMS_eff_t_vsJet_syst_dm11_2017_down
			CMS_btag_fullShape_hf_up
			CMS_btag_fullShape_hf_down
			CMS_btag_fullShape_lf_up
			CMS_btag_fullShape_lf_down
			CMS_btag_fullShape_cferr1_up
			CMS_btag_fullShape_cferr1_down
			CMS_btag_fullShape_cferr2_up
			CMS_btag_fullShape_cferr2_down
			CMS_btag_fullShape_hfstats1_2017_up
			CMS_btag_fullShape_hfstats1_2017_down
			CMS_btag_fullShape_hfstats2_2017_up
			CMS_btag_fullShape_hfstats2_2017_down
			CMS_btag_fullShape_lfstats1_2017_up
			CMS_btag_fullShape_lfstats1_2017_down
			CMS_btag_fullShape_lfstats2_2017_up
			CMS_btag_fullShape_lfstats2_2017_down
			pdf_alphas_up
			pdf_alphas_down
			pdf_00_up
			pdf_00_down
			QCDscale_ren_up
			QCDscale_ren_down
			QCDscale_fac_up
			QCDscale_fac_down
			ps_isr_up
			ps_isr_down
			ps_fsr_up
			ps_fsr_down
			CMS_scale_j_AbsoluteMPFBias_up
			CMS_scale_j_AbsoluteMPFBias_down
			CMS_scale_j_AbsoluteScale_up
			CMS_scale_j_AbsoluteScale_down
			CMS_scale_j_AbsoluteStat_2017_up
			CMS_scale_j_AbsoluteStat_2017_down
			CMS_scale_j_Fragmentation_up
			CMS_scale_j_Fragmentation_down
			CMS_scale_j_PileUpDataMC_up
			CMS_scale_j_PileUpDataMC_down
			CMS_scale_j_PileUpPtBB_up
			CMS_scale_j_PileUpPtBB_down
			CMS_scale_j_PileUpPtEC1_up
			CMS_scale_j_PileUpPtEC1_down
			CMS_scale_j_PileUpPtEC2_up
			CMS_scale_j_PileUpPtEC2_down
			CMS_scale_j_PileUpPtHF_up
			CMS_scale_j_PileUpPtHF_down
			CMS_scale_j_PileUpPtRef_up
			CMS_scale_j_PileUpPtRef_down
			CMS_scale_j_RelativeFSR_up
			CMS_scale_j_RelativeFSR_down
			CMS_scale_j_RelativeJEREC1_2017_up
			CMS_scale_j_RelativeJEREC1_2017_down
			CMS_scale_j_RelativeJEREC2_2017_up
			CMS_scale_j_RelativeJEREC2_2017_down
			CMS_scale_j_RelativeJERHF_up
			CMS_scale_j_RelativeJERHF_down
			CMS_scale_j_RelativePtBB_up
			CMS_scale_j_RelativePtBB_down
			CMS_scale_j_RelativePtEC1_2017_up
			CMS_scale_j_RelativePtEC1_2017_down
			CMS_scale_j_RelativePtEC2_2017_up
			CMS_scale_j_RelativePtEC2_2017_down
			CMS_scale_j_RelativePtHF_up
			CMS_scale_j_RelativePtHF_down
			CMS_scale_j_RelativeBal_up
			CMS_scale_j_RelativeBal_down
			CMS_scale_j_RelativeSample_2017_up
			CMS_scale_j_RelativeSample_2017_down
			CMS_scale_j_RelativeStatEC_2017_up
			CMS_scale_j_RelativeStatEC_2017_down
			CMS_scale_j_RelativeStatFSR_2017_up
			CMS_scale_j_RelativeStatFSR_2017_down
			CMS_scale_j_RelativeStatHF_2017_up
			CMS_scale_j_RelativeStatHF_2017_down
			CMS_scale_j_SinglePionECAL_up
			CMS_scale_j_SinglePionECAL_down
			CMS_scale_j_SinglePionHCAL_up
			CMS_scale_j_SinglePionHCAL_down
			CMS_scale_j_TimePtEta_2017_up
			CMS_scale_j_TimePtEta_2017_down
			CMS_scale_j_FlavorPureGluon_up
			CMS_scale_j_FlavorPureGluon_down
			CMS_scale_j_FlavorPureQuark_up
			CMS_scale_j_FlavorPureQuark_down
			CMS_scale_j_FlavorPureCharm_up
			CMS_scale_j_FlavorPureCharm_down
			CMS_scale_j_FlavorPureBottom_up
			CMS_scale_j_FlavorPureBottom_down
			CMS_res_j_2017_up
			CMS_res_j_2017_down
			CMS_scale_t_DeepTau2017v2p1_DM0_genTau_2017_up
			CMS_scale_t_DeepTau2017v2p1_DM0_genTau_2017_down
			CMS_scale_t_DeepTau2017v2p1_DM1_genTau_2017_up
			CMS_scale_t_DeepTau2017v2p1_DM1_genTau_2017_down
			CMS_scale_t_DeepTau2017v2p1_DM10_genTau_2017_up
			CMS_scale_t_DeepTau2017v2p1_DM10_genTau_2017_down
			CMS_scale_t_DeepTau2017v2p1_DM11_genTau_2017_up
			CMS_scale_t_DeepTau2017v2p1_DM11_genTau_2017_down
			CMS_scale_met_unclustered_energy_2017_up
			CMS_scale_met_unclustered_energy_2017_down
		ttZ
			CMS_pileup_up
			CMS_pileup_down
			CMS_l1_ecal_prefiring_2017_up
			CMS_l1_ecal_prefiring_2017_down
			CMS_TOP24017_eff_trigger_stats_2017_up
			CMS_TOP24017_eff_trigger_stats_2017_down
			CMS_fake_t_DeepTau2017v2p1_VSmu_2017_up
			CMS_fake_t_DeepTau2017v2p1_VSmu_2017_down
			CMS_fake_t_DeepTau2017v2p1_VSe_2017_up
			CMS_fake_t_DeepTau2017v2p1_VSe_2017_down
			CMS_eff_t_vsJet_stat1_dm0_2017_up
			CMS_eff_t_vsJet_stat1_dm0_2017_down
			CMS_eff_t_vsJet_stat1_dm1_2017_up
			CMS_eff_t_vsJet_stat1_dm1_2017_down
			CMS_eff_t_vsJet_stat1_dm10_2017_up
			CMS_eff_t_vsJet_stat1_dm10_2017_down
			CMS_eff_t_vsJet_stat1_dm11_2017_up
			CMS_eff_t_vsJet_stat1_dm11_2017_down
			CMS_eff_t_vsJet_stat2_dm0_2017_up
			CMS_eff_t_vsJet_stat2_dm0_2017_down
			CMS_eff_t_vsJet_stat2_dm1_2017_up
			CMS_eff_t_vsJet_stat2_dm1_2017_down
			CMS_eff_t_vsJet_stat2_dm10_2017_up
			CMS_eff_t_vsJet_stat2_dm10_2017_down
			CMS_eff_t_vsJet_stat2_dm11_2017_up
			CMS_eff_t_vsJet_stat2_dm11_2017_down
			CMS_eff_t_vsJet_syst_alleras_up
			CMS_eff_t_vsJet_syst_alleras_down
			CMS_eff_t_vsJet_syst_2017_up
			CMS_eff_t_vsJet_syst_2017_down
			CMS_eff_t_vsJet_syst_dm0_2017_up
			CMS_eff_t_vsJet_syst_dm0_2017_down
			CMS_eff_t_vsJet_syst_dm1_2017_up
			CMS_eff_t_vsJet_syst_dm1_2017_down
			CMS_eff_t_vsJet_syst_dm10_2017_up
			CMS_eff_t_vsJet_syst_dm10_2017_down
			CMS_eff_t_vsJet_syst_dm11_2017_up
			CMS_eff_t_vsJet_syst_dm11_2017_down
			CMS_btag_fullShape_hf_up
			CMS_btag_fullShape_hf_down
			CMS_btag_fullShape_lf_up
			CMS_btag_fullShape_lf_down
			CMS_btag_fullShape_cferr1_up
			CMS_btag_fullShape_cferr1_down
			CMS_btag_fullShape_cferr2_up
			CMS_btag_fullShape_cferr2_down
			CMS_btag_fullShape_hfstats1_2017_up
			CMS_btag_fullShape_hfstats1_2017_down
			CMS_btag_fullShape_hfstats2_2017_up
			CMS_btag_fullShape_hfstats2_2017_down
			CMS_btag_fullShape_lfstats1_2017_up
			CMS_btag_fullShape_lfstats1_2017_down
			CMS_btag_fullShape_lfstats2_2017_up
			CMS_btag_fullShape_lfstats2_2017_down
			pdf_alphas_up
			pdf_alphas_down
			pdf_00_up
			pdf_00_down
			QCDscale_ren_up
			QCDscale_ren_down
			QCDscale_fac_up
			QCDscale_fac_down
			ps_isr_up
			ps_isr_down
			ps_fsr_up
			ps_fsr_down
			CMS_scale_j_AbsoluteMPFBias_up
			CMS_scale_j_AbsoluteMPFBias_down
			CMS_scale_j_AbsoluteScale_up
			CMS_scale_j_AbsoluteScale_down
			CMS_scale_j_AbsoluteStat_2017_up
			CMS_scale_j_AbsoluteStat_2017_down
			CMS_scale_j_Fragmentation_up
			CMS_scale_j_Fragmentation_down
			CMS_scale_j_PileUpDataMC_up
			CMS_scale_j_PileUpDataMC_down
			CMS_scale_j_PileUpPtBB_up
			CMS_scale_j_PileUpPtBB_down
			CMS_scale_j_PileUpPtEC1_up
			CMS_scale_j_PileUpPtEC1_down
			CMS_scale_j_PileUpPtEC2_up
			CMS_scale_j_PileUpPtEC2_down
			CMS_scale_j_PileUpPtHF_up
			CMS_scale_j_PileUpPtHF_down
			CMS_scale_j_PileUpPtRef_up
			CMS_scale_j_PileUpPtRef_down
			CMS_scale_j_RelativeFSR_up
			CMS_scale_j_RelativeFSR_down
			CMS_scale_j_RelativeJEREC1_2017_up
			CMS_scale_j_RelativeJEREC1_2017_down
			CMS_scale_j_RelativeJEREC2_2017_up
			CMS_scale_j_RelativeJEREC2_2017_down
			CMS_scale_j_RelativeJERHF_up
			CMS_scale_j_RelativeJERHF_down
			CMS_scale_j_RelativePtBB_up
			CMS_scale_j_RelativePtBB_down
			CMS_scale_j_RelativePtEC1_2017_up
			CMS_scale_j_RelativePtEC1_2017_down
			CMS_scale_j_RelativePtEC2_2017_up
			CMS_scale_j_RelativePtEC2_2017_down
			CMS_scale_j_RelativePtHF_up
			CMS_scale_j_RelativePtHF_down
			CMS_scale_j_RelativeBal_up
			CMS_scale_j_RelativeBal_down
			CMS_scale_j_RelativeSample_2017_up
			CMS_scale_j_RelativeSample_2017_down
			CMS_scale_j_RelativeStatEC_2017_up
			CMS_scale_j_RelativeStatEC_2017_down
			CMS_scale_j_RelativeStatFSR_2017_up
			CMS_scale_j_RelativeStatFSR_2017_down
			CMS_scale_j_RelativeStatHF_2017_up
			CMS_scale_j_RelativeStatHF_2017_down
			CMS_scale_j_SinglePionECAL_up
			CMS_scale_j_SinglePionECAL_down
			CMS_scale_j_SinglePionHCAL_up
			CMS_scale_j_SinglePionHCAL_down
			CMS_scale_j_TimePtEta_2017_up
			CMS_scale_j_TimePtEta_2017_down
			CMS_scale_j_FlavorPureGluon_up
			CMS_scale_j_FlavorPureGluon_down
			CMS_scale_j_FlavorPureQuark_up
			CMS_scale_j_FlavorPureQuark_down
			CMS_scale_j_FlavorPureCharm_up
			CMS_scale_j_FlavorPureCharm_down
			CMS_scale_j_FlavorPureBottom_up
			CMS_scale_j_FlavorPureBottom_down
			CMS_res_j_2017_up
			CMS_res_j_2017_down
			CMS_scale_t_DeepTau2017v2p1_DM0_genTau_2017_up
			CMS_scale_t_DeepTau2017v2p1_DM0_genTau_2017_down
			CMS_scale_t_DeepTau2017v2p1_DM1_genTau_2017_up
			CMS_scale_t_DeepTau2017v2p1_DM1_genTau_2017_down
			CMS_scale_t_DeepTau2017v2p1_DM10_genTau_2017_up
			CMS_scale_t_DeepTau2017v2p1_DM10_genTau_2017_down
			CMS_scale_t_DeepTau2017v2p1_DM11_genTau_2017_up
			CMS_scale_t_DeepTau2017v2p1_DM11_genTau_2017_down
			CMS_scale_met_unclustered_energy_2017_up
			CMS_scale_met_unclustered_energy_2017_down
	1tau0lVR
		singleTop
			CMS_pileup_up
			CMS_pileup_down
			CMS_l1_ecal_prefiring_2017_up
			CMS_l1_ecal_prefiring_2017_down
			CMS_TOP24017_eff_trigger_stats_2017_up
			CMS_TOP24017_eff_trigger_stats_2017_down
			CMS_fake_t_DeepTau2017v2p1_VSmu_2017_up
			CMS_fake_t_DeepTau2017v2p1_VSmu_2017_down
			CMS_fake_t_DeepTau2017v2p1_VSe_2017_up
			CMS_fake_t_DeepTau2017v2p1_VSe_2017_down
			CMS_eff_t_vsJet_stat1_dm0_2017_up
			CMS_eff_t_vsJet_stat1_dm0_2017_down
			CMS_eff_t_vsJet_stat1_dm1_2017_up
			CMS_eff_t_vsJet_stat1_dm1_2017_down
			CMS_eff_t_vsJet_stat1_dm10_2017_up
			CMS_eff_t_vsJet_stat1_dm10_2017_down
			CMS_eff_t_vsJet_stat1_dm11_2017_up
			CMS_eff_t_vsJet_stat1_dm11_2017_down
			CMS_eff_t_vsJet_stat2_dm0_2017_up
			CMS_eff_t_vsJet_stat2_dm0_2017_down
			CMS_eff_t_vsJet_stat2_dm1_2017_up
			CMS_eff_t_vsJet_stat2_dm1_2017_down
			CMS_eff_t_vsJet_stat2_dm10_2017_up
			CMS_eff_t_vsJet_stat2_dm10_2017_down
			CMS_eff_t_vsJet_stat2_dm11_2017_up
			CMS_eff_t_vsJet_stat2_dm11_2017_down
			CMS_eff_t_vsJet_syst_alleras_up
			CMS_eff_t_vsJet_syst_alleras_down
			CMS_eff_t_vsJet_syst_2017_up
			CMS_eff_t_vsJet_syst_2017_down
			CMS_eff_t_vsJet_syst_dm0_2017_up
			CMS_eff_t_vsJet_syst_dm0_2017_down
			CMS_eff_t_vsJet_syst_dm1_2017_up
			CMS_eff_t_vsJet_syst_dm1_2017_down
			CMS_eff_t_vsJet_syst_dm10_2017_up
			CMS_eff_t_vsJet_syst_dm10_2017_down
			CMS_eff_t_vsJet_syst_dm11_2017_up
			CMS_eff_t_vsJet_syst_dm11_2017_down
			CMS_btag_fullShape_hf_up
			CMS_btag_fullShape_hf_down
			CMS_btag_fullShape_lf_up
			CMS_btag_fullShape_lf_down
			CMS_btag_fullShape_cferr1_up
			CMS_btag_fullShape_cferr1_down
			CMS_btag_fullShape_cferr2_up
			CMS_btag_fullShape_cferr2_down
			CMS_btag_fullShape_hfstats1_2017_up
			CMS_btag_fullShape_hfstats1_2017_down
			CMS_btag_fullShape_hfstats2_2017_up
			CMS_btag_fullShape_hfstats2_2017_down
			CMS_btag_fullShape_lfstats1_2017_up
			CMS_btag_fullShape_lfstats1_2017_down
			CMS_btag_fullShape_lfstats2_2017_up
			CMS_btag_fullShape_lfstats2_2017_down
			pdf_00_up
			pdf_00_down
			QCDscale_ren_up
			QCDscale_ren_down
			QCDscale_fac_up
			QCDscale_fac_down
			ps_isr_up
			ps_isr_down
			ps_fsr_up
			ps_fsr_down
			CMS_scale_j_AbsoluteMPFBias_up
			CMS_scale_j_AbsoluteMPFBias_down
			CMS_scale_j_AbsoluteScale_up
			CMS_scale_j_AbsoluteScale_down
			CMS_scale_j_AbsoluteStat_2017_up
			CMS_scale_j_AbsoluteStat_2017_down
			CMS_scale_j_Fragmentation_up
			CMS_scale_j_Fragmentation_down
			CMS_scale_j_PileUpDataMC_up
			CMS_scale_j_PileUpDataMC_down
			CMS_scale_j_PileUpPtBB_up
			CMS_scale_j_PileUpPtBB_down
			CMS_scale_j_PileUpPtEC1_up
			CMS_scale_j_PileUpPtEC1_down
			CMS_scale_j_PileUpPtEC2_up
			CMS_scale_j_PileUpPtEC2_down
			CMS_scale_j_PileUpPtHF_up
			CMS_scale_j_PileUpPtHF_down
			CMS_scale_j_PileUpPtRef_up
			CMS_scale_j_PileUpPtRef_down
			CMS_scale_j_RelativeFSR_up
			CMS_scale_j_RelativeFSR_down
			CMS_scale_j_RelativeJEREC1_2017_up
			CMS_scale_j_RelativeJEREC1_2017_down
			CMS_scale_j_RelativeJEREC2_2017_up
			CMS_scale_j_RelativeJEREC2_2017_down
			CMS_scale_j_RelativeJERHF_up
			CMS_scale_j_RelativeJERHF_down
			CMS_scale_j_RelativePtBB_up
			CMS_scale_j_RelativePtBB_down
			CMS_scale_j_RelativePtEC1_2017_up
			CMS_scale_j_RelativePtEC1_2017_down
			CMS_scale_j_RelativePtEC2_2017_up
			CMS_scale_j_RelativePtEC2_2017_down
			CMS_scale_j_RelativePtHF_up
			CMS_scale_j_RelativePtHF_down
			CMS_scale_j_RelativeBal_up
			CMS_scale_j_RelativeBal_down
			CMS_scale_j_RelativeSample_2017_up
			CMS_scale_j_RelativeSample_2017_down
			CMS_scale_j_RelativeStatEC_2017_up
			CMS_scale_j_RelativeStatEC_2017_down
			CMS_scale_j_RelativeStatFSR_2017_up
			CMS_scale_j_RelativeStatFSR_2017_down
			CMS_scale_j_RelativeStatHF_2017_up
			CMS_scale_j_RelativeStatHF_2017_down
			CMS_scale_j_SinglePionECAL_up
			CMS_scale_j_SinglePionECAL_down
			CMS_scale_j_SinglePionHCAL_up
			CMS_scale_j_SinglePionHCAL_down
			CMS_scale_j_TimePtEta_2017_up
			CMS_scale_j_TimePtEta_2017_down
			CMS_scale_j_FlavorPureGluon_up
			CMS_scale_j_FlavorPureGluon_down
			CMS_scale_j_FlavorPureQuark_up
			CMS_scale_j_FlavorPureQuark_down
			CMS_scale_j_FlavorPureCharm_up
			CMS_scale_j_FlavorPureCharm_down
			CMS_scale_j_FlavorPureBottom_up
			CMS_scale_j_FlavorPureBottom_down
			CMS_res_j_2017_up
			CMS_res_j_2017_down
			CMS_scale_t_DeepTau2017v2p1_DM0_genTau_2017_up
			CMS_scale_t_DeepTau2017v2p1_DM0_genTau_2017_down
			CMS_scale_t_DeepTau2017v2p1_DM1_genTau_2017_up
			CMS_scale_t_DeepTau2017v2p1_DM1_genTau_2017_down
			CMS_scale_t_DeepTau2017v2p1_DM10_genTau_2017_up
			CMS_scale_t_DeepTau2017v2p1_DM10_genTau_2017_down
			CMS_scale_t_DeepTau2017v2p1_DM11_genTau_2017_up
			CMS_scale_t_DeepTau2017v2p1_DM11_genTau_2017_down
			CMS_scale_met_unclustered_energy_2017_up
			CMS_scale_met_unclustered_energy_2017_down
		fakeTau
			CMS_fake_t_2017_up
			CMS_fake_t_2017_down
		jetHT
		WJets
			CMS_pileup_up
			CMS_pileup_down
			CMS_l1_ecal_prefiring_2017_up
			CMS_l1_ecal_prefiring_2017_down
			CMS_TOP24017_eff_trigger_stats_2017_up
			CMS_TOP24017_eff_trigger_stats_2017_down
			CMS_fake_t_DeepTau2017v2p1_VSmu_2017_up
			CMS_fake_t_DeepTau2017v2p1_VSmu_2017_down
			CMS_fake_t_DeepTau2017v2p1_VSe_2017_up
			CMS_fake_t_DeepTau2017v2p1_VSe_2017_down
			CMS_eff_t_vsJet_stat1_dm0_2017_up
			CMS_eff_t_vsJet_stat1_dm0_2017_down
			CMS_eff_t_vsJet_stat1_dm1_2017_up
			CMS_eff_t_vsJet_stat1_dm1_2017_down
			CMS_eff_t_vsJet_stat1_dm10_2017_up
			CMS_eff_t_vsJet_stat1_dm10_2017_down
			CMS_eff_t_vsJet_stat1_dm11_2017_up
			CMS_eff_t_vsJet_stat1_dm11_2017_down
			CMS_eff_t_vsJet_stat2_dm0_2017_up
			CMS_eff_t_vsJet_stat2_dm0_2017_down
			CMS_eff_t_vsJet_stat2_dm1_2017_up
			CMS_eff_t_vsJet_stat2_dm1_2017_down
			CMS_eff_t_vsJet_stat2_dm10_2017_up
			CMS_eff_t_vsJet_stat2_dm10_2017_down
			CMS_eff_t_vsJet_stat2_dm11_2017_up
			CMS_eff_t_vsJet_stat2_dm11_2017_down
			CMS_eff_t_vsJet_syst_alleras_up
			CMS_eff_t_vsJet_syst_alleras_down
			CMS_eff_t_vsJet_syst_2017_up
			CMS_eff_t_vsJet_syst_2017_down
			CMS_eff_t_vsJet_syst_dm0_2017_up
			CMS_eff_t_vsJet_syst_dm0_2017_down
			CMS_eff_t_vsJet_syst_dm1_2017_up
			CMS_eff_t_vsJet_syst_dm1_2017_down
			CMS_eff_t_vsJet_syst_dm10_2017_up
			CMS_eff_t_vsJet_syst_dm10_2017_down
			CMS_eff_t_vsJet_syst_dm11_2017_up
			CMS_eff_t_vsJet_syst_dm11_2017_down
			CMS_btag_fullShape_hf_up
			CMS_btag_fullShape_hf_down
			CMS_btag_fullShape_lf_up
			CMS_btag_fullShape_lf_down
			CMS_btag_fullShape_cferr1_up
			CMS_btag_fullShape_cferr1_down
			CMS_btag_fullShape_cferr2_up
			CMS_btag_fullShape_cferr2_down
			CMS_btag_fullShape_hfstats1_2017_up
			CMS_btag_fullShape_hfstats1_2017_down
			CMS_btag_fullShape_hfstats2_2017_up
			CMS_btag_fullShape_hfstats2_2017_down
			CMS_btag_fullShape_lfstats1_2017_up
			CMS_btag_fullShape_lfstats1_2017_down
			CMS_btag_fullShape_lfstats2_2017_up
			CMS_btag_fullShape_lfstats2_2017_down
			pdf_alphas_up
			pdf_alphas_down
			pdf_00_up
			pdf_00_down
			QCDscale_ren_up
			QCDscale_ren_down
			QCDscale_fac_up
			QCDscale_fac_down
			ps_isr_up
			ps_isr_down
			ps_fsr_up
			ps_fsr_down
			CMS_scale_j_AbsoluteMPFBias_up
			CMS_scale_j_AbsoluteMPFBias_down
			CMS_scale_j_AbsoluteScale_up
			CMS_scale_j_AbsoluteScale_down
			CMS_scale_j_AbsoluteStat_2017_up
			CMS_scale_j_AbsoluteStat_2017_down
			CMS_scale_j_Fragmentation_up
			CMS_scale_j_Fragmentation_down
			CMS_scale_j_PileUpDataMC_up
			CMS_scale_j_PileUpDataMC_down
			CMS_scale_j_PileUpPtBB_up
			CMS_scale_j_PileUpPtBB_down
			CMS_scale_j_PileUpPtEC1_up
			CMS_scale_j_PileUpPtEC1_down
			CMS_scale_j_PileUpPtEC2_up
			CMS_scale_j_PileUpPtEC2_down
			CMS_scale_j_PileUpPtHF_up
			CMS_scale_j_PileUpPtHF_down
			CMS_scale_j_PileUpPtRef_up
			CMS_scale_j_PileUpPtRef_down
			CMS_scale_j_RelativeFSR_up
			CMS_scale_j_RelativeFSR_down
			CMS_scale_j_RelativeJEREC1_2017_up
			CMS_scale_j_RelativeJEREC1_2017_down
			CMS_scale_j_RelativeJEREC2_2017_up
			CMS_scale_j_RelativeJEREC2_2017_down
			CMS_scale_j_RelativeJERHF_up
			CMS_scale_j_RelativeJERHF_down
			CMS_scale_j_RelativePtBB_up
			CMS_scale_j_RelativePtBB_down
			CMS_scale_j_RelativePtEC1_2017_up
			CMS_scale_j_RelativePtEC1_2017_down
			CMS_scale_j_RelativePtEC2_2017_up
			CMS_scale_j_RelativePtEC2_2017_down
			CMS_scale_j_RelativePtHF_up
			CMS_scale_j_RelativePtHF_down
			CMS_scale_j_RelativeBal_up
			CMS_scale_j_RelativeBal_down
			CMS_scale_j_RelativeSample_2017_up
			CMS_scale_j_RelativeSample_2017_down
			CMS_scale_j_RelativeStatEC_2017_up
			CMS_scale_j_RelativeStatEC_2017_down
			CMS_scale_j_RelativeStatFSR_2017_up
			CMS_scale_j_RelativeStatFSR_2017_down
			CMS_scale_j_RelativeStatHF_2017_up
			CMS_scale_j_RelativeStatHF_2017_down
			CMS_scale_j_SinglePionECAL_up
			CMS_scale_j_SinglePionECAL_down
			CMS_scale_j_SinglePionHCAL_up
			CMS_scale_j_SinglePionHCAL_down
			CMS_scale_j_TimePtEta_2017_up
			CMS_scale_j_TimePtEta_2017_down
			CMS_scale_j_FlavorPureGluon_up
			CMS_scale_j_FlavorPureGluon_down
			CMS_scale_j_FlavorPureQuark_up
			CMS_scale_j_FlavorPureQuark_down
			CMS_scale_j_FlavorPureCharm_up
			CMS_scale_j_FlavorPureCharm_down
			CMS_scale_j_FlavorPureBottom_up
			CMS_scale_j_FlavorPureBottom_down
			CMS_res_j_2017_up
			CMS_res_j_2017_down
			CMS_scale_t_DeepTau2017v2p1_DM0_genTau_2017_up
			CMS_scale_t_DeepTau2017v2p1_DM0_genTau_2017_down
			CMS_scale_t_DeepTau2017v2p1_DM1_genTau_2017_up
			CMS_scale_t_DeepTau2017v2p1_DM1_genTau_2017_down
			CMS_scale_t_DeepTau2017v2p1_DM10_genTau_2017_up
			CMS_scale_t_DeepTau2017v2p1_DM10_genTau_2017_down
			CMS_scale_t_DeepTau2017v2p1_DM11_genTau_2017_up
			CMS_scale_t_DeepTau2017v2p1_DM11_genTau_2017_down
			CMS_scale_met_unclustered_energy_2017_up
			CMS_scale_met_unclustered_energy_2017_down
		tt
			CMS_pileup_up
			CMS_pileup_down
			CMS_l1_ecal_prefiring_2017_up
			CMS_l1_ecal_prefiring_2017_down
			CMS_TOP24017_eff_trigger_stats_2017_up
			CMS_TOP24017_eff_trigger_stats_2017_down
			CMS_fake_t_DeepTau2017v2p1_VSmu_2017_up
			CMS_fake_t_DeepTau2017v2p1_VSmu_2017_down
			CMS_fake_t_DeepTau2017v2p1_VSe_2017_up
			CMS_fake_t_DeepTau2017v2p1_VSe_2017_down
			CMS_eff_t_vsJet_stat1_dm0_2017_up
			CMS_eff_t_vsJet_stat1_dm0_2017_down
			CMS_eff_t_vsJet_stat1_dm1_2017_up
			CMS_eff_t_vsJet_stat1_dm1_2017_down
			CMS_eff_t_vsJet_stat1_dm10_2017_up
			CMS_eff_t_vsJet_stat1_dm10_2017_down
			CMS_eff_t_vsJet_stat1_dm11_2017_up
			CMS_eff_t_vsJet_stat1_dm11_2017_down
			CMS_eff_t_vsJet_stat2_dm0_2017_up
			CMS_eff_t_vsJet_stat2_dm0_2017_down
			CMS_eff_t_vsJet_stat2_dm1_2017_up
			CMS_eff_t_vsJet_stat2_dm1_2017_down
			CMS_eff_t_vsJet_stat2_dm10_2017_up
			CMS_eff_t_vsJet_stat2_dm10_2017_down
			CMS_eff_t_vsJet_stat2_dm11_2017_up
			CMS_eff_t_vsJet_stat2_dm11_2017_down
			CMS_eff_t_vsJet_syst_alleras_up
			CMS_eff_t_vsJet_syst_alleras_down
			CMS_eff_t_vsJet_syst_2017_up
			CMS_eff_t_vsJet_syst_2017_down
			CMS_eff_t_vsJet_syst_dm0_2017_up
			CMS_eff_t_vsJet_syst_dm0_2017_down
			CMS_eff_t_vsJet_syst_dm1_2017_up
			CMS_eff_t_vsJet_syst_dm1_2017_down
			CMS_eff_t_vsJet_syst_dm10_2017_up
			CMS_eff_t_vsJet_syst_dm10_2017_down
			CMS_eff_t_vsJet_syst_dm11_2017_up
			CMS_eff_t_vsJet_syst_dm11_2017_down
			CMS_btag_fullShape_hf_up
			CMS_btag_fullShape_hf_down
			CMS_btag_fullShape_lf_up
			CMS_btag_fullShape_lf_down
			CMS_btag_fullShape_cferr1_up
			CMS_btag_fullShape_cferr1_down
			CMS_btag_fullShape_cferr2_up
			CMS_btag_fullShape_cferr2_down
			CMS_btag_fullShape_hfstats1_2017_up
			CMS_btag_fullShape_hfstats1_2017_down
			CMS_btag_fullShape_hfstats2_2017_up
			CMS_btag_fullShape_hfstats2_2017_down
			CMS_btag_fullShape_lfstats1_2017_up
			CMS_btag_fullShape_lfstats1_2017_down
			CMS_btag_fullShape_lfstats2_2017_up
			CMS_btag_fullShape_lfstats2_2017_down
			pdf_alphas_up
			pdf_alphas_down
			pdf_00_up
			pdf_00_down
			QCDscale_ren_up
			QCDscale_ren_down
			QCDscale_fac_up
			QCDscale_fac_down
			ps_isr_up
			ps_isr_down
			ps_fsr_up
			ps_fsr_down
			CMS_scale_j_AbsoluteMPFBias_up
			CMS_scale_j_AbsoluteMPFBias_down
			CMS_scale_j_AbsoluteScale_up
			CMS_scale_j_AbsoluteScale_down
			CMS_scale_j_AbsoluteStat_2017_up
			CMS_scale_j_AbsoluteStat_2017_down
			CMS_scale_j_Fragmentation_up
			CMS_scale_j_Fragmentation_down
			CMS_scale_j_PileUpDataMC_up
			CMS_scale_j_PileUpDataMC_down
			CMS_scale_j_PileUpPtBB_up
			CMS_scale_j_PileUpPtBB_down
			CMS_scale_j_PileUpPtEC1_up
			CMS_scale_j_PileUpPtEC1_down
			CMS_scale_j_PileUpPtEC2_up
			CMS_scale_j_PileUpPtEC2_down
			CMS_scale_j_PileUpPtHF_up
			CMS_scale_j_PileUpPtHF_down
			CMS_scale_j_PileUpPtRef_up
			CMS_scale_j_PileUpPtRef_down
			CMS_scale_j_RelativeFSR_up
			CMS_scale_j_RelativeFSR_down
			CMS_scale_j_RelativeJEREC1_2017_up
			CMS_scale_j_RelativeJEREC1_2017_down
			CMS_scale_j_RelativeJEREC2_2017_up
			CMS_scale_j_RelativeJEREC2_2017_down
			CMS_scale_j_RelativeJERHF_up
			CMS_scale_j_RelativeJERHF_down
			CMS_scale_j_RelativePtBB_up
			CMS_scale_j_RelativePtBB_down
			CMS_scale_j_RelativePtEC1_2017_up
			CMS_scale_j_RelativePtEC1_2017_down
			CMS_scale_j_RelativePtEC2_2017_up
			CMS_scale_j_RelativePtEC2_2017_down
			CMS_scale_j_RelativePtHF_up
			CMS_scale_j_RelativePtHF_down
			CMS_scale_j_RelativeBal_up
			CMS_scale_j_RelativeBal_down
			CMS_scale_j_RelativeSample_2017_up
			CMS_scale_j_RelativeSample_2017_down
			CMS_scale_j_RelativeStatEC_2017_up
			CMS_scale_j_RelativeStatEC_2017_down
			CMS_scale_j_RelativeStatFSR_2017_up
			CMS_scale_j_RelativeStatFSR_2017_down
			CMS_scale_j_RelativeStatHF_2017_up
			CMS_scale_j_RelativeStatHF_2017_down
			CMS_scale_j_SinglePionECAL_up
			CMS_scale_j_SinglePionECAL_down
			CMS_scale_j_SinglePionHCAL_up
			CMS_scale_j_SinglePionHCAL_down
			CMS_scale_j_TimePtEta_2017_up
			CMS_scale_j_TimePtEta_2017_down
			CMS_scale_j_FlavorPureGluon_up
			CMS_scale_j_FlavorPureGluon_down
			CMS_scale_j_FlavorPureQuark_up
			CMS_scale_j_FlavorPureQuark_down
			CMS_scale_j_FlavorPureCharm_up
			CMS_scale_j_FlavorPureCharm_down
			CMS_scale_j_FlavorPureBottom_up
			CMS_scale_j_FlavorPureBottom_down
			CMS_res_j_2017_up
			CMS_res_j_2017_down
			CMS_scale_t_DeepTau2017v2p1_DM0_genTau_2017_up
			CMS_scale_t_DeepTau2017v2p1_DM0_genTau_2017_down
			CMS_scale_t_DeepTau2017v2p1_DM1_genTau_2017_up
			CMS_scale_t_DeepTau2017v2p1_DM1_genTau_2017_down
			CMS_scale_t_DeepTau2017v2p1_DM10_genTau_2017_up
			CMS_scale_t_DeepTau2017v2p1_DM10_genTau_2017_down
			CMS_scale_t_DeepTau2017v2p1_DM11_genTau_2017_up
			CMS_scale_t_DeepTau2017v2p1_DM11_genTau_2017_down
			CMS_scale_met_unclustered_energy_2017_up
			CMS_scale_met_unclustered_energy_2017_down
		ttH
			CMS_pileup_up
			CMS_pileup_down
			CMS_l1_ecal_prefiring_2017_up
			CMS_l1_ecal_prefiring_2017_down
			CMS_TOP24017_eff_trigger_stats_2017_up
			CMS_TOP24017_eff_trigger_stats_2017_down
			CMS_fake_t_DeepTau2017v2p1_VSmu_2017_up
			CMS_fake_t_DeepTau2017v2p1_VSmu_2017_down
			CMS_fake_t_DeepTau2017v2p1_VSe_2017_up
			CMS_fake_t_DeepTau2017v2p1_VSe_2017_down
			CMS_eff_t_vsJet_stat1_dm0_2017_up
			CMS_eff_t_vsJet_stat1_dm0_2017_down
			CMS_eff_t_vsJet_stat1_dm1_2017_up
			CMS_eff_t_vsJet_stat1_dm1_2017_down
			CMS_eff_t_vsJet_stat1_dm10_2017_up
			CMS_eff_t_vsJet_stat1_dm10_2017_down
			CMS_eff_t_vsJet_stat1_dm11_2017_up
			CMS_eff_t_vsJet_stat1_dm11_2017_down
			CMS_eff_t_vsJet_stat2_dm0_2017_up
			CMS_eff_t_vsJet_stat2_dm0_2017_down
			CMS_eff_t_vsJet_stat2_dm1_2017_up
			CMS_eff_t_vsJet_stat2_dm1_2017_down
			CMS_eff_t_vsJet_stat2_dm10_2017_up
			CMS_eff_t_vsJet_stat2_dm10_2017_down
			CMS_eff_t_vsJet_stat2_dm11_2017_up
			CMS_eff_t_vsJet_stat2_dm11_2017_down
			CMS_eff_t_vsJet_syst_alleras_up
			CMS_eff_t_vsJet_syst_alleras_down
			CMS_eff_t_vsJet_syst_2017_up
			CMS_eff_t_vsJet_syst_2017_down
			CMS_eff_t_vsJet_syst_dm0_2017_up
			CMS_eff_t_vsJet_syst_dm0_2017_down
			CMS_eff_t_vsJet_syst_dm1_2017_up
			CMS_eff_t_vsJet_syst_dm1_2017_down
			CMS_eff_t_vsJet_syst_dm10_2017_up
			CMS_eff_t_vsJet_syst_dm10_2017_down
			CMS_eff_t_vsJet_syst_dm11_2017_up
			CMS_eff_t_vsJet_syst_dm11_2017_down
			CMS_btag_fullShape_hf_up
			CMS_btag_fullShape_hf_down
			CMS_btag_fullShape_lf_up
			CMS_btag_fullShape_lf_down
			CMS_btag_fullShape_cferr1_up
			CMS_btag_fullShape_cferr1_down
			CMS_btag_fullShape_cferr2_up
			CMS_btag_fullShape_cferr2_down
			CMS_btag_fullShape_hfstats1_2017_up
			CMS_btag_fullShape_hfstats1_2017_down
			CMS_btag_fullShape_hfstats2_2017_up
			CMS_btag_fullShape_hfstats2_2017_down
			CMS_btag_fullShape_lfstats1_2017_up
			CMS_btag_fullShape_lfstats1_2017_down
			CMS_btag_fullShape_lfstats2_2017_up
			CMS_btag_fullShape_lfstats2_2017_down
			pdf_alphas_up
			pdf_alphas_down
			pdf_00_up
			pdf_00_down
			QCDscale_ren_up
			QCDscale_ren_down
			QCDscale_fac_up
			QCDscale_fac_down
			ps_isr_up
			ps_isr_down
			ps_fsr_up
			ps_fsr_down
			CMS_scale_j_AbsoluteMPFBias_up
			CMS_scale_j_AbsoluteMPFBias_down
			CMS_scale_j_AbsoluteScale_up
			CMS_scale_j_AbsoluteScale_down
			CMS_scale_j_AbsoluteStat_2017_up
			CMS_scale_j_AbsoluteStat_2017_down
			CMS_scale_j_Fragmentation_up
			CMS_scale_j_Fragmentation_down
			CMS_scale_j_PileUpDataMC_up
			CMS_scale_j_PileUpDataMC_down
			CMS_scale_j_PileUpPtBB_up
			CMS_scale_j_PileUpPtBB_down
			CMS_scale_j_PileUpPtEC1_up
			CMS_scale_j_PileUpPtEC1_down
			CMS_scale_j_PileUpPtEC2_up
			CMS_scale_j_PileUpPtEC2_down
			CMS_scale_j_PileUpPtHF_up
			CMS_scale_j_PileUpPtHF_down
			CMS_scale_j_PileUpPtRef_up
			CMS_scale_j_PileUpPtRef_down
			CMS_scale_j_RelativeFSR_up
			CMS_scale_j_RelativeFSR_down
			CMS_scale_j_RelativeJEREC1_2017_up
			CMS_scale_j_RelativeJEREC1_2017_down
			CMS_scale_j_RelativeJEREC2_2017_up
			CMS_scale_j_RelativeJEREC2_2017_down
			CMS_scale_j_RelativeJERHF_up
			CMS_scale_j_RelativeJERHF_down
			CMS_scale_j_RelativePtBB_up
			CMS_scale_j_RelativePtBB_down
			CMS_scale_j_RelativePtEC1_2017_up
			CMS_scale_j_RelativePtEC1_2017_down
			CMS_scale_j_RelativePtEC2_2017_up
			CMS_scale_j_RelativePtEC2_2017_down
			CMS_scale_j_RelativePtHF_up
			CMS_scale_j_RelativePtHF_down
			CMS_scale_j_RelativeBal_up
			CMS_scale_j_RelativeBal_down
			CMS_scale_j_RelativeSample_2017_up
			CMS_scale_j_RelativeSample_2017_down
			CMS_scale_j_RelativeStatEC_2017_up
			CMS_scale_j_RelativeStatEC_2017_down
			CMS_scale_j_RelativeStatFSR_2017_up
			CMS_scale_j_RelativeStatFSR_2017_down
			CMS_scale_j_RelativeStatHF_2017_up
			CMS_scale_j_RelativeStatHF_2017_down
			CMS_scale_j_SinglePionECAL_up
			CMS_scale_j_SinglePionECAL_down
			CMS_scale_j_SinglePionHCAL_up
			CMS_scale_j_SinglePionHCAL_down
			CMS_scale_j_TimePtEta_2017_up
			CMS_scale_j_TimePtEta_2017_down
			CMS_scale_j_FlavorPureGluon_up
			CMS_scale_j_FlavorPureGluon_down
			CMS_scale_j_FlavorPureQuark_up
			CMS_scale_j_FlavorPureQuark_down
			CMS_scale_j_FlavorPureCharm_up
			CMS_scale_j_FlavorPureCharm_down
			CMS_scale_j_FlavorPureBottom_up
			CMS_scale_j_FlavorPureBottom_down
			CMS_res_j_2017_up
			CMS_res_j_2017_down
			CMS_scale_t_DeepTau2017v2p1_DM0_genTau_2017_up
			CMS_scale_t_DeepTau2017v2p1_DM0_genTau_2017_down
			CMS_scale_t_DeepTau2017v2p1_DM1_genTau_2017_up
			CMS_scale_t_DeepTau2017v2p1_DM1_genTau_2017_down
			CMS_scale_t_DeepTau2017v2p1_DM10_genTau_2017_up
			CMS_scale_t_DeepTau2017v2p1_DM10_genTau_2017_down
			CMS_scale_t_DeepTau2017v2p1_DM11_genTau_2017_up
			CMS_scale_t_DeepTau2017v2p1_DM11_genTau_2017_down
			CMS_scale_met_unclustered_energy_2017_up
			CMS_scale_met_unclustered_energy_2017_down
		tttt
			CMS_pileup_up
			CMS_pileup_down
			CMS_l1_ecal_prefiring_2017_up
			CMS_l1_ecal_prefiring_2017_down
			CMS_TOP24017_eff_trigger_stats_2017_up
			CMS_TOP24017_eff_trigger_stats_2017_down
			CMS_fake_t_DeepTau2017v2p1_VSmu_2017_up
			CMS_fake_t_DeepTau2017v2p1_VSmu_2017_down
			CMS_fake_t_DeepTau2017v2p1_VSe_2017_up
			CMS_fake_t_DeepTau2017v2p1_VSe_2017_down
			CMS_eff_t_vsJet_stat1_dm0_2017_up
			CMS_eff_t_vsJet_stat1_dm0_2017_down
			CMS_eff_t_vsJet_stat1_dm1_2017_up
			CMS_eff_t_vsJet_stat1_dm1_2017_down
			CMS_eff_t_vsJet_stat1_dm10_2017_up
			CMS_eff_t_vsJet_stat1_dm10_2017_down
			CMS_eff_t_vsJet_stat1_dm11_2017_up
			CMS_eff_t_vsJet_stat1_dm11_2017_down
			CMS_eff_t_vsJet_stat2_dm0_2017_up
			CMS_eff_t_vsJet_stat2_dm0_2017_down
			CMS_eff_t_vsJet_stat2_dm1_2017_up
			CMS_eff_t_vsJet_stat2_dm1_2017_down
			CMS_eff_t_vsJet_stat2_dm10_2017_up
			CMS_eff_t_vsJet_stat2_dm10_2017_down
			CMS_eff_t_vsJet_stat2_dm11_2017_up
			CMS_eff_t_vsJet_stat2_dm11_2017_down
			CMS_eff_t_vsJet_syst_alleras_up
			CMS_eff_t_vsJet_syst_alleras_down
			CMS_eff_t_vsJet_syst_2017_up
			CMS_eff_t_vsJet_syst_2017_down
			CMS_eff_t_vsJet_syst_dm0_2017_up
			CMS_eff_t_vsJet_syst_dm0_2017_down
			CMS_eff_t_vsJet_syst_dm1_2017_up
			CMS_eff_t_vsJet_syst_dm1_2017_down
			CMS_eff_t_vsJet_syst_dm10_2017_up
			CMS_eff_t_vsJet_syst_dm10_2017_down
			CMS_eff_t_vsJet_syst_dm11_2017_up
			CMS_eff_t_vsJet_syst_dm11_2017_down
			CMS_btag_fullShape_hf_up
			CMS_btag_fullShape_hf_down
			CMS_btag_fullShape_lf_up
			CMS_btag_fullShape_lf_down
			CMS_btag_fullShape_cferr1_up
			CMS_btag_fullShape_cferr1_down
			CMS_btag_fullShape_cferr2_up
			CMS_btag_fullShape_cferr2_down
			CMS_btag_fullShape_hfstats1_2017_up
			CMS_btag_fullShape_hfstats1_2017_down
			CMS_btag_fullShape_hfstats2_2017_up
			CMS_btag_fullShape_hfstats2_2017_down
			CMS_btag_fullShape_lfstats1_2017_up
			CMS_btag_fullShape_lfstats1_2017_down
			CMS_btag_fullShape_lfstats2_2017_up
			CMS_btag_fullShape_lfstats2_2017_down
			pdf_alphas_up
			pdf_alphas_down
			pdf_00_up
			pdf_00_down
			QCDscale_ren_up
			QCDscale_ren_down
			QCDscale_fac_up
			QCDscale_fac_down
			ps_isr_up
			ps_isr_down
			ps_fsr_up
			ps_fsr_down
			CMS_scale_j_AbsoluteMPFBias_up
			CMS_scale_j_AbsoluteMPFBias_down
			CMS_scale_j_AbsoluteScale_up
			CMS_scale_j_AbsoluteScale_down
			CMS_scale_j_AbsoluteStat_2017_up
			CMS_scale_j_AbsoluteStat_2017_down
			CMS_scale_j_Fragmentation_up
			CMS_scale_j_Fragmentation_down
			CMS_scale_j_PileUpDataMC_up
			CMS_scale_j_PileUpDataMC_down
			CMS_scale_j_PileUpPtBB_up
			CMS_scale_j_PileUpPtBB_down
			CMS_scale_j_PileUpPtEC1_up
			CMS_scale_j_PileUpPtEC1_down
			CMS_scale_j_PileUpPtEC2_up
			CMS_scale_j_PileUpPtEC2_down
			CMS_scale_j_PileUpPtHF_up
			CMS_scale_j_PileUpPtHF_down
			CMS_scale_j_PileUpPtRef_up
			CMS_scale_j_PileUpPtRef_down
			CMS_scale_j_RelativeFSR_up
			CMS_scale_j_RelativeFSR_down
			CMS_scale_j_RelativeJEREC1_2017_up
			CMS_scale_j_RelativeJEREC1_2017_down
			CMS_scale_j_RelativeJEREC2_2017_up
			CMS_scale_j_RelativeJEREC2_2017_down
			CMS_scale_j_RelativeJERHF_up
			CMS_scale_j_RelativeJERHF_down
			CMS_scale_j_RelativePtBB_up
			CMS_scale_j_RelativePtBB_down
			CMS_scale_j_RelativePtEC1_2017_up
			CMS_scale_j_RelativePtEC1_2017_down
			CMS_scale_j_RelativePtEC2_2017_up
			CMS_scale_j_RelativePtEC2_2017_down
			CMS_scale_j_RelativePtHF_up
			CMS_scale_j_RelativePtHF_down
			CMS_scale_j_RelativeBal_up
			CMS_scale_j_RelativeBal_down
			CMS_scale_j_RelativeSample_2017_up
			CMS_scale_j_RelativeSample_2017_down
			CMS_scale_j_RelativeStatEC_2017_up
			CMS_scale_j_RelativeStatEC_2017_down
			CMS_scale_j_RelativeStatFSR_2017_up
			CMS_scale_j_RelativeStatFSR_2017_down
			CMS_scale_j_RelativeStatHF_2017_up
			CMS_scale_j_RelativeStatHF_2017_down
			CMS_scale_j_SinglePionECAL_up
			CMS_scale_j_SinglePionECAL_down
			CMS_scale_j_SinglePionHCAL_up
			CMS_scale_j_SinglePionHCAL_down
			CMS_scale_j_TimePtEta_2017_up
			CMS_scale_j_TimePtEta_2017_down
			CMS_scale_j_FlavorPureGluon_up
			CMS_scale_j_FlavorPureGluon_down
			CMS_scale_j_FlavorPureQuark_up
			CMS_scale_j_FlavorPureQuark_down
			CMS_scale_j_FlavorPureCharm_up
			CMS_scale_j_FlavorPureCharm_down
			CMS_scale_j_FlavorPureBottom_up
			CMS_scale_j_FlavorPureBottom_down
			CMS_res_j_2017_up
			CMS_res_j_2017_down
			CMS_scale_t_DeepTau2017v2p1_DM0_genTau_2017_up
			CMS_scale_t_DeepTau2017v2p1_DM0_genTau_2017_down
			CMS_scale_t_DeepTau2017v2p1_DM1_genTau_2017_up
			CMS_scale_t_DeepTau2017v2p1_DM1_genTau_2017_down
			CMS_scale_t_DeepTau2017v2p1_DM10_genTau_2017_up
			CMS_scale_t_DeepTau2017v2p1_DM10_genTau_2017_down
			CMS_scale_t_DeepTau2017v2p1_DM11_genTau_2017_up
			CMS_scale_t_DeepTau2017v2p1_DM11_genTau_2017_down
			CMS_scale_met_unclustered_energy_2017_up
			CMS_scale_met_unclustered_energy_2017_down
		ttW
			CMS_pileup_up
			CMS_pileup_down
			CMS_l1_ecal_prefiring_2017_up
			CMS_l1_ecal_prefiring_2017_down
			CMS_TOP24017_eff_trigger_stats_2017_up
			CMS_TOP24017_eff_trigger_stats_2017_down
			CMS_fake_t_DeepTau2017v2p1_VSmu_2017_up
			CMS_fake_t_DeepTau2017v2p1_VSmu_2017_down
			CMS_fake_t_DeepTau2017v2p1_VSe_2017_up
			CMS_fake_t_DeepTau2017v2p1_VSe_2017_down
			CMS_eff_t_vsJet_stat1_dm0_2017_up
			CMS_eff_t_vsJet_stat1_dm0_2017_down
			CMS_eff_t_vsJet_stat1_dm1_2017_up
			CMS_eff_t_vsJet_stat1_dm1_2017_down
			CMS_eff_t_vsJet_stat1_dm10_2017_up
			CMS_eff_t_vsJet_stat1_dm10_2017_down
			CMS_eff_t_vsJet_stat1_dm11_2017_up
			CMS_eff_t_vsJet_stat1_dm11_2017_down
			CMS_eff_t_vsJet_stat2_dm0_2017_up
			CMS_eff_t_vsJet_stat2_dm0_2017_down
			CMS_eff_t_vsJet_stat2_dm1_2017_up
			CMS_eff_t_vsJet_stat2_dm1_2017_down
			CMS_eff_t_vsJet_stat2_dm10_2017_up
			CMS_eff_t_vsJet_stat2_dm10_2017_down
			CMS_eff_t_vsJet_stat2_dm11_2017_up
			CMS_eff_t_vsJet_stat2_dm11_2017_down
			CMS_eff_t_vsJet_syst_alleras_up
			CMS_eff_t_vsJet_syst_alleras_down
			CMS_eff_t_vsJet_syst_2017_up
			CMS_eff_t_vsJet_syst_2017_down
			CMS_eff_t_vsJet_syst_dm0_2017_up
			CMS_eff_t_vsJet_syst_dm0_2017_down
			CMS_eff_t_vsJet_syst_dm1_2017_up
			CMS_eff_t_vsJet_syst_dm1_2017_down
			CMS_eff_t_vsJet_syst_dm10_2017_up
			CMS_eff_t_vsJet_syst_dm10_2017_down
			CMS_eff_t_vsJet_syst_dm11_2017_up
			CMS_eff_t_vsJet_syst_dm11_2017_down
			CMS_btag_fullShape_hf_up
			CMS_btag_fullShape_hf_down
			CMS_btag_fullShape_lf_up
			CMS_btag_fullShape_lf_down
			CMS_btag_fullShape_cferr1_up
			CMS_btag_fullShape_cferr1_down
			CMS_btag_fullShape_cferr2_up
			CMS_btag_fullShape_cferr2_down
			CMS_btag_fullShape_hfstats1_2017_up
			CMS_btag_fullShape_hfstats1_2017_down
			CMS_btag_fullShape_hfstats2_2017_up
			CMS_btag_fullShape_hfstats2_2017_down
			CMS_btag_fullShape_lfstats1_2017_up
			CMS_btag_fullShape_lfstats1_2017_down
			CMS_btag_fullShape_lfstats2_2017_up
			CMS_btag_fullShape_lfstats2_2017_down
			pdf_alphas_up
			pdf_alphas_down
			pdf_00_up
			pdf_00_down
			QCDscale_ren_up
			QCDscale_ren_down
			QCDscale_fac_up
			QCDscale_fac_down
			ps_isr_up
			ps_isr_down
			ps_fsr_up
			ps_fsr_down
			CMS_scale_j_AbsoluteMPFBias_up
			CMS_scale_j_AbsoluteMPFBias_down
			CMS_scale_j_AbsoluteScale_up
			CMS_scale_j_AbsoluteScale_down
			CMS_scale_j_AbsoluteStat_2017_up
			CMS_scale_j_AbsoluteStat_2017_down
			CMS_scale_j_Fragmentation_up
			CMS_scale_j_Fragmentation_down
			CMS_scale_j_PileUpDataMC_up
			CMS_scale_j_PileUpDataMC_down
			CMS_scale_j_PileUpPtBB_up
			CMS_scale_j_PileUpPtBB_down
			CMS_scale_j_PileUpPtEC1_up
			CMS_scale_j_PileUpPtEC1_down
			CMS_scale_j_PileUpPtEC2_up
			CMS_scale_j_PileUpPtEC2_down
			CMS_scale_j_PileUpPtHF_up
			CMS_scale_j_PileUpPtHF_down
			CMS_scale_j_PileUpPtRef_up
			CMS_scale_j_PileUpPtRef_down
			CMS_scale_j_RelativeFSR_up
			CMS_scale_j_RelativeFSR_down
			CMS_scale_j_RelativeJEREC1_2017_up
			CMS_scale_j_RelativeJEREC1_2017_down
			CMS_scale_j_RelativeJEREC2_2017_up
			CMS_scale_j_RelativeJEREC2_2017_down
			CMS_scale_j_RelativeJERHF_up
			CMS_scale_j_RelativeJERHF_down
			CMS_scale_j_RelativePtBB_up
			CMS_scale_j_RelativePtBB_down
			CMS_scale_j_RelativePtEC1_2017_up
			CMS_scale_j_RelativePtEC1_2017_down
			CMS_scale_j_RelativePtEC2_2017_up
			CMS_scale_j_RelativePtEC2_2017_down
			CMS_scale_j_RelativePtHF_up
			CMS_scale_j_RelativePtHF_down
			CMS_scale_j_RelativeBal_up
			CMS_scale_j_RelativeBal_down
			CMS_scale_j_RelativeSample_2017_up
			CMS_scale_j_RelativeSample_2017_down
			CMS_scale_j_RelativeStatEC_2017_up
			CMS_scale_j_RelativeStatEC_2017_down
			CMS_scale_j_RelativeStatFSR_2017_up
			CMS_scale_j_RelativeStatFSR_2017_down
			CMS_scale_j_RelativeStatHF_2017_up
			CMS_scale_j_RelativeStatHF_2017_down
			CMS_scale_j_SinglePionECAL_up
			CMS_scale_j_SinglePionECAL_down
			CMS_scale_j_SinglePionHCAL_up
			CMS_scale_j_SinglePionHCAL_down
			CMS_scale_j_TimePtEta_2017_up
			CMS_scale_j_TimePtEta_2017_down
			CMS_scale_j_FlavorPureGluon_up
			CMS_scale_j_FlavorPureGluon_down
			CMS_scale_j_FlavorPureQuark_up
			CMS_scale_j_FlavorPureQuark_down
			CMS_scale_j_FlavorPureCharm_up
			CMS_scale_j_FlavorPureCharm_down
			CMS_scale_j_FlavorPureBottom_up
			CMS_scale_j_FlavorPureBottom_down
			CMS_res_j_2017_up
			CMS_res_j_2017_down
			CMS_scale_t_DeepTau2017v2p1_DM0_genTau_2017_up
			CMS_scale_t_DeepTau2017v2p1_DM0_genTau_2017_down
			CMS_scale_t_DeepTau2017v2p1_DM1_genTau_2017_up
			CMS_scale_t_DeepTau2017v2p1_DM1_genTau_2017_down
			CMS_scale_t_DeepTau2017v2p1_DM10_genTau_2017_up
			CMS_scale_t_DeepTau2017v2p1_DM10_genTau_2017_down
			CMS_scale_t_DeepTau2017v2p1_DM11_genTau_2017_up
			CMS_scale_t_DeepTau2017v2p1_DM11_genTau_2017_down
			CMS_scale_met_unclustered_energy_2017_up
			CMS_scale_met_unclustered_energy_2017_down
		ttZ
			CMS_pileup_up
			CMS_pileup_down
			CMS_l1_ecal_prefiring_2017_up
			CMS_l1_ecal_prefiring_2017_down
			CMS_TOP24017_eff_trigger_stats_2017_up
			CMS_TOP24017_eff_trigger_stats_2017_down
			CMS_fake_t_DeepTau2017v2p1_VSmu_2017_up
			CMS_fake_t_DeepTau2017v2p1_VSmu_2017_down
			CMS_fake_t_DeepTau2017v2p1_VSe_2017_up
			CMS_fake_t_DeepTau2017v2p1_VSe_2017_down
			CMS_eff_t_vsJet_stat1_dm0_2017_up
			CMS_eff_t_vsJet_stat1_dm0_2017_down
			CMS_eff_t_vsJet_stat1_dm1_2017_up
			CMS_eff_t_vsJet_stat1_dm1_2017_down
			CMS_eff_t_vsJet_stat1_dm10_2017_up
			CMS_eff_t_vsJet_stat1_dm10_2017_down
			CMS_eff_t_vsJet_stat1_dm11_2017_up
			CMS_eff_t_vsJet_stat1_dm11_2017_down
			CMS_eff_t_vsJet_stat2_dm0_2017_up
			CMS_eff_t_vsJet_stat2_dm0_2017_down
			CMS_eff_t_vsJet_stat2_dm1_2017_up
			CMS_eff_t_vsJet_stat2_dm1_2017_down
			CMS_eff_t_vsJet_stat2_dm10_2017_up
			CMS_eff_t_vsJet_stat2_dm10_2017_down
			CMS_eff_t_vsJet_stat2_dm11_2017_up
			CMS_eff_t_vsJet_stat2_dm11_2017_down
			CMS_eff_t_vsJet_syst_alleras_up
			CMS_eff_t_vsJet_syst_alleras_down
			CMS_eff_t_vsJet_syst_2017_up
			CMS_eff_t_vsJet_syst_2017_down
			CMS_eff_t_vsJet_syst_dm0_2017_up
			CMS_eff_t_vsJet_syst_dm0_2017_down
			CMS_eff_t_vsJet_syst_dm1_2017_up
			CMS_eff_t_vsJet_syst_dm1_2017_down
			CMS_eff_t_vsJet_syst_dm10_2017_up
			CMS_eff_t_vsJet_syst_dm10_2017_down
			CMS_eff_t_vsJet_syst_dm11_2017_up
			CMS_eff_t_vsJet_syst_dm11_2017_down
			CMS_btag_fullShape_hf_up
			CMS_btag_fullShape_hf_down
			CMS_btag_fullShape_lf_up
			CMS_btag_fullShape_lf_down
			CMS_btag_fullShape_cferr1_up
			CMS_btag_fullShape_cferr1_down
			CMS_btag_fullShape_cferr2_up
			CMS_btag_fullShape_cferr2_down
			CMS_btag_fullShape_hfstats1_2017_up
			CMS_btag_fullShape_hfstats1_2017_down
			CMS_btag_fullShape_hfstats2_2017_up
			CMS_btag_fullShape_hfstats2_2017_down
			CMS_btag_fullShape_lfstats1_2017_up
			CMS_btag_fullShape_lfstats1_2017_down
			CMS_btag_fullShape_lfstats2_2017_up
			CMS_btag_fullShape_lfstats2_2017_down
			pdf_alphas_up
			pdf_alphas_down
			pdf_00_up
			pdf_00_down
			QCDscale_ren_up
			QCDscale_ren_down
			QCDscale_fac_up
			QCDscale_fac_down
			ps_isr_up
			ps_isr_down
			ps_fsr_up
			ps_fsr_down
			CMS_scale_j_AbsoluteMPFBias_up
			CMS_scale_j_AbsoluteMPFBias_down
			CMS_scale_j_AbsoluteScale_up
			CMS_scale_j_AbsoluteScale_down
			CMS_scale_j_AbsoluteStat_2017_up
			CMS_scale_j_AbsoluteStat_2017_down
			CMS_scale_j_Fragmentation_up
			CMS_scale_j_Fragmentation_down
			CMS_scale_j_PileUpDataMC_up
			CMS_scale_j_PileUpDataMC_down
			CMS_scale_j_PileUpPtBB_up
			CMS_scale_j_PileUpPtBB_down
			CMS_scale_j_PileUpPtEC1_up
			CMS_scale_j_PileUpPtEC1_down
			CMS_scale_j_PileUpPtEC2_up
			CMS_scale_j_PileUpPtEC2_down
			CMS_scale_j_PileUpPtHF_up
			CMS_scale_j_PileUpPtHF_down
			CMS_scale_j_PileUpPtRef_up
			CMS_scale_j_PileUpPtRef_down
			CMS_scale_j_RelativeFSR_up
			CMS_scale_j_RelativeFSR_down
			CMS_scale_j_RelativeJEREC1_2017_up
			CMS_scale_j_RelativeJEREC1_2017_down
			CMS_scale_j_RelativeJEREC2_2017_up
			CMS_scale_j_RelativeJEREC2_2017_down
			CMS_scale_j_RelativeJERHF_up
			CMS_scale_j_RelativeJERHF_down
			CMS_scale_j_RelativePtBB_up
			CMS_scale_j_RelativePtBB_down
			CMS_scale_j_RelativePtEC1_2017_up
			CMS_scale_j_RelativePtEC1_2017_down
			CMS_scale_j_RelativePtEC2_2017_up
			CMS_scale_j_RelativePtEC2_2017_down
			CMS_scale_j_RelativePtHF_up
			CMS_scale_j_RelativePtHF_down
			CMS_scale_j_RelativeBal_up
			CMS_scale_j_RelativeBal_down
			CMS_scale_j_RelativeSample_2017_up
			CMS_scale_j_RelativeSample_2017_down
			CMS_scale_j_RelativeStatEC_2017_up
			CMS_scale_j_RelativeStatEC_2017_down
			CMS_scale_j_RelativeStatFSR_2017_up
			CMS_scale_j_RelativeStatFSR_2017_down
			CMS_scale_j_RelativeStatHF_2017_up
			CMS_scale_j_RelativeStatHF_2017_down
			CMS_scale_j_SinglePionECAL_up
			CMS_scale_j_SinglePionECAL_down
			CMS_scale_j_SinglePionHCAL_up
			CMS_scale_j_SinglePionHCAL_down
			CMS_scale_j_TimePtEta_2017_up
			CMS_scale_j_TimePtEta_2017_down
			CMS_scale_j_FlavorPureGluon_up
			CMS_scale_j_FlavorPureGluon_down
			CMS_scale_j_FlavorPureQuark_up
			CMS_scale_j_FlavorPureQuark_down
			CMS_scale_j_FlavorPureCharm_up
			CMS_scale_j_FlavorPureCharm_down
			CMS_scale_j_FlavorPureBottom_up
			CMS_scale_j_FlavorPureBottom_down
			CMS_res_j_2017_up
			CMS_res_j_2017_down
			CMS_scale_t_DeepTau2017v2p1_DM0_genTau_2017_up
			CMS_scale_t_DeepTau2017v2p1_DM0_genTau_2017_down
			CMS_scale_t_DeepTau2017v2p1_DM1_genTau_2017_up
			CMS_scale_t_DeepTau2017v2p1_DM1_genTau_2017_down
			CMS_scale_t_DeepTau2017v2p1_DM10_genTau_2017_up
			CMS_scale_t_DeepTau2017v2p1_DM10_genTau_2017_down
			CMS_scale_t_DeepTau2017v2p1_DM11_genTau_2017_up
			CMS_scale_t_DeepTau2017v2p1_DM11_genTau_2017_down
			CMS_scale_met_unclustered_energy_2017_up
			CMS_scale_met_unclustered_energy_2017_down
template file created: /publicfs/cms/user/huahuil/tauOfTTTT_NanoAOD/forMVA/2017/v1baselineHadroBtagWeightAdded_v94HadroPreJetVetoHemOnly/mc/variableHists_v9BDT1tau0l_CMSNamingComplete/combine/templatesForCombine1tau0l_new_notMCFTau_unblind.root
