[2025-12-02 15:02:10] [INFO] ================================================================================
[2025-12-02 15:02:10] [INFO] CMS Combine Analysis Workflow - Four-Top Search
[2025-12-02 15:02:10] [INFO] ================================================================================
[2025-12-02 15:02:10] [INFO] Card directory: /workfs2/cms/huahuil/CMSSW_14_1_0_pre4/src/FourTop/hua/combine/combinationV20/run2_1tau0l_v4_unblind/
[2025-12-02 15:02:10] [INFO] Analysis mode: UNBLINDED (observed)
[2025-12-02 15:02:10] [INFO] ================================================================================
[2025-12-02 15:02:10] [INFO] 
================================================================================
[2025-12-02 15:02:10] [INFO] STEP 1: Converting datacards to RooWorkspace
[2025-12-02 15:02:10] [INFO] ================================================================================
[2025-12-02 15:02:10] [INFO] Converting datacards to workspaces...
[2025-12-02 15:02:10] [INFO] Working directory: /workfs2/cms/huahuil/CMSSW_14_1_0_pre4/src/FourTop/hua/combine/combinationV20/run2_1tau0l_v4_unblind/
[2025-12-02 15:02:10] [INFO] Processing datacard: /workfs2/cms/huahuil/CMSSW_14_1_0_pre4/src/FourTop/hua/combine/combinationV20/run2_1tau0l_v4_unblind/datacard.txt
[2025-12-02 15:02:10] [INFO] Workspace name: datacard.root
[2025-12-02 15:02:10] [INFO] Output directory: /workfs2/cms/huahuil/CMSSW_14_1_0_pre4/src/FourTop/hua/combine/combinationV20/run2_1tau0l_v4_unblind/workspace/
[2025-12-02 15:02:10] [INFO] Running: text2workspace.py /workfs2/cms/huahuil/CMSSW_14_1_0_pre4/src/FourTop/hua/combine/combinationV20/run2_1tau0l_v4_unblind/datacard.txt -o /workfs2/cms/huahuil/CMSSW_14_1_0_pre4/src/FourTop/hua/combine/combinationV20/run2_1tau0l_v4_unblind/workspace/datacard.root
============================================================
Analyzing bin errors for: prop_binSR1tau0l_2018
Poisson cut-off: 10
Processes excluded for sums: tttt
============================================================
Bin        Contents        Error           Notes                         
0          317.008282      6.717232        total sum                     
0          316.989487      6.717231        excluding marked processes    
0          2227.000000     47.191101       Unweighted events, alpha=0.142348
  => Total parameter prop_binSR1tau0l_2018_bin0[0.00,-7.00,7.00] to be Gaussian constrained
------------------------------------------------------------
1          369.393193      6.811282        total sum                     
1          369.341547      6.811280        excluding marked processes    
1          2940.000000     54.221767       Unweighted events, alpha=0.125644
  => Total parameter prop_binSR1tau0l_2018_bin1[0.00,-7.00,7.00] to be Gaussian constrained
------------------------------------------------------------
2          181.061204      4.711191        total sum                     
2          181.026075      4.711189        excluding marked processes    
2          1476.000000     38.418745       Unweighted events, alpha=0.122670
  => Total parameter prop_binSR1tau0l_2018_bin2[0.00,-7.00,7.00] to be Gaussian constrained
------------------------------------------------------------
3          263.356636      5.667652        total sum                     
3          263.274345      5.667649        excluding marked processes    
3          2158.000000     46.454279       Unweighted events, alpha=0.122037
  => Total parameter prop_binSR1tau0l_2018_bin3[0.00,-7.00,7.00] to be Gaussian constrained
------------------------------------------------------------
4          276.417297      5.600718        total sum                     
4          276.257951      5.600714        excluding marked processes    
4          2433.000000     49.325450       Unweighted events, alpha=0.113612
  => Total parameter prop_binSR1tau0l_2018_bin4[0.00,-7.00,7.00] to be Gaussian constrained
------------------------------------------------------------
5          283.021242      5.584839        total sum                     
5          282.797282      5.584832        excluding marked processes    
5          2564.000000     50.635956       Unweighted events, alpha=0.110383
  => Total parameter prop_binSR1tau0l_2018_bin5[0.00,-7.00,7.00] to be Gaussian constrained
------------------------------------------------------------
6          259.135913      5.218061        total sum                     
6          258.823428      5.218051        excluding marked processes    
6          2460.000000     49.598387       Unweighted events, alpha=0.105340
  => Total parameter prop_binSR1tau0l_2018_bin6[0.00,-7.00,7.00] to be Gaussian constrained
------------------------------------------------------------
7          230.931185      4.750831        total sum                     
7          230.557392      4.750817        excluding marked processes    
7          2355.000000     48.528342       Unweighted events, alpha=0.098060
  => Total parameter prop_binSR1tau0l_2018_bin7[0.00,-7.00,7.00] to be Gaussian constrained
------------------------------------------------------------
8          214.185807      4.611726        total sum                     
8          213.698821      4.611707        excluding marked processes    
8          2147.000000     46.335731       Unweighted events, alpha=0.099761
  => Total parameter prop_binSR1tau0l_2018_bin8[0.00,-7.00,7.00] to be Gaussian constrained
------------------------------------------------------------
9          222.334056      4.556164        total sum                     
9          221.506758      4.556132        excluding marked processes    
9          2364.000000     48.620983       Unweighted events, alpha=0.094050
  => Total parameter prop_binSR1tau0l_2018_bin9[0.00,-7.00,7.00] to be Gaussian constrained
------------------------------------------------------------
10         221.554922      4.571375        total sum                     
10         220.116141      4.571317        excluding marked processes    
10         2319.000000     48.155997       Unweighted events, alpha=0.095539
  => Total parameter prop_binSR1tau0l_2018_bin10[0.00,-7.00,7.00] to be Gaussian constrained
------------------------------------------------------------
11         183.892331      3.883843        total sum                     
11         180.170306      3.883644        excluding marked processes    
11         2152.000000     46.389654       Unweighted events, alpha=0.085452
  => Total parameter prop_binSR1tau0l_2018_bin11[0.00,-7.00,7.00] to be Gaussian constrained
------------------------------------------------------------
============================================================
Analyzing bin errors for: prop_binSR1tau0l_2017
Poisson cut-off: 10
Processes excluded for sums: tttt
============================================================
Bin        Contents        Error           Notes                         
0          264.492921      6.267405        total sum                     
0          264.476813      6.267405        excluding marked processes    
0          1781.000000     42.201896       Unweighted events, alpha=0.148508
  => Total parameter prop_binSR1tau0l_2017_bin0[0.00,-7.00,7.00] to be Gaussian constrained
------------------------------------------------------------
1          251.459207      5.849387        total sum                     
1          251.421152      5.849386        excluding marked processes    
1          1847.000000     42.976738       Unweighted events, alpha=0.136145
  => Total parameter prop_binSR1tau0l_2017_bin1[0.00,-7.00,7.00] to be Gaussian constrained
------------------------------------------------------------
2          116.076986      3.794848        total sum                     
2          116.048206      3.794847        excluding marked processes    
2          935.000000      30.577770       Unweighted events, alpha=0.124147
  => Total parameter prop_binSR1tau0l_2017_bin2[0.00,-7.00,7.00] to be Gaussian constrained
------------------------------------------------------------
3          163.542365      4.431683        total sum                     
3          163.478778      4.431681        excluding marked processes    
3          1361.000000     36.891733       Unweighted events, alpha=0.120163
  => Total parameter prop_binSR1tau0l_2017_bin3[0.00,-7.00,7.00] to be Gaussian constrained
------------------------------------------------------------
4          177.509399      4.577973        total sum                     
4          177.416488      4.577971        excluding marked processes    
4          1502.000000     38.755645       Unweighted events, alpha=0.118182
  => Total parameter prop_binSR1tau0l_2017_bin4[0.00,-7.00,7.00] to be Gaussian constrained
------------------------------------------------------------
5          176.003440      4.343456        total sum                     
5          175.890031      4.343452        excluding marked processes    
5          1640.000000     40.496913       Unweighted events, alpha=0.107319
  => Total parameter prop_binSR1tau0l_2017_bin5[0.00,-7.00,7.00] to be Gaussian constrained
------------------------------------------------------------
6          167.124023      4.229552        total sum                     
6          166.958743      4.229546        excluding marked processes    
6          1558.000000     39.471509       Unweighted events, alpha=0.107268
  => Total parameter prop_binSR1tau0l_2017_bin6[0.00,-7.00,7.00] to be Gaussian constrained
------------------------------------------------------------
7          153.481852      3.933115        total sum                     
7          153.244587      3.933107        excluding marked processes    
7          1518.000000     38.961519       Unweighted events, alpha=0.101108
  => Total parameter prop_binSR1tau0l_2017_bin7[0.00,-7.00,7.00] to be Gaussian constrained
------------------------------------------------------------
8          136.981706      3.693784        total sum                     
8          136.691024      3.693774        excluding marked processes    
8          1369.000000     37.000000       Unweighted events, alpha=0.100060
  => Total parameter prop_binSR1tau0l_2017_bin8[0.00,-7.00,7.00] to be Gaussian constrained
------------------------------------------------------------
9          153.536060      3.695164        total sum                     
9          153.077731      3.695146        excluding marked processes    
9          1716.000000     41.424630       Unweighted events, alpha=0.089473
  => Total parameter prop_binSR1tau0l_2017_bin9[0.00,-7.00,7.00] to be Gaussian constrained
------------------------------------------------------------
10         158.623001      3.609602        total sum                     
10         157.716354      3.609567        excluding marked processes    
10         1909.000000     43.692105       Unweighted events, alpha=0.083092
  => Total parameter prop_binSR1tau0l_2017_bin10[0.00,-7.00,7.00] to be Gaussian constrained
------------------------------------------------------------
11         148.352876      3.461430        total sum                     
11         145.605618      3.461306        excluding marked processes    
11         1770.000000     42.071368       Unweighted events, alpha=0.083815
  => Total parameter prop_binSR1tau0l_2017_bin11[0.00,-7.00,7.00] to be Gaussian constrained
------------------------------------------------------------
============================================================
Analyzing bin errors for: prop_binSR1tau0l_2016preVFP
Poisson cut-off: 10
Processes excluded for sums: tttt
============================================================
Bin        Contents        Error           Notes                         
0          230.147876      6.115588        total sum                     
0          230.138865      6.115587        excluding marked processes    
0          1416.000000     37.629775       Unweighted events, alpha=0.162534
  => Total parameter prop_binSR1tau0l_2016preVFP_bin0[0.00,-7.00,7.00] to be Gaussian constrained
------------------------------------------------------------
1          172.103953      4.991179        total sum                     
1          172.084527      4.991178        excluding marked processes    
1          1189.000000     34.481879       Unweighted events, alpha=0.144747
  => Total parameter prop_binSR1tau0l_2016preVFP_bin1[0.00,-7.00,7.00] to be Gaussian constrained
------------------------------------------------------------
2          73.800214       3.331894        total sum                     
2          73.779800       3.331893        excluding marked processes    
2          490.000000      22.135944       Unweighted events, alpha=0.150613
  => Total parameter prop_binSR1tau0l_2016preVFP_bin2[0.00,-7.00,7.00] to be Gaussian constrained
------------------------------------------------------------
3          106.341061      3.793383        total sum                     
3          106.296169      3.793381        excluding marked processes    
3          785.000000      28.017851       Unweighted events, alpha=0.135466
  => Total parameter prop_binSR1tau0l_2016preVFP_bin3[0.00,-7.00,7.00] to be Gaussian constrained
------------------------------------------------------------
4          99.012882       3.563060        total sum                     
4          98.953448       3.563057        excluding marked processes    
4          771.000000      27.766887       Unweighted events, alpha=0.128421
  => Total parameter prop_binSR1tau0l_2016preVFP_bin4[0.00,-7.00,7.00] to be Gaussian constrained
------------------------------------------------------------
5          95.611106       3.590623        total sum                     
5          95.527452       3.590619        excluding marked processes    
5          708.000000      26.608269       Unweighted events, alpha=0.135044
  => Total parameter prop_binSR1tau0l_2016preVFP_bin5[0.00,-7.00,7.00] to be Gaussian constrained
------------------------------------------------------------
6          86.098513       3.232010        total sum                     
6          85.976144       3.232003        excluding marked processes    
6          708.000000      26.608269       Unweighted events, alpha=0.121608
  => Total parameter prop_binSR1tau0l_2016preVFP_bin6[0.00,-7.00,7.00] to be Gaussian constrained
------------------------------------------------------------
7          77.105036       2.955451        total sum                     
7          76.983644       2.955442        excluding marked processes    
7          679.000000      26.057628       Unweighted events, alpha=0.113557
  => Total parameter prop_binSR1tau0l_2016preVFP_bin7[0.00,-7.00,7.00] to be Gaussian constrained
------------------------------------------------------------
8          66.134351       2.611688        total sum                     
8          65.974032       2.611675        excluding marked processes    
8          638.000000      25.258662       Unweighted events, alpha=0.103659
  => Total parameter prop_binSR1tau0l_2016preVFP_bin8[0.00,-7.00,7.00] to be Gaussian constrained
------------------------------------------------------------
9          71.955244       2.817843        total sum                     
9          71.684259       2.817823        excluding marked processes    
9          647.000000      25.436195       Unweighted events, alpha=0.111214
  => Total parameter prop_binSR1tau0l_2016preVFP_bin9[0.00,-7.00,7.00] to be Gaussian constrained
------------------------------------------------------------
10         73.412505       2.693292        total sum                     
10         72.950464       2.693254        excluding marked processes    
10         734.000000      27.092434       Unweighted events, alpha=0.100017
  => Total parameter prop_binSR1tau0l_2016preVFP_bin10[0.00,-7.00,7.00] to be Gaussian constrained
------------------------------------------------------------
11         61.636808       2.424892        total sum                     
11         60.310465       2.424752        excluding marked processes    
11         619.000000      24.879711       Unweighted events, alpha=0.099575
  => Total parameter prop_binSR1tau0l_2016preVFP_bin11[0.00,-7.00,7.00] to be Gaussian constrained
------------------------------------------------------------
============================================================
Analyzing bin errors for: prop_binSR1tau0l_2016postVFP
Poisson cut-off: 10
Processes excluded for sums: tttt
============================================================
Bin        Contents        Error           Notes                         
0          155.629172      4.789543        total sum                     
0          155.620228      4.789542        excluding marked processes    
0          1056.000000     32.496154       Unweighted events, alpha=0.147376
  => Total parameter prop_binSR1tau0l_2016postVFP_bin0[0.00,-7.00,7.00] to be Gaussian constrained
------------------------------------------------------------
1          117.291399      3.733247        total sum                     
1          117.272051      3.733246        excluding marked processes    
1          987.000000      31.416556       Unweighted events, alpha=0.118836
  => Total parameter prop_binSR1tau0l_2016postVFP_bin1[0.00,-7.00,7.00] to be Gaussian constrained
------------------------------------------------------------
2          56.159605       2.582146        total sum                     
2          56.144850       2.582145        excluding marked processes    
2          473.000000      21.748563       Unweighted events, alpha=0.118731
  => Total parameter prop_binSR1tau0l_2016postVFP_bin2[0.00,-7.00,7.00] to be Gaussian constrained
------------------------------------------------------------
3          73.884946       2.781841        total sum                     
3          73.853634       2.781840        excluding marked processes    
3          705.000000      26.551836       Unweighted events, alpha=0.104801
  => Total parameter prop_binSR1tau0l_2016postVFP_bin3[0.00,-7.00,7.00] to be Gaussian constrained
------------------------------------------------------------
4          72.802799       2.726814        total sum                     
4          72.761430       2.726812        excluding marked processes    
4          712.000000      26.683328       Unweighted events, alpha=0.102251
  => Total parameter prop_binSR1tau0l_2016postVFP_bin4[0.00,-7.00,7.00] to be Gaussian constrained
------------------------------------------------------------
5          60.170044       2.382243        total sum                     
5          60.111679       2.382240        excluding marked processes    
5          637.000000      25.238859       Unweighted events, alpha=0.094458
  => Total parameter prop_binSR1tau0l_2016postVFP_bin5[0.00,-7.00,7.00] to be Gaussian constrained
------------------------------------------------------------
6          64.721997       2.538655        total sum                     
6          64.636063       2.538650        excluding marked processes    
6          648.000000      25.455844       Unweighted events, alpha=0.099880
  => Total parameter prop_binSR1tau0l_2016postVFP_bin6[0.00,-7.00,7.00] to be Gaussian constrained
------------------------------------------------------------
7          54.185671       2.253312        total sum                     
7          54.088111       2.253304        excluding marked processes    
7          576.000000      24.000000       Unweighted events, alpha=0.094072
  => Total parameter prop_binSR1tau0l_2016postVFP_bin7[0.00,-7.00,7.00] to be Gaussian constrained
------------------------------------------------------------
8          46.292784       2.028946        total sum                     
8          46.165465       2.028937        excluding marked processes    
8          518.000000      22.759613       Unweighted events, alpha=0.089368
  => Total parameter prop_binSR1tau0l_2016postVFP_bin8[0.00,-7.00,7.00] to be Gaussian constrained
------------------------------------------------------------
9          51.777480       2.093472        total sum                     
9          51.577059       2.093457        excluding marked processes    
9          607.000000      24.637370       Unweighted events, alpha=0.085301
  => Total parameter prop_binSR1tau0l_2016postVFP_bin9[0.00,-7.00,7.00] to be Gaussian constrained
------------------------------------------------------------
10         50.907963       2.113476        total sum                     
10         50.584116       2.113451        excluding marked processes    
10         573.000000      23.937418       Unweighted events, alpha=0.088845
  => Total parameter prop_binSR1tau0l_2016postVFP_bin10[0.00,-7.00,7.00] to be Gaussian constrained
------------------------------------------------------------
11         43.410712       1.875296        total sum                     
11         42.479803       1.875200        excluding marked processes    
11         513.000000      22.649503       Unweighted events, alpha=0.084621
  => Total parameter prop_binSR1tau0l_2016postVFP_bin11[0.00,-7.00,7.00] to be Gaussian constrained
------------------------------------------------------------
Channel SR1tau0l_2018 will use autoMCStats with settings: event-threshold=10, include-signal=0, hist-mode=1
Channel SR1tau0l_2017 will use autoMCStats with settings: event-threshold=10, include-signal=0, hist-mode=1
Channel SR1tau0l_2016preVFP will use autoMCStats with settings: event-threshold=10, include-signal=0, hist-mode=1
Channel SR1tau0l_2016postVFP will use autoMCStats with settings: event-threshold=10, include-signal=0, hist-mode=1
[2025-12-02 15:02:46] [INFO] ✓ Workspace transformation complete! Created 1 workspace(s)

[2025-12-02 15:02:46] [INFO] 
================================================================================
[2025-12-02 15:02:46] [INFO] STEP 2: Calculating expected/observed limits
[2025-12-02 15:02:46] [INFO] ================================================================================
[2025-12-02 15:02:46] [INFO] Using tttt datacard: datacard.root
[2025-12-02 15:02:46] [INFO] Output directory: /workfs2/cms/huahuil/CMSSW_14_1_0_pre4/src/FourTop/hua/combine/combinationV20/run2_1tau0l_v4_unblind/workspace/results/
[2025-12-02 15:02:46] [INFO] Working directory: /workfs2/cms/huahuil/CMSSW_14_1_0_pre4/src/FourTop/hua/combine/combinationV20/run2_1tau0l_v4_unblind/
[2025-12-02 15:02:46] [INFO] Running tttt Limits calculation - unblinded (observed)
[2025-12-02 15:02:46] [INFO] Running: combine -M AsymptoticLimits /workfs2/cms/huahuil/CMSSW_14_1_0_pre4/src/FourTop/hua/combine/combinationV20/run2_1tau0l_v4_unblind/workspace/datacard.root --name _datacard
[2025-12-02 15:04:30] [INFO] stdout:  <<< Combine >>> 
 <<< v10.1.0 >>>
>>> Random number generator seed is 123456
>>> Method used is AsymptoticLimits

 -- AsymptoticLimits ( CLs ) --
Observed Limit: r < 14.4951
Expected  2.5%: r < 4.0239
Expected 16.0%: r < 5.4264
Expected 50.0%: r < 7.6875
Expected 84.0%: r < 11.0582
Expected 97.5%: r < 15.4851

Done in 1.66 min (cpu), 1.67 min (real)

[2025-12-02 15:04:30] [INFO] ✓ Command completed (exit code: 0)
[2025-12-02 15:04:30] [INFO] 
================================================================================
[2025-12-02 15:04:30] [INFO] STEP 3: Calculating significance
[2025-12-02 15:04:30] [INFO] ================================================================================
[2025-12-02 15:04:30] [INFO] Using tttt datacard: datacard.root
[2025-12-02 15:04:30] [INFO] Output directory: /workfs2/cms/huahuil/CMSSW_14_1_0_pre4/src/FourTop/hua/combine/combinationV20/run2_1tau0l_v4_unblind/workspace/results/
[2025-12-02 15:04:30] [INFO] Working directory: /workfs2/cms/huahuil/CMSSW_14_1_0_pre4/src/FourTop/hua/combine/combinationV20/run2_1tau0l_v4_unblind/
[2025-12-02 15:04:30] [INFO] Running tttt Significance calculation - unblinded (observed)
[2025-12-02 15:04:30] [INFO] Running: combine -M Significance /workfs2/cms/huahuil/CMSSW_14_1_0_pre4/src/FourTop/hua/combine/combinationV20/run2_1tau0l_v4_unblind/workspace/datacard.root --name _datacard --plot significance
[2025-12-02 15:04:41] [INFO] stdout:  <<< Combine >>> 
 <<< v10.1.0 >>>
>>> Random number generator seed is 123456
>>> Method used is Significance

 -- Significance -- 
Significance: 1.86227
Done in 0.08 min (cpu), 0.08 min (real)

[2025-12-02 15:04:41] [INFO] ✓ Command completed (exit code: 0)
[2025-12-02 15:04:41] [INFO] 
================================================================================
[2025-12-02 15:04:41] [INFO] STEP 4: Calculating systematic impacts (this may take a while...)
[2025-12-02 15:04:41] [INFO] ================================================================================
[2025-12-02 15:04:41] [INFO] Processing workspace: datacard.root
[2025-12-02 15:04:41] [INFO] Output directory: /workfs2/cms/huahuil/CMSSW_14_1_0_pre4/src/FourTop/hua/combine/combinationV20/run2_1tau0l_v4_unblind/combineResults/impactResult/
[2025-12-02 15:04:41] [INFO] Working directory: /workfs2/cms/huahuil/CMSSW_14_1_0_pre4/src/FourTop/hua/combine/combinationV20/run2_1tau0l_v4_unblind/combineResults/impactResult/
[2025-12-02 15:04:41] [INFO] Running: combineTool.py -M Impacts -d /workfs2/cms/huahuil/CMSSW_14_1_0_pre4/src/FourTop/hua/combine/combinationV20/run2_1tau0l_v4_unblind/workspace/datacard.root -m 125 --doInitialFit --robustFit 1  
[2025-12-02 15:05:37] [INFO] stdout: Have POIs: ['r']
 <<< Combine >>> 
 <<< v10.1.0 >>>
>>> Random number generator seed is 123456
>>> Method used is MultiDimFit
Doing initial fit: 

 --- MultiDimFit ---
best fit parameter values and profile-likelihood uncertainties: 
   r :    +7.156   -3.888/+4.228 (68%)
Done in 0.74 min (cpu), 0.75 min (real)
>> combine -M MultiDimFit -n _initialFit_Test --algo singles --redefineSignalPOIs r --robustFit 1 -m 125 -d /workfs2/cms/huahuil/CMSSW_14_1_0_pre4/src/FourTop/hua/combine/combinationV20/run2_1tau0l_v4_unblind/workspace/datacard.root

[2025-12-02 15:05:37] [INFO] ✓ Command completed (exit code: 0)
[2025-12-02 15:05:37] [INFO] Running: combineTool.py -M Impacts -d /workfs2/cms/huahuil/CMSSW_14_1_0_pre4/src/FourTop/hua/combine/combinationV20/run2_1tau0l_v4_unblind/workspace/datacard.root -m 125 --robustFit 1 --doFits --parallel 8 --job-mode "interactive"
[2025-12-02 15:29:41] [INFO] stdout: Have POIs: ['r']
Have parameters: 250
 <<< Combine >>> 
 <<< v10.1.0 >>>
 <<< Combine >>> 
 <<< v10.1.0 >>>
 <<< Combine >>> 
 <<< v10.1.0 >>>
>>> Random number generator seed is 123456
>>> Method used is MultiDimFit
>>> Random number generator seed is 123456
 <<< Combine >>> 
 <<< v10.1.0 >>>
>>> Method used is MultiDimFit
>>> Random number generator seed is 123456
>>> Method used is MultiDimFit
 <<< Combine >>> 
 <<< v10.1.0 >>>
>>> Random number generator seed is 123456
 <<< Combine >>> 
 <<< v10.1.0 >>>
>>> Method used is MultiDimFit
>>> Random number generator seed is 123456
 <<< Combine >>> 
 <<< v10.1.0 >>>
 <<< Combine >>> 
>>> Random number generator seed is 123456
 <<< v10.1.0 >>>
>>> Method used is MultiDimFit
>>> Method used is MultiDimFit
>>> Random number generator seed is 123456
>>> Random number generator seed is 123456
>>> Method used is MultiDimFit
>>> Method used is MultiDimFit
Doing initial fit: 
Doing initial fit: 
Doing initial fit: 
Doing initial fit: 
Doing initial fit: 
Doing initial fit: 
Doing initial fit: 
Doing initial fit: 

 --- MultiDimFit ---
Parameter impacts: 

 --- MultiDimFit ---
Parameter impacts: 
  Parameter                                               :   Best-fit               r            
  CMS_eff_t_DeepTau2017v2p1_VSjet_dm_stat1_DM0_2016preVFP :   +0.003  -0.995/+0.994  -0.013/+0.013
Done in 0.61 min (cpu), 0.61 min (real)
 <<< Combine >>> 
 <<< v10.1.0 >>>
>>> Random number generator seed is 123456
>>> Method used is MultiDimFit

 --- MultiDimFit ---
Parameter impacts: 
  Parameter             :   Best-fit               r            
  CMS_TOP24017_norm_ttW :   +0.005  -0.994/+0.995  +0.002/-0.003
Done in 0.62 min (cpu), 0.62 min (real)
 <<< Combine >>> 
 <<< v10.1.0 >>>
>>> Random number generator seed is 123456
>>> Method used is MultiDimFit

 --- MultiDimFit ---
Parameter impacts: 

 --- MultiDimFit ---
Parameter impacts: 

 --- MultiDimFit ---
Parameter impacts: 
Doing initial fit: 

 --- MultiDimFit ---
Parameter impacts: 
  Parameter                              :   Best-fit               r            
  CMS_btag_fullShape_lfstats1_2016preVFP :   -0.186  -0.819/+0.819  +0.047/-0.055
Done in 0.67 min (cpu), 0.67 min (real)
  Parameter                                                :   Best-fit               r            
  CMS_eff_t_DeepTau2017v2p1_VSjet_dm_stat2_DM11_2016preVFP :   -0.003  -0.995/+0.994  +0.001/-0.001
Done in 0.66 min (cpu), 0.67 min (real)
 <<< Combine >>> 
 <<< v10.1.0 >>>
>>> Random number generator seed is 123456
>>> Method used is MultiDimFit
 <<< Combine >>> 
 <<< v10.1.0 >>>
>>> Random number generator seed is 123456
>>> Method used is MultiDimFit

 --- MultiDimFit ---
Parameter impacts: 
Doing initial fit: 
  Parameter                                  :   Best-fit               r            
  CMS_TOP24017_eff_trigger_stats_2016postVFP :   +0.016  -0.983/+0.985  +0.002/-0.023
Done in 0.68 min (cpu), 0.69 min (real)
 <<< Combine >>> 
 <<< v10.1.0 >>>
>>> Random number generator seed is 123456
>>> Method used is MultiDimFit
  Parameter                                                :   Best-fit               r            
  CMS_eff_t_DeepTau2017v2p1_VSjet_dm_stat1_DM11_2016preVFP :   +0.003  -0.995/+0.994  -0.002/+0.002
Done in 0.70 min (cpu), 0.70 min (real)
 <<< Combine >>> 
 <<< v10.1.0 >>>
>>> Random number generator seed is 123456
>>> Method used is MultiDimFit
  Parameter                        :   Best-fit               r            
  CMS_btag_fullShape_hfstats1_2017 :   -0.070  -0.987/+0.986  -0.107/+0.118
Done in 0.72 min (cpu), 0.72 min (real)
  Parameter                                               :   Best-fit               r            
  CMS_eff_t_DeepTau2017v2p1_VSjet_dm_stat2_DM0_2016preVFP :   -0.002  -0.995/+0.994  +0.006/-0.007
Done in 0.71 min (cpu), 0.72 min (real)
 <<< Combine >>> 
 <<< v10.1.0 >>>
>>> Random number generator seed is 123456
>>> Method used is MultiDimFit
 <<< Combine >>> 
 <<< v10.1.0 >>>
>>> Random number generator seed is 123456
>>> Method used is MultiDimFit
Doing initial fit: 
Doing initial fit: 
Doing initial fit: 
Doing initial fit: 
Doing initial fit: 
Doing initial fit: 

 --- MultiDimFit ---
Parameter impacts: 

 --- MultiDimFit ---
Parameter impacts: 
  Parameter                                         :   Best-fit               r            
  CMS_eff_t_DeepTau2017v2p1_VSjet_dm_stat1_DM0_2017 :   -0.011  -0.994/+0.994  -0.007/+0.007
Done in 0.61 min (cpu), 0.61 min (real)
 <<< Combine >>> 
 <<< v10.1.0 >>>
>>> Random number generator seed is 123456
>>> Method used is MultiDimFit
  Parameter                                 :   Best-fit               r            
  CMS_TOP24017_eff_trigger_stats_2016preVFP :   +0.028  -0.984/+0.985  +0.009/-0.006
Done in 0.55 min (cpu), 0.55 min (real)
 <<< Combine >>> 
 <<< v10.1.0 >>>
>>> Random number generator seed is 123456
>>> Method used is MultiDimFit

 --- MultiDimFit ---
Parameter impacts: 
Doing initial fit: 

 --- MultiDimFit ---
Parameter impacts: 
Doing initial fit: 
  Parameter             :   Best-fit               r            
  CMS_TOP24017_norm_ttZ :   -0.001  -0.994/+0.994  +0.005/-0.006
Done in 0.67 min (cpu), 0.67 min (real)
 <<< Combine >>> 
 <<< v10.1.0 >>>
>>> Random number generator seed is 123456
>>> Method used is MultiDimFit

 --- MultiDimFit ---
Parameter impacts: 
  Parameter                                          :   Best-fit               r            
  CMS_eff_t_DeepTau2017v2p1_VSjet_dm_stat1_DM11_2017 :   -0.002  -0.995/+0.994  -0.001/+0.001
Done in 0.61 min (cpu), 0.62 min (real)
 <<< Combine >>> 
 <<< v10.1.0 >>>
>>> Random number generator seed is 123456
>>> Method used is MultiDimFit

 --- MultiDimFit ---
Parameter impacts: 
  Parameter                                          :   Best-fit               r            
  CMS_eff_t_DeepTau2017v2p1_VSjet_dm_stat2_DM11_2017 :   +0.001  -0.994/+0.994  +0.006/-0.006
Done in 0.67 min (cpu), 0.67 min (real)
 <<< Combine >>> 
 <<< v10.1.0 >>>
>>> Random number generator seed is 123456
>>> Method used is MultiDimFit
Doing initial fit: 
Doing initial fit: 
  Parameter                        :   Best-fit               r            
  CMS_btag_fullShape_lfstats1_2017 :   +0.046  -0.994/+0.995  +0.022/-0.019
Done in 0.71 min (cpu), 0.71 min (real)
 <<< Combine >>> 
 <<< v10.1.0 >>>
>>> Random number generator seed is 123456
>>> Method used is MultiDimFit
Doing initial fit: 
Doing initial fit: 

 --- MultiDimFit ---
Parameter impacts: 

 --- MultiDimFit ---
Parameter impacts: 
  Parameter                        :   Best-fit               r            
  CMS_btag_fullShape_hfstats1_2018 :   +0.010  -0.990/+0.989  -0.111/+0.115
Done in 0.76 min (cpu), 0.76 min (real)
 <<< Combine >>> 
 <<< v10.1.0 >>>
>>> Random number generator seed is 123456
>>> Method used is MultiDimFit
  Parameter                                         :   Best-fit               r            
  CMS_eff_t_DeepTau2017v2p1_VSjet_dm_stat2_DM0_2017 :   +0.012  -0.995/+0.994  +0.012/-0.012
Done in 0.79 min (cpu), 0.79 min (real)
 <<< Combine >>> 
 <<< v10.1.0 >>>
>>> Random number generator seed is 123456
>>> Method used is MultiDimFit
Doing initial fit: 
Doing initial fit: 

 --- MultiDimFit ---
Parameter impacts: 
  Parameter                                         :   Best-fit               r            
  CMS_eff_t_DeepTau2017v2p1_VSjet_dm_stat1_DM0_2018 :   -0.002  -0.995/+0.994  -0.018/+0.018
Done in 0.57 min (cpu), 0.58 min (real)
 <<< Combine >>> 
 <<< v10.1.0 >>>
>>> Random number generator seed is 123456
>>> Method used is MultiDimFit

 --- MultiDimFit ---
Parameter impacts: 

 --- MultiDimFit ---
Parameter impacts: 

 --- MultiDimFit ---
Parameter impacts: 
Doing initial fit: 
  Parameter                                          :   Best-fit               r            
  CMS_eff_t_DeepTau2017v2p1_VSjet_dm_stat1_DM11_2018 :   +0.002  -0.995/+0.994  -0.014/+0.014
Done in 0.56 min (cpu), 0.56 min (real)

 --- MultiDimFit ---
Parameter impacts: 
 <<< Combine >>> 
 <<< v10.1.0 >>>
>>> Random number generator seed is 123456
>>> Method used is MultiDimFit
  Parameter                        :   Best-fit               r            
  CMS_btag_fullShape_lfstats1_2018 :   +0.003  -0.993/+0.993  +0.066/-0.057
Done in 0.49 min (cpu), 0.49 min (real)
 <<< Combine >>> 
 <<< v10.1.0 >>>
>>> Random number generator seed is 123456
>>> Method used is MultiDimFit
  Parameter                           :   Best-fit               r            
  CMS_TOP24017_eff_trigger_stats_2017 :   +0.089  -0.925/+0.937  +0.116/-0.121
Done in 0.65 min (cpu), 0.65 min (real)
 <<< Combine >>> 
 <<< v10.1.0 >>>
>>> Random number generator seed is 123456
>>> Method used is MultiDimFit
Doing initial fit: 
  Parameter              :   Best-fit               r            
  CMS_TOP24017_norm_tttt :   -0.000  -0.994/+0.994  +0.701/-0.637
Done in 0.62 min (cpu), 0.62 min (real)
 <<< Combine >>> 
 <<< v10.1.0 >>>
>>> Random number generator seed is 123456
>>> Method used is MultiDimFit
Doing initial fit: 
Doing initial fit: 

 --- MultiDimFit ---
Parameter impacts: 
Doing initial fit: 
  Parameter                                          :   Best-fit               r            
  CMS_eff_t_DeepTau2017v2p1_VSjet_dm_stat2_DM11_2018 :   -0.002  -0.995/+0.994  +0.008/-0.008
Done in 0.65 min (cpu), 0.69 min (real)
 <<< Combine >>> 
 <<< v10.1.0 >>>
>>> Random number generator seed is 123456
>>> Method used is MultiDimFit
Doing initial fit: 

 --- MultiDimFit ---
Parameter impacts: 
  Parameter                               :   Best-fit               r            
  CMS_btag_fullShape_hfstats2_2016postVFP :   -0.006  -0.991/+0.991  -0.029/+0.026
Done in 0.61 min (cpu), 0.65 min (real)
 <<< Combine >>> 
 <<< v10.1.0 >>>
>>> Random number generator seed is 123456
>>> Method used is MultiDimFit
Doing initial fit: 

 --- MultiDimFit ---
Parameter impacts: 
  Parameter                                         :   Best-fit               r            
  CMS_eff_t_DeepTau2017v2p1_VSjet_dm_stat2_DM0_2018 :   -0.002  -0.995/+0.994  +0.014/-0.014
Done in 0.71 min (cpu), 0.77 min (real)
 <<< Combine >>> 
 <<< v10.1.0 >>>
>>> Random number generator seed is 123456
>>> Method used is MultiDimFit
Doing initial fit: 

 --- MultiDimFit ---
Parameter impacts: 
  Parameter                                                 :   Best-fit               r            
  CMS_eff_t_DeepTau2017v2p1_VSjet_dm_stat1_DM10_2016postVFP :   +0.011  -0.995/+0.994  -0.005/+0.005
Done in 0.57 min (cpu), 0.62 min (real)
 <<< Combine >>> 
 <<< v10.1.0 >>>
>>> Random number generator seed is 123456
>>> Method used is MultiDimFit

 --- MultiDimFit ---
Parameter impacts: 
  Parameter                 :   Best-fit               r            
  CMS_btag_fullShape_cferr1 :   +0.200  -0.723/+0.795  +0.056/-0.233
Done in 0.50 min (cpu), 0.50 min (real)
 <<< Combine >>> 
 <<< v10.1.0 >>>
>>> Random number generator seed is 123456
>>> Method used is MultiDimFit
Doing initial fit: 

 --- MultiDimFit ---
Parameter impacts: 

 --- MultiDimFit ---
Parameter impacts: 
Doing initial fit: 

 --- MultiDimFit ---
Parameter impacts: 
  Parameter                               :   Best-fit               r            
  CMS_btag_fullShape_lfstats2_2016postVFP :   -0.103  -0.851/+0.855  +0.000/-0.053
Done in 0.61 min (cpu), 0.66 min (real)
 <<< Combine >>> 
 <<< v10.1.0 >>>
>>> Random number generator seed is 123456
>>> Method used is MultiDimFit
  Parameter                           :   Best-fit               r            
  CMS_TOP24017_eff_trigger_stats_2018 :   -0.051  -0.952/+0.954  +0.126/-0.127
Done in 0.62 min (cpu), 0.67 min (real)
 <<< Combine >>> 
 <<< v10.1.0 >>>
>>> Random number generator seed is 123456
>>> Method used is MultiDimFit

 --- MultiDimFit ---
Parameter impacts: 
  Parameter                                                :   Best-fit               r            
  CMS_eff_t_DeepTau2017v2p1_VSjet_dm_stat1_DM1_2016postVFP :   +0.017  -0.995/+0.994  -0.020/+0.021
Done in 0.66 min (cpu), 0.72 min (real)
 <<< Combine >>> 
 <<< v10.1.0 >>>
>>> Random number generator seed is 123456
>>> Method used is MultiDimFit
Doing initial fit: 
Doing initial fit: 
  Parameter                                                :   Best-fit               r            
  CMS_eff_t_DeepTau2017v2p1_VSjet_dm_stat2_DM1_2016postVFP :   -0.004  -0.994/+0.994  +0.006/-0.006
Done in 0.57 min (cpu), 0.57 min (real)
 <<< Combine >>> 
 <<< v10.1.0 >>>
>>> Random number generator seed is 123456
>>> Method used is MultiDimFit
Doing initial fit: 
Doing initial fit: 

 --- MultiDimFit ---
Parameter impacts: 
  Parameter                              :   Best-fit               r            
  CMS_btag_fullShape_hfstats2_2016preVFP :   -0.021  -0.990/+0.989  -0.048/+0.031
Done in 0.68 min (cpu), 0.68 min (real)
 <<< Combine >>> 
 <<< v10.1.0 >>>
>>> Random number generator seed is 123456
>>> Method used is MultiDimFit

 --- MultiDimFit ---
Parameter impacts: 
Doing initial fit: 
  Parameter                                                 :   Best-fit               r            
  CMS_eff_t_DeepTau2017v2p1_VSjet_dm_stat2_DM10_2016postVFP :   -0.004  -0.994/+0.994  +0.003/-0.003
Done in 0.58 min (cpu), 0.59 min (real)
 <<< Combine >>> 
 <<< v10.1.0 >>>
>>> Random number generator seed is 123456
>>> Method used is MultiDimFit
Doing initial fit: 

 --- MultiDimFit ---
Parameter impacts: 
  Parameter                              :   Best-fit               r            
  CMS_btag_fullShape_lfstats2_2016preVFP :   -0.179  -0.849/+0.851  +0.086/-0.070
Done in 0.54 min (cpu), 0.54 min (real)
 <<< Combine >>> 
 <<< v10.1.0 >>>
>>> Random number generator seed is 123456
>>> Method used is MultiDimFit

 --- MultiDimFit ---
Parameter impacts: 

 --- MultiDimFit ---
Parameter impacts: 

 --- MultiDimFit ---
Parameter impacts: 

 --- MultiDimFit ---
Parameter impacts: 
  Parameter                                               :   Best-fit               r            
  CMS_eff_t_DeepTau2017v2p1_VSjet_dm_stat2_DM1_2016preVFP :   +0.008  -0.994/+0.994  +0.012/-0.012
Done in 0.51 min (cpu), 0.52 min (real)
Doing initial fit: 
 <<< Combine >>> 
 <<< v10.1.0 >>>
>>> Random number generator seed is 123456
>>> Method used is MultiDimFit
  Parameter                 :   Best-fit               r            
  CMS_btag_fullShape_cferr2 :   +0.112  -0.852/+0.874  +0.236/-0.354
Done in 0.66 min (cpu), 0.66 min (real)
 <<< Combine >>> 
 <<< v10.1.0 >>>
>>> Random number generator seed is 123456
>>> Method used is MultiDimFit
  Parameter               :   Best-fit               r            
  CMS_TOP24017_norm_WJets :   +0.007  -0.994/+0.995  -0.010/+0.011
Done in 0.58 min (cpu), 0.59 min (real)
 <<< Combine >>> 
 <<< v10.1.0 >>>
>>> Random number generator seed is 123456
>>> Method used is MultiDimFit
  Parameter                                                :   Best-fit               r            
  CMS_eff_t_DeepTau2017v2p1_VSjet_dm_stat1_DM10_2016preVFP :   -0.000  -0.994/+0.994  -0.004/+0.004
Done in 0.73 min (cpu), 0.73 min (real)
 <<< Combine >>> 
 <<< v10.1.0 >>>
>>> Random number generator seed is 123456
>>> Method used is MultiDimFit
Doing initial fit: 
Doing initial fit: 

 --- MultiDimFit ---
Parameter impacts: 
Doing initial fit: 
Doing initial fit: 
  Parameter                                               :   Best-fit               r            
  CMS_eff_t_DeepTau2017v2p1_VSjet_dm_stat1_DM1_2016preVFP :   +0.002  -0.994/+0.994  -0.024/+0.025
Done in 0.65 min (cpu), 0.65 min (real)
 <<< Combine >>> 
 <<< v10.1.0 >>>
>>> Random number generator seed is 123456
>>> Method used is MultiDimFit
Doing initial fit: 

 --- MultiDimFit ---
Parameter impacts: 
  Parameter                        :   Best-fit               r            
  CMS_btag_fullShape_hfstats2_2017 :   +0.039  -0.994/+0.994  +0.024/-0.023
Done in 0.59 min (cpu), 0.59 min (real)
 <<< Combine >>> 
 <<< v10.1.0 >>>
>>> Random number generator seed is 123456
>>> Method used is MultiDimFit

 --- MultiDimFit ---
Parameter impacts: 
Doing initial fit: 
  Parameter                                                :   Best-fit               r            
  CMS_eff_t_DeepTau2017v2p1_VSjet_dm_stat2_DM10_2016preVFP :   +0.001  -0.994/+0.994  +0.005/-0.005
Done in 0.60 min (cpu), 0.61 min (real)
 <<< Combine >>> 
 <<< v10.1.0 >>>
>>> Random number generator seed is 123456
>>> Method used is MultiDimFit
Doing initial fit: 

 --- MultiDimFit ---
Parameter impacts: 
  Parameter                        :   Best-fit               r            
  CMS_btag_fullShape_lfstats2_2017 :   +0.024  -0.994/+0.994  -0.010/+0.011
Done in 0.67 min (cpu), 0.67 min (real)
 <<< Combine >>> 
 <<< v10.1.0 >>>
>>> Random number generator seed is 123456
>>> Method used is MultiDimFit

 --- MultiDimFit ---
Parameter impacts: 

 --- MultiDimFit ---
Parameter impacts: 
  Parameter                   :   Best-fit               r            
  CMS_TOP24017_norm_singleTop :   -0.002  -0.995/+0.995  +0.004/-0.006
Done in 0.66 min (cpu), 0.66 min (real)
Doing initial fit: 
 <<< Combine >>> 
 <<< v10.1.0 >>>
>>> Random number generator seed is 123456
>>> Method used is MultiDimFit

 --- MultiDimFit ---
Parameter impacts: 
  Parameter                                          :   Best-fit               r            
  CMS_eff_t_DeepTau2017v2p1_VSjet_dm_stat1_DM10_2017 :   -0.012  -0.994/+0.994  -0.015/+0.015
Done in 0.68 min (cpu), 0.69 min (real)
 <<< Combine >>> 
 <<< v10.1.0 >>>
>>> Random number generator seed is 123456
>>> Method used is MultiDimFit

 --- MultiDimFit ---
Parameter impacts: 
  Parameter             :   Best-fit               r            
  CMS_btag_fullShape_hf :   -0.102  -0.866/+0.896  -0.824/+0.950
Done in 0.72 min (cpu), 0.72 min (real)
Doing initial fit: 
 <<< Combine >>> 
 <<< v10.1.0 >>>
>>> Random number generator seed is 123456
>>> Method used is MultiDimFit
Doing initial fit: 
  Parameter                                         :   Best-fit               r            
  CMS_eff_t_DeepTau2017v2p1_VSjet_dm_stat1_DM1_2017 :   -0.024  -0.994/+0.994  -0.029/+0.029
Done in 0.64 min (cpu), 0.65 min (real)
 <<< Combine >>> 
 <<< v10.1.0 >>>
>>> Random number generator seed is 123456
>>> Method used is MultiDimFit
Doing initial fit: 

 --- MultiDimFit ---
Parameter impacts: 
Doing initial fit: 

 --- MultiDimFit ---
Parameter impacts: 
  Parameter                                         :   Best-fit               r            
  CMS_eff_t_DeepTau2017v2p1_VSjet_dm_stat2_DM1_2017 :   +0.025  -0.992/+0.993  +0.030/-0.033
Done in 0.86 min (cpu), 0.87 min (real)
 <<< Combine >>> 
 <<< v10.1.0 >>>
>>> Random number generator seed is 123456
>>> Method used is MultiDimFit
  Parameter                        :   Best-fit               r            
  CMS_btag_fullShape_hfstats2_2018 :   +0.001  -0.994/+0.994  +0.018/-0.018
Done in 0.61 min (cpu), 0.62 min (real)
 <<< Combine >>> 
 <<< v10.1.0 >>>
>>> Random number generator seed is 123456
>>> Method used is MultiDimFit
Doing initial fit: 
Doing initial fit: 

 --- MultiDimFit ---
Parameter impacts: 
  Parameter                                          :   Best-fit               r            
  CMS_eff_t_DeepTau2017v2p1_VSjet_dm_stat2_DM10_2017 :   +0.011  -0.994/+0.994  +0.015/-0.014
Done in 0.75 min (cpu), 0.76 min (real)
 <<< Combine >>> 
 <<< v10.1.0 >>>
>>> Random number generator seed is 123456
>>> Method used is MultiDimFit
Doing initial fit: 

 --- MultiDimFit ---
Parameter impacts: 

 --- MultiDimFit ---
Parameter impacts: 
  Parameter                        :   Best-fit               r            
  CMS_btag_fullShape_lfstats2_2018 :   +0.015  -0.993/+0.993  -0.003/+0.000
Done in 0.65 min (cpu), 0.66 min (real)
 <<< Combine >>> 
 <<< v10.1.0 >>>
>>> Random number generator seed is 123456
>>> Method used is MultiDimFit

 --- MultiDimFit ---
Parameter impacts: 
  Parameter                                         :   Best-fit               r            
  CMS_eff_t_DeepTau2017v2p1_VSjet_dm_stat1_DM1_2018 :   +0.007  -0.993/+0.994  -0.035/+0.035
Done in 0.52 min (cpu), 0.53 min (real)
 <<< Combine >>> 
 <<< v10.1.0 >>>
>>> Random number generator seed is 123456
>>> Method used is MultiDimFit

 --- MultiDimFit ---
Parameter impacts: 
  Parameter            :   Best-fit               r            
  CMS_TOP24017_norm_tt :   +0.098  -0.971/+0.971  -0.077/+0.083
Done in 0.64 min (cpu), 0.64 min (real)
 <<< Combine >>> 
 <<< v10.1.0 >>>
>>> Random number generator seed is 123456
>>> Method used is MultiDimFit
Doing initial fit: 
Doing initial fit: 
  Parameter                                          :   Best-fit               r            
  CMS_eff_t_DeepTau2017v2p1_VSjet_dm_stat1_DM10_2018 :   +0.006  -0.995/+0.994  -0.012/+0.012
Done in 0.63 min (cpu), 0.64 min (real)
 <<< Combine >>> 
 <<< v10.1.0 >>>
>>> Random number generator seed is 123456
>>> Method used is MultiDimFit
Doing initial fit: 
Doing initial fit: 

 --- MultiDimFit ---
Parameter impacts: 

 --- MultiDimFit ---
Parameter impacts: 
  Parameter                               :   Best-fit               r            
  CMS_btag_fullShape_hfstats1_2016postVFP :   -0.010  -0.987/+0.988  +0.080/-0.091
Done in 0.71 min (cpu), 0.72 min (real)
 <<< Combine >>> 
 <<< v10.1.0 >>>
>>> Random number generator seed is 123456
>>> Method used is MultiDimFit
  Parameter             :   Best-fit               r            
  CMS_btag_fullShape_lf :   +0.149  -0.846/+0.835  +0.276/-0.279
Done in 0.55 min (cpu), 0.55 min (real)

 --- MultiDimFit ---
Parameter impacts: 
 <<< Combine >>> 
 <<< v10.1.0 >>>
>>> Random number generator seed is 123456
>>> Method used is MultiDimFit
Doing initial fit: 
  Parameter                                         :   Best-fit               r            
  CMS_eff_t_DeepTau2017v2p1_VSjet_dm_stat2_DM1_2018 :   -0.007  -0.994/+0.993  +0.024/-0.025
Done in 0.63 min (cpu), 0.64 min (real)
 <<< Combine >>> 
 <<< v10.1.0 >>>
>>> Random number generator seed is 123456
>>> Method used is MultiDimFit
Doing initial fit: 
Doing initial fit: 

 --- MultiDimFit ---
Parameter impacts: 
  Parameter                                          :   Best-fit               r            
  CMS_eff_t_DeepTau2017v2p1_VSjet_dm_stat2_DM10_2018 :   -0.006  -0.994/+0.994  +0.012/-0.012
Done in 0.61 min (cpu), 0.61 min (real)
 <<< Combine >>> 
 <<< v10.1.0 >>>
>>> Random number generator seed is 123456
>>> Method used is MultiDimFit
Doing initial fit: 

 --- MultiDimFit ---
Parameter impacts: 
  Parameter                                                :   Best-fit               r            
  CMS_eff_t_DeepTau2017v2p1_VSjet_dm_stat2_DM0_2016postVFP :   -0.006  -0.995/+0.994  +0.006/-0.007
Done in 0.57 min (cpu), 0.57 min (real)
 <<< Combine >>> 
 <<< v10.1.0 >>>
>>> Random number generator seed is 123456
>>> Method used is MultiDimFit

 --- MultiDimFit ---
Parameter impacts: 

 --- MultiDimFit ---
Parameter impacts: 

 --- MultiDimFit ---
Parameter impacts: 
Doing initial fit: 
  Parameter                                                :   Best-fit               r            
  CMS_eff_t_DeepTau2017v2p1_VSjet_dm_stat1_DM0_2016postVFP :   +0.016  -0.994/+0.994  -0.013/+0.013
Done in 0.64 min (cpu), 0.65 min (real)
 <<< Combine >>> 
 <<< v10.1.0 >>>
>>> Random number generator seed is 123456
>>> Method used is MultiDimFit
  Parameter                                                 :   Best-fit               r            
  CMS_eff_t_DeepTau2017v2p1_VSjet_dm_stat1_DM11_2016postVFP :   -0.007  -0.994/+0.994  -0.002/+0.002
Done in 0.60 min (cpu), 0.60 min (real)
 <<< Combine >>> 
 <<< v10.1.0 >>>
>>> Random number generator seed is 123456
>>> Method used is MultiDimFit
  Parameter             :   Best-fit               r            
  CMS_TOP24017_norm_ttH :   +0.001  -0.994/+0.994  +0.032/-0.035
Done in 0.62 min (cpu), 0.62 min (real)
 <<< Combine >>> 
 <<< v10.1.0 >>>
>>> Random number generator seed is 123456
>>> Method used is MultiDimFit

 --- MultiDimFit ---
Parameter impacts: 
Doing initial fit: 
Doing initial fit: 
  Parameter                               :   Best-fit               r            
  CMS_btag_fullShape_lfstats1_2016postVFP :   -0.100  -0.825/+0.827  +0.034/-0.040
Done in 0.53 min (cpu), 0.53 min (real)
 <<< Combine >>> 
 <<< v10.1.0 >>>
>>> Random number generator seed is 123456
>>> Method used is MultiDimFit
Doing initial fit: 
Doing initial fit: 

 --- MultiDimFit ---
Parameter impacts: 
  Parameter                              :   Best-fit               r            
  CMS_btag_fullShape_hfstats1_2016preVFP :   +0.032  -0.987/+0.987  +0.063/-0.086
Done in 0.63 min (cpu), 0.63 min (real)
 <<< Combine >>> 
 <<< v10.1.0 >>>
>>> Random number generator seed is 123456
>>> Method used is MultiDimFit
Doing initial fit: 

 --- MultiDimFit ---
Parameter impacts: 
  Parameter                                           :   Best-fit               r            
  CMS_eff_t_DeepTau2017v2p1_VSjet_dm_syst_2016postVFP :   -0.000  -0.994/+0.994  -0.000/-0.000
Done in 0.69 min (cpu), 0.69 min (real)
 <<< Combine >>> 
 <<< v10.1.0 >>>
>>> Random number generator seed is 123456
>>> Method used is MultiDimFit

 --- MultiDimFit ---
Parameter impacts: 
Doing initial fit: 
  Parameter                                                 :   Best-fit               r            
  CMS_eff_t_DeepTau2017v2p1_VSjet_dm_stat2_DM11_2016postVFP :   +0.009  -0.994/+0.994  +0.001/-0.001
Done in 0.54 min (cpu), 0.54 min (real)
 <<< Combine >>> 
 <<< v10.1.0 >>>
>>> Random number generator seed is 123456
>>> Method used is MultiDimFit
Doing initial fit: 

 --- MultiDimFit ---
Parameter impacts: 
  Parameter                      :   Best-fit               r            
  CMS_fake_t_DeepTau2017v2p1_VSe :   +0.010  -0.995/+0.994  +0.012/-0.012
Done in 0.55 min (cpu), 0.55 min (real)
 <<< Combine >>> 
 <<< v10.1.0 >>>
>>> Random number generator seed is 123456
>>> Method used is MultiDimFit

 --- MultiDimFit ---
Parameter impacts: 
Doing initial fit: 

 --- MultiDimFit ---
Parameter impacts: 
  Parameter                                          :   Best-fit               r            
  CMS_eff_t_DeepTau2017v2p1_VSjet_dm_syst_2016preVFP :   -0.000  -0.994/+0.994  -0.000/-0.000
Done in 0.71 min (cpu), 0.71 min (real)
 <<< Combine >>> 
 <<< v10.1.0 >>>
>>> Random number generator seed is 123456
>>> Method used is MultiDimFit
  Parameter                                               :   Best-fit               r            
  CMS_eff_t_DeepTau2017v2p1_VSjet_dm_syst_DM10_2016preVFP :   -0.000  -0.994/+0.994  -0.000/-0.000
Done in 0.68 min (cpu), 0.68 min (real)
 <<< Combine >>> 
 <<< v10.1.0 >>>
>>> Random number generator seed is 123456
>>> Method used is MultiDimFit
Doing initial fit: 
Doing initial fit: 

 --- MultiDimFit ---
Parameter impacts: 

 --- MultiDimFit ---
Parameter impacts: 

 --- MultiDimFit ---
Parameter impacts: 
  Parameter                   :   Best-fit               r            
  CMS_scale_j_FlavorPureCharm :   +0.167  -0.697/+0.811  -0.048/+0.048
Done in 0.64 min (cpu), 0.64 min (real)
 <<< Combine >>> 
 <<< v10.1.0 >>>
>>> Random number generator seed is 123456
>>> Method used is MultiDimFit
  Parameter                                              :   Best-fit               r            
  CMS_eff_t_DeepTau2017v2p1_VSjet_dm_syst_DM1_2016preVFP :   -0.000  -0.994/+0.994  -0.000/-0.000
Done in 0.80 min (cpu), 0.81 min (real)
 <<< Combine >>> 
 <<< v10.1.0 >>>
>>> Random number generator seed is 123456
>>> Method used is MultiDimFit
  Parameter      :   Best-fit               r            
  CMS_res_j_2018 :   -0.017  -0.986/+0.987  +0.015/-0.013
Done in 0.76 min (cpu), 0.76 min (real)
 <<< Combine >>> 
 <<< v10.1.0 >>>
>>> Random number generator seed is 123456
>>> Method used is MultiDimFit
Doing initial fit: 
Doing initial fit: 
Doing initial fit: 

 --- MultiDimFit ---
Parameter impacts: 
  Parameter              :   Best-fit               r            
  CMS_scale_j_PileUpPtHF :   +0.000  -0.992/+0.992  +0.000/+0.000
Done in 0.66 min (cpu), 0.67 min (real)
 <<< Combine >>> 
 <<< v10.1.0 >>>
>>> Random number generator seed is 123456
>>> Method used is MultiDimFit
Doing initial fit: 

 --- MultiDimFit ---
Parameter impacts: 
  Parameter                              :   Best-fit               r            
  CMS_scale_j_RelativeJEREC2_2016postVFP :   -0.000  -0.994/+0.994  -0.000/-0.000
Done in 0.75 min (cpu), 0.76 min (real)
 <<< Combine >>> 
 <<< v10.1.0 >>>
>>> Random number generator seed is 123456
>>> Method used is MultiDimFit
Doing initial fit: 

 --- MultiDimFit ---
Parameter impacts: 

 --- MultiDimFit ---
Parameter impacts: 

 --- MultiDimFit ---
Parameter impacts: 

 --- MultiDimFit ---
Parameter impacts: 
  Parameter                   :   Best-fit               r            
  CMS_scale_j_FlavorPureGluon :   +0.117  -1.043/+1.010  +0.086/-0.077
Done in 0.45 min (cpu), 0.45 min (real)
 <<< Combine >>> 
 <<< v10.1.0 >>>
>>> Random number generator seed is 123456
>>> Method used is MultiDimFit
  Parameter                                    :   Best-fit               r            
  CMS_eff_t_DeepTau2017v2p1_VSjet_dm_syst_2017 :   +0.011  -0.993/+0.993  +0.015/-0.019
Done in 0.59 min (cpu), 0.60 min (real)
 <<< Combine >>> 
 <<< v10.1.0 >>>
>>> Random number generator seed is 123456
>>> Method used is MultiDimFit
  Parameter                       :   Best-fit               r            
  CMS_fake_t_DeepTau2017v2p1_VSmu :   +0.001  -0.994/+0.994  -0.001/+0.001
Done in 0.68 min (cpu), 0.69 min (real)
 <<< Combine >>> 
 <<< v10.1.0 >>>
>>> Random number generator seed is 123456
>>> Method used is MultiDimFit
  Parameter                                         :   Best-fit               r            
  CMS_eff_t_DeepTau2017v2p1_VSjet_dm_syst_DM10_2017 :   +0.005  -0.994/+0.994  +0.008/-0.008
Done in 0.57 min (cpu), 0.58 min (real)
 <<< Combine >>> 
 <<< v10.1.0 >>>
>>> Random number generator seed is 123456
>>> Method used is MultiDimFit
Doing initial fit: 
Doing initial fit: 
Doing initial fit: 
Doing initial fit: 

 --- MultiDimFit ---
Parameter impacts: 
  Parameter                                        :   Best-fit               r            
  CMS_eff_t_DeepTau2017v2p1_VSjet_dm_syst_DM1_2017 :   +0.015  -0.996/+0.995  +0.012/-0.013
Done in 0.61 min (cpu), 0.64 min (real)
 <<< Combine >>> 
 <<< v10.1.0 >>>
>>> Random number generator seed is 123456
>>> Method used is MultiDimFit

 --- MultiDimFit ---
Parameter impacts: 
Doing initial fit: 
  Parameter                   :   Best-fit               r            
  CMS_scale_j_AbsoluteMPFBias :   -0.141  -0.751/+0.664  +0.031/-0.051
Done in 0.71 min (cpu), 0.73 min (real)
 <<< Combine >>> 
 <<< v10.1.0 >>>
>>> Random number generator seed is 123456
>>> Method used is MultiDimFit
Doing initial fit: 

 --- MultiDimFit ---
Parameter impacts: 
  Parameter               :   Best-fit               r            
  CMS_scale_j_PileUpPtRef :   -0.048  -0.845/+0.801  +0.017/-0.077
Done in 0.75 min (cpu), 0.78 min (real)
 <<< Combine >>> 
 <<< v10.1.0 >>>
>>> Random number generator seed is 123456
>>> Method used is MultiDimFit
Doing initial fit: 

 --- MultiDimFit ---
Parameter impacts: 

 --- MultiDimFit ---
Parameter impacts: 

 --- MultiDimFit ---
Parameter impacts: 
  Parameter                   :   Best-fit               r            
  CMS_scale_j_FlavorPureQuark :   +0.173  -0.982/+0.955  +0.658/-0.541
Done in 0.58 min (cpu), 0.61 min (real)
 <<< Combine >>> 
 <<< v10.1.0 >>>
>>> Random number generator seed is 123456
>>> Method used is MultiDimFit
  Parameter                                    :   Best-fit               r            
  CMS_eff_t_DeepTau2017v2p1_VSjet_dm_syst_2018 :   -0.004  -0.994/+0.993  +0.013/-0.017
Done in 0.59 min (cpu), 0.62 min (real)
 <<< Combine >>> 
 <<< v10.1.0 >>>
>>> Random number generator seed is 123456
>>> Method used is MultiDimFit
  Parameter                             :   Best-fit               r            
  CMS_scale_j_RelativeJEREC2_2016preVFP :   +0.000  -0.994/+0.994  -0.000/-0.000
Done in 0.79 min (cpu), 0.82 min (real)
 <<< Combine >>> 
 <<< v10.1.0 >>>
>>> Random number generator seed is 123456
>>> Method used is MultiDimFit
Doing initial fit: 
Doing initial fit: 
Doing initial fit: 

 --- MultiDimFit ---
Parameter impacts: 

 --- MultiDimFit ---
Parameter impacts: 

 --- MultiDimFit ---
Parameter impacts: 
  Parameter                                         :   Best-fit               r            
  CMS_eff_t_DeepTau2017v2p1_VSjet_dm_syst_DM10_2018 :   -0.002  -0.994/+0.994  +0.006/-0.007
Done in 0.71 min (cpu), 0.73 min (real)
 <<< Combine >>> 
 <<< v10.1.0 >>>
>>> Random number generator seed is 123456
>>> Method used is MultiDimFit
  Parameter                                        :   Best-fit               r            
  CMS_eff_t_DeepTau2017v2p1_VSjet_dm_syst_DM1_2018 :   -0.003  -0.995/+0.994  +0.014/-0.014
Done in 0.55 min (cpu), 0.55 min (real)
 <<< Combine >>> 
 <<< v10.1.0 >>>
>>> Random number generator seed is 123456
>>> Method used is MultiDimFit
  Parameter                  :   Best-fit               r            
  CMS_l1_ecal_prefiring_2016 :   -0.011  -0.995/+0.994  +0.003/-0.005
Done in 0.77 min (cpu), 0.79 min (real)
 <<< Combine >>> 
 <<< v10.1.0 >>>
>>> Random number generator seed is 123456
>>> Method used is MultiDimFit
Doing initial fit: 
Doing initial fit: 
Doing initial fit: 

 --- MultiDimFit ---
Parameter impacts: 
  Parameter                 :   Best-fit               r            
  CMS_scale_j_AbsoluteScale :   -0.096  -0.843/+0.781  +0.023/-0.022
Done in 0.60 min (cpu), 0.60 min (real)
 <<< Combine >>> 
 <<< v10.1.0 >>>
>>> Random number generator seed is 123456
>>> Method used is MultiDimFit
Doing initial fit: 

 --- MultiDimFit ---
Parameter impacts: 

 --- MultiDimFit ---
Parameter impacts: 
  Parameter               :   Best-fit               r            
  CMS_scale_j_RelativeBal :   -0.138  -0.838/+0.757  +0.039/-0.053
Done in 0.65 min (cpu), 0.65 min (real)
 <<< Combine >>> 
 <<< v10.1.0 >>>
>>> Random number generator seed is 123456
>>> Method used is MultiDimFit
  Parameter                 :   Best-fit               r            
  CMS_scale_j_Fragmentation :   -0.146  -0.901/+0.855  -0.084/-0.030
Done in 0.50 min (cpu), 0.51 min (real)
 <<< Combine >>> 
 <<< v10.1.0 >>>
>>> Random number generator seed is 123456
>>> Method used is MultiDimFit
Doing initial fit: 
Doing initial fit: 

 --- MultiDimFit ---
Parameter impacts: 
  Parameter                       :   Best-fit               r            
  CMS_scale_j_RelativeJEREC2_2017 :   +0.000  -0.992/+0.992  +0.000/+0.000
Done in 0.58 min (cpu), 0.58 min (real)
 <<< Combine >>> 
 <<< v10.1.0 >>>
>>> Random number generator seed is 123456
>>> Method used is MultiDimFit

 --- MultiDimFit ---
Parameter impacts: 
Doing initial fit: 
  Parameter                                               :   Best-fit               r            
  CMS_eff_t_DeepTau2017v2p1_VSjet_dm_syst_DM0_2016postVFP :   -0.000  -0.994/+0.994  -0.000/-0.000
Done in 0.69 min (cpu), 0.69 min (real)
 <<< Combine >>> 
 <<< v10.1.0 >>>
>>> Random number generator seed is 123456
>>> Method used is MultiDimFit
Doing initial fit: 

 --- MultiDimFit ---
Parameter impacts: 

 --- MultiDimFit ---
Parameter impacts: 
  Parameter                            :   Best-fit               r            
  CMS_scale_j_AbsoluteStat_2016postVFP :   -0.043  -0.949/+0.936  -0.001/+0.030
Done in 0.51 min (cpu), 0.51 min (real)
 <<< Combine >>> 
 <<< v10.1.0 >>>
>>> Random number generator seed is 123456
>>> Method used is MultiDimFit

 --- MultiDimFit ---
Parameter impacts: 
  Parameter                  :   Best-fit               r            
  CMS_l1_ecal_prefiring_2017 :   -0.010  -0.993/+0.992  -0.018/+0.017
Done in 0.65 min (cpu), 0.65 min (real)
 <<< Combine >>> 
 <<< v10.1.0 >>>
>>> Random number generator seed is 123456
>>> Method used is MultiDimFit
Doing initial fit: 
  Parameter                                                :   Best-fit               r            
  CMS_eff_t_DeepTau2017v2p1_VSjet_dm_syst_DM11_2016postVFP :   -0.000  -0.994/+0.994  -0.000/-0.000
Done in 0.70 min (cpu), 0.70 min (real)
 <<< Combine >>> 
 <<< v10.1.0 >>>
>>> Random number generator seed is 123456
>>> Method used is MultiDimFit

 --- MultiDimFit ---
Parameter impacts: 
Doing initial fit: 
Doing initial fit: 
  Parameter                                       :   Best-fit               r            
  CMS_eff_t_DeepTau2017v2p1_VSjet_dm_syst_alleras :   +0.038  -0.992/+0.990  +0.141/-0.172
Done in 0.75 min (cpu), 0.76 min (real)
 <<< Combine >>> 
 <<< v10.1.0 >>>
>>> Random number generator seed is 123456
>>> Method used is MultiDimFit

 --- MultiDimFit ---
Parameter impacts: 
Doing initial fit: 
  Parameter                :   Best-fit               r            
  CMS_scale_j_PileUpDataMC :   -0.113  -0.777/+0.722  +0.009/-0.044
Done in 0.44 min (cpu), 0.44 min (real)
 <<< Combine >>> 
 <<< v10.1.0 >>>
>>> Random number generator seed is 123456
>>> Method used is MultiDimFit
Doing initial fit: 

 --- MultiDimFit ---
Parameter impacts: 
  Parameter               :   Best-fit               r            
  CMS_scale_j_RelativeFSR :   +0.120  -0.724/+0.773  +0.017/-0.036
Done in 0.62 min (cpu), 0.62 min (real)
 <<< Combine >>> 
 <<< v10.1.0 >>>
>>> Random number generator seed is 123456
>>> Method used is MultiDimFit
Doing initial fit: 

 --- MultiDimFit ---
Parameter impacts: 
  Parameter                       :   Best-fit               r            
  CMS_scale_j_RelativeJEREC2_2018 :   -0.000  -0.994/+0.994  -0.000/-0.000
Done in 0.65 min (cpu), 0.65 min (real)
 <<< Combine >>> 
 <<< v10.1.0 >>>
>>> Random number generator seed is 123456
>>> Method used is MultiDimFit
Doing initial fit: 

 --- MultiDimFit ---
Parameter impacts: 

 --- MultiDimFit ---
Parameter impacts: 
  Parameter                           :   Best-fit               r            
  CMS_scale_j_AbsoluteStat_2016preVFP :   +0.011  -0.902/+0.921  -0.054/+0.046
Done in 0.57 min (cpu), 0.58 min (real)
 <<< Combine >>> 
 <<< v10.1.0 >>>
>>> Random number generator seed is 123456
>>> Method used is MultiDimFit
  Parameter                                              :   Best-fit               r            
  CMS_eff_t_DeepTau2017v2p1_VSjet_dm_syst_DM0_2016preVFP :   -0.000  -0.994/+0.994  -0.000/-0.000
Done in 0.69 min (cpu), 0.70 min (real)
 <<< Combine >>> 
 <<< v10.1.0 >>>
>>> Random number generator seed is 123456
>>> Method used is MultiDimFit
Doing initial fit: 
Doing initial fit: 

 --- MultiDimFit ---
Parameter impacts: 

 --- MultiDimFit ---
Parameter impacts: 
  Parameter  :   Best-fit               r            
  CMS_pileup :   +0.188  -0.978/+0.971  +0.359/-0.309
Done in 0.66 min (cpu), 0.68 min (real)

 --- MultiDimFit ---
Parameter impacts: 
 <<< Combine >>> 
 <<< v10.1.0 >>>
>>> Random number generator seed is 123456
>>> Method used is MultiDimFit
  Parameter                                               :   Best-fit               r            
  CMS_eff_t_DeepTau2017v2p1_VSjet_dm_syst_DM11_2016preVFP :   -0.000  -0.994/+0.994  -0.000/-0.000
Done in 0.69 min (cpu), 0.69 min (real)
 <<< Combine >>> 
 <<< v10.1.0 >>>
>>> Random number generator seed is 123456
>>> Method used is MultiDimFit
  Parameter              :   Best-fit               r            
  CMS_fake_t_2016postVFP :   +0.663  -0.599/+0.578  -0.815/+0.723
Done in 0.64 min (cpu), 0.64 min (real)
 <<< Combine >>> 
 <<< v10.1.0 >>>
>>> Random number generator seed is 123456
>>> Method used is MultiDimFit
Doing initial fit: 
Doing initial fit: 
Doing initial fit: 

 --- MultiDimFit ---
Parameter impacts: 
  Parameter              :   Best-fit               r            
  CMS_scale_j_PileUpPtBB :   +0.068  -0.723/+0.773  -0.001/-0.021
Done in 0.76 min (cpu), 0.76 min (real)
 <<< Combine >>> 
 <<< v10.1.0 >>>
>>> Random number generator seed is 123456
>>> Method used is MultiDimFit

 --- MultiDimFit ---
Parameter impacts: 
Doing initial fit: 
  Parameter                              :   Best-fit               r            
  CMS_scale_j_RelativeJEREC1_2016postVFP :   +0.047  -0.902/+0.924  +0.007/+0.015
Done in 0.67 min (cpu), 0.67 min (real)
 <<< Combine >>> 
 <<< v10.1.0 >>>
>>> Random number generator seed is 123456
>>> Method used is MultiDimFit
Doing initial fit: 

 --- MultiDimFit ---
Parameter impacts: 
  Parameter                 :   Best-fit               r            
  CMS_scale_j_RelativeJERHF :   +0.000  -0.992/+0.992  +0.000/+0.000
Done in 0.66 min (cpu), 0.66 min (real)
 <<< Combine >>> 
 <<< v10.1.0 >>>
>>> Random number generator seed is 123456
>>> Method used is MultiDimFit

 --- MultiDimFit ---
Parameter impacts: 
Doing initial fit: 

 --- MultiDimFit ---
Parameter impacts: 
  Parameter                                        :   Best-fit               r            
  CMS_eff_t_DeepTau2017v2p1_VSjet_dm_syst_DM0_2017 :   +0.006  -0.995/+0.994  +0.007/-0.007
Done in 0.58 min (cpu), 0.59 min (real)
 <<< Combine >>> 
 <<< v10.1.0 >>>
>>> Random number generator seed is 123456
>>> Method used is MultiDimFit
  Parameter                     :   Best-fit               r            
  CMS_scale_j_AbsoluteStat_2017 :   -0.004  -0.963/+0.961  -0.001/+0.002
Done in 0.62 min (cpu), 0.62 min (real)
 <<< Combine >>> 
 <<< v10.1.0 >>>
>>> Random number generator seed is 123456
>>> Method used is MultiDimFit
Doing initial fit: 
Doing initial fit: 

 --- MultiDimFit ---
Parameter impacts: 

 --- MultiDimFit ---
Parameter impacts: 
  Parameter                                         :   Best-fit               r            
  CMS_eff_t_DeepTau2017v2p1_VSjet_dm_syst_DM11_2017 :   +0.000  -0.995/+0.995  +0.003/-0.006
Done in 0.66 min (cpu), 0.66 min (real)
 <<< Combine >>> 
 <<< v10.1.0 >>>
>>> Random number generator seed is 123456
>>> Method used is MultiDimFit
  Parameter             :   Best-fit               r            
  CMS_res_j_2016postVFP :   +0.065  -0.756/+0.877  -0.278/+0.006
Done in 0.70 min (cpu), 0.71 min (real)
 <<< Combine >>> 
 <<< v10.1.0 >>>
>>> Random number generator seed is 123456
>>> Method used is MultiDimFit

 --- MultiDimFit ---
Parameter impacts: 

 --- MultiDimFit ---
Parameter impacts: 
Doing initial fit: 
  Parameter             :   Best-fit               r            
  CMS_fake_t_2016preVFP :   +0.180  -0.598/+0.601  -0.707/+0.631
Done in 0.70 min (cpu), 0.71 min (real)

 --- MultiDimFit ---
Parameter impacts: 
 <<< Combine >>> 
 <<< v10.1.0 >>>
>>> Random number generator seed is 123456
>>> Method used is MultiDimFit
Doing initial fit: 
  Parameter                             :   Best-fit               r            
  CMS_scale_j_RelativeJEREC1_2016preVFP :   +0.047  -0.889/+0.931  -0.034/+0.010
Done in 0.50 min (cpu), 0.51 min (real)
 <<< Combine >>> 
 <<< v10.1.0 >>>
>>> Random number generator seed is 123456
>>> Method used is MultiDimFit
Doing initial fit: 

 --- MultiDimFit ---
Parameter impacts: 
  Parameter                :   Best-fit               r            
  CMS_scale_j_RelativePtBB :   +0.132  -0.883/+0.920  -0.020/-0.104
Done in 0.62 min (cpu), 0.62 min (real)
  Parameter               :   Best-fit               r            
  CMS_scale_j_PileUpPtEC1 :   +0.063  -0.851/+0.859  -0.012/-0.073
Done in 0.56 min (cpu), 0.57 min (real)
 <<< Combine >>> 
 <<< v10.1.0 >>>
>>> Random number generator seed is 123456
>>> Method used is MultiDimFit
 <<< Combine >>> 
 <<< v10.1.0 >>>
>>> Random number generator seed is 123456
>>> Method used is MultiDimFit

 --- MultiDimFit ---
Parameter impacts: 
Doing initial fit: 
Doing initial fit: 

 --- MultiDimFit ---
Parameter impacts: 
Doing initial fit: 
  Parameter                                        :   Best-fit               r            
  CMS_eff_t_DeepTau2017v2p1_VSjet_dm_syst_DM0_2018 :   -0.002  -0.995/+0.994  +0.007/-0.008
Done in 0.66 min (cpu), 0.66 min (real)
 <<< Combine >>> 
 <<< v10.1.0 >>>
>>> Random number generator seed is 123456
>>> Method used is MultiDimFit
  Parameter                     :   Best-fit               r            
  CMS_scale_j_AbsoluteStat_2018 :   -0.022  -0.945/+0.935  +0.025/-0.021
Done in 0.65 min (cpu), 0.66 min (real)
 <<< Combine >>> 
 <<< v10.1.0 >>>
>>> Random number generator seed is 123456
>>> Method used is MultiDimFit
Doing initial fit: 
Doing initial fit: 

 --- MultiDimFit ---
Parameter impacts: 

 --- MultiDimFit ---
Parameter impacts: 
  Parameter                       :   Best-fit               r            
  CMS_scale_j_RelativeJEREC1_2017 :   +0.066  -1.023/+1.013  +0.002/-0.013
Done in 0.60 min (cpu), 0.60 min (real)
 <<< Combine >>> 
 <<< v10.1.0 >>>
>>> Random number generator seed is 123456
>>> Method used is MultiDimFit
  Parameter                                         :   Best-fit               r            
  CMS_eff_t_DeepTau2017v2p1_VSjet_dm_syst_DM11_2018 :   -0.001  -0.995/+0.994  +0.004/-0.004
Done in 0.70 min (cpu), 0.70 min (real)
 <<< Combine >>> 
 <<< v10.1.0 >>>
>>> Random number generator seed is 123456
>>> Method used is MultiDimFit

 --- MultiDimFit ---
Parameter impacts: 
Doing initial fit: 
Doing initial fit: 
  Parameter            :   Best-fit               r            
  CMS_res_j_2016preVFP :   +0.020  -0.893/+0.960  -0.374/+0.070
Done in 0.75 min (cpu), 0.75 min (real)
 <<< Combine >>> 
 <<< v10.1.0 >>>
>>> Random number generator seed is 123456
>>> Method used is MultiDimFit
Doing initial fit: 

 --- MultiDimFit ---
Parameter impacts: 
  Parameter       :   Best-fit               r            
  CMS_fake_t_2017 :   -0.801  -0.550/+0.549  -0.843/+0.746
Done in 0.54 min (cpu), 0.55 min (real)
 <<< Combine >>> 
 <<< v10.1.0 >>>
>>> Random number generator seed is 123456
>>> Method used is MultiDimFit

 --- MultiDimFit ---
Parameter impacts: 

 --- MultiDimFit ---
Parameter impacts: 
Doing initial fit: 
  Parameter               :   Best-fit               r            
  CMS_scale_j_PileUpPtEC2 :   +0.000  -0.992/+0.992  +0.000/+0.000
Done in 0.60 min (cpu), 0.60 min (real)
 <<< Combine >>> 
 <<< v10.1.0 >>>
>>> Random number generator seed is 123456
>>> Method used is MultiDimFit

 --- MultiDimFit ---
Parameter impacts: 

 --- MultiDimFit ---
Parameter impacts: 

 --- MultiDimFit ---
Parameter impacts: 

 --- MultiDimFit ---
Parameter impacts: 

 --- MultiDimFit ---
Parameter impacts: 
  Parameter                    :   Best-fit               r            
  CMS_scale_j_FlavorPureBottom :   +0.176  -0.701/+0.819  -0.067/+0.038
Done in 0.65 min (cpu), 0.65 min (real)
  Parameter                       :   Best-fit               r            
  CMS_scale_j_RelativeJEREC1_2018 :   +0.019  -0.973/+0.976  +0.001/+0.001
Done in 0.61 min (cpu), 0.61 min (real)
  Parameter                                                :   Best-fit               r            
  CMS_eff_t_DeepTau2017v2p1_VSjet_dm_syst_DM10_2016postVFP :   -0.000  -0.994/+0.994  -0.000/-0.000
Done in 0.67 min (cpu), 0.68 min (real)
  Parameter      :   Best-fit               r            
  CMS_res_j_2017 :   +0.010  -0.886/+1.006  -0.081/-0.005
Done in 0.64 min (cpu), 0.65 min (real)
  Parameter                                               :   Best-fit               r            
  CMS_eff_t_DeepTau2017v2p1_VSjet_dm_syst_DM1_2016postVFP :   -0.000  -0.994/+0.994  -0.000/-0.000
Done in 0.64 min (cpu), 0.64 min (real)
  Parameter                             :   Best-fit               r            
  CMS_scale_j_RelativePtEC1_2016postVFP :   +0.005  -0.990/+0.989  +0.001/-0.001
Done in 0.61 min (cpu), 0.62 min (real)
 <<< Combine >>> 
 <<< v10.1.0 >>>
>>> Random number generator seed is 123456
>>> Method used is MultiDimFit
 <<< Combine >>> 
 <<< v10.1.0 >>>
 <<< Combine >>> 
 <<< v10.1.0 >>>
>>> Random number generator seed is 123456
>>> Method used is MultiDimFit
>>> Random number generator seed is 123456
>>> Method used is MultiDimFit
 <<< Combine >>> 
 <<< v10.1.0 >>>
>>> Random number generator seed is 123456
>>> Method used is MultiDimFit
 <<< Combine >>> 
 <<< v10.1.0 >>>
>>> Random number generator seed is 123456
>>> Method used is MultiDimFit
 <<< Combine >>> 
 <<< v10.1.0 >>>
>>> Random number generator seed is 123456
>>> Method used is MultiDimFit
Doing initial fit: 
Doing initial fit: 
Doing initial fit: 
Doing initial fit: 
Doing initial fit: 
Doing initial fit: 
Doing initial fit: 

 --- MultiDimFit ---
Parameter impacts: 
  Parameter       :   Best-fit               r            
  CMS_fake_t_2018 :   +0.518  -0.634/+0.614  -0.950/+0.941
Done in 0.73 min (cpu), 0.73 min (real)
 <<< Combine >>> 
 <<< v10.1.0 >>>
>>> Random number generator seed is 123456
>>> Method used is MultiDimFit
Doing initial fit: 

 --- MultiDimFit ---
Parameter impacts: 
  Parameter                  :   Best-fit               r            
  CMS_scale_j_SinglePionHCAL :   +0.111  -0.903/+0.940  -0.060/-0.046
Done in 0.50 min (cpu), 0.50 min (real)
 <<< Combine >>> 
 <<< v10.1.0 >>>
>>> Random number generator seed is 123456
>>> Method used is MultiDimFit

 --- MultiDimFit ---
Parameter impacts: 
Doing initial fit: 

 --- MultiDimFit ---
Parameter impacts: 
  Parameter                             :   Best-fit               r            
  CMS_scale_j_RelativeSample_2016preVFP :   -0.042  -0.902/+0.946  +0.012/-0.066
Done in 0.59 min (cpu), 0.59 min (real)
 <<< Combine >>> 
 <<< v10.1.0 >>>
>>> Random number generator seed is 123456
>>> Method used is MultiDimFit

 --- MultiDimFit ---
Parameter impacts: 

 --- MultiDimFit ---
Parameter impacts: 
  Parameter                             :   Best-fit               r            
  CMS_scale_met_unclustered_energy_2018 :   +0.001  -0.939/+0.943  -0.016/+0.006
Done in 0.63 min (cpu), 0.63 min (real)
 <<< Combine >>> 
 <<< v10.1.0 >>>
>>> Random number generator seed is 123456
>>> Method used is MultiDimFit
Doing initial fit: 
  Parameter                      :   Best-fit               r            
  CMS_scale_j_RelativePtEC1_2017 :   +0.012  -0.982/+0.981  -0.048/-0.019
Done in 0.68 min (cpu), 0.68 min (real)
  Parameter                            :   Best-fit               r            
  CMS_scale_j_RelativePtEC1_2016preVFP :   -0.010  -1.012/+1.014  +0.002/+0.002
Done in 0.67 min (cpu), 0.67 min (real)
 <<< Combine >>> 
 <<< v10.1.0 >>>
>>> Random number generator seed is 123456
>>> Method used is MultiDimFit
 <<< Combine >>> 
 <<< v10.1.0 >>>
>>> Random number generator seed is 123456
>>> Method used is MultiDimFit
Doing initial fit: 

 --- MultiDimFit ---
Parameter impacts: 

 --- MultiDimFit ---
Parameter impacts: 
Doing initial fit: 
Doing initial fit: 
  Parameter                              :   Best-fit               r            
  CMS_scale_j_RelativeStatFSR_2016preVFP :   -0.005  -1.012/+1.013  +0.004/+0.000
Done in 0.73 min (cpu), 0.73 min (real)
 <<< Combine >>> 
 <<< v10.1.0 >>>
>>> Random number generator seed is 123456
>>> Method used is MultiDimFit
  Parameter                                    :   Best-fit               r            
  CMS_scale_t_DeepTau2017v2p1_DM11_genTau_2017 :   -0.000  -0.740/+0.740  -0.046/-0.047
Done in 0.77 min (cpu), 0.77 min (real)
 <<< Combine >>> 
 <<< v10.1.0 >>>
>>> Random number generator seed is 123456
>>> Method used is MultiDimFit
Doing initial fit: 
Doing initial fit: 

 --- MultiDimFit ---
Parameter impacts: 
  Parameter        :   Best-fit               r            
  QCDscale_fac_ttH :   -0.006  -0.996/+0.996  +0.001/+0.000
Done in 0.66 min (cpu), 0.67 min (real)
 <<< Combine >>> 
 <<< v10.1.0 >>>
>>> Random number generator seed is 123456
>>> Method used is MultiDimFit
Doing initial fit: 

 --- MultiDimFit ---
Parameter impacts: 

 --- MultiDimFit ---
Parameter impacts: 

 --- MultiDimFit ---
Parameter impacts: 

 --- MultiDimFit ---
Parameter impacts: 
  Parameter        :   Best-fit               r            
  QCDscale_ren_ttW :   +0.011  -0.991/+0.992  -0.002/+0.001
Done in 0.58 min (cpu), 0.59 min (real)
 <<< Combine >>> 
 <<< v10.1.0 >>>
>>> Random number generator seed is 123456
>>> Method used is MultiDimFit
  Parameter                       :   Best-fit               r            
  CMS_scale_j_RelativeSample_2017 :   -0.003  -0.831/+0.820  -0.035/-0.022
Done in 0.66 min (cpu), 0.67 min (real)
 <<< Combine >>> 
 <<< v10.1.0 >>>
>>> Random number generator seed is 123456
>>> Method used is MultiDimFit
  Parameter                                    :   Best-fit               r            
  CMS_scale_t_DeepTau2017v2p1_DM11_genTau_2018 :   -0.001  -1.003/+1.003  +0.002/+0.001
Done in 0.49 min (cpu), 0.49 min (real)
 <<< Combine >>> 
 <<< v10.1.0 >>>
>>> Random number generator seed is 123456
>>> Method used is MultiDimFit
  Parameter                         :   Best-fit               r            
  CMS_scale_j_TimePtEta_2016postVFP :   +0.015  -0.833/+0.856  +0.028/-0.009
Done in 0.77 min (cpu), 0.79 min (real)
 <<< Combine >>> 
 <<< v10.1.0 >>>
>>> Random number generator seed is 123456
>>> Method used is MultiDimFit

 --- MultiDimFit ---
Parameter impacts: 
Doing initial fit: 
Doing initial fit: 

 --- MultiDimFit ---
Parameter impacts: 

 --- MultiDimFit ---
Parameter impacts: 
Doing initial fit: 
  Parameter                        :   Best-fit               r            
  CMS_scale_j_RelativeStatFSR_2017 :   +0.018  -0.975/+0.975  +0.001/+0.001
Done in 0.60 min (cpu), 0.60 min (real)
 <<< Combine >>> 
 <<< v10.1.0 >>>
>>> Random number generator seed is 123456
>>> Method used is MultiDimFit
Doing initial fit: 
  Parameter                      :   Best-fit               r            
  CMS_scale_j_RelativePtEC1_2018 :   -0.034  -1.022/+1.026  +0.004/+0.004
Done in 0.69 min (cpu), 0.69 min (real)
 <<< Combine >>> 
 <<< v10.1.0 >>>
>>> Random number generator seed is 123456
>>> Method used is MultiDimFit
  Parameter                                   :   Best-fit               r            
  CMS_scale_t_DeepTau2017v2p1_DM0_genTau_2016 :   +0.011  -1.012/+1.010  -0.004/+0.019
Done in 0.73 min (cpu), 0.73 min (real)
 <<< Combine >>> 
 <<< v10.1.0 >>>
>>> Random number generator seed is 123456
>>> Method used is MultiDimFit
Doing initial fit: 
Doing initial fit: 
Doing initial fit: 

 --- MultiDimFit ---
Parameter impacts: 
  Parameter        :   Best-fit               r            
  QCDscale_fac_ttW :   +0.002  -0.995/+0.995  -0.000/+0.000
Done in 0.65 min (cpu), 0.66 min (real)
 <<< Combine >>> 
 <<< v10.1.0 >>>
>>> Random number generator seed is 123456
>>> Method used is MultiDimFit
Doing initial fit: 

 --- MultiDimFit ---
Parameter impacts: 
  Parameter        :   Best-fit               r            
  QCDscale_ren_ttZ :   +0.002  -0.996/+0.995  +0.001/+0.000
Done in 0.61 min (cpu), 0.67 min (real)
 <<< Combine >>> 
 <<< v10.1.0 >>>
>>> Random number generator seed is 123456
>>> Method used is MultiDimFit
Doing initial fit: 

 --- MultiDimFit ---
Parameter impacts: 

 --- MultiDimFit ---
Parameter impacts: 
  Parameter                                   :   Best-fit               r            
  CMS_scale_t_DeepTau2017v2p1_DM1_genTau_2016 :   +0.001  -1.018/+1.018  -0.008/+0.006
Done in 0.70 min (cpu), 0.76 min (real)
 <<< Combine >>> 
 <<< v10.1.0 >>>
>>> Random number generator seed is 123456
>>> Method used is MultiDimFit

 --- MultiDimFit ---
Parameter impacts: 
  Parameter                        :   Best-fit               r            
  CMS_scale_j_TimePtEta_2016preVFP :   -0.148  -0.936/+0.891  -0.085/-0.011
Done in 0.69 min (cpu), 0.74 min (real)
 <<< Combine >>> 
 <<< v10.1.0 >>>
>>> Random number generator seed is 123456
>>> Method used is MultiDimFit

 --- MultiDimFit ---
Parameter impacts: 
Doing initial fit: 
  Parameter                                   :   Best-fit               r            
  CMS_scale_t_DeepTau2017v2p1_DM0_genTau_2017 :   -0.014  -1.002/+1.004  +0.001/-0.003
Done in 0.66 min (cpu), 0.72 min (real)
Doing initial fit: 
 <<< Combine >>> 
 <<< v10.1.0 >>>
>>> Random number generator seed is 123456
>>> Method used is MultiDimFit

 --- MultiDimFit ---
Parameter impacts: 

 --- MultiDimFit ---
Parameter impacts: 
  Parameter                       :   Best-fit               r            
  CMS_scale_j_RelativeSample_2018 :   -0.063  -0.978/+1.001  -0.086/+0.021
Done in 0.78 min (cpu), 0.84 min (real)
 <<< Combine >>> 
 <<< v10.1.0 >>>
>>> Random number generator seed is 123456
>>> Method used is MultiDimFit
  Parameter                             :   Best-fit               r            
  CMS_scale_j_RelativePtEC2_2016postVFP :   -0.000  -0.994/+0.994  -0.000/-0.000
Done in 0.71 min (cpu), 0.77 min (real)
 <<< Combine >>> 
 <<< v10.1.0 >>>
>>> Random number generator seed is 123456
>>> Method used is MultiDimFit
Doing initial fit: 
  Parameter                        :   Best-fit               r            
  CMS_scale_j_RelativeStatFSR_2018 :   -0.005  -1.013/+1.012  +0.002/-0.007
Done in 0.74 min (cpu), 0.80 min (real)
 <<< Combine >>> 
 <<< v10.1.0 >>>
>>> Random number generator seed is 123456
>>> Method used is MultiDimFit
Doing initial fit: 
Doing initial fit: 
Doing initial fit: 

 --- MultiDimFit ---
Parameter impacts: 
  Parameter        :   Best-fit               r            
  QCDscale_fac_ttZ :   +0.001  -0.993/+0.994  -0.001/-0.002
Done in 0.66 min (cpu), 0.72 min (real)
 <<< Combine >>> 
 <<< v10.1.0 >>>
>>> Random number generator seed is 123456
>>> Method used is MultiDimFit
Doing initial fit: 

 --- MultiDimFit ---
Parameter impacts: 
  Parameter         :   Best-fit               r            
  QCDscale_ren_tttt :   -0.008  -0.996/+0.996  +0.234/-0.150
Done in 0.66 min (cpu), 0.67 min (real)
 <<< Combine >>> 
 <<< v10.1.0 >>>
>>> Random number generator seed is 123456
>>> Method used is MultiDimFit

 --- MultiDimFit ---
Parameter impacts: 
Doing initial fit: 
  Parameter                  :   Best-fit               r            
  CMS_scale_j_TimePtEta_2017 :   -0.036  -0.981/+0.979  +0.011/-0.083
Done in 0.67 min (cpu), 0.67 min (real)

 --- MultiDimFit ---
Parameter impacts: 
 <<< Combine >>> 
 <<< v10.1.0 >>>
>>> Random number generator seed is 123456
>>> Method used is MultiDimFit

 --- MultiDimFit ---
Parameter impacts: 

 --- MultiDimFit ---
Parameter impacts: 
  Parameter                                   :   Best-fit               r            
  CMS_scale_t_DeepTau2017v2p1_DM1_genTau_2017 :   -0.006  -0.749/+0.745  -0.056/-0.048
Done in 0.72 min (cpu), 0.73 min (real)
 <<< Combine >>> 
 <<< v10.1.0 >>>
>>> Random number generator seed is 123456
>>> Method used is MultiDimFit
Doing initial fit: 
  Parameter                              :   Best-fit               r            
  CMS_scale_j_RelativeStatEC_2016postVFP :   +0.042  -0.963/+0.969  -0.001/+0.005
Done in 0.67 min (cpu), 0.67 min (real)
 <<< Combine >>> 
 <<< v10.1.0 >>>
>>> Random number generator seed is 123456
>>> Method used is MultiDimFit
  Parameter                                   :   Best-fit               r            
  CMS_scale_t_DeepTau2017v2p1_DM0_genTau_2018 :   +0.006  -0.992/+0.992  -0.002/+0.002
Done in 0.70 min (cpu), 0.70 min (real)
 <<< Combine >>> 
 <<< v10.1.0 >>>
>>> Random number generator seed is 123456
>>> Method used is MultiDimFit

 --- MultiDimFit ---
Parameter impacts: 

 --- MultiDimFit ---
Parameter impacts: 
Doing initial fit: 
Doing initial fit: 
Doing initial fit: 
  Parameter                            :   Best-fit               r            
  CMS_scale_j_RelativePtEC2_2016preVFP :   +0.000  -0.994/+0.994  -0.000/-0.000
Done in 0.70 min (cpu), 0.71 min (real)
 <<< Combine >>> 
 <<< v10.1.0 >>>
>>> Random number generator seed is 123456
>>> Method used is MultiDimFit
  Parameter                              :   Best-fit               r            
  CMS_scale_j_RelativeStatHF_2016postVFP :   -0.000  -0.994/+0.994  -0.000/-0.000
Done in 0.70 min (cpu), 0.71 min (real)
 <<< Combine >>> 
 <<< v10.1.0 >>>
>>> Random number generator seed is 123456
>>> Method used is MultiDimFit
Doing initial fit: 
Doing initial fit: 

 --- MultiDimFit ---
Parameter impacts: 
  Parameter         :   Best-fit               r            
  QCDscale_fac_tttt :   +0.000  -0.995/+0.995  +0.002/-0.002
Done in 0.67 min (cpu), 0.67 min (real)
 <<< Combine >>> 
 <<< v10.1.0 >>>
>>> Random number generator seed is 123456
>>> Method used is MultiDimFit
Doing initial fit: 

 --- MultiDimFit ---
Parameter impacts: 
  Parameter       :   Best-fit               r            
  lumi_13TeV_1718 :   +0.009  -0.993/+0.994  +0.018/-0.018
Done in 0.57 min (cpu), 0.57 min (real)
 <<< Combine >>> 
 <<< v10.1.0 >>>
>>> Random number generator seed is 123456
>>> Method used is MultiDimFit
Doing initial fit: 

 --- MultiDimFit ---
Parameter impacts: 

 --- MultiDimFit ---
Parameter impacts: 
  Parameter                             :   Best-fit               r            
  CMS_scale_j_RelativeStatEC_2016preVFP :   +0.030  -1.006/+0.994  -0.010/+0.026
Done in 0.58 min (cpu), 0.58 min (real)
 <<< Combine >>> 
 <<< v10.1.0 >>>
>>> Random number generator seed is 123456
>>> Method used is MultiDimFit
  Parameter                  :   Best-fit               r            
  CMS_scale_j_TimePtEta_2018 :   -0.032  -0.947/+0.942  -0.082/+0.109
Done in 0.65 min (cpu), 0.65 min (real)
 <<< Combine >>> 
 <<< v10.1.0 >>>
>>> Random number generator seed is 123456
>>> Method used is MultiDimFit

 --- MultiDimFit ---
Parameter impacts: 
Doing initial fit: 

 --- MultiDimFit ---
Parameter impacts: 
Doing initial fit: 

 --- MultiDimFit ---
Parameter impacts: 
  Parameter                      :   Best-fit               r            
  CMS_scale_j_RelativePtEC2_2017 :   +0.000  -0.992/+0.992  +0.000/+0.000
Done in 0.60 min (cpu), 0.60 min (real)
 <<< Combine >>> 
 <<< v10.1.0 >>>
>>> Random number generator seed is 123456
>>> Method used is MultiDimFit
  Parameter                                   :   Best-fit               r            
  CMS_scale_t_DeepTau2017v2p1_DM1_genTau_2018 :   -0.007  -0.992/+0.992  +0.001/+0.000
Done in 0.70 min (cpu), 0.71 min (real)
  Parameter                                    :   Best-fit               r            
  CMS_scale_t_DeepTau2017v2p1_DM10_genTau_2016 :   +0.000  -1.007/+1.006  +0.013/+0.016
Done in 0.69 min (cpu), 0.69 min (real)
 <<< Combine >>> 
 <<< v10.1.0 >>>
>>> Random number generator seed is 123456
>>> Method used is MultiDimFit
 <<< Combine >>> 
 <<< v10.1.0 >>>
>>> Random number generator seed is 123456
>>> Method used is MultiDimFit
Doing initial fit: 

 --- MultiDimFit ---
Parameter impacts: 
Doing initial fit: 
Doing initial fit: 

 --- MultiDimFit ---
Parameter impacts: 
  Parameter                             :   Best-fit               r            
  CMS_scale_j_RelativeStatHF_2016preVFP :   +0.000  -0.994/+0.994  -0.000/-0.000
Done in 0.70 min (cpu), 0.71 min (real)
 <<< Combine >>> 
 <<< v10.1.0 >>>
>>> Random number generator seed is 123456
>>> Method used is MultiDimFit
  Parameter          :   Best-fit               r            
  QCDscale_ren_WJets :   -0.011  -0.996/+0.996  +0.001/-0.000
Done in 0.63 min (cpu), 0.63 min (real)
 <<< Combine >>> 
 <<< v10.1.0 >>>
>>> Random number generator seed is 123456
>>> Method used is MultiDimFit
Doing initial fit: 
Doing initial fit: 

 --- MultiDimFit ---
Parameter impacts: 

 --- MultiDimFit ---
Parameter impacts: 

 --- MultiDimFit ---
Parameter impacts: 
  Parameter             :   Best-fit               r            
  lumi_13TeV_correlated :   +0.007  -0.991/+0.990  +0.101/-0.100
Done in 0.68 min (cpu), 0.68 min (real)
 <<< Combine >>> 
 <<< v10.1.0 >>>
>>> Random number generator seed is 123456
>>> Method used is MultiDimFit
  Parameter                       :   Best-fit               r            
  CMS_scale_j_RelativeStatEC_2017 :   +0.021  -0.997/+0.997  -0.000/-0.008
Done in 0.53 min (cpu), 0.53 min (real)
 <<< Combine >>> 
 <<< v10.1.0 >>>
>>> Random number generator seed is 123456
>>> Method used is MultiDimFit
  Parameter                                    :   Best-fit               r            
  CMS_scale_met_unclustered_energy_2016postVFP :   +0.039  -0.824/+0.839  -0.013/+0.026
Done in 0.53 min (cpu), 0.54 min (real)
>> combine -M MultiDimFit -n _paramFit_Test_CMS_eff_t_DeepTau2017v2p1_VSjet_dm_stat1_DM11_2016preVFP --algo impact --redefineSignalPOIs r -P CMS_eff_t_DeepTau2017v2p1_VSjet_dm_stat1_DM11_2016preVFP --floatOtherPOIs 1 --saveInactivePOI 1 --robustFit 1 -m 125 -d /workfs2/cms/huahuil/CMSSW_14_1_0_pre4/src/FourTop/hua/combine/combinationV20/run2_1tau0l_v4_unblind/workspace/datacard.root
>> combine -M MultiDimFit -n _paramFit_Test_CMS_eff_t_DeepTau2017v2p1_VSjet_dm_stat1_DM11_2017 --algo impact --redefineSignalPOIs r -P CMS_eff_t_DeepTau2017v2p1_VSjet_dm_stat1_DM11_2017 --floatOtherPOIs 1 --saveInactivePOI 1 --robustFit 1 -m 125 -d /workfs2/cms/huahuil/CMSSW_14_1_0_pre4/src/FourTop/hua/combine/combinationV20/run2_1tau0l_v4_unblind/workspace/datacard.root
>> combine -M MultiDimFit -n _paramFit_Test_CMS_eff_t_DeepTau2017v2p1_VSjet_dm_stat1_DM11_2018 --algo impact --redefineSignalPOIs r -P CMS_eff_t_DeepTau2017v2p1_VSjet_dm_stat1_DM11_2018 --floatOtherPOIs 1 --saveInactivePOI 1 --robustFit 1 -m 125 -d /workfs2/cms/huahuil/CMSSW_14_1_0_pre4/src/FourTop/hua/combine/combinationV20/run2_1tau0l_v4_unblind/workspace/datacard.root
>> combine -M MultiDimFit -n _paramFit_Test_CMS_eff_t_DeepTau2017v2p1_VSjet_dm_stat1_DM1_2016postVFP --algo impact --redefineSignalPOIs r -P CMS_eff_t_DeepTau2017v2p1_VSjet_dm_stat1_DM1_2016postVFP --floatOtherPOIs 1 --saveInactivePOI 1 --robustFit 1 -m 125 -d /workfs2/cms/huahuil/CMSSW_14_1_0_pre4/src/FourTop/hua/combine/combinationV20/run2_1tau0l_v4_unblind/workspace/datacard.root
>> combine -M MultiDimFit -n _paramFit_Test_CMS_eff_t_DeepTau2017v2p1_VSjet_dm_stat1_DM1_2016preVFP --algo impact --redefineSignalPOIs r -P CMS_eff_t_DeepTau2017v2p1_VSjet_dm_stat1_DM1_2016preVFP --floatOtherPOIs 1 --saveInactivePOI 1 --robustFit 1 -m 125 -d /workfs2/cms/huahuil/CMSSW_14_1_0_pre4/src/FourTop/hua/combine/combinationV20/run2_1tau0l_v4_unblind/workspace/datacard.root
>> combine -M MultiDimFit -n _paramFit_Test_CMS_eff_t_DeepTau2017v2p1_VSjet_dm_stat1_DM1_2017 --algo impact --redefineSignalPOIs r -P CMS_eff_t_DeepTau2017v2p1_VSjet_dm_stat1_DM1_2017 --floatOtherPOIs 1 --saveInactivePOI 1 --robustFit 1 -m 125 -d /workfs2/cms/huahuil/CMSSW_14_1_0_pre4/src/FourTop/hua/combine/combinationV20/run2_1tau0l_v4_unblind/workspace/datacard.root
>> combine -M MultiDimFit -n _paramFit_Test_CMS_eff_t_DeepTau2017v2p1_VSjet_dm_stat1_DM1_2018 --algo impact --redefineSignalPOIs r -P CMS_eff_t_DeepTau2017v2p1_VSjet_dm_stat1_DM1_2018 --floatOtherPOIs 1 --saveInactivePOI 1 --robustFit 1 -m 125 -d /workfs2/cms/huahuil/CMSSW_14_1_0_pre4/src/FourTop/hua/combine/combinationV20/run2_1tau0l_v4_unblind/workspace/datacard.root
>> combine -M MultiDimFit -n _paramFit_Test_CMS_eff_t_DeepTau2017v2p1_VSjet_dm_stat2_DM0_2016postVFP --algo impact --redefineSignalPOIs r -P CMS_eff_t_DeepTau2017v2p1_VSjet_dm_stat2_DM0_2016postVFP --floatOtherPOIs 1 --saveInactivePOI 1 --robustFit 1 -m 125 -d /workfs2/cms/huahuil/CMSSW_14_1_0_pre4/src/FourTop/hua/combine/combinationV20/run2_1tau0l_v4_unblind/workspace/datacard.root
>> combine -M MultiDimFit -n _paramFit_Test_CMS_eff_t_DeepTau2017v2p1_VSjet_dm_syst_2016preVFP --algo impact --redefineSignalPOIs r -P CMS_eff_t_DeepTau2017v2p1_VSjet_dm_syst_2016preVFP --floatOtherPOIs 1 --saveInactivePOI 1 --robustFit 1 -m 125 -d /workfs2/cms/huahuil/CMSSW_14_1_0_pre4/src/FourTop/hua/combine/combinationV20/run2_1tau0l_v4_unblind/workspace/datacard.root
>> combine -M MultiDimFit -n _paramFit_Test_CMS_eff_t_DeepTau2017v2p1_VSjet_dm_syst_2017 --algo impact --redefineSignalPOIs r -P CMS_eff_t_DeepTau2017v2p1_VSjet_dm_syst_2017 --floatOtherPOIs 1 --saveInactivePOI 1 --robustFit 1 -m 125 -d /workfs2/cms/huahuil/CMSSW_14_1_0_pre4/src/FourTop/hua/combine/combinationV20/run2_1tau0l_v4_unblind/workspace/datacard.root
>> combine -M MultiDimFit -n _paramFit_Test_CMS_eff_t_DeepTau2017v2p1_VSjet_dm_syst_2018 --algo impact --redefineSignalPOIs r -P CMS_eff_t_DeepTau2017v2p1_VSjet_dm_syst_2018 --floatOtherPOIs 1 --saveInactivePOI 1 --robustFit 1 -m 125 -d /workfs2/cms/huahuil/CMSSW_14_1_0_pre4/src/FourTop/hua/combine/combinationV20/run2_1tau0l_v4_unblind/workspace/datacard.root
>> combine -M MultiDimFit -n _paramFit_Test_CMS_eff_t_DeepTau2017v2p1_VSjet_dm_syst_DM0_2016postVFP --algo impact --redefineSignalPOIs r -P CMS_eff_t_DeepTau2017v2p1_VSjet_dm_syst_DM0_2016postVFP --floatOtherPOIs 1 --saveInactivePOI 1 --robustFit 1 -m 125 -d /workfs2/cms/huahuil/CMSSW_14_1_0_pre4/src/FourTop/hua/combine/combinationV20/run2_1tau0l_v4_unblind/workspace/datacard.root
>> combine -M MultiDimFit -n _paramFit_Test_CMS_eff_t_DeepTau2017v2p1_VSjet_dm_syst_DM0_2016preVFP --algo impact --redefineSignalPOIs r -P CMS_eff_t_DeepTau2017v2p1_VSjet_dm_syst_DM0_2016preVFP --floatOtherPOIs 1 --saveInactivePOI 1 --robustFit 1 -m 125 -d /workfs2/cms/huahuil/CMSSW_14_1_0_pre4/src/FourTop/hua/combine/combinationV20/run2_1tau0l_v4_unblind/workspace/datacard.root
>> combine -M MultiDimFit -n _paramFit_Test_CMS_eff_t_DeepTau2017v2p1_VSjet_dm_syst_DM0_2017 --algo impact --redefineSignalPOIs r -P CMS_eff_t_DeepTau2017v2p1_VSjet_dm_syst_DM0_2017 --floatOtherPOIs 1 --saveInactivePOI 1 --robustFit 1 -m 125 -d /workfs2/cms/huahuil/CMSSW_14_1_0_pre4/src/FourTop/hua/combine/combinationV20/run2_1tau0l_v4_unblind/workspace/datacard.root
>> combine -M MultiDimFit -n _paramFit_Test_CMS_eff_t_DeepTau2017v2p1_VSjet_dm_syst_DM0_2018 --algo impact --redefineSignalPOIs r -P CMS_eff_t_DeepTau2017v2p1_VSjet_dm_syst_DM0_2018 --floatOtherPOIs 1 --saveInactivePOI 1 --robustFit 1 -m 125 -d /workfs2/cms/huahuil/CMSSW_14_1_0_pre4/src/FourTop/hua/combine/combinationV20/run2_1tau0l_v4_unblind/workspace/datacard.root
>> combine -M MultiDimFit -n _paramFit_Test_CMS_eff_t_DeepTau2017v2p1_VSjet_dm_syst_DM10_2016postVFP --algo impact --redefineSignalPOIs r -P CMS_eff_t_DeepTau2017v2p1_VSjet_dm_syst_DM10_2016postVFP --floatOtherPOIs 1 --saveInactivePOI 1 --robustFit 1 -m 125 -d /workfs2/cms/huahuil/CMSSW_14_1_0_pre4/src/FourTop/hua/combine/combinationV20/run2_1tau0l_v4_unblind/workspace/datacard.root
>> combine -M MultiDimFit -n _paramFit_Test_CMS_scale_j_SinglePionHCAL --algo impact --redefineSignalPOIs r -P CMS_scale_j_SinglePionHCAL --floatOtherPOIs 1 --saveInactivePOI 1 --robustFit 1 -m 125 -d /workfs2/cms/huahuil/CMSSW_14_1_0_pre4/src/FourTop/hua/combine/combinationV20/run2_1tau0l_v4_unblind/workspace/datacard.root
>> combine -M MultiDimFit -n _paramFit_Test_CMS_scale_j_TimePtEta_2016postVFP --algo impact --redefineSignalPOIs r -P CMS_scale_j_TimePtEta_2016postVFP --floatOtherPOIs 1 --saveInactivePOI 1 --robustFit 1 -m 125 -d /workfs2/cms/huahuil/CMSSW_14_1_0_pre4/src/FourTop/hua/combine/combinationV20/run2_1tau0l_v4_unblind/workspace/datacard.root
>> combine -M MultiDimFit -n _paramFit_Test_CMS_scale_j_TimePtEta_2016preVFP --algo impact --redefineSignalPOIs r -P CMS_scale_j_TimePtEta_2016preVFP --floatOtherPOIs 1 --saveInactivePOI 1 --robustFit 1 -m 125 -d /workfs2/cms/huahuil/CMSSW_14_1_0_pre4/src/FourTop/hua/combine/combinationV20/run2_1tau0l_v4_unblind/workspace/datacard.root
>> combine -M MultiDimFit -n _paramFit_Test_CMS_scale_j_TimePtEta_2017 --algo impact --redefineSignalPOIs r -P CMS_scale_j_TimePtEta_2017 --floatOtherPOIs 1 --saveInactivePOI 1 --robustFit 1 -m 125 -d /workfs2/cms/huahuil/CMSSW_14_1_0_pre4/src/FourTop/hua/combine/combinationV20/run2_1tau0l_v4_unblind/workspace/datacard.root
>> combine -M MultiDimFit -n _paramFit_Test_CMS_scale_j_TimePtEta_2018 --algo impact --redefineSignalPOIs r -P CMS_scale_j_TimePtEta_2018 --floatOtherPOIs 1 --saveInactivePOI 1 --robustFit 1 -m 125 -d /workfs2/cms/huahuil/CMSSW_14_1_0_pre4/src/FourTop/hua/combine/combinationV20/run2_1tau0l_v4_unblind/workspace/datacard.root
>> combine -M MultiDimFit -n _paramFit_Test_CMS_scale_met_unclustered_energy_2016postVFP --algo impact --redefineSignalPOIs r -P CMS_scale_met_unclustered_energy_2016postVFP --floatOtherPOIs 1 --saveInactivePOI 1 --robustFit 1 -m 125 -d /workfs2/cms/huahuil/CMSSW_14_1_0_pre4/src/FourTop/hua/combine/combinationV20/run2_1tau0l_v4_unblind/workspace/datacard.root
 <<< Combine >>> 
 <<< v10.1.0 >>>
>>> Random number generator seed is 123456
>>> Method used is MultiDimFit
Doing initial fit: 
Doing initial fit: 
Doing initial fit: 

 --- MultiDimFit ---
Parameter impacts: 

 --- MultiDimFit ---
Parameter impacts: 

 --- MultiDimFit ---
Parameter impacts: 

 --- MultiDimFit ---
Parameter impacts: 
  Parameter          :   Best-fit               r            
  QCDscale_fac_WJets :   +0.002  -0.994/+0.994  -0.000/+0.000
Done in 0.67 min (cpu), 0.68 min (real)
>> combine -M MultiDimFit -n _paramFit_Test_CMS_btag_fullShape_lfstats1_2016preVFP --algo impact --redefineSignalPOIs r -P CMS_btag_fullShape_lfstats1_2016preVFP --floatOtherPOIs 1 --saveInactivePOI 1 --robustFit 1 -m 125 -d /workfs2/cms/huahuil/CMSSW_14_1_0_pre4/src/FourTop/hua/combine/combinationV20/run2_1tau0l_v4_unblind/workspace/datacard.root
>> combine -M MultiDimFit -n _paramFit_Test_CMS_btag_fullShape_lfstats1_2017 --algo impact --redefineSignalPOIs r -P CMS_btag_fullShape_lfstats1_2017 --floatOtherPOIs 1 --saveInactivePOI 1 --robustFit 1 -m 125 -d /workfs2/cms/huahuil/CMSSW_14_1_0_pre4/src/FourTop/hua/combine/combinationV20/run2_1tau0l_v4_unblind/workspace/datacard.root
>> combine -M MultiDimFit -n _paramFit_Test_CMS_btag_fullShape_lfstats1_2018 --algo impact --redefineSignalPOIs r -P CMS_btag_fullShape_lfstats1_2018 --floatOtherPOIs 1 --saveInactivePOI 1 --robustFit 1 -m 125 -d /workfs2/cms/huahuil/CMSSW_14_1_0_pre4/src/FourTop/hua/combine/combinationV20/run2_1tau0l_v4_unblind/workspace/datacard.root
>> combine -M MultiDimFit -n _paramFit_Test_CMS_btag_fullShape_lfstats2_2016postVFP --algo impact --redefineSignalPOIs r -P CMS_btag_fullShape_lfstats2_2016postVFP --floatOtherPOIs 1 --saveInactivePOI 1 --robustFit 1 -m 125 -d /workfs2/cms/huahuil/CMSSW_14_1_0_pre4/src/FourTop/hua/combine/combinationV20/run2_1tau0l_v4_unblind/workspace/datacard.root
>> combine -M MultiDimFit -n _paramFit_Test_CMS_btag_fullShape_lfstats2_2016preVFP --algo impact --redefineSignalPOIs r -P CMS_btag_fullShape_lfstats2_2016preVFP --floatOtherPOIs 1 --saveInactivePOI 1 --robustFit 1 -m 125 -d /workfs2/cms/huahuil/CMSSW_14_1_0_pre4/src/FourTop/hua/combine/combinationV20/run2_1tau0l_v4_unblind/workspace/datacard.root
>> combine -M MultiDimFit -n _paramFit_Test_CMS_btag_fullShape_lfstats2_2017 --algo impact --redefineSignalPOIs r -P CMS_btag_fullShape_lfstats2_2017 --floatOtherPOIs 1 --saveInactivePOI 1 --robustFit 1 -m 125 -d /workfs2/cms/huahuil/CMSSW_14_1_0_pre4/src/FourTop/hua/combine/combinationV20/run2_1tau0l_v4_unblind/workspace/datacard.root
>> combine -M MultiDimFit -n _paramFit_Test_CMS_btag_fullShape_lfstats2_2018 --algo impact --redefineSignalPOIs r -P CMS_btag_fullShape_lfstats2_2018 --floatOtherPOIs 1 --saveInactivePOI 1 --robustFit 1 -m 125 -d /workfs2/cms/huahuil/CMSSW_14_1_0_pre4/src/FourTop/hua/combine/combinationV20/run2_1tau0l_v4_unblind/workspace/datacard.root
>> combine -M MultiDimFit -n _paramFit_Test_CMS_eff_t_DeepTau2017v2p1_VSjet_dm_stat1_DM0_2016postVFP --algo impact --redefineSignalPOIs r -P CMS_eff_t_DeepTau2017v2p1_VSjet_dm_stat1_DM0_2016postVFP --floatOtherPOIs 1 --saveInactivePOI 1 --robustFit 1 -m 125 -d /workfs2/cms/huahuil/CMSSW_14_1_0_pre4/src/FourTop/hua/combine/combinationV20/run2_1tau0l_v4_unblind/workspace/datacard.root
>> combine -M MultiDimFit -n _paramFit_Test_CMS_eff_t_DeepTau2017v2p1_VSjet_dm_syst_DM10_2016preVFP --algo impact --redefineSignalPOIs r -P CMS_eff_t_DeepTau2017v2p1_VSjet_dm_syst_DM10_2016preVFP --floatOtherPOIs 1 --saveInactivePOI 1 --robustFit 1 -m 125 -d /workfs2/cms/huahuil/CMSSW_14_1_0_pre4/src/FourTop/hua/combine/combinationV20/run2_1tau0l_v4_unblind/workspace/datacard.root
>> combine -M MultiDimFit -n _paramFit_Test_CMS_eff_t_DeepTau2017v2p1_VSjet_dm_syst_DM10_2017 --algo impact --redefineSignalPOIs r -P CMS_eff_t_DeepTau2017v2p1_VSjet_dm_syst_DM10_2017 --floatOtherPOIs 1 --saveInactivePOI 1 --robustFit 1 -m 125 -d /workfs2/cms/huahuil/CMSSW_14_1_0_pre4/src/FourTop/hua/combine/combinationV20/run2_1tau0l_v4_unblind/workspace/datacard.root
>> combine -M MultiDimFit -n _paramFit_Test_CMS_eff_t_DeepTau2017v2p1_VSjet_dm_syst_DM10_2018 --algo impact --redefineSignalPOIs r -P CMS_eff_t_DeepTau2017v2p1_VSjet_dm_syst_DM10_2018 --floatOtherPOIs 1 --saveInactivePOI 1 --robustFit 1 -m 125 -d /workfs2/cms/huahuil/CMSSW_14_1_0_pre4/src/FourTop/hua/combine/combinationV20/run2_1tau0l_v4_unblind/workspace/datacard.root
>> combine -M MultiDimFit -n _paramFit_Test_CMS_eff_t_DeepTau2017v2p1_VSjet_dm_syst_DM11_2016postVFP --algo impact --redefineSignalPOIs r -P CMS_eff_t_DeepTau2017v2p1_VSjet_dm_syst_DM11_2016postVFP --floatOtherPOIs 1 --saveInactivePOI 1 --robustFit 1 -m 125 -d /workfs2/cms/huahuil/CMSSW_14_1_0_pre4/src/FourTop/hua/combine/combinationV20/run2_1tau0l_v4_unblind/workspace/datacard.root
>> combine -M MultiDimFit -n _paramFit_Test_CMS_eff_t_DeepTau2017v2p1_VSjet_dm_syst_DM11_2016preVFP --algo impact --redefineSignalPOIs r -P CMS_eff_t_DeepTau2017v2p1_VSjet_dm_syst_DM11_2016preVFP --floatOtherPOIs 1 --saveInactivePOI 1 --robustFit 1 -m 125 -d /workfs2/cms/huahuil/CMSSW_14_1_0_pre4/src/FourTop/hua/combine/combinationV20/run2_1tau0l_v4_unblind/workspace/datacard.root
>> combine -M MultiDimFit -n _paramFit_Test_CMS_eff_t_DeepTau2017v2p1_VSjet_dm_syst_DM11_2017 --algo impact --redefineSignalPOIs r -P CMS_eff_t_DeepTau2017v2p1_VSjet_dm_syst_DM11_2017 --floatOtherPOIs 1 --saveInactivePOI 1 --robustFit 1 -m 125 -d /workfs2/cms/huahuil/CMSSW_14_1_0_pre4/src/FourTop/hua/combine/combinationV20/run2_1tau0l_v4_unblind/workspace/datacard.root
>> combine -M MultiDimFit -n _paramFit_Test_CMS_eff_t_DeepTau2017v2p1_VSjet_dm_syst_DM11_2018 --algo impact --redefineSignalPOIs r -P CMS_eff_t_DeepTau2017v2p1_VSjet_dm_syst_DM11_2018 --floatOtherPOIs 1 --saveInactivePOI 1 --robustFit 1 -m 125 -d /workfs2/cms/huahuil/CMSSW_14_1_0_pre4/src/FourTop/hua/combine/combinationV20/run2_1tau0l_v4_unblind/workspace/datacard.root
>> combine -M MultiDimFit -n _paramFit_Test_CMS_eff_t_DeepTau2017v2p1_VSjet_dm_syst_DM1_2016postVFP --algo impact --redefineSignalPOIs r -P CMS_eff_t_DeepTau2017v2p1_VSjet_dm_syst_DM1_2016postVFP --floatOtherPOIs 1 --saveInactivePOI 1 --robustFit 1 -m 125 -d /workfs2/cms/huahuil/CMSSW_14_1_0_pre4/src/FourTop/hua/combine/combinationV20/run2_1tau0l_v4_unblind/workspace/datacard.root
>> combine -M MultiDimFit -n _paramFit_Test_CMS_scale_t_DeepTau2017v2p1_DM11_genTau_2017 --algo impact --redefineSignalPOIs r -P CMS_scale_t_DeepTau2017v2p1_DM11_genTau_2017 --floatOtherPOIs 1 --saveInactivePOI 1 --robustFit 1 -m 125 -d /workfs2/cms/huahuil/CMSSW_14_1_0_pre4/src/FourTop/hua/combine/combinationV20/run2_1tau0l_v4_unblind/workspace/datacard.root
>> combine -M MultiDimFit -n _paramFit_Test_CMS_scale_t_DeepTau2017v2p1_DM11_genTau_2018 --algo impact --redefineSignalPOIs r -P CMS_scale_t_DeepTau2017v2p1_DM11_genTau_2018 --floatOtherPOIs 1 --saveInactivePOI 1 --robustFit 1 -m 125 -d /workfs2/cms/huahuil/CMSSW_14_1_0_pre4/src/FourTop/hua/combine/combinationV20/run2_1tau0l_v4_unblind/workspace/datacard.root
>> combine -M MultiDimFit -n _paramFit_Test_CMS_scale_t_DeepTau2017v2p1_DM1_genTau_2016 --algo impact --redefineSignalPOIs r -P CMS_scale_t_DeepTau2017v2p1_DM1_genTau_2016 --floatOtherPOIs 1 --saveInactivePOI 1 --robustFit 1 -m 125 -d /workfs2/cms/huahuil/CMSSW_14_1_0_pre4/src/FourTop/hua/combine/combinationV20/run2_1tau0l_v4_unblind/workspace/datacard.root
>> combine -M MultiDimFit -n _paramFit_Test_CMS_scale_t_DeepTau2017v2p1_DM1_genTau_2017 --algo impact --redefineSignalPOIs r -P CMS_scale_t_DeepTau2017v2p1_DM1_genTau_2017 --floatOtherPOIs 1 --saveInactivePOI 1 --robustFit 1 -m 125 -d /workfs2/cms/huahuil/CMSSW_14_1_0_pre4/src/FourTop/hua/combine/combinationV20/run2_1tau0l_v4_unblind/workspace/datacard.root
>> combine -M MultiDimFit -n _paramFit_Test_CMS_scale_t_DeepTau2017v2p1_DM1_genTau_2018 --algo impact --redefineSignalPOIs r -P CMS_scale_t_DeepTau2017v2p1_DM1_genTau_2018 --floatOtherPOIs 1 --saveInactivePOI 1 --robustFit 1 -m 125 -d /workfs2/cms/huahuil/CMSSW_14_1_0_pre4/src/FourTop/hua/combine/combinationV20/run2_1tau0l_v4_unblind/workspace/datacard.root
>> combine -M MultiDimFit -n _paramFit_Test_QCDscale_fac_WJets --algo impact --redefineSignalPOIs r -P QCDscale_fac_WJets --floatOtherPOIs 1 --saveInactivePOI 1 --robustFit 1 -m 125 -d /workfs2/cms/huahuil/CMSSW_14_1_0_pre4/src/FourTop/hua/combine/combinationV20/run2_1tau0l_v4_unblind/workspace/datacard.root
 <<< Combine >>> 
 <<< v10.1.0 >>>
>>> Random number generator seed is 123456
>>> Method used is MultiDimFit
  Parameter                      :   Best-fit               r            
  CMS_scale_j_RelativePtEC2_2018 :   -0.000  -0.994/+0.994  -0.000/-0.000
Done in 0.71 min (cpu), 0.72 min (real)

 --- MultiDimFit ---
Parameter impacts: 
 <<< Combine >>> 
 <<< v10.1.0 >>>
>>> Random number generator seed is 123456
>>> Method used is MultiDimFit
  Parameter                       :   Best-fit               r            
  CMS_scale_j_RelativeStatHF_2017 :   +0.000  -0.992/+0.992  +0.000/+0.000
Done in 0.61 min (cpu), 0.61 min (real)
 <<< Combine >>> 
 <<< v10.1.0 >>>
>>> Random number generator seed is 123456
>>> Method used is MultiDimFit
  Parameter              :   Best-fit               r            
  QCDscale_ren_singleTop :   +0.017  -0.989/+0.991  -0.029/+0.021
Done in 0.58 min (cpu), 0.58 min (real)
 <<< Combine >>> 
 <<< v10.1.0 >>>
>>> Random number generator seed is 123456
>>> Method used is MultiDimFit
  Parameter                                    :   Best-fit               r            
  CMS_scale_t_DeepTau2017v2p1_DM10_genTau_2017 :   -0.002  -0.745/+0.743  -0.048/-0.047
Done in 0.72 min (cpu), 0.73 min (real)
 <<< Combine >>> 
 <<< v10.1.0 >>>
>>> Random number generator seed is 123456
>>> Method used is MultiDimFit
Doing initial fit: 
Doing initial fit: 
Doing initial fit: 
Doing initial fit: 
Doing initial fit: 

 --- MultiDimFit ---
Parameter impacts: 

 --- MultiDimFit ---
Parameter impacts: 
  Parameter :   Best-fit               r            
  lumi_2016 :   +0.011  -0.994/+0.994  +0.002/-0.004
Done in 0.66 min (cpu), 0.67 min (real)
 <<< Combine >>> 
 <<< v10.1.0 >>>
>>> Random number generator seed is 123456
>>> Method used is MultiDimFit

 --- MultiDimFit ---
Parameter impacts: 
  Parameter                       :   Best-fit               r            
  CMS_scale_j_RelativeStatEC_2018 :   +0.063  -0.993/+0.992  +0.016/+0.004
Done in 0.67 min (cpu), 0.68 min (real)
 <<< Combine >>> 
 <<< v10.1.0 >>>
>>> Random number generator seed is 123456
>>> Method used is MultiDimFit
  Parameter                                   :   Best-fit               r            
  CMS_scale_met_unclustered_energy_2016preVFP :   -0.280  -1.002/+1.298  -0.110/+0.075
Done in 0.68 min (cpu), 0.69 min (real)
Doing initial fit: 
 <<< Combine >>> 
 <<< v10.1.0 >>>
>>> Random number generator seed is 123456
>>> Method used is MultiDimFit
Doing initial fit: 
Doing initial fit: 

 --- MultiDimFit ---
Parameter impacts: 
  Parameter              :   Best-fit               r            
  QCDscale_fac_singleTop :   +0.015  -0.993/+0.992  -0.033/+0.028
Done in 0.62 min (cpu), 0.68 min (real)
 <<< Combine >>> 
 <<< v10.1.0 >>>
>>> Random number generator seed is 123456
>>> Method used is MultiDimFit

 --- MultiDimFit ---
Parameter impacts: 

 --- MultiDimFit ---
Parameter impacts: 
Doing initial fit: 

 --- MultiDimFit ---
Parameter impacts: 
  Parameter       :   Best-fit               r            
  QCDscale_ren_tt :   -0.149  -0.934/+0.983  -0.210/+0.190
Done in 0.65 min (cpu), 0.71 min (real)
  Parameter                :   Best-fit               r            
  CMS_scale_j_RelativePtHF :   +0.000  -0.992/+0.992  +0.000/+0.000
Done in 0.67 min (cpu), 0.73 min (real)
>> combine -M MultiDimFit -n _paramFit_Test_CMS_eff_t_DeepTau2017v2p1_VSjet_dm_stat1_DM0_2016preVFP --algo impact --redefineSignalPOIs r -P CMS_eff_t_DeepTau2017v2p1_VSjet_dm_stat1_DM0_2016preVFP --floatOtherPOIs 1 --saveInactivePOI 1 --robustFit 1 -m 125 -d /workfs2/cms/huahuil/CMSSW_14_1_0_pre4/src/FourTop/hua/combine/combinationV20/run2_1tau0l_v4_unblind/workspace/datacard.root
>> combine -M MultiDimFit -n _paramFit_Test_CMS_eff_t_DeepTau2017v2p1_VSjet_dm_stat1_DM0_2017 --algo impact --redefineSignalPOIs r -P CMS_eff_t_DeepTau2017v2p1_VSjet_dm_stat1_DM0_2017 --floatOtherPOIs 1 --saveInactivePOI 1 --robustFit 1 -m 125 -d /workfs2/cms/huahuil/CMSSW_14_1_0_pre4/src/FourTop/hua/combine/combinationV20/run2_1tau0l_v4_unblind/workspace/datacard.root
>> combine -M MultiDimFit -n _paramFit_Test_CMS_eff_t_DeepTau2017v2p1_VSjet_dm_stat1_DM0_2018 --algo impact --redefineSignalPOIs r -P CMS_eff_t_DeepTau2017v2p1_VSjet_dm_stat1_DM0_2018 --floatOtherPOIs 1 --saveInactivePOI 1 --robustFit 1 -m 125 -d /workfs2/cms/huahuil/CMSSW_14_1_0_pre4/src/FourTop/hua/combine/combinationV20/run2_1tau0l_v4_unblind/workspace/datacard.root
>> combine -M MultiDimFit -n _paramFit_Test_CMS_eff_t_DeepTau2017v2p1_VSjet_dm_stat1_DM10_2016postVFP --algo impact --redefineSignalPOIs r -P CMS_eff_t_DeepTau2017v2p1_VSjet_dm_stat1_DM10_2016postVFP --floatOtherPOIs 1 --saveInactivePOI 1 --robustFit 1 -m 125 -d /workfs2/cms/huahuil/CMSSW_14_1_0_pre4/src/FourTop/hua/combine/combinationV20/run2_1tau0l_v4_unblind/workspace/datacard.root
>> combine -M MultiDimFit -n _paramFit_Test_CMS_eff_t_DeepTau2017v2p1_VSjet_dm_stat1_DM10_2016preVFP --algo impact --redefineSignalPOIs r -P CMS_eff_t_DeepTau2017v2p1_VSjet_dm_stat1_DM10_2016preVFP --floatOtherPOIs 1 --saveInactivePOI 1 --robustFit 1 -m 125 -d /workfs2/cms/huahuil/CMSSW_14_1_0_pre4/src/FourTop/hua/combine/combinationV20/run2_1tau0l_v4_unblind/workspace/datacard.root
>> combine -M MultiDimFit -n _paramFit_Test_CMS_eff_t_DeepTau2017v2p1_VSjet_dm_stat1_DM10_2017 --algo impact --redefineSignalPOIs r -P CMS_eff_t_DeepTau2017v2p1_VSjet_dm_stat1_DM10_2017 --floatOtherPOIs 1 --saveInactivePOI 1 --robustFit 1 -m 125 -d /workfs2/cms/huahuil/CMSSW_14_1_0_pre4/src/FourTop/hua/combine/combinationV20/run2_1tau0l_v4_unblind/workspace/datacard.root
>> combine -M MultiDimFit -n _paramFit_Test_CMS_eff_t_DeepTau2017v2p1_VSjet_dm_stat1_DM10_2018 --algo impact --redefineSignalPOIs r -P CMS_eff_t_DeepTau2017v2p1_VSjet_dm_stat1_DM10_2018 --floatOtherPOIs 1 --saveInactivePOI 1 --robustFit 1 -m 125 -d /workfs2/cms/huahuil/CMSSW_14_1_0_pre4/src/FourTop/hua/combine/combinationV20/run2_1tau0l_v4_unblind/workspace/datacard.root
>> combine -M MultiDimFit -n _paramFit_Test_CMS_eff_t_DeepTau2017v2p1_VSjet_dm_stat1_DM11_2016postVFP --algo impact --redefineSignalPOIs r -P CMS_eff_t_DeepTau2017v2p1_VSjet_dm_stat1_DM11_2016postVFP --floatOtherPOIs 1 --saveInactivePOI 1 --robustFit 1 -m 125 -d /workfs2/cms/huahuil/CMSSW_14_1_0_pre4/src/FourTop/hua/combine/combinationV20/run2_1tau0l_v4_unblind/workspace/datacard.root
>> combine -M MultiDimFit -n _paramFit_Test_CMS_eff_t_DeepTau2017v2p1_VSjet_dm_syst_DM1_2016preVFP --algo impact --redefineSignalPOIs r -P CMS_eff_t_DeepTau2017v2p1_VSjet_dm_syst_DM1_2016preVFP --floatOtherPOIs 1 --saveInactivePOI 1 --robustFit 1 -m 125 -d /workfs2/cms/huahuil/CMSSW_14_1_0_pre4/src/FourTop/hua/combine/combinationV20/run2_1tau0l_v4_unblind/workspace/datacard.root
>> combine -M MultiDimFit -n _paramFit_Test_CMS_eff_t_DeepTau2017v2p1_VSjet_dm_syst_DM1_2017 --algo impact --redefineSignalPOIs r -P CMS_eff_t_DeepTau2017v2p1_VSjet_dm_syst_DM1_2017 --floatOtherPOIs 1 --saveInactivePOI 1 --robustFit 1 -m 125 -d /workfs2/cms/huahuil/CMSSW_14_1_0_pre4/src/FourTop/hua/combine/combinationV20/run2_1tau0l_v4_unblind/workspace/datacard.root
>> combine -M MultiDimFit -n _paramFit_Test_CMS_eff_t_DeepTau2017v2p1_VSjet_dm_syst_DM1_2018 --algo impact --redefineSignalPOIs r -P CMS_eff_t_DeepTau2017v2p1_VSjet_dm_syst_DM1_2018 --floatOtherPOIs 1 --saveInactivePOI 1 --robustFit 1 -m 125 -d /workfs2/cms/huahuil/CMSSW_14_1_0_pre4/src/FourTop/hua/combine/combinationV20/run2_1tau0l_v4_unblind/workspace/datacard.root
>> combine -M MultiDimFit -n _paramFit_Test_CMS_eff_t_DeepTau2017v2p1_VSjet_dm_syst_alleras --algo impact --redefineSignalPOIs r -P CMS_eff_t_DeepTau2017v2p1_VSjet_dm_syst_alleras --floatOtherPOIs 1 --saveInactivePOI 1 --robustFit 1 -m 125 -d /workfs2/cms/huahuil/CMSSW_14_1_0_pre4/src/FourTop/hua/combine/combinationV20/run2_1tau0l_v4_unblind/workspace/datacard.root
>> combine -M MultiDimFit -n _paramFit_Test_CMS_fake_t_2016postVFP --algo impact --redefineSignalPOIs r -P CMS_fake_t_2016postVFP --floatOtherPOIs 1 --saveInactivePOI 1 --robustFit 1 -m 125 -d /workfs2/cms/huahuil/CMSSW_14_1_0_pre4/src/FourTop/hua/combine/combinationV20/run2_1tau0l_v4_unblind/workspace/datacard.root
>> combine -M MultiDimFit -n _paramFit_Test_CMS_fake_t_2016preVFP --algo impact --redefineSignalPOIs r -P CMS_fake_t_2016preVFP --floatOtherPOIs 1 --saveInactivePOI 1 --robustFit 1 -m 125 -d /workfs2/cms/huahuil/CMSSW_14_1_0_pre4/src/FourTop/hua/combine/combinationV20/run2_1tau0l_v4_unblind/workspace/datacard.root
>> combine -M MultiDimFit -n _paramFit_Test_CMS_fake_t_2017 --algo impact --redefineSignalPOIs r -P CMS_fake_t_2017 --floatOtherPOIs 1 --saveInactivePOI 1 --robustFit 1 -m 125 -d /workfs2/cms/huahuil/CMSSW_14_1_0_pre4/src/FourTop/hua/combine/combinationV20/run2_1tau0l_v4_unblind/workspace/datacard.root
>> combine -M MultiDimFit -n _paramFit_Test_CMS_fake_t_2018 --algo impact --redefineSignalPOIs r -P CMS_fake_t_2018 --floatOtherPOIs 1 --saveInactivePOI 1 --robustFit 1 -m 125 -d /workfs2/cms/huahuil/CMSSW_14_1_0_pre4/src/FourTop/hua/combine/combinationV20/run2_1tau0l_v4_unblind/workspace/datacard.root
>> combine -M MultiDimFit -n _paramFit_Test_QCDscale_fac_ttH --algo impact --redefineSignalPOIs r -P QCDscale_fac_ttH --floatOtherPOIs 1 --saveInactivePOI 1 --robustFit 1 -m 125 -d /workfs2/cms/huahuil/CMSSW_14_1_0_pre4/src/FourTop/hua/combine/combinationV20/run2_1tau0l_v4_unblind/workspace/datacard.root
>> combine -M MultiDimFit -n _paramFit_Test_QCDscale_fac_ttW --algo impact --redefineSignalPOIs r -P QCDscale_fac_ttW --floatOtherPOIs 1 --saveInactivePOI 1 --robustFit 1 -m 125 -d /workfs2/cms/huahuil/CMSSW_14_1_0_pre4/src/FourTop/hua/combine/combinationV20/run2_1tau0l_v4_unblind/workspace/datacard.root
>> combine -M MultiDimFit -n _paramFit_Test_QCDscale_fac_ttZ --algo impact --redefineSignalPOIs r -P QCDscale_fac_ttZ --floatOtherPOIs 1 --saveInactivePOI 1 --robustFit 1 -m 125 -d /workfs2/cms/huahuil/CMSSW_14_1_0_pre4/src/FourTop/hua/combine/combinationV20/run2_1tau0l_v4_unblind/workspace/datacard.root
>> combine -M MultiDimFit -n _paramFit_Test_QCDscale_fac_tttt --algo impact --redefineSignalPOIs r -P QCDscale_fac_tttt --floatOtherPOIs 1 --saveInactivePOI 1 --robustFit 1 -m 125 -d /workfs2/cms/huahuil/CMSSW_14_1_0_pre4/src/FourTop/hua/combine/combinationV20/run2_1tau0l_v4_unblind/workspace/datacard.root
>> combine -M MultiDimFit -n _paramFit_Test_QCDscale_ren_WJets --algo impact --redefineSignalPOIs r -P QCDscale_ren_WJets --floatOtherPOIs 1 --saveInactivePOI 1 --robustFit 1 -m 125 -d /workfs2/cms/huahuil/CMSSW_14_1_0_pre4/src/FourTop/hua/combine/combinationV20/run2_1tau0l_v4_unblind/workspace/datacard.root
>> combine -M MultiDimFit -n _paramFit_Test_QCDscale_ren_singleTop --algo impact --redefineSignalPOIs r -P QCDscale_ren_singleTop --floatOtherPOIs 1 --saveInactivePOI 1 --robustFit 1 -m 125 -d /workfs2/cms/huahuil/CMSSW_14_1_0_pre4/src/FourTop/hua/combine/combinationV20/run2_1tau0l_v4_unblind/workspace/datacard.root
>> combine -M MultiDimFit -n _paramFit_Test_QCDscale_ren_tt --algo impact --redefineSignalPOIs r -P QCDscale_ren_tt --floatOtherPOIs 1 --saveInactivePOI 1 --robustFit 1 -m 125 -d /workfs2/cms/huahuil/CMSSW_14_1_0_pre4/src/FourTop/hua/combine/combinationV20/run2_1tau0l_v4_unblind/workspace/datacard.root
 <<< Combine >>> 
 <<< v10.1.0 >>>
>>> Random number generator seed is 123456
>>> Method used is MultiDimFit
 <<< Combine >>> 
 <<< v10.1.0 >>>
>>> Random number generator seed is 123456
>>> Method used is MultiDimFit
  Parameter                       :   Best-fit               r            
  CMS_scale_j_RelativeStatHF_2018 :   -0.000  -0.994/+0.994  -0.000/-0.000
Done in 0.70 min (cpu), 0.76 min (real)
>> combine -M MultiDimFit -n _paramFit_Test_CMS_eff_t_DeepTau2017v2p1_VSjet_dm_stat2_DM11_2016preVFP --algo impact --redefineSignalPOIs r -P CMS_eff_t_DeepTau2017v2p1_VSjet_dm_stat2_DM11_2016preVFP --floatOtherPOIs 1 --saveInactivePOI 1 --robustFit 1 -m 125 -d /workfs2/cms/huahuil/CMSSW_14_1_0_pre4/src/FourTop/hua/combine/combinationV20/run2_1tau0l_v4_unblind/workspace/datacard.root
>> combine -M MultiDimFit -n _paramFit_Test_CMS_eff_t_DeepTau2017v2p1_VSjet_dm_stat2_DM11_2017 --algo impact --redefineSignalPOIs r -P CMS_eff_t_DeepTau2017v2p1_VSjet_dm_stat2_DM11_2017 --floatOtherPOIs 1 --saveInactivePOI 1 --robustFit 1 -m 125 -d /workfs2/cms/huahuil/CMSSW_14_1_0_pre4/src/FourTop/hua/combine/combinationV20/run2_1tau0l_v4_unblind/workspace/datacard.root
>> combine -M MultiDimFit -n _paramFit_Test_CMS_eff_t_DeepTau2017v2p1_VSjet_dm_stat2_DM11_2018 --algo impact --redefineSignalPOIs r -P CMS_eff_t_DeepTau2017v2p1_VSjet_dm_stat2_DM11_2018 --floatOtherPOIs 1 --saveInactivePOI 1 --robustFit 1 -m 125 -d /workfs2/cms/huahuil/CMSSW_14_1_0_pre4/src/FourTop/hua/combine/combinationV20/run2_1tau0l_v4_unblind/workspace/datacard.root
>> combine -M MultiDimFit -n _paramFit_Test_CMS_eff_t_DeepTau2017v2p1_VSjet_dm_stat2_DM1_2016postVFP --algo impact --redefineSignalPOIs r -P CMS_eff_t_DeepTau2017v2p1_VSjet_dm_stat2_DM1_2016postVFP --floatOtherPOIs 1 --saveInactivePOI 1 --robustFit 1 -m 125 -d /workfs2/cms/huahuil/CMSSW_14_1_0_pre4/src/FourTop/hua/combine/combinationV20/run2_1tau0l_v4_unblind/workspace/datacard.root
>> combine -M MultiDimFit -n _paramFit_Test_CMS_eff_t_DeepTau2017v2p1_VSjet_dm_stat2_DM1_2016preVFP --algo impact --redefineSignalPOIs r -P CMS_eff_t_DeepTau2017v2p1_VSjet_dm_stat2_DM1_2016preVFP --floatOtherPOIs 1 --saveInactivePOI 1 --robustFit 1 -m 125 -d /workfs2/cms/huahuil/CMSSW_14_1_0_pre4/src/FourTop/hua/combine/combinationV20/run2_1tau0l_v4_unblind/workspace/datacard.root
>> combine -M MultiDimFit -n _paramFit_Test_CMS_eff_t_DeepTau2017v2p1_VSjet_dm_stat2_DM1_2017 --algo impact --redefineSignalPOIs r -P CMS_eff_t_DeepTau2017v2p1_VSjet_dm_stat2_DM1_2017 --floatOtherPOIs 1 --saveInactivePOI 1 --robustFit 1 -m 125 -d /workfs2/cms/huahuil/CMSSW_14_1_0_pre4/src/FourTop/hua/combine/combinationV20/run2_1tau0l_v4_unblind/workspace/datacard.root
>> combine -M MultiDimFit -n _paramFit_Test_CMS_eff_t_DeepTau2017v2p1_VSjet_dm_stat2_DM1_2018 --algo impact --redefineSignalPOIs r -P CMS_eff_t_DeepTau2017v2p1_VSjet_dm_stat2_DM1_2018 --floatOtherPOIs 1 --saveInactivePOI 1 --robustFit 1 -m 125 -d /workfs2/cms/huahuil/CMSSW_14_1_0_pre4/src/FourTop/hua/combine/combinationV20/run2_1tau0l_v4_unblind/workspace/datacard.root
>> combine -M MultiDimFit -n _paramFit_Test_CMS_eff_t_DeepTau2017v2p1_VSjet_dm_syst_2016postVFP --algo impact --redefineSignalPOIs r -P CMS_eff_t_DeepTau2017v2p1_VSjet_dm_syst_2016postVFP --floatOtherPOIs 1 --saveInactivePOI 1 --robustFit 1 -m 125 -d /workfs2/cms/huahuil/CMSSW_14_1_0_pre4/src/FourTop/hua/combine/combinationV20/run2_1tau0l_v4_unblind/workspace/datacard.root
>> combine -M MultiDimFit -n _paramFit_Test_CMS_scale_j_PileUpPtHF --algo impact --redefineSignalPOIs r -P CMS_scale_j_PileUpPtHF --floatOtherPOIs 1 --saveInactivePOI 1 --robustFit 1 -m 125 -d /workfs2/cms/huahuil/CMSSW_14_1_0_pre4/src/FourTop/hua/combine/combinationV20/run2_1tau0l_v4_unblind/workspace/datacard.root
>> combine -M MultiDimFit -n _paramFit_Test_CMS_scale_j_PileUpPtRef --algo impact --redefineSignalPOIs r -P CMS_scale_j_PileUpPtRef --floatOtherPOIs 1 --saveInactivePOI 1 --robustFit 1 -m 125 -d /workfs2/cms/huahuil/CMSSW_14_1_0_pre4/src/FourTop/hua/combine/combinationV20/run2_1tau0l_v4_unblind/workspace/datacard.root
>> combine -M MultiDimFit -n _paramFit_Test_CMS_scale_j_RelativeBal --algo impact --redefineSignalPOIs r -P CMS_scale_j_RelativeBal --floatOtherPOIs 1 --saveInactivePOI 1 --robustFit 1 -m 125 -d /workfs2/cms/huahuil/CMSSW_14_1_0_pre4/src/FourTop/hua/combine/combinationV20/run2_1tau0l_v4_unblind/workspace/datacard.root
>> combine -M MultiDimFit -n _paramFit_Test_CMS_scale_j_RelativeFSR --algo impact --redefineSignalPOIs r -P CMS_scale_j_RelativeFSR --floatOtherPOIs 1 --saveInactivePOI 1 --robustFit 1 -m 125 -d /workfs2/cms/huahuil/CMSSW_14_1_0_pre4/src/FourTop/hua/combine/combinationV20/run2_1tau0l_v4_unblind/workspace/datacard.root
>> combine -M MultiDimFit -n _paramFit_Test_CMS_scale_j_RelativeJEREC1_2016postVFP --algo impact --redefineSignalPOIs r -P CMS_scale_j_RelativeJEREC1_2016postVFP --floatOtherPOIs 1 --saveInactivePOI 1 --robustFit 1 -m 125 -d /workfs2/cms/huahuil/CMSSW_14_1_0_pre4/src/FourTop/hua/combine/combinationV20/run2_1tau0l_v4_unblind/workspace/datacard.root
>> combine -M MultiDimFit -n _paramFit_Test_CMS_scale_j_RelativeJEREC1_2016preVFP --algo impact --redefineSignalPOIs r -P CMS_scale_j_RelativeJEREC1_2016preVFP --floatOtherPOIs 1 --saveInactivePOI 1 --robustFit 1 -m 125 -d /workfs2/cms/huahuil/CMSSW_14_1_0_pre4/src/FourTop/hua/combine/combinationV20/run2_1tau0l_v4_unblind/workspace/datacard.root
>> combine -M MultiDimFit -n _paramFit_Test_CMS_scale_j_RelativeJEREC1_2017 --algo impact --redefineSignalPOIs r -P CMS_scale_j_RelativeJEREC1_2017 --floatOtherPOIs 1 --saveInactivePOI 1 --robustFit 1 -m 125 -d /workfs2/cms/huahuil/CMSSW_14_1_0_pre4/src/FourTop/hua/combine/combinationV20/run2_1tau0l_v4_unblind/workspace/datacard.root
>> combine -M MultiDimFit -n _paramFit_Test_CMS_scale_j_RelativeJEREC1_2018 --algo impact --redefineSignalPOIs r -P CMS_scale_j_RelativeJEREC1_2018 --floatOtherPOIs 1 --saveInactivePOI 1 --robustFit 1 -m 125 -d /workfs2/cms/huahuil/CMSSW_14_1_0_pre4/src/FourTop/hua/combine/combinationV20/run2_1tau0l_v4_unblind/workspace/datacard.root
>> combine -M MultiDimFit -n _paramFit_Test_CMS_scale_j_RelativeStatFSR_2016preVFP --algo impact --redefineSignalPOIs r -P CMS_scale_j_RelativeStatFSR_2016preVFP --floatOtherPOIs 1 --saveInactivePOI 1 --robustFit 1 -m 125 -d /workfs2/cms/huahuil/CMSSW_14_1_0_pre4/src/FourTop/hua/combine/combinationV20/run2_1tau0l_v4_unblind/workspace/datacard.root
>> combine -M MultiDimFit -n _paramFit_Test_CMS_scale_j_RelativeStatFSR_2017 --algo impact --redefineSignalPOIs r -P CMS_scale_j_RelativeStatFSR_2017 --floatOtherPOIs 1 --saveInactivePOI 1 --robustFit 1 -m 125 -d /workfs2/cms/huahuil/CMSSW_14_1_0_pre4/src/FourTop/hua/combine/combinationV20/run2_1tau0l_v4_unblind/workspace/datacard.root
>> combine -M MultiDimFit -n _paramFit_Test_CMS_scale_j_RelativeStatFSR_2018 --algo impact --redefineSignalPOIs r -P CMS_scale_j_RelativeStatFSR_2018 --floatOtherPOIs 1 --saveInactivePOI 1 --robustFit 1 -m 125 -d /workfs2/cms/huahuil/CMSSW_14_1_0_pre4/src/FourTop/hua/combine/combinationV20/run2_1tau0l_v4_unblind/workspace/datacard.root
>> combine -M MultiDimFit -n _paramFit_Test_CMS_scale_j_RelativeStatHF_2016postVFP --algo impact --redefineSignalPOIs r -P CMS_scale_j_RelativeStatHF_2016postVFP --floatOtherPOIs 1 --saveInactivePOI 1 --robustFit 1 -m 125 -d /workfs2/cms/huahuil/CMSSW_14_1_0_pre4/src/FourTop/hua/combine/combinationV20/run2_1tau0l_v4_unblind/workspace/datacard.root
>> combine -M MultiDimFit -n _paramFit_Test_CMS_scale_j_RelativeStatHF_2016preVFP --algo impact --redefineSignalPOIs r -P CMS_scale_j_RelativeStatHF_2016preVFP --floatOtherPOIs 1 --saveInactivePOI 1 --robustFit 1 -m 125 -d /workfs2/cms/huahuil/CMSSW_14_1_0_pre4/src/FourTop/hua/combine/combinationV20/run2_1tau0l_v4_unblind/workspace/datacard.root
>> combine -M MultiDimFit -n _paramFit_Test_CMS_scale_j_RelativeStatHF_2017 --algo impact --redefineSignalPOIs r -P CMS_scale_j_RelativeStatHF_2017 --floatOtherPOIs 1 --saveInactivePOI 1 --robustFit 1 -m 125 -d /workfs2/cms/huahuil/CMSSW_14_1_0_pre4/src/FourTop/hua/combine/combinationV20/run2_1tau0l_v4_unblind/workspace/datacard.root
>> combine -M MultiDimFit -n _paramFit_Test_CMS_scale_j_RelativeStatHF_2018 --algo impact --redefineSignalPOIs r -P CMS_scale_j_RelativeStatHF_2018 --floatOtherPOIs 1 --saveInactivePOI 1 --robustFit 1 -m 125 -d /workfs2/cms/huahuil/CMSSW_14_1_0_pre4/src/FourTop/hua/combine/combinationV20/run2_1tau0l_v4_unblind/workspace/datacard.root
 <<< Combine >>> 
 <<< v10.1.0 >>>
>>> Random number generator seed is 123456
>>> Method used is MultiDimFit

 --- MultiDimFit ---
Parameter impacts: 
Doing initial fit: 
Doing initial fit: 
  Parameter                                    :   Best-fit               r            
  CMS_scale_t_DeepTau2017v2p1_DM10_genTau_2018 :   -0.016  -0.981/+0.962  +0.000/-0.005
Done in 0.72 min (cpu), 0.79 min (real)
Doing initial fit: 
 <<< Combine >>> 
 <<< v10.1.0 >>>
>>> Random number generator seed is 123456
>>> Method used is MultiDimFit
Doing initial fit: 

 --- MultiDimFit ---
Parameter impacts: 
  Parameter                               :   Best-fit               r            
  CMS_scale_j_RelativeStatFSR_2016postVFP :   +0.030  -0.955/+0.962  -0.011/-0.001
Done in 0.56 min (cpu), 0.57 min (real)
>> combine -M MultiDimFit -n _paramFit_Test_CMS_btag_fullShape_hfstats1_2017 --algo impact --redefineSignalPOIs r -P CMS_btag_fullShape_hfstats1_2017 --floatOtherPOIs 1 --saveInactivePOI 1 --robustFit 1 -m 125 -d /workfs2/cms/huahuil/CMSSW_14_1_0_pre4/src/FourTop/hua/combine/combinationV20/run2_1tau0l_v4_unblind/workspace/datacard.root
>> combine -M MultiDimFit -n _paramFit_Test_CMS_btag_fullShape_hfstats1_2018 --algo impact --redefineSignalPOIs r -P CMS_btag_fullShape_hfstats1_2018 --floatOtherPOIs 1 --saveInactivePOI 1 --robustFit 1 -m 125 -d /workfs2/cms/huahuil/CMSSW_14_1_0_pre4/src/FourTop/hua/combine/combinationV20/run2_1tau0l_v4_unblind/workspace/datacard.root
>> combine -M MultiDimFit -n _paramFit_Test_CMS_btag_fullShape_hfstats2_2016postVFP --algo impact --redefineSignalPOIs r -P CMS_btag_fullShape_hfstats2_2016postVFP --floatOtherPOIs 1 --saveInactivePOI 1 --robustFit 1 -m 125 -d /workfs2/cms/huahuil/CMSSW_14_1_0_pre4/src/FourTop/hua/combine/combinationV20/run2_1tau0l_v4_unblind/workspace/datacard.root
>> combine -M MultiDimFit -n _paramFit_Test_CMS_btag_fullShape_hfstats2_2016preVFP --algo impact --redefineSignalPOIs r -P CMS_btag_fullShape_hfstats2_2016preVFP --floatOtherPOIs 1 --saveInactivePOI 1 --robustFit 1 -m 125 -d /workfs2/cms/huahuil/CMSSW_14_1_0_pre4/src/FourTop/hua/combine/combinationV20/run2_1tau0l_v4_unblind/workspace/datacard.root
>> combine -M MultiDimFit -n _paramFit_Test_CMS_btag_fullShape_hfstats2_2017 --algo impact --redefineSignalPOIs r -P CMS_btag_fullShape_hfstats2_2017 --floatOtherPOIs 1 --saveInactivePOI 1 --robustFit 1 -m 125 -d /workfs2/cms/huahuil/CMSSW_14_1_0_pre4/src/FourTop/hua/combine/combinationV20/run2_1tau0l_v4_unblind/workspace/datacard.root
>> combine -M MultiDimFit -n _paramFit_Test_CMS_btag_fullShape_hfstats2_2018 --algo impact --redefineSignalPOIs r -P CMS_btag_fullShape_hfstats2_2018 --floatOtherPOIs 1 --saveInactivePOI 1 --robustFit 1 -m 125 -d /workfs2/cms/huahuil/CMSSW_14_1_0_pre4/src/FourTop/hua/combine/combinationV20/run2_1tau0l_v4_unblind/workspace/datacard.root
>> combine -M MultiDimFit -n _paramFit_Test_CMS_btag_fullShape_lf --algo impact --redefineSignalPOIs r -P CMS_btag_fullShape_lf --floatOtherPOIs 1 --saveInactivePOI 1 --robustFit 1 -m 125 -d /workfs2/cms/huahuil/CMSSW_14_1_0_pre4/src/FourTop/hua/combine/combinationV20/run2_1tau0l_v4_unblind/workspace/datacard.root
>> combine -M MultiDimFit -n _paramFit_Test_CMS_btag_fullShape_lfstats1_2016postVFP --algo impact --redefineSignalPOIs r -P CMS_btag_fullShape_lfstats1_2016postVFP --floatOtherPOIs 1 --saveInactivePOI 1 --robustFit 1 -m 125 -d /workfs2/cms/huahuil/CMSSW_14_1_0_pre4/src/FourTop/hua/combine/combinationV20/run2_1tau0l_v4_unblind/workspace/datacard.root
>> combine -M MultiDimFit -n _paramFit_Test_CMS_res_j_2018 --algo impact --redefineSignalPOIs r -P CMS_res_j_2018 --floatOtherPOIs 1 --saveInactivePOI 1 --robustFit 1 -m 125 -d /workfs2/cms/huahuil/CMSSW_14_1_0_pre4/src/FourTop/hua/combine/combinationV20/run2_1tau0l_v4_unblind/workspace/datacard.root
>> combine -M MultiDimFit -n _paramFit_Test_CMS_scale_j_AbsoluteMPFBias --algo impact --redefineSignalPOIs r -P CMS_scale_j_AbsoluteMPFBias --floatOtherPOIs 1 --saveInactivePOI 1 --robustFit 1 -m 125 -d /workfs2/cms/huahuil/CMSSW_14_1_0_pre4/src/FourTop/hua/combine/combinationV20/run2_1tau0l_v4_unblind/workspace/datacard.root
>> combine -M MultiDimFit -n _paramFit_Test_CMS_scale_j_AbsoluteScale --algo impact --redefineSignalPOIs r -P CMS_scale_j_AbsoluteScale --floatOtherPOIs 1 --saveInactivePOI 1 --robustFit 1 -m 125 -d /workfs2/cms/huahuil/CMSSW_14_1_0_pre4/src/FourTop/hua/combine/combinationV20/run2_1tau0l_v4_unblind/workspace/datacard.root
>> combine -M MultiDimFit -n _paramFit_Test_CMS_scale_j_AbsoluteStat_2016postVFP --algo impact --redefineSignalPOIs r -P CMS_scale_j_AbsoluteStat_2016postVFP --floatOtherPOIs 1 --saveInactivePOI 1 --robustFit 1 -m 125 -d /workfs2/cms/huahuil/CMSSW_14_1_0_pre4/src/FourTop/hua/combine/combinationV20/run2_1tau0l_v4_unblind/workspace/datacard.root
>> combine -M MultiDimFit -n _paramFit_Test_CMS_scale_j_AbsoluteStat_2016preVFP --algo impact --redefineSignalPOIs r -P CMS_scale_j_AbsoluteStat_2016preVFP --floatOtherPOIs 1 --saveInactivePOI 1 --robustFit 1 -m 125 -d /workfs2/cms/huahuil/CMSSW_14_1_0_pre4/src/FourTop/hua/combine/combinationV20/run2_1tau0l_v4_unblind/workspace/datacard.root
>> combine -M MultiDimFit -n _paramFit_Test_CMS_scale_j_AbsoluteStat_2017 --algo impact --redefineSignalPOIs r -P CMS_scale_j_AbsoluteStat_2017 --floatOtherPOIs 1 --saveInactivePOI 1 --robustFit 1 -m 125 -d /workfs2/cms/huahuil/CMSSW_14_1_0_pre4/src/FourTop/hua/combine/combinationV20/run2_1tau0l_v4_unblind/workspace/datacard.root
>> combine -M MultiDimFit -n _paramFit_Test_CMS_scale_j_AbsoluteStat_2018 --algo impact --redefineSignalPOIs r -P CMS_scale_j_AbsoluteStat_2018 --floatOtherPOIs 1 --saveInactivePOI 1 --robustFit 1 -m 125 -d /workfs2/cms/huahuil/CMSSW_14_1_0_pre4/src/FourTop/hua/combine/combinationV20/run2_1tau0l_v4_unblind/workspace/datacard.root
>> combine -M MultiDimFit -n _paramFit_Test_CMS_scale_j_FlavorPureBottom --algo impact --redefineSignalPOIs r -P CMS_scale_j_FlavorPureBottom --floatOtherPOIs 1 --saveInactivePOI 1 --robustFit 1 -m 125 -d /workfs2/cms/huahuil/CMSSW_14_1_0_pre4/src/FourTop/hua/combine/combinationV20/run2_1tau0l_v4_unblind/workspace/datacard.root
>> combine -M MultiDimFit -n _paramFit_Test_CMS_scale_j_RelativeSample_2016preVFP --algo impact --redefineSignalPOIs r -P CMS_scale_j_RelativeSample_2016preVFP --floatOtherPOIs 1 --saveInactivePOI 1 --robustFit 1 -m 125 -d /workfs2/cms/huahuil/CMSSW_14_1_0_pre4/src/FourTop/hua/combine/combinationV20/run2_1tau0l_v4_unblind/workspace/datacard.root
>> combine -M MultiDimFit -n _paramFit_Test_CMS_scale_j_RelativeSample_2017 --algo impact --redefineSignalPOIs r -P CMS_scale_j_RelativeSample_2017 --floatOtherPOIs 1 --saveInactivePOI 1 --robustFit 1 -m 125 -d /workfs2/cms/huahuil/CMSSW_14_1_0_pre4/src/FourTop/hua/combine/combinationV20/run2_1tau0l_v4_unblind/workspace/datacard.root
>> combine -M MultiDimFit -n _paramFit_Test_CMS_scale_j_RelativeSample_2018 --algo impact --redefineSignalPOIs r -P CMS_scale_j_RelativeSample_2018 --floatOtherPOIs 1 --saveInactivePOI 1 --robustFit 1 -m 125 -d /workfs2/cms/huahuil/CMSSW_14_1_0_pre4/src/FourTop/hua/combine/combinationV20/run2_1tau0l_v4_unblind/workspace/datacard.root
>> combine -M MultiDimFit -n _paramFit_Test_CMS_scale_j_RelativeStatEC_2016postVFP --algo impact --redefineSignalPOIs r -P CMS_scale_j_RelativeStatEC_2016postVFP --floatOtherPOIs 1 --saveInactivePOI 1 --robustFit 1 -m 125 -d /workfs2/cms/huahuil/CMSSW_14_1_0_pre4/src/FourTop/hua/combine/combinationV20/run2_1tau0l_v4_unblind/workspace/datacard.root
>> combine -M MultiDimFit -n _paramFit_Test_CMS_scale_j_RelativeStatEC_2016preVFP --algo impact --redefineSignalPOIs r -P CMS_scale_j_RelativeStatEC_2016preVFP --floatOtherPOIs 1 --saveInactivePOI 1 --robustFit 1 -m 125 -d /workfs2/cms/huahuil/CMSSW_14_1_0_pre4/src/FourTop/hua/combine/combinationV20/run2_1tau0l_v4_unblind/workspace/datacard.root
>> combine -M MultiDimFit -n _paramFit_Test_CMS_scale_j_RelativeStatEC_2017 --algo impact --redefineSignalPOIs r -P CMS_scale_j_RelativeStatEC_2017 --floatOtherPOIs 1 --saveInactivePOI 1 --robustFit 1 -m 125 -d /workfs2/cms/huahuil/CMSSW_14_1_0_pre4/src/FourTop/hua/combine/combinationV20/run2_1tau0l_v4_unblind/workspace/datacard.root
>> combine -M MultiDimFit -n _paramFit_Test_CMS_scale_j_RelativeStatEC_2018 --algo impact --redefineSignalPOIs r -P CMS_scale_j_RelativeStatEC_2018 --floatOtherPOIs 1 --saveInactivePOI 1 --robustFit 1 -m 125 -d /workfs2/cms/huahuil/CMSSW_14_1_0_pre4/src/FourTop/hua/combine/combinationV20/run2_1tau0l_v4_unblind/workspace/datacard.root
>> combine -M MultiDimFit -n _paramFit_Test_CMS_scale_j_RelativeStatFSR_2016postVFP --algo impact --redefineSignalPOIs r -P CMS_scale_j_RelativeStatFSR_2016postVFP --floatOtherPOIs 1 --saveInactivePOI 1 --robustFit 1 -m 125 -d /workfs2/cms/huahuil/CMSSW_14_1_0_pre4/src/FourTop/hua/combine/combinationV20/run2_1tau0l_v4_unblind/workspace/datacard.root

 --- MultiDimFit ---
Parameter impacts: 
 <<< Combine >>> 
 <<< v10.1.0 >>>
>>> Random number generator seed is 123456
>>> Method used is MultiDimFit

 --- MultiDimFit ---
Parameter impacts: 
  Parameter                             :   Best-fit               r            
  CMS_scale_met_unclustered_energy_2017 :   +0.038  -0.777/+0.806  -0.043/-0.100
Done in 0.56 min (cpu), 0.56 min (real)
 <<< Combine >>> 
 <<< v10.1.0 >>>
>>> Random number generator seed is 123456
>>> Method used is MultiDimFit
Doing initial fit: 
Doing initial fit: 
  Parameter :   Best-fit               r            
  lumi_2017 :   +0.035  -0.986/+0.986  +0.050/-0.051
Done in 0.67 min (cpu), 0.84 min (real)
 <<< Combine >>> 
 <<< v10.1.0 >>>
>>> Random number generator seed is 123456
>>> Method used is MultiDimFit
Doing initial fit: 

 --- MultiDimFit ---
Parameter impacts: 
  Parameter        :   Best-fit               r            
  QCDscale_ren_ttH :   +0.011  -0.991/+0.991  +0.033/-0.003
Done in 0.66 min (cpu), 0.78 min (real)
 <<< Combine >>> 
 <<< v10.1.0 >>>
>>> Random number generator seed is 123456
>>> Method used is MultiDimFit

 --- MultiDimFit ---
Parameter impacts: 

 --- MultiDimFit ---
Parameter impacts: 
Doing initial fit: 

 --- MultiDimFit ---
Parameter impacts: 
  Parameter                  :   Best-fit               r            
  CMS_scale_j_SinglePionECAL :   +0.219  -0.869/+0.906  -0.020/-0.154
Done in 0.70 min (cpu), 0.82 min (real)
 <<< Combine >>> 
 <<< v10.1.0 >>>
>>> Random number generator seed is 123456
>>> Method used is MultiDimFit
  Parameter                              :   Best-fit               r            
  CMS_scale_j_RelativeSample_2016postVFP :   -0.011  -0.896/+0.901  +0.044/+0.057
Done in 0.77 min (cpu), 0.90 min (real)
>> combine -M MultiDimFit -n _paramFit_Test_CMS_TOP24017_norm_ttW --algo impact --redefineSignalPOIs r -P CMS_TOP24017_norm_ttW --floatOtherPOIs 1 --saveInactivePOI 1 --robustFit 1 -m 125 -d /workfs2/cms/huahuil/CMSSW_14_1_0_pre4/src/FourTop/hua/combine/combinationV20/run2_1tau0l_v4_unblind/workspace/datacard.root
>> combine -M MultiDimFit -n _paramFit_Test_CMS_TOP24017_norm_ttZ --algo impact --redefineSignalPOIs r -P CMS_TOP24017_norm_ttZ --floatOtherPOIs 1 --saveInactivePOI 1 --robustFit 1 -m 125 -d /workfs2/cms/huahuil/CMSSW_14_1_0_pre4/src/FourTop/hua/combine/combinationV20/run2_1tau0l_v4_unblind/workspace/datacard.root
>> combine -M MultiDimFit -n _paramFit_Test_CMS_TOP24017_norm_tttt --algo impact --redefineSignalPOIs r -P CMS_TOP24017_norm_tttt --floatOtherPOIs 1 --saveInactivePOI 1 --robustFit 1 -m 125 -d /workfs2/cms/huahuil/CMSSW_14_1_0_pre4/src/FourTop/hua/combine/combinationV20/run2_1tau0l_v4_unblind/workspace/datacard.root
>> combine -M MultiDimFit -n _paramFit_Test_CMS_btag_fullShape_cferr1 --algo impact --redefineSignalPOIs r -P CMS_btag_fullShape_cferr1 --floatOtherPOIs 1 --saveInactivePOI 1 --robustFit 1 -m 125 -d /workfs2/cms/huahuil/CMSSW_14_1_0_pre4/src/FourTop/hua/combine/combinationV20/run2_1tau0l_v4_unblind/workspace/datacard.root
>> combine -M MultiDimFit -n _paramFit_Test_CMS_btag_fullShape_cferr2 --algo impact --redefineSignalPOIs r -P CMS_btag_fullShape_cferr2 --floatOtherPOIs 1 --saveInactivePOI 1 --robustFit 1 -m 125 -d /workfs2/cms/huahuil/CMSSW_14_1_0_pre4/src/FourTop/hua/combine/combinationV20/run2_1tau0l_v4_unblind/workspace/datacard.root
>> combine -M MultiDimFit -n _paramFit_Test_CMS_btag_fullShape_hf --algo impact --redefineSignalPOIs r -P CMS_btag_fullShape_hf --floatOtherPOIs 1 --saveInactivePOI 1 --robustFit 1 -m 125 -d /workfs2/cms/huahuil/CMSSW_14_1_0_pre4/src/FourTop/hua/combine/combinationV20/run2_1tau0l_v4_unblind/workspace/datacard.root
>> combine -M MultiDimFit -n _paramFit_Test_CMS_btag_fullShape_hfstats1_2016postVFP --algo impact --redefineSignalPOIs r -P CMS_btag_fullShape_hfstats1_2016postVFP --floatOtherPOIs 1 --saveInactivePOI 1 --robustFit 1 -m 125 -d /workfs2/cms/huahuil/CMSSW_14_1_0_pre4/src/FourTop/hua/combine/combinationV20/run2_1tau0l_v4_unblind/workspace/datacard.root
>> combine -M MultiDimFit -n _paramFit_Test_CMS_btag_fullShape_hfstats1_2016preVFP --algo impact --redefineSignalPOIs r -P CMS_btag_fullShape_hfstats1_2016preVFP --floatOtherPOIs 1 --saveInactivePOI 1 --robustFit 1 -m 125 -d /workfs2/cms/huahuil/CMSSW_14_1_0_pre4/src/FourTop/hua/combine/combinationV20/run2_1tau0l_v4_unblind/workspace/datacard.root
>> combine -M MultiDimFit -n _paramFit_Test_CMS_scale_j_FlavorPureCharm --algo impact --redefineSignalPOIs r -P CMS_scale_j_FlavorPureCharm --floatOtherPOIs 1 --saveInactivePOI 1 --robustFit 1 -m 125 -d /workfs2/cms/huahuil/CMSSW_14_1_0_pre4/src/FourTop/hua/combine/combinationV20/run2_1tau0l_v4_unblind/workspace/datacard.root
>> combine -M MultiDimFit -n _paramFit_Test_CMS_scale_j_FlavorPureGluon --algo impact --redefineSignalPOIs r -P CMS_scale_j_FlavorPureGluon --floatOtherPOIs 1 --saveInactivePOI 1 --robustFit 1 -m 125 -d /workfs2/cms/huahuil/CMSSW_14_1_0_pre4/src/FourTop/hua/combine/combinationV20/run2_1tau0l_v4_unblind/workspace/datacard.root
>> combine -M MultiDimFit -n _paramFit_Test_CMS_scale_j_FlavorPureQuark --algo impact --redefineSignalPOIs r -P CMS_scale_j_FlavorPureQuark --floatOtherPOIs 1 --saveInactivePOI 1 --robustFit 1 -m 125 -d /workfs2/cms/huahuil/CMSSW_14_1_0_pre4/src/FourTop/hua/combine/combinationV20/run2_1tau0l_v4_unblind/workspace/datacard.root
>> combine -M MultiDimFit -n _paramFit_Test_CMS_scale_j_Fragmentation --algo impact --redefineSignalPOIs r -P CMS_scale_j_Fragmentation --floatOtherPOIs 1 --saveInactivePOI 1 --robustFit 1 -m 125 -d /workfs2/cms/huahuil/CMSSW_14_1_0_pre4/src/FourTop/hua/combine/combinationV20/run2_1tau0l_v4_unblind/workspace/datacard.root
>> combine -M MultiDimFit -n _paramFit_Test_CMS_scale_j_PileUpDataMC --algo impact --redefineSignalPOIs r -P CMS_scale_j_PileUpDataMC --floatOtherPOIs 1 --saveInactivePOI 1 --robustFit 1 -m 125 -d /workfs2/cms/huahuil/CMSSW_14_1_0_pre4/src/FourTop/hua/combine/combinationV20/run2_1tau0l_v4_unblind/workspace/datacard.root
>> combine -M MultiDimFit -n _paramFit_Test_CMS_scale_j_PileUpPtBB --algo impact --redefineSignalPOIs r -P CMS_scale_j_PileUpPtBB --floatOtherPOIs 1 --saveInactivePOI 1 --robustFit 1 -m 125 -d /workfs2/cms/huahuil/CMSSW_14_1_0_pre4/src/FourTop/hua/combine/combinationV20/run2_1tau0l_v4_unblind/workspace/datacard.root
>> combine -M MultiDimFit -n _paramFit_Test_CMS_scale_j_PileUpPtEC1 --algo impact --redefineSignalPOIs r -P CMS_scale_j_PileUpPtEC1 --floatOtherPOIs 1 --saveInactivePOI 1 --robustFit 1 -m 125 -d /workfs2/cms/huahuil/CMSSW_14_1_0_pre4/src/FourTop/hua/combine/combinationV20/run2_1tau0l_v4_unblind/workspace/datacard.root
>> combine -M MultiDimFit -n _paramFit_Test_CMS_scale_j_PileUpPtEC2 --algo impact --redefineSignalPOIs r -P CMS_scale_j_PileUpPtEC2 --floatOtherPOIs 1 --saveInactivePOI 1 --robustFit 1 -m 125 -d /workfs2/cms/huahuil/CMSSW_14_1_0_pre4/src/FourTop/hua/combine/combinationV20/run2_1tau0l_v4_unblind/workspace/datacard.root
>> combine -M MultiDimFit -n _paramFit_Test_CMS_scale_j_RelativePtEC1_2017 --algo impact --redefineSignalPOIs r -P CMS_scale_j_RelativePtEC1_2017 --floatOtherPOIs 1 --saveInactivePOI 1 --robustFit 1 -m 125 -d /workfs2/cms/huahuil/CMSSW_14_1_0_pre4/src/FourTop/hua/combine/combinationV20/run2_1tau0l_v4_unblind/workspace/datacard.root
>> combine -M MultiDimFit -n _paramFit_Test_CMS_scale_j_RelativePtEC1_2018 --algo impact --redefineSignalPOIs r -P CMS_scale_j_RelativePtEC1_2018 --floatOtherPOIs 1 --saveInactivePOI 1 --robustFit 1 -m 125 -d /workfs2/cms/huahuil/CMSSW_14_1_0_pre4/src/FourTop/hua/combine/combinationV20/run2_1tau0l_v4_unblind/workspace/datacard.root
>> combine -M MultiDimFit -n _paramFit_Test_CMS_scale_j_RelativePtEC2_2016postVFP --algo impact --redefineSignalPOIs r -P CMS_scale_j_RelativePtEC2_2016postVFP --floatOtherPOIs 1 --saveInactivePOI 1 --robustFit 1 -m 125 -d /workfs2/cms/huahuil/CMSSW_14_1_0_pre4/src/FourTop/hua/combine/combinationV20/run2_1tau0l_v4_unblind/workspace/datacard.root
>> combine -M MultiDimFit -n _paramFit_Test_CMS_scale_j_RelativePtEC2_2016preVFP --algo impact --redefineSignalPOIs r -P CMS_scale_j_RelativePtEC2_2016preVFP --floatOtherPOIs 1 --saveInactivePOI 1 --robustFit 1 -m 125 -d /workfs2/cms/huahuil/CMSSW_14_1_0_pre4/src/FourTop/hua/combine/combinationV20/run2_1tau0l_v4_unblind/workspace/datacard.root
>> combine -M MultiDimFit -n _paramFit_Test_CMS_scale_j_RelativePtEC2_2017 --algo impact --redefineSignalPOIs r -P CMS_scale_j_RelativePtEC2_2017 --floatOtherPOIs 1 --saveInactivePOI 1 --robustFit 1 -m 125 -d /workfs2/cms/huahuil/CMSSW_14_1_0_pre4/src/FourTop/hua/combine/combinationV20/run2_1tau0l_v4_unblind/workspace/datacard.root
>> combine -M MultiDimFit -n _paramFit_Test_CMS_scale_j_RelativePtEC2_2018 --algo impact --redefineSignalPOIs r -P CMS_scale_j_RelativePtEC2_2018 --floatOtherPOIs 1 --saveInactivePOI 1 --robustFit 1 -m 125 -d /workfs2/cms/huahuil/CMSSW_14_1_0_pre4/src/FourTop/hua/combine/combinationV20/run2_1tau0l_v4_unblind/workspace/datacard.root
>> combine -M MultiDimFit -n _paramFit_Test_CMS_scale_j_RelativePtHF --algo impact --redefineSignalPOIs r -P CMS_scale_j_RelativePtHF --floatOtherPOIs 1 --saveInactivePOI 1 --robustFit 1 -m 125 -d /workfs2/cms/huahuil/CMSSW_14_1_0_pre4/src/FourTop/hua/combine/combinationV20/run2_1tau0l_v4_unblind/workspace/datacard.root
>> combine -M MultiDimFit -n _paramFit_Test_CMS_scale_j_RelativeSample_2016postVFP --algo impact --redefineSignalPOIs r -P CMS_scale_j_RelativeSample_2016postVFP --floatOtherPOIs 1 --saveInactivePOI 1 --robustFit 1 -m 125 -d /workfs2/cms/huahuil/CMSSW_14_1_0_pre4/src/FourTop/hua/combine/combinationV20/run2_1tau0l_v4_unblind/workspace/datacard.root
 <<< Combine >>> 
 <<< v10.1.0 >>>
>>> Random number generator seed is 123456
>>> Method used is MultiDimFit
  Parameter       :   Best-fit               r            
  QCDscale_fac_tt :   -0.308  -0.939/+0.969  -0.378/+0.399
Done in 0.85 min (cpu), 0.98 min (real)
 <<< Combine >>> 
 <<< v10.1.0 >>>
>>> Random number generator seed is 123456
>>> Method used is MultiDimFit
Doing initial fit: 

 --- MultiDimFit ---
Parameter impacts: 
Doing initial fit: 
  Parameter                                    :   Best-fit               r            
  CMS_scale_t_DeepTau2017v2p1_DM11_genTau_2016 :   +0.003  -1.013/+1.008  +0.018/+0.019
Done in 0.75 min (cpu), 0.87 min (real)
>> combine -M MultiDimFit -n _paramFit_Test_CMS_TOP24017_eff_trigger_stats_2016postVFP --algo impact --redefineSignalPOIs r -P CMS_TOP24017_eff_trigger_stats_2016postVFP --floatOtherPOIs 1 --saveInactivePOI 1 --robustFit 1 -m 125 -d /workfs2/cms/huahuil/CMSSW_14_1_0_pre4/src/FourTop/hua/combine/combinationV20/run2_1tau0l_v4_unblind/workspace/datacard.root
>> combine -M MultiDimFit -n _paramFit_Test_CMS_TOP24017_eff_trigger_stats_2016preVFP --algo impact --redefineSignalPOIs r -P CMS_TOP24017_eff_trigger_stats_2016preVFP --floatOtherPOIs 1 --saveInactivePOI 1 --robustFit 1 -m 125 -d /workfs2/cms/huahuil/CMSSW_14_1_0_pre4/src/FourTop/hua/combine/combinationV20/run2_1tau0l_v4_unblind/workspace/datacard.root
>> combine -M MultiDimFit -n _paramFit_Test_CMS_TOP24017_eff_trigger_stats_2017 --algo impact --redefineSignalPOIs r -P CMS_TOP24017_eff_trigger_stats_2017 --floatOtherPOIs 1 --saveInactivePOI 1 --robustFit 1 -m 125 -d /workfs2/cms/huahuil/CMSSW_14_1_0_pre4/src/FourTop/hua/combine/combinationV20/run2_1tau0l_v4_unblind/workspace/datacard.root
>> combine -M MultiDimFit -n _paramFit_Test_CMS_TOP24017_eff_trigger_stats_2018 --algo impact --redefineSignalPOIs r -P CMS_TOP24017_eff_trigger_stats_2018 --floatOtherPOIs 1 --saveInactivePOI 1 --robustFit 1 -m 125 -d /workfs2/cms/huahuil/CMSSW_14_1_0_pre4/src/FourTop/hua/combine/combinationV20/run2_1tau0l_v4_unblind/workspace/datacard.root
>> combine -M MultiDimFit -n _paramFit_Test_CMS_TOP24017_norm_WJets --algo impact --redefineSignalPOIs r -P CMS_TOP24017_norm_WJets --floatOtherPOIs 1 --saveInactivePOI 1 --robustFit 1 -m 125 -d /workfs2/cms/huahuil/CMSSW_14_1_0_pre4/src/FourTop/hua/combine/combinationV20/run2_1tau0l_v4_unblind/workspace/datacard.root
>> combine -M MultiDimFit -n _paramFit_Test_CMS_TOP24017_norm_singleTop --algo impact --redefineSignalPOIs r -P CMS_TOP24017_norm_singleTop --floatOtherPOIs 1 --saveInactivePOI 1 --robustFit 1 -m 125 -d /workfs2/cms/huahuil/CMSSW_14_1_0_pre4/src/FourTop/hua/combine/combinationV20/run2_1tau0l_v4_unblind/workspace/datacard.root
>> combine -M MultiDimFit -n _paramFit_Test_CMS_TOP24017_norm_tt --algo impact --redefineSignalPOIs r -P CMS_TOP24017_norm_tt --floatOtherPOIs 1 --saveInactivePOI 1 --robustFit 1 -m 125 -d /workfs2/cms/huahuil/CMSSW_14_1_0_pre4/src/FourTop/hua/combine/combinationV20/run2_1tau0l_v4_unblind/workspace/datacard.root
>> combine -M MultiDimFit -n _paramFit_Test_CMS_TOP24017_norm_ttH --algo impact --redefineSignalPOIs r -P CMS_TOP24017_norm_ttH --floatOtherPOIs 1 --saveInactivePOI 1 --robustFit 1 -m 125 -d /workfs2/cms/huahuil/CMSSW_14_1_0_pre4/src/FourTop/hua/combine/combinationV20/run2_1tau0l_v4_unblind/workspace/datacard.root
>> combine -M MultiDimFit -n _paramFit_Test_CMS_fake_t_DeepTau2017v2p1_VSe --algo impact --redefineSignalPOIs r -P CMS_fake_t_DeepTau2017v2p1_VSe --floatOtherPOIs 1 --saveInactivePOI 1 --robustFit 1 -m 125 -d /workfs2/cms/huahuil/CMSSW_14_1_0_pre4/src/FourTop/hua/combine/combinationV20/run2_1tau0l_v4_unblind/workspace/datacard.root
>> combine -M MultiDimFit -n _paramFit_Test_CMS_fake_t_DeepTau2017v2p1_VSmu --algo impact --redefineSignalPOIs r -P CMS_fake_t_DeepTau2017v2p1_VSmu --floatOtherPOIs 1 --saveInactivePOI 1 --robustFit 1 -m 125 -d /workfs2/cms/huahuil/CMSSW_14_1_0_pre4/src/FourTop/hua/combine/combinationV20/run2_1tau0l_v4_unblind/workspace/datacard.root
>> combine -M MultiDimFit -n _paramFit_Test_CMS_l1_ecal_prefiring_2016 --algo impact --redefineSignalPOIs r -P CMS_l1_ecal_prefiring_2016 --floatOtherPOIs 1 --saveInactivePOI 1 --robustFit 1 -m 125 -d /workfs2/cms/huahuil/CMSSW_14_1_0_pre4/src/FourTop/hua/combine/combinationV20/run2_1tau0l_v4_unblind/workspace/datacard.root
>> combine -M MultiDimFit -n _paramFit_Test_CMS_l1_ecal_prefiring_2017 --algo impact --redefineSignalPOIs r -P CMS_l1_ecal_prefiring_2017 --floatOtherPOIs 1 --saveInactivePOI 1 --robustFit 1 -m 125 -d /workfs2/cms/huahuil/CMSSW_14_1_0_pre4/src/FourTop/hua/combine/combinationV20/run2_1tau0l_v4_unblind/workspace/datacard.root
>> combine -M MultiDimFit -n _paramFit_Test_CMS_pileup --algo impact --redefineSignalPOIs r -P CMS_pileup --floatOtherPOIs 1 --saveInactivePOI 1 --robustFit 1 -m 125 -d /workfs2/cms/huahuil/CMSSW_14_1_0_pre4/src/FourTop/hua/combine/combinationV20/run2_1tau0l_v4_unblind/workspace/datacard.root
>> combine -M MultiDimFit -n _paramFit_Test_CMS_res_j_2016postVFP --algo impact --redefineSignalPOIs r -P CMS_res_j_2016postVFP --floatOtherPOIs 1 --saveInactivePOI 1 --robustFit 1 -m 125 -d /workfs2/cms/huahuil/CMSSW_14_1_0_pre4/src/FourTop/hua/combine/combinationV20/run2_1tau0l_v4_unblind/workspace/datacard.root
>> combine -M MultiDimFit -n _paramFit_Test_CMS_res_j_2016preVFP --algo impact --redefineSignalPOIs r -P CMS_res_j_2016preVFP --floatOtherPOIs 1 --saveInactivePOI 1 --robustFit 1 -m 125 -d /workfs2/cms/huahuil/CMSSW_14_1_0_pre4/src/FourTop/hua/combine/combinationV20/run2_1tau0l_v4_unblind/workspace/datacard.root
>> combine -M MultiDimFit -n _paramFit_Test_CMS_res_j_2017 --algo impact --redefineSignalPOIs r -P CMS_res_j_2017 --floatOtherPOIs 1 --saveInactivePOI 1 --robustFit 1 -m 125 -d /workfs2/cms/huahuil/CMSSW_14_1_0_pre4/src/FourTop/hua/combine/combinationV20/run2_1tau0l_v4_unblind/workspace/datacard.root
>> combine -M MultiDimFit -n _paramFit_Test_CMS_scale_met_unclustered_energy_2018 --algo impact --redefineSignalPOIs r -P CMS_scale_met_unclustered_energy_2018 --floatOtherPOIs 1 --saveInactivePOI 1 --robustFit 1 -m 125 -d /workfs2/cms/huahuil/CMSSW_14_1_0_pre4/src/FourTop/hua/combine/combinationV20/run2_1tau0l_v4_unblind/workspace/datacard.root
>> combine -M MultiDimFit -n _paramFit_Test_CMS_scale_t_DeepTau2017v2p1_DM0_genTau_2016 --algo impact --redefineSignalPOIs r -P CMS_scale_t_DeepTau2017v2p1_DM0_genTau_2016 --floatOtherPOIs 1 --saveInactivePOI 1 --robustFit 1 -m 125 -d /workfs2/cms/huahuil/CMSSW_14_1_0_pre4/src/FourTop/hua/combine/combinationV20/run2_1tau0l_v4_unblind/workspace/datacard.root
>> combine -M MultiDimFit -n _paramFit_Test_CMS_scale_t_DeepTau2017v2p1_DM0_genTau_2017 --algo impact --redefineSignalPOIs r -P CMS_scale_t_DeepTau2017v2p1_DM0_genTau_2017 --floatOtherPOIs 1 --saveInactivePOI 1 --robustFit 1 -m 125 -d /workfs2/cms/huahuil/CMSSW_14_1_0_pre4/src/FourTop/hua/combine/combinationV20/run2_1tau0l_v4_unblind/workspace/datacard.root
>> combine -M MultiDimFit -n _paramFit_Test_CMS_scale_t_DeepTau2017v2p1_DM0_genTau_2018 --algo impact --redefineSignalPOIs r -P CMS_scale_t_DeepTau2017v2p1_DM0_genTau_2018 --floatOtherPOIs 1 --saveInactivePOI 1 --robustFit 1 -m 125 -d /workfs2/cms/huahuil/CMSSW_14_1_0_pre4/src/FourTop/hua/combine/combinationV20/run2_1tau0l_v4_unblind/workspace/datacard.root
>> combine -M MultiDimFit -n _paramFit_Test_CMS_scale_t_DeepTau2017v2p1_DM10_genTau_2016 --algo impact --redefineSignalPOIs r -P CMS_scale_t_DeepTau2017v2p1_DM10_genTau_2016 --floatOtherPOIs 1 --saveInactivePOI 1 --robustFit 1 -m 125 -d /workfs2/cms/huahuil/CMSSW_14_1_0_pre4/src/FourTop/hua/combine/combinationV20/run2_1tau0l_v4_unblind/workspace/datacard.root
>> combine -M MultiDimFit -n _paramFit_Test_CMS_scale_t_DeepTau2017v2p1_DM10_genTau_2017 --algo impact --redefineSignalPOIs r -P CMS_scale_t_DeepTau2017v2p1_DM10_genTau_2017 --floatOtherPOIs 1 --saveInactivePOI 1 --robustFit 1 -m 125 -d /workfs2/cms/huahuil/CMSSW_14_1_0_pre4/src/FourTop/hua/combine/combinationV20/run2_1tau0l_v4_unblind/workspace/datacard.root
>> combine -M MultiDimFit -n _paramFit_Test_CMS_scale_t_DeepTau2017v2p1_DM10_genTau_2018 --algo impact --redefineSignalPOIs r -P CMS_scale_t_DeepTau2017v2p1_DM10_genTau_2018 --floatOtherPOIs 1 --saveInactivePOI 1 --robustFit 1 -m 125 -d /workfs2/cms/huahuil/CMSSW_14_1_0_pre4/src/FourTop/hua/combine/combinationV20/run2_1tau0l_v4_unblind/workspace/datacard.root
>> combine -M MultiDimFit -n _paramFit_Test_CMS_scale_t_DeepTau2017v2p1_DM11_genTau_2016 --algo impact --redefineSignalPOIs r -P CMS_scale_t_DeepTau2017v2p1_DM11_genTau_2016 --floatOtherPOIs 1 --saveInactivePOI 1 --robustFit 1 -m 125 -d /workfs2/cms/huahuil/CMSSW_14_1_0_pre4/src/FourTop/hua/combine/combinationV20/run2_1tau0l_v4_unblind/workspace/datacard.root
 <<< Combine >>> 
 <<< v10.1.0 >>>
>>> Random number generator seed is 123456
>>> Method used is MultiDimFit
Doing initial fit: 
Doing initial fit: 

 --- MultiDimFit ---
Parameter impacts: 
  Parameter                         :   Best-fit               r            
  prop_binSR1tau0l_2016postVFP_bin4 :   +0.045  -0.948/+0.950  -0.049/+0.045
Done in 0.65 min (cpu), 0.65 min (real)
 <<< Combine >>> 
 <<< v10.1.0 >>>
>>> Random number generator seed is 123456
>>> Method used is MultiDimFit

 --- MultiDimFit ---
Parameter impacts: 
Doing initial fit: 

 --- MultiDimFit ---
Parameter impacts: 
  Parameter :   Best-fit               r            
  pdf_00    :   -0.069  -0.989/+1.001  +0.083/-0.032
Done in 0.79 min (cpu), 0.92 min (real)
 <<< Combine >>> 
 <<< v10.1.0 >>>
>>> Random number generator seed is 123456
>>> Method used is MultiDimFit
  Parameter :   Best-fit               r            
  lumi_2018 :   -0.011  -0.989/+0.990  +0.053/-0.052
Done in 0.72 min (cpu), 0.72 min (real)
>> combine -M MultiDimFit -n _paramFit_Test_CMS_eff_t_DeepTau2017v2p1_VSjet_dm_stat2_DM0_2016preVFP --algo impact --redefineSignalPOIs r -P CMS_eff_t_DeepTau2017v2p1_VSjet_dm_stat2_DM0_2016preVFP --floatOtherPOIs 1 --saveInactivePOI 1 --robustFit 1 -m 125 -d /workfs2/cms/huahuil/CMSSW_14_1_0_pre4/src/FourTop/hua/combine/combinationV20/run2_1tau0l_v4_unblind/workspace/datacard.root
>> combine -M MultiDimFit -n _paramFit_Test_CMS_eff_t_DeepTau2017v2p1_VSjet_dm_stat2_DM0_2017 --algo impact --redefineSignalPOIs r -P CMS_eff_t_DeepTau2017v2p1_VSjet_dm_stat2_DM0_2017 --floatOtherPOIs 1 --saveInactivePOI 1 --robustFit 1 -m 125 -d /workfs2/cms/huahuil/CMSSW_14_1_0_pre4/src/FourTop/hua/combine/combinationV20/run2_1tau0l_v4_unblind/workspace/datacard.root
>> combine -M MultiDimFit -n _paramFit_Test_CMS_eff_t_DeepTau2017v2p1_VSjet_dm_stat2_DM0_2018 --algo impact --redefineSignalPOIs r -P CMS_eff_t_DeepTau2017v2p1_VSjet_dm_stat2_DM0_2018 --floatOtherPOIs 1 --saveInactivePOI 1 --robustFit 1 -m 125 -d /workfs2/cms/huahuil/CMSSW_14_1_0_pre4/src/FourTop/hua/combine/combinationV20/run2_1tau0l_v4_unblind/workspace/datacard.root
>> combine -M MultiDimFit -n _paramFit_Test_CMS_eff_t_DeepTau2017v2p1_VSjet_dm_stat2_DM10_2016postVFP --algo impact --redefineSignalPOIs r -P CMS_eff_t_DeepTau2017v2p1_VSjet_dm_stat2_DM10_2016postVFP --floatOtherPOIs 1 --saveInactivePOI 1 --robustFit 1 -m 125 -d /workfs2/cms/huahuil/CMSSW_14_1_0_pre4/src/FourTop/hua/combine/combinationV20/run2_1tau0l_v4_unblind/workspace/datacard.root
>> combine -M MultiDimFit -n _paramFit_Test_CMS_eff_t_DeepTau2017v2p1_VSjet_dm_stat2_DM10_2016preVFP --algo impact --redefineSignalPOIs r -P CMS_eff_t_DeepTau2017v2p1_VSjet_dm_stat2_DM10_2016preVFP --floatOtherPOIs 1 --saveInactivePOI 1 --robustFit 1 -m 125 -d /workfs2/cms/huahuil/CMSSW_14_1_0_pre4/src/FourTop/hua/combine/combinationV20/run2_1tau0l_v4_unblind/workspace/datacard.root
>> combine -M MultiDimFit -n _paramFit_Test_CMS_eff_t_DeepTau2017v2p1_VSjet_dm_stat2_DM10_2017 --algo impact --redefineSignalPOIs r -P CMS_eff_t_DeepTau2017v2p1_VSjet_dm_stat2_DM10_2017 --floatOtherPOIs 1 --saveInactivePOI 1 --robustFit 1 -m 125 -d /workfs2/cms/huahuil/CMSSW_14_1_0_pre4/src/FourTop/hua/combine/combinationV20/run2_1tau0l_v4_unblind/workspace/datacard.root
>> combine -M MultiDimFit -n _paramFit_Test_CMS_eff_t_DeepTau2017v2p1_VSjet_dm_stat2_DM10_2018 --algo impact --redefineSignalPOIs r -P CMS_eff_t_DeepTau2017v2p1_VSjet_dm_stat2_DM10_2018 --floatOtherPOIs 1 --saveInactivePOI 1 --robustFit 1 -m 125 -d /workfs2/cms/huahuil/CMSSW_14_1_0_pre4/src/FourTop/hua/combine/combinationV20/run2_1tau0l_v4_unblind/workspace/datacard.root
>> combine -M MultiDimFit -n _paramFit_Test_CMS_eff_t_DeepTau2017v2p1_VSjet_dm_stat2_DM11_2016postVFP --algo impact --redefineSignalPOIs r -P CMS_eff_t_DeepTau2017v2p1_VSjet_dm_stat2_DM11_2016postVFP --floatOtherPOIs 1 --saveInactivePOI 1 --robustFit 1 -m 125 -d /workfs2/cms/huahuil/CMSSW_14_1_0_pre4/src/FourTop/hua/combine/combinationV20/run2_1tau0l_v4_unblind/workspace/datacard.root
>> combine -M MultiDimFit -n _paramFit_Test_CMS_scale_j_RelativeJEREC2_2016postVFP --algo impact --redefineSignalPOIs r -P CMS_scale_j_RelativeJEREC2_2016postVFP --floatOtherPOIs 1 --saveInactivePOI 1 --robustFit 1 -m 125 -d /workfs2/cms/huahuil/CMSSW_14_1_0_pre4/src/FourTop/hua/combine/combinationV20/run2_1tau0l_v4_unblind/workspace/datacard.root
>> combine -M MultiDimFit -n _paramFit_Test_CMS_scale_j_RelativeJEREC2_2016preVFP --algo impact --redefineSignalPOIs r -P CMS_scale_j_RelativeJEREC2_2016preVFP --floatOtherPOIs 1 --saveInactivePOI 1 --robustFit 1 -m 125 -d /workfs2/cms/huahuil/CMSSW_14_1_0_pre4/src/FourTop/hua/combine/combinationV20/run2_1tau0l_v4_unblind/workspace/datacard.root
>> combine -M MultiDimFit -n _paramFit_Test_CMS_scale_j_RelativeJEREC2_2017 --algo impact --redefineSignalPOIs r -P CMS_scale_j_RelativeJEREC2_2017 --floatOtherPOIs 1 --saveInactivePOI 1 --robustFit 1 -m 125 -d /workfs2/cms/huahuil/CMSSW_14_1_0_pre4/src/FourTop/hua/combine/combinationV20/run2_1tau0l_v4_unblind/workspace/datacard.root
>> combine -M MultiDimFit -n _paramFit_Test_CMS_scale_j_RelativeJEREC2_2018 --algo impact --redefineSignalPOIs r -P CMS_scale_j_RelativeJEREC2_2018 --floatOtherPOIs 1 --saveInactivePOI 1 --robustFit 1 -m 125 -d /workfs2/cms/huahuil/CMSSW_14_1_0_pre4/src/FourTop/hua/combine/combinationV20/run2_1tau0l_v4_unblind/workspace/datacard.root
>> combine -M MultiDimFit -n _paramFit_Test_CMS_scale_j_RelativeJERHF --algo impact --redefineSignalPOIs r -P CMS_scale_j_RelativeJERHF --floatOtherPOIs 1 --saveInactivePOI 1 --robustFit 1 -m 125 -d /workfs2/cms/huahuil/CMSSW_14_1_0_pre4/src/FourTop/hua/combine/combinationV20/run2_1tau0l_v4_unblind/workspace/datacard.root
>> combine -M MultiDimFit -n _paramFit_Test_CMS_scale_j_RelativePtBB --algo impact --redefineSignalPOIs r -P CMS_scale_j_RelativePtBB --floatOtherPOIs 1 --saveInactivePOI 1 --robustFit 1 -m 125 -d /workfs2/cms/huahuil/CMSSW_14_1_0_pre4/src/FourTop/hua/combine/combinationV20/run2_1tau0l_v4_unblind/workspace/datacard.root
>> combine -M MultiDimFit -n _paramFit_Test_CMS_scale_j_RelativePtEC1_2016postVFP --algo impact --redefineSignalPOIs r -P CMS_scale_j_RelativePtEC1_2016postVFP --floatOtherPOIs 1 --saveInactivePOI 1 --robustFit 1 -m 125 -d /workfs2/cms/huahuil/CMSSW_14_1_0_pre4/src/FourTop/hua/combine/combinationV20/run2_1tau0l_v4_unblind/workspace/datacard.root
>> combine -M MultiDimFit -n _paramFit_Test_CMS_scale_j_RelativePtEC1_2016preVFP --algo impact --redefineSignalPOIs r -P CMS_scale_j_RelativePtEC1_2016preVFP --floatOtherPOIs 1 --saveInactivePOI 1 --robustFit 1 -m 125 -d /workfs2/cms/huahuil/CMSSW_14_1_0_pre4/src/FourTop/hua/combine/combinationV20/run2_1tau0l_v4_unblind/workspace/datacard.root
>> combine -M MultiDimFit -n _paramFit_Test_QCDscale_ren_ttW --algo impact --redefineSignalPOIs r -P QCDscale_ren_ttW --floatOtherPOIs 1 --saveInactivePOI 1 --robustFit 1 -m 125 -d /workfs2/cms/huahuil/CMSSW_14_1_0_pre4/src/FourTop/hua/combine/combinationV20/run2_1tau0l_v4_unblind/workspace/datacard.root
>> combine -M MultiDimFit -n _paramFit_Test_QCDscale_ren_ttZ --algo impact --redefineSignalPOIs r -P QCDscale_ren_ttZ --floatOtherPOIs 1 --saveInactivePOI 1 --robustFit 1 -m 125 -d /workfs2/cms/huahuil/CMSSW_14_1_0_pre4/src/FourTop/hua/combine/combinationV20/run2_1tau0l_v4_unblind/workspace/datacard.root
>> combine -M MultiDimFit -n _paramFit_Test_QCDscale_ren_tttt --algo impact --redefineSignalPOIs r -P QCDscale_ren_tttt --floatOtherPOIs 1 --saveInactivePOI 1 --robustFit 1 -m 125 -d /workfs2/cms/huahuil/CMSSW_14_1_0_pre4/src/FourTop/hua/combine/combinationV20/run2_1tau0l_v4_unblind/workspace/datacard.root
>> combine -M MultiDimFit -n _paramFit_Test_lumi_13TeV_1718 --algo impact --redefineSignalPOIs r -P lumi_13TeV_1718 --floatOtherPOIs 1 --saveInactivePOI 1 --robustFit 1 -m 125 -d /workfs2/cms/huahuil/CMSSW_14_1_0_pre4/src/FourTop/hua/combine/combinationV20/run2_1tau0l_v4_unblind/workspace/datacard.root
>> combine -M MultiDimFit -n _paramFit_Test_lumi_13TeV_correlated --algo impact --redefineSignalPOIs r -P lumi_13TeV_correlated --floatOtherPOIs 1 --saveInactivePOI 1 --robustFit 1 -m 125 -d /workfs2/cms/huahuil/CMSSW_14_1_0_pre4/src/FourTop/hua/combine/combinationV20/run2_1tau0l_v4_unblind/workspace/datacard.root
>> combine -M MultiDimFit -n _paramFit_Test_lumi_2016 --algo impact --redefineSignalPOIs r -P lumi_2016 --floatOtherPOIs 1 --saveInactivePOI 1 --robustFit 1 -m 125 -d /workfs2/cms/huahuil/CMSSW_14_1_0_pre4/src/FourTop/hua/combine/combinationV20/run2_1tau0l_v4_unblind/workspace/datacard.root
>> combine -M MultiDimFit -n _paramFit_Test_lumi_2017 --algo impact --redefineSignalPOIs r -P lumi_2017 --floatOtherPOIs 1 --saveInactivePOI 1 --robustFit 1 -m 125 -d /workfs2/cms/huahuil/CMSSW_14_1_0_pre4/src/FourTop/hua/combine/combinationV20/run2_1tau0l_v4_unblind/workspace/datacard.root
>> combine -M MultiDimFit -n _paramFit_Test_lumi_2018 --algo impact --redefineSignalPOIs r -P lumi_2018 --floatOtherPOIs 1 --saveInactivePOI 1 --robustFit 1 -m 125 -d /workfs2/cms/huahuil/CMSSW_14_1_0_pre4/src/FourTop/hua/combine/combinationV20/run2_1tau0l_v4_unblind/workspace/datacard.root
 <<< Combine >>> 
 <<< v10.1.0 >>>
>>> Random number generator seed is 123456
>>> Method used is MultiDimFit
Doing initial fit: 
Doing initial fit: 

 --- MultiDimFit ---
Parameter impacts: 
  Parameter                         :   Best-fit               r            
  prop_binSR1tau0l_2016preVFP_bin10 :   -0.104  -0.960/+0.961  -0.014/+0.021
Done in 0.60 min (cpu), 0.60 min (real)
 <<< Combine >>> 
 <<< v10.1.0 >>>
>>> Random number generator seed is 123456
>>> Method used is MultiDimFit

 --- MultiDimFit ---
Parameter impacts: 

 --- MultiDimFit ---
Parameter impacts: 
  Parameter                        :   Best-fit               r            
  prop_binSR1tau0l_2016preVFP_bin8 :   +0.136  -0.951/+0.953  -0.095/+0.093
Done in 0.59 min (cpu), 0.59 min (real)
 <<< Combine >>> 
 <<< v10.1.0 >>>
>>> Random number generator seed is 123456
>>> Method used is MultiDimFit
Doing initial fit: 
  Parameter                   :   Best-fit               r            
  prop_binSR1tau0l_2018_bin10 :   -0.042  -0.961/+0.961  +0.002/+0.002
Done in 0.58 min (cpu), 0.58 min (real)
 <<< Combine >>> 
 <<< v10.1.0 >>>
>>> Random number generator seed is 123456
>>> Method used is MultiDimFit
Doing initial fit: 

 --- MultiDimFit ---
Parameter impacts: 
Doing initial fit: 
  Parameter                  :   Best-fit               r            
  prop_binSR1tau0l_2018_bin8 :   +0.205  -0.952/+0.953  -0.112/+0.112
Done in 0.62 min (cpu), 0.63 min (real)
 <<< Combine >>> 
 <<< v10.1.0 >>>
>>> Random number generator seed is 123456
>>> Method used is MultiDimFit

 --- MultiDimFit ---
Parameter impacts: 
Doing initial fit: 

 --- MultiDimFit ---
Parameter impacts: 
  Parameter                  :   Best-fit               r            
  prop_binSR1tau0l_2017_bin4 :   -0.272  -0.950/+0.952  -0.052/+0.048
Done in 0.78 min (cpu), 0.79 min (real)
 <<< Combine >>> 
 <<< v10.1.0 >>>
>>> Random number generator seed is 123456
>>> Method used is MultiDimFit
  Parameter                         :   Best-fit               r            
  prop_binSR1tau0l_2016postVFP_bin5 :   -0.168  -0.953/+0.955  -0.074/+0.043
Done in 0.52 min (cpu), 0.52 min (real)
 <<< Combine >>> 
 <<< v10.1.0 >>>
>>> Random number generator seed is 123456
>>> Method used is MultiDimFit
Doing initial fit: 
Doing initial fit: 

 --- MultiDimFit ---
Parameter impacts: 

 --- MultiDimFit ---
Parameter impacts: 

 --- MultiDimFit ---
Parameter impacts: 
  Parameter                         :   Best-fit               r            
  prop_binSR1tau0l_2016preVFP_bin11 :   -0.018  -0.971/+0.971  +0.374/-0.345
Done in 0.55 min (cpu), 0.56 min (real)
 <<< Combine >>> 
 <<< v10.1.0 >>>
>>> Random number generator seed is 123456
>>> Method used is MultiDimFit
  Parameter  :   Best-fit               r            
  pdf_alphas :   -0.014  -0.997/+0.998  -0.031/+0.011
Done in 0.79 min (cpu), 0.79 min (real)
 <<< Combine >>> 
 <<< v10.1.0 >>>
>>> Random number generator seed is 123456
>>> Method used is MultiDimFit
  Parameter  :   Best-fit               r            
  ps_isr_ttZ :   +0.001  -0.994/+0.994  -0.004/+0.003
Done in 0.76 min (cpu), 0.77 min (real)
 <<< Combine >>> 
 <<< v10.1.0 >>>
>>> Random number generator seed is 123456
>>> Method used is MultiDimFit
Doing initial fit: 
Doing initial fit: 
Doing initial fit: 

 --- MultiDimFit ---
Parameter impacts: 
  Parameter                        :   Best-fit               r            
  prop_binSR1tau0l_2016preVFP_bin9 :   +0.213  -0.952/+0.953  -0.122/+0.121
Done in 0.70 min (cpu), 0.70 min (real)
 <<< Combine >>> 
 <<< v10.1.0 >>>
>>> Random number generator seed is 123456
>>> Method used is MultiDimFit
Doing initial fit: 

 --- MultiDimFit ---
Parameter impacts: 

 --- MultiDimFit ---
Parameter impacts: 
  Parameter                   :   Best-fit               r            
  prop_binSR1tau0l_2018_bin11 :   +0.060  -0.979/+0.977  +0.569/-0.539
Done in 0.75 min (cpu), 0.76 min (real)
 <<< Combine >>> 
 <<< v10.1.0 >>>
>>> Random number generator seed is 123456
>>> Method used is MultiDimFit
  Parameter                  :   Best-fit               r            
  prop_binSR1tau0l_2017_bin5 :   -0.297  -0.955/+0.956  -0.066/+0.065
Done in 0.58 min (cpu), 0.58 min (real)
 <<< Combine >>> 
 <<< v10.1.0 >>>
>>> Random number generator seed is 123456
>>> Method used is MultiDimFit
Doing initial fit: 

 --- MultiDimFit ---
Parameter impacts: 
Doing initial fit: 
  Parameter                  :   Best-fit               r            
  prop_binSR1tau0l_2018_bin9 :   -0.217  -0.958/+0.959  -0.074/+0.076
Done in 0.78 min (cpu), 0.78 min (real)
 <<< Combine >>> 
 <<< v10.1.0 >>>
>>> Random number generator seed is 123456
>>> Method used is MultiDimFit

 --- MultiDimFit ---
Parameter impacts: 
Doing initial fit: 
  Parameter                         :   Best-fit               r            
  prop_binSR1tau0l_2016postVFP_bin6 :   +0.159  -0.947/+0.949  -0.097/+0.091
Done in 0.66 min (cpu), 0.66 min (real)
 <<< Combine >>> 
 <<< v10.1.0 >>>
>>> Random number generator seed is 123456
>>> Method used is MultiDimFit
Doing initial fit: 

 --- MultiDimFit ---
Parameter impacts: 

 --- MultiDimFit ---
Parameter impacts: 
  Parameter                        :   Best-fit               r            
  prop_binSR1tau0l_2016preVFP_bin2 :   -0.283  -0.936/+0.939  -0.029/+0.029
Done in 0.63 min (cpu), 0.63 min (real)
 <<< Combine >>> 
 <<< v10.1.0 >>>
>>> Random number generator seed is 123456
>>> Method used is MultiDimFit
  Parameter   :   Best-fit               r            
  ps_isr_tttt :   +0.009  -0.992/+0.993  -0.178/+0.141
Done in 0.62 min (cpu), 0.62 min (real)
Doing initial fit: 

 --- MultiDimFit ---
Parameter impacts: 

 --- MultiDimFit ---
Parameter impacts: 
  Parameter                         :   Best-fit               r            
  prop_binSR1tau0l_2016postVFP_bin0 :   +0.126  -0.942/+0.945  +0.083/-0.082
Done in 0.73 min (cpu), 0.74 min (real)
 <<< Combine >>> 
 <<< v10.1.0 >>>
>>> Random number generator seed is 123456
>>> Method used is MultiDimFit
  Parameter                  :   Best-fit               r            
  prop_binSR1tau0l_2017_bin0 :   -0.075  -0.945/+0.947  +0.081/-0.076
Done in 0.61 min (cpu), 0.62 min (real)
 <<< Combine >>> 
 <<< v10.1.0 >>>
>>> Random number generator seed is 123456
>>> Method used is MultiDimFit
Doing initial fit: 
Doing initial fit: 

 --- MultiDimFit ---
Parameter impacts: 
  Parameter                  :   Best-fit               r            
  prop_binSR1tau0l_2018_bin2 :   -0.058  -0.942/+0.944  -0.063/+0.059
Done in 0.64 min (cpu), 0.64 min (real)
 <<< Combine >>> 
 <<< v10.1.0 >>>
>>> Random number generator seed is 123456
>>> Method used is MultiDimFit

 --- MultiDimFit ---
Parameter impacts: 
Doing initial fit: 
  Parameter                  :   Best-fit               r            
  prop_binSR1tau0l_2017_bin6 :   +0.062  -0.951/+0.953  -0.110/+0.106
Done in 0.69 min (cpu), 0.73 min (real)
 <<< Combine >>> 
 <<< v10.1.0 >>>
>>> Random number generator seed is 123456
>>> Method used is MultiDimFit
Doing initial fit: 

 --- MultiDimFit ---
Parameter impacts: 
  Parameter :   Best-fit               r            
  ps_fsr    :   +0.059  -0.920/+0.940  -0.760/+1.087
Done in 0.71 min (cpu), 0.75 min (real)
 <<< Combine >>> 
 <<< v10.1.0 >>>
>>> Random number generator seed is 123456
>>> Method used is MultiDimFit

 --- MultiDimFit ---
Parameter impacts: 
Doing initial fit: 
  Parameter                         :   Best-fit               r            
  prop_binSR1tau0l_2016postVFP_bin7 :   +0.020  -0.954/+0.956  -0.137/+0.132
Done in 0.65 min (cpu), 0.69 min (real)
 <<< Combine >>> 
 <<< v10.1.0 >>>
>>> Random number generator seed is 123456
>>> Method used is MultiDimFit
Doing initial fit: 

 --- MultiDimFit ---
Parameter impacts: 
  Parameter                        :   Best-fit               r            
  prop_binSR1tau0l_2016preVFP_bin3 :   +0.153  -0.938/+0.939  -0.048/+0.045
Done in 0.65 min (cpu), 0.69 min (real)
 <<< Combine >>> 
 <<< v10.1.0 >>>
>>> Random number generator seed is 123456
>>> Method used is MultiDimFit
Doing initial fit: 

 --- MultiDimFit ---
Parameter impacts: 

 --- MultiDimFit ---
Parameter impacts: 
  Parameter                         :   Best-fit               r            
  prop_binSR1tau0l_2016postVFP_bin1 :   -0.065  -0.945/+0.948  -0.019/+0.018
Done in 0.69 min (cpu), 0.74 min (real)
 <<< Combine >>> 
 <<< v10.1.0 >>>
>>> Random number generator seed is 123456
>>> Method used is MultiDimFit

 --- MultiDimFit ---
Parameter impacts: 
  Parameter                  :   Best-fit               r            
  prop_binSR1tau0l_2017_bin1 :   +0.063  -0.945/+0.946  -0.032/+0.031
Done in 0.66 min (cpu), 0.71 min (real)
 <<< Combine >>> 
 <<< v10.1.0 >>>
>>> Random number generator seed is 123456
>>> Method used is MultiDimFit
  Parameter                  :   Best-fit               r            
  prop_binSR1tau0l_2018_bin3 :   +0.014  -0.942/+0.944  -0.081/+0.078
Done in 0.58 min (cpu), 0.62 min (real)
 <<< Combine >>> 
 <<< v10.1.0 >>>
>>> Random number generator seed is 123456
>>> Method used is MultiDimFit
Doing initial fit: 
Doing initial fit: 

 --- MultiDimFit ---
Parameter impacts: 
Doing initial fit: 
  Parameter                  :   Best-fit               r            
  prop_binSR1tau0l_2017_bin7 :   +0.169  -0.953/+0.954  -0.112/+0.107
Done in 0.54 min (cpu), 0.55 min (real)
 <<< Combine >>> 
 <<< v10.1.0 >>>
>>> Random number generator seed is 123456
>>> Method used is MultiDimFit
Doing initial fit: 

 --- MultiDimFit ---
Parameter impacts: 
  Parameter                         :   Best-fit               r            
  prop_binSR1tau0l_2016postVFP_bin8 :   +0.307  -0.952/+0.954  -0.118/+0.114
Done in 0.49 min (cpu), 0.50 min (real)
 <<< Combine >>> 
 <<< v10.1.0 >>>
>>> Random number generator seed is 123456
>>> Method used is MultiDimFit
Doing initial fit: 

 --- MultiDimFit ---
Parameter impacts: 
  Parameter    :   Best-fit               r            
  ps_isr_WJets :   -0.003  -0.998/+0.998  +0.011/-0.011
Done in 0.70 min (cpu), 0.73 min (real)
 <<< Combine >>> 
 <<< v10.1.0 >>>
>>> Random number generator seed is 123456
>>> Method used is MultiDimFit
Doing initial fit: 

 --- MultiDimFit ---
Parameter impacts: 

 --- MultiDimFit ---
Parameter impacts: 
  Parameter                        :   Best-fit               r            
  prop_binSR1tau0l_2016preVFP_bin4 :   -0.137  -0.941/+0.944  -0.052/+0.051
Done in 0.75 min (cpu), 0.82 min (real)
 <<< Combine >>> 
 <<< v10.1.0 >>>
>>> Random number generator seed is 123456
>>> Method used is MultiDimFit
  Parameter                          :   Best-fit               r            
  prop_binSR1tau0l_2016postVFP_bin10 :   +0.048  -0.960/+0.961  -0.023/+0.033
Done in 0.60 min (cpu), 0.68 min (real)
 <<< Combine >>> 
 <<< v10.1.0 >>>
>>> Random number generator seed is 123456
>>> Method used is MultiDimFit

 --- MultiDimFit ---
Parameter impacts: 
Doing initial fit: 
Doing initial fit: 
  Parameter                  :   Best-fit               r            
  prop_binSR1tau0l_2018_bin4 :   -0.221  -0.948/+0.949  -0.092/+0.090
Done in 0.65 min (cpu), 0.72 min (real)
 <<< Combine >>> 
 <<< v10.1.0 >>>
>>> Random number generator seed is 123456
>>> Method used is MultiDimFit
Doing initial fit: 

 --- MultiDimFit ---
Parameter impacts: 

 --- MultiDimFit ---
Parameter impacts: 

 --- MultiDimFit ---
Parameter impacts: 
  Parameter                         :   Best-fit               r            
  prop_binSR1tau0l_2016postVFP_bin9 :   -0.155  -0.959/+0.961  -0.042/+0.059
Done in 0.62 min (cpu), 0.67 min (real)
 <<< Combine >>> 
 <<< v10.1.0 >>>
>>> Random number generator seed is 123456
>>> Method used is MultiDimFit
  Parameter                   :   Best-fit               r            
  prop_binSR1tau0l_2017_bin10 :   +0.446  -0.962/+0.963  -0.031/+0.033
Done in 0.86 min (cpu), 0.93 min (real)
 <<< Combine >>> 
 <<< v10.1.0 >>>
>>> Random number generator seed is 123456
>>> Method used is MultiDimFit
  Parameter                  :   Best-fit               r            
  prop_binSR1tau0l_2017_bin8 :   -0.186  -0.957/+0.958  -0.113/+0.111
Done in 0.78 min (cpu), 0.85 min (real)
 <<< Combine >>> 
 <<< v10.1.0 >>>
>>> Random number generator seed is 123456
>>> Method used is MultiDimFit
Doing initial fit: 
Doing initial fit: 
Doing initial fit: 

 --- MultiDimFit ---
Parameter impacts: 
  Parameter        :   Best-fit               r            
  ps_isr_singleTop :   +0.034  -0.983/+0.986  +0.011/+0.013
Done in 0.66 min (cpu), 0.70 min (real)
 <<< Combine >>> 
 <<< v10.1.0 >>>
>>> Random number generator seed is 123456
>>> Method used is MultiDimFit
Doing initial fit: 

 --- MultiDimFit ---
Parameter impacts: 
  Parameter                        :   Best-fit               r            
  prop_binSR1tau0l_2016preVFP_bin5 :   -0.149  -0.940/+0.943  -0.132/+0.131
Done in 0.61 min (cpu), 0.61 min (real)
 <<< Combine >>> 
 <<< v10.1.0 >>>
>>> Random number generator seed is 123456
>>> Method used is MultiDimFit
Doing initial fit: 

 --- MultiDimFit ---
Parameter impacts: 

 --- MultiDimFit ---
Parameter impacts: 
  Parameter                        :   Best-fit               r            
  prop_binSR1tau0l_2016preVFP_bin0 :   -0.215  -0.945/+0.947  +0.080/-0.084
Done in 0.58 min (cpu), 0.58 min (real)
 <<< Combine >>> 
 <<< v10.1.0 >>>
>>> Random number generator seed is 123456
>>> Method used is MultiDimFit
  Parameter                  :   Best-fit               r            
  prop_binSR1tau0l_2018_bin5 :   -0.207  -0.949/+0.950  -0.109/+0.105
Done in 0.74 min (cpu), 0.74 min (real)
 <<< Combine >>> 
 <<< v10.1.0 >>>
>>> Random number generator seed is 123456
>>> Method used is MultiDimFit

 --- MultiDimFit ---
Parameter impacts: 
Doing initial fit: 
Doing initial fit: 

 --- MultiDimFit ---
Parameter impacts: 
  Parameter                          :   Best-fit               r            
  prop_binSR1tau0l_2016postVFP_bin11 :   -0.197  -0.974/+0.974  +0.234/-0.210
Done in 0.94 min (cpu), 0.94 min (real)
 <<< Combine >>> 
 <<< v10.1.0 >>>
>>> Random number generator seed is 123456
>>> Method used is MultiDimFit
  Parameter                   :   Best-fit               r            
  prop_binSR1tau0l_2017_bin11 :   -0.010  -0.977/+0.976  +0.425/-0.406
Done in 0.72 min (cpu), 0.72 min (real)
 <<< Combine >>> 
 <<< v10.1.0 >>>
>>> Random number generator seed is 123456
>>> Method used is MultiDimFit

 --- MultiDimFit ---
Parameter impacts: 
Doing initial fit: 
  Parameter :   Best-fit               r            
  ps_isr_tt :   -0.061  -0.920/+0.957  -0.326/+0.274
Done in 0.60 min (cpu), 0.60 min (real)
 <<< Combine >>> 
 <<< v10.1.0 >>>
>>> Random number generator seed is 123456
>>> Method used is MultiDimFit
Doing initial fit: 
Doing initial fit: 

 --- MultiDimFit ---
Parameter impacts: 
  Parameter                  :   Best-fit               r            
  prop_binSR1tau0l_2017_bin9 :   -0.134  -0.962/+0.963  -0.108/+0.106
Done in 0.87 min (cpu), 0.88 min (real)
 <<< Combine >>> 
 <<< v10.1.0 >>>
>>> Random number generator seed is 123456
>>> Method used is MultiDimFit
Doing initial fit: 

 --- MultiDimFit ---
Parameter impacts: 
  Parameter                        :   Best-fit               r            
  prop_binSR1tau0l_2016preVFP_bin6 :   +0.019  -0.945/+0.947  -0.150/+0.144
Done in 0.60 min (cpu), 0.60 min (real)
 <<< Combine >>> 
 <<< v10.1.0 >>>
>>> Random number generator seed is 123456
>>> Method used is MultiDimFit
Doing initial fit: 

 --- MultiDimFit ---
Parameter impacts: 
  Parameter                  :   Best-fit               r            
  prop_binSR1tau0l_2018_bin6 :   -0.283  -0.953/+0.953  -0.156/+0.145
Done in 0.65 min (cpu), 0.65 min (real)
 <<< Combine >>> 
 <<< v10.1.0 >>>
>>> Random number generator seed is 123456
>>> Method used is MultiDimFit

 --- MultiDimFit ---
Parameter impacts: 
Doing initial fit: 
  Parameter                         :   Best-fit               r            
  prop_binSR1tau0l_2016postVFP_bin2 :   -0.021  -0.940/+0.943  -0.016/+0.014
Done in 0.65 min (cpu), 0.65 min (real)
 <<< Combine >>> 
 <<< v10.1.0 >>>
>>> Random number generator seed is 123456
>>> Method used is MultiDimFit

 --- MultiDimFit ---
Parameter impacts: 

 --- MultiDimFit ---
Parameter impacts: 
  Parameter                        :   Best-fit               r            
  prop_binSR1tau0l_2016preVFP_bin1 :   +0.549  -0.932/+0.935  -0.045/+0.041
Done in 0.80 min (cpu), 0.81 min (real)
  Parameter                  :   Best-fit               r            
  prop_binSR1tau0l_2017_bin2 :   +0.591  -0.937/+0.939  -0.024/+0.035
Done in 0.69 min (cpu), 0.70 min (real)
Doing initial fit: 
 <<< Combine >>> 
 <<< v10.1.0 >>>
>>> Random number generator seed is 123456
>>> Method used is MultiDimFit
Doing initial fit: 

 --- MultiDimFit ---
Parameter impacts: 

 --- MultiDimFit ---
Parameter impacts: 
  Parameter                  :   Best-fit               r            
  prop_binSR1tau0l_2018_bin0 :   +0.145  -0.938/+0.940  +0.086/-0.090
Done in 0.65 min (cpu), 0.65 min (real)
 <<< Combine >>> 
 <<< v10.1.0 >>>
>>> Random number generator seed is 123456
>>> Method used is MultiDimFit
  Parameter  :   Best-fit               r            
  ps_isr_ttH :   -0.005  -0.995/+0.995  -0.038/+0.028
Done in 0.79 min (cpu), 0.79 min (real)
 <<< Combine >>> 
 <<< v10.1.0 >>>
>>> Random number generator seed is 123456
>>> Method used is MultiDimFit
Doing initial fit: 
Doing initial fit: 

 --- MultiDimFit ---
Parameter impacts: 
  Parameter                        :   Best-fit               r            
  prop_binSR1tau0l_2016preVFP_bin7 :   -0.179  -0.952/+0.954  -0.090/+0.090
Done in 0.81 min (cpu), 0.83 min (real)

 --- MultiDimFit ---
Parameter impacts: 
  Parameter                  :   Best-fit               r            
  prop_binSR1tau0l_2018_bin7 :   +0.329  -0.953/+0.953  -0.149/+0.146
Done in 0.61 min (cpu), 0.62 min (real)

 --- MultiDimFit ---
Parameter impacts: 

 --- MultiDimFit ---
Parameter impacts: 
  Parameter                         :   Best-fit               r            
  prop_binSR1tau0l_2016postVFP_bin3 :   +0.144  -0.946/+0.947  -0.053/+0.050
Done in 0.69 min (cpu), 0.69 min (real)
  Parameter                  :   Best-fit               r            
  prop_binSR1tau0l_2017_bin3 :   -0.581  -0.953/+0.955  -0.041/+0.039
Done in 0.67 min (cpu), 0.67 min (real)

 --- MultiDimFit ---
Parameter impacts: 
  Parameter                  :   Best-fit               r            
  prop_binSR1tau0l_2018_bin1 :   +0.458  -0.940/+0.942  -0.034/+0.031
Done in 0.65 min (cpu), 0.65 min (real)

 --- MultiDimFit ---
Parameter impacts: 
  Parameter  :   Best-fit               r            
  ps_isr_ttW :   +0.012  -0.991/+0.992  -0.002/+0.002
Done in 0.72 min (cpu), 0.74 min (real)
>> combine -M MultiDimFit -n _paramFit_Test_ps_isr_ttZ --algo impact --redefineSignalPOIs r -P ps_isr_ttZ --floatOtherPOIs 1 --saveInactivePOI 1 --robustFit 1 -m 125 -d /workfs2/cms/huahuil/CMSSW_14_1_0_pre4/src/FourTop/hua/combine/combinationV20/run2_1tau0l_v4_unblind/workspace/datacard.root
>> combine -M MultiDimFit -n _paramFit_Test_ps_isr_tttt --algo impact --redefineSignalPOIs r -P ps_isr_tttt --floatOtherPOIs 1 --saveInactivePOI 1 --robustFit 1 -m 125 -d /workfs2/cms/huahuil/CMSSW_14_1_0_pre4/src/FourTop/hua/combine/combinationV20/run2_1tau0l_v4_unblind/workspace/datacard.root
>> combine -M MultiDimFit -n _paramFit_Test_QCDscale_ren_ttH --algo impact --redefineSignalPOIs r -P QCDscale_ren_ttH --floatOtherPOIs 1 --saveInactivePOI 1 --robustFit 1 -m 125 -d /workfs2/cms/huahuil/CMSSW_14_1_0_pre4/src/FourTop/hua/combine/combinationV20/run2_1tau0l_v4_unblind/workspace/datacard.root
>> combine -M MultiDimFit -n _paramFit_Test_prop_binSR1tau0l_2016preVFP_bin10 --algo impact --redefineSignalPOIs r -P prop_binSR1tau0l_2016preVFP_bin10 --floatOtherPOIs 1 --saveInactivePOI 1 --robustFit 1 -m 125 -d /workfs2/cms/huahuil/CMSSW_14_1_0_pre4/src/FourTop/hua/combine/combinationV20/run2_1tau0l_v4_unblind/workspace/datacard.root
>> combine -M MultiDimFit -n _paramFit_Test_prop_binSR1tau0l_2016preVFP_bin11 --algo impact --redefineSignalPOIs r -P prop_binSR1tau0l_2016preVFP_bin11 --floatOtherPOIs 1 --saveInactivePOI 1 --robustFit 1 -m 125 -d /workfs2/cms/huahuil/CMSSW_14_1_0_pre4/src/FourTop/hua/combine/combinationV20/run2_1tau0l_v4_unblind/workspace/datacard.root
>> combine -M MultiDimFit -n _paramFit_Test_prop_binSR1tau0l_2016preVFP_bin2 --algo impact --redefineSignalPOIs r -P prop_binSR1tau0l_2016preVFP_bin2 --floatOtherPOIs 1 --saveInactivePOI 1 --robustFit 1 -m 125 -d /workfs2/cms/huahuil/CMSSW_14_1_0_pre4/src/FourTop/hua/combine/combinationV20/run2_1tau0l_v4_unblind/workspace/datacard.root
>> combine -M MultiDimFit -n _paramFit_Test_prop_binSR1tau0l_2016preVFP_bin3 --algo impact --redefineSignalPOIs r -P prop_binSR1tau0l_2016preVFP_bin3 --floatOtherPOIs 1 --saveInactivePOI 1 --robustFit 1 -m 125 -d /workfs2/cms/huahuil/CMSSW_14_1_0_pre4/src/FourTop/hua/combine/combinationV20/run2_1tau0l_v4_unblind/workspace/datacard.root
>> combine -M MultiDimFit -n _paramFit_Test_prop_binSR1tau0l_2016preVFP_bin4 --algo impact --redefineSignalPOIs r -P prop_binSR1tau0l_2016preVFP_bin4 --floatOtherPOIs 1 --saveInactivePOI 1 --robustFit 1 -m 125 -d /workfs2/cms/huahuil/CMSSW_14_1_0_pre4/src/FourTop/hua/combine/combinationV20/run2_1tau0l_v4_unblind/workspace/datacard.root
>> combine -M MultiDimFit -n _paramFit_Test_prop_binSR1tau0l_2016preVFP_bin5 --algo impact --redefineSignalPOIs r -P prop_binSR1tau0l_2016preVFP_bin5 --floatOtherPOIs 1 --saveInactivePOI 1 --robustFit 1 -m 125 -d /workfs2/cms/huahuil/CMSSW_14_1_0_pre4/src/FourTop/hua/combine/combinationV20/run2_1tau0l_v4_unblind/workspace/datacard.root
>> combine -M MultiDimFit -n _paramFit_Test_prop_binSR1tau0l_2016preVFP_bin6 --algo impact --redefineSignalPOIs r -P prop_binSR1tau0l_2016preVFP_bin6 --floatOtherPOIs 1 --saveInactivePOI 1 --robustFit 1 -m 125 -d /workfs2/cms/huahuil/CMSSW_14_1_0_pre4/src/FourTop/hua/combine/combinationV20/run2_1tau0l_v4_unblind/workspace/datacard.root
>> combine -M MultiDimFit -n _paramFit_Test_prop_binSR1tau0l_2016preVFP_bin7 --algo impact --redefineSignalPOIs r -P prop_binSR1tau0l_2016preVFP_bin7 --floatOtherPOIs 1 --saveInactivePOI 1 --robustFit 1 -m 125 -d /workfs2/cms/huahuil/CMSSW_14_1_0_pre4/src/FourTop/hua/combine/combinationV20/run2_1tau0l_v4_unblind/workspace/datacard.root
>> combine -M MultiDimFit -n _paramFit_Test_CMS_scale_met_unclustered_energy_2016preVFP --algo impact --redefineSignalPOIs r -P CMS_scale_met_unclustered_energy_2016preVFP --floatOtherPOIs 1 --saveInactivePOI 1 --robustFit 1 -m 125 -d /workfs2/cms/huahuil/CMSSW_14_1_0_pre4/src/FourTop/hua/combine/combinationV20/run2_1tau0l_v4_unblind/workspace/datacard.root
>> combine -M MultiDimFit -n _paramFit_Test_CMS_scale_met_unclustered_energy_2017 --algo impact --redefineSignalPOIs r -P CMS_scale_met_unclustered_energy_2017 --floatOtherPOIs 1 --saveInactivePOI 1 --robustFit 1 -m 125 -d /workfs2/cms/huahuil/CMSSW_14_1_0_pre4/src/FourTop/hua/combine/combinationV20/run2_1tau0l_v4_unblind/workspace/datacard.root
>> combine -M MultiDimFit -n _paramFit_Test_prop_binSR1tau0l_2016postVFP_bin4 --algo impact --redefineSignalPOIs r -P prop_binSR1tau0l_2016postVFP_bin4 --floatOtherPOIs 1 --saveInactivePOI 1 --robustFit 1 -m 125 -d /workfs2/cms/huahuil/CMSSW_14_1_0_pre4/src/FourTop/hua/combine/combinationV20/run2_1tau0l_v4_unblind/workspace/datacard.root
>> combine -M MultiDimFit -n _paramFit_Test_prop_binSR1tau0l_2016postVFP_bin5 --algo impact --redefineSignalPOIs r -P prop_binSR1tau0l_2016postVFP_bin5 --floatOtherPOIs 1 --saveInactivePOI 1 --robustFit 1 -m 125 -d /workfs2/cms/huahuil/CMSSW_14_1_0_pre4/src/FourTop/hua/combine/combinationV20/run2_1tau0l_v4_unblind/workspace/datacard.root
>> combine -M MultiDimFit -n _paramFit_Test_prop_binSR1tau0l_2016postVFP_bin6 --algo impact --redefineSignalPOIs r -P prop_binSR1tau0l_2016postVFP_bin6 --floatOtherPOIs 1 --saveInactivePOI 1 --robustFit 1 -m 125 -d /workfs2/cms/huahuil/CMSSW_14_1_0_pre4/src/FourTop/hua/combine/combinationV20/run2_1tau0l_v4_unblind/workspace/datacard.root
>> combine -M MultiDimFit -n _paramFit_Test_prop_binSR1tau0l_2016postVFP_bin7 --algo impact --redefineSignalPOIs r -P prop_binSR1tau0l_2016postVFP_bin7 --floatOtherPOIs 1 --saveInactivePOI 1 --robustFit 1 -m 125 -d /workfs2/cms/huahuil/CMSSW_14_1_0_pre4/src/FourTop/hua/combine/combinationV20/run2_1tau0l_v4_unblind/workspace/datacard.root
>> combine -M MultiDimFit -n _paramFit_Test_prop_binSR1tau0l_2016postVFP_bin8 --algo impact --redefineSignalPOIs r -P prop_binSR1tau0l_2016postVFP_bin8 --floatOtherPOIs 1 --saveInactivePOI 1 --robustFit 1 -m 125 -d /workfs2/cms/huahuil/CMSSW_14_1_0_pre4/src/FourTop/hua/combine/combinationV20/run2_1tau0l_v4_unblind/workspace/datacard.root
>> combine -M MultiDimFit -n _paramFit_Test_prop_binSR1tau0l_2016postVFP_bin9 --algo impact --redefineSignalPOIs r -P prop_binSR1tau0l_2016postVFP_bin9 --floatOtherPOIs 1 --saveInactivePOI 1 --robustFit 1 -m 125 -d /workfs2/cms/huahuil/CMSSW_14_1_0_pre4/src/FourTop/hua/combine/combinationV20/run2_1tau0l_v4_unblind/workspace/datacard.root
>> combine -M MultiDimFit -n _paramFit_Test_prop_binSR1tau0l_2016preVFP_bin0 --algo impact --redefineSignalPOIs r -P prop_binSR1tau0l_2016preVFP_bin0 --floatOtherPOIs 1 --saveInactivePOI 1 --robustFit 1 -m 125 -d /workfs2/cms/huahuil/CMSSW_14_1_0_pre4/src/FourTop/hua/combine/combinationV20/run2_1tau0l_v4_unblind/workspace/datacard.root
>> combine -M MultiDimFit -n _paramFit_Test_prop_binSR1tau0l_2016preVFP_bin1 --algo impact --redefineSignalPOIs r -P prop_binSR1tau0l_2016preVFP_bin1 --floatOtherPOIs 1 --saveInactivePOI 1 --robustFit 1 -m 125 -d /workfs2/cms/huahuil/CMSSW_14_1_0_pre4/src/FourTop/hua/combine/combinationV20/run2_1tau0l_v4_unblind/workspace/datacard.root
>> combine -M MultiDimFit -n _paramFit_Test_QCDscale_fac_singleTop --algo impact --redefineSignalPOIs r -P QCDscale_fac_singleTop --floatOtherPOIs 1 --saveInactivePOI 1 --robustFit 1 -m 125 -d /workfs2/cms/huahuil/CMSSW_14_1_0_pre4/src/FourTop/hua/combine/combinationV20/run2_1tau0l_v4_unblind/workspace/datacard.root
>> combine -M MultiDimFit -n _paramFit_Test_QCDscale_fac_tt --algo impact --redefineSignalPOIs r -P QCDscale_fac_tt --floatOtherPOIs 1 --saveInactivePOI 1 --robustFit 1 -m 125 -d /workfs2/cms/huahuil/CMSSW_14_1_0_pre4/src/FourTop/hua/combine/combinationV20/run2_1tau0l_v4_unblind/workspace/datacard.root
>> combine -M MultiDimFit -n _paramFit_Test_prop_binSR1tau0l_2018_bin10 --algo impact --redefineSignalPOIs r -P prop_binSR1tau0l_2018_bin10 --floatOtherPOIs 1 --saveInactivePOI 1 --robustFit 1 -m 125 -d /workfs2/cms/huahuil/CMSSW_14_1_0_pre4/src/FourTop/hua/combine/combinationV20/run2_1tau0l_v4_unblind/workspace/datacard.root
>> combine -M MultiDimFit -n _paramFit_Test_prop_binSR1tau0l_2018_bin11 --algo impact --redefineSignalPOIs r -P prop_binSR1tau0l_2018_bin11 --floatOtherPOIs 1 --saveInactivePOI 1 --robustFit 1 -m 125 -d /workfs2/cms/huahuil/CMSSW_14_1_0_pre4/src/FourTop/hua/combine/combinationV20/run2_1tau0l_v4_unblind/workspace/datacard.root
>> combine -M MultiDimFit -n _paramFit_Test_prop_binSR1tau0l_2018_bin2 --algo impact --redefineSignalPOIs r -P prop_binSR1tau0l_2018_bin2 --floatOtherPOIs 1 --saveInactivePOI 1 --robustFit 1 -m 125 -d /workfs2/cms/huahuil/CMSSW_14_1_0_pre4/src/FourTop/hua/combine/combinationV20/run2_1tau0l_v4_unblind/workspace/datacard.root
>> combine -M MultiDimFit -n _paramFit_Test_prop_binSR1tau0l_2018_bin3 --algo impact --redefineSignalPOIs r -P prop_binSR1tau0l_2018_bin3 --floatOtherPOIs 1 --saveInactivePOI 1 --robustFit 1 -m 125 -d /workfs2/cms/huahuil/CMSSW_14_1_0_pre4/src/FourTop/hua/combine/combinationV20/run2_1tau0l_v4_unblind/workspace/datacard.root
>> combine -M MultiDimFit -n _paramFit_Test_prop_binSR1tau0l_2018_bin4 --algo impact --redefineSignalPOIs r -P prop_binSR1tau0l_2018_bin4 --floatOtherPOIs 1 --saveInactivePOI 1 --robustFit 1 -m 125 -d /workfs2/cms/huahuil/CMSSW_14_1_0_pre4/src/FourTop/hua/combine/combinationV20/run2_1tau0l_v4_unblind/workspace/datacard.root
>> combine -M MultiDimFit -n _paramFit_Test_prop_binSR1tau0l_2018_bin5 --algo impact --redefineSignalPOIs r -P prop_binSR1tau0l_2018_bin5 --floatOtherPOIs 1 --saveInactivePOI 1 --robustFit 1 -m 125 -d /workfs2/cms/huahuil/CMSSW_14_1_0_pre4/src/FourTop/hua/combine/combinationV20/run2_1tau0l_v4_unblind/workspace/datacard.root
>> combine -M MultiDimFit -n _paramFit_Test_prop_binSR1tau0l_2018_bin6 --algo impact --redefineSignalPOIs r -P prop_binSR1tau0l_2018_bin6 --floatOtherPOIs 1 --saveInactivePOI 1 --robustFit 1 -m 125 -d /workfs2/cms/huahuil/CMSSW_14_1_0_pre4/src/FourTop/hua/combine/combinationV20/run2_1tau0l_v4_unblind/workspace/datacard.root
>> combine -M MultiDimFit -n _paramFit_Test_prop_binSR1tau0l_2018_bin7 --algo impact --redefineSignalPOIs r -P prop_binSR1tau0l_2018_bin7 --floatOtherPOIs 1 --saveInactivePOI 1 --robustFit 1 -m 125 -d /workfs2/cms/huahuil/CMSSW_14_1_0_pre4/src/FourTop/hua/combine/combinationV20/run2_1tau0l_v4_unblind/workspace/datacard.root
>> combine -M MultiDimFit -n _paramFit_Test_pdf_00 --algo impact --redefineSignalPOIs r -P pdf_00 --floatOtherPOIs 1 --saveInactivePOI 1 --robustFit 1 -m 125 -d /workfs2/cms/huahuil/CMSSW_14_1_0_pre4/src/FourTop/hua/combine/combinationV20/run2_1tau0l_v4_unblind/workspace/datacard.root
>> combine -M MultiDimFit -n _paramFit_Test_pdf_alphas --algo impact --redefineSignalPOIs r -P pdf_alphas --floatOtherPOIs 1 --saveInactivePOI 1 --robustFit 1 -m 125 -d /workfs2/cms/huahuil/CMSSW_14_1_0_pre4/src/FourTop/hua/combine/combinationV20/run2_1tau0l_v4_unblind/workspace/datacard.root
>> combine -M MultiDimFit -n _paramFit_Test_prop_binSR1tau0l_2016postVFP_bin0 --algo impact --redefineSignalPOIs r -P prop_binSR1tau0l_2016postVFP_bin0 --floatOtherPOIs 1 --saveInactivePOI 1 --robustFit 1 -m 125 -d /workfs2/cms/huahuil/CMSSW_14_1_0_pre4/src/FourTop/hua/combine/combinationV20/run2_1tau0l_v4_unblind/workspace/datacard.root
>> combine -M MultiDimFit -n _paramFit_Test_prop_binSR1tau0l_2016postVFP_bin1 --algo impact --redefineSignalPOIs r -P prop_binSR1tau0l_2016postVFP_bin1 --floatOtherPOIs 1 --saveInactivePOI 1 --robustFit 1 -m 125 -d /workfs2/cms/huahuil/CMSSW_14_1_0_pre4/src/FourTop/hua/combine/combinationV20/run2_1tau0l_v4_unblind/workspace/datacard.root
>> combine -M MultiDimFit -n _paramFit_Test_prop_binSR1tau0l_2016postVFP_bin10 --algo impact --redefineSignalPOIs r -P prop_binSR1tau0l_2016postVFP_bin10 --floatOtherPOIs 1 --saveInactivePOI 1 --robustFit 1 -m 125 -d /workfs2/cms/huahuil/CMSSW_14_1_0_pre4/src/FourTop/hua/combine/combinationV20/run2_1tau0l_v4_unblind/workspace/datacard.root
>> combine -M MultiDimFit -n _paramFit_Test_prop_binSR1tau0l_2016postVFP_bin11 --algo impact --redefineSignalPOIs r -P prop_binSR1tau0l_2016postVFP_bin11 --floatOtherPOIs 1 --saveInactivePOI 1 --robustFit 1 -m 125 -d /workfs2/cms/huahuil/CMSSW_14_1_0_pre4/src/FourTop/hua/combine/combinationV20/run2_1tau0l_v4_unblind/workspace/datacard.root
>> combine -M MultiDimFit -n _paramFit_Test_prop_binSR1tau0l_2016postVFP_bin2 --algo impact --redefineSignalPOIs r -P prop_binSR1tau0l_2016postVFP_bin2 --floatOtherPOIs 1 --saveInactivePOI 1 --robustFit 1 -m 125 -d /workfs2/cms/huahuil/CMSSW_14_1_0_pre4/src/FourTop/hua/combine/combinationV20/run2_1tau0l_v4_unblind/workspace/datacard.root
>> combine -M MultiDimFit -n _paramFit_Test_prop_binSR1tau0l_2016postVFP_bin3 --algo impact --redefineSignalPOIs r -P prop_binSR1tau0l_2016postVFP_bin3 --floatOtherPOIs 1 --saveInactivePOI 1 --robustFit 1 -m 125 -d /workfs2/cms/huahuil/CMSSW_14_1_0_pre4/src/FourTop/hua/combine/combinationV20/run2_1tau0l_v4_unblind/workspace/datacard.root
>> combine -M MultiDimFit -n _paramFit_Test_CMS_scale_j_SinglePionECAL --algo impact --redefineSignalPOIs r -P CMS_scale_j_SinglePionECAL --floatOtherPOIs 1 --saveInactivePOI 1 --robustFit 1 -m 125 -d /workfs2/cms/huahuil/CMSSW_14_1_0_pre4/src/FourTop/hua/combine/combinationV20/run2_1tau0l_v4_unblind/workspace/datacard.root
>> combine -M MultiDimFit -n _paramFit_Test_prop_binSR1tau0l_2016preVFP_bin8 --algo impact --redefineSignalPOIs r -P prop_binSR1tau0l_2016preVFP_bin8 --floatOtherPOIs 1 --saveInactivePOI 1 --robustFit 1 -m 125 -d /workfs2/cms/huahuil/CMSSW_14_1_0_pre4/src/FourTop/hua/combine/combinationV20/run2_1tau0l_v4_unblind/workspace/datacard.root
>> combine -M MultiDimFit -n _paramFit_Test_prop_binSR1tau0l_2016preVFP_bin9 --algo impact --redefineSignalPOIs r -P prop_binSR1tau0l_2016preVFP_bin9 --floatOtherPOIs 1 --saveInactivePOI 1 --robustFit 1 -m 125 -d /workfs2/cms/huahuil/CMSSW_14_1_0_pre4/src/FourTop/hua/combine/combinationV20/run2_1tau0l_v4_unblind/workspace/datacard.root
>> combine -M MultiDimFit -n _paramFit_Test_prop_binSR1tau0l_2017_bin0 --algo impact --redefineSignalPOIs r -P prop_binSR1tau0l_2017_bin0 --floatOtherPOIs 1 --saveInactivePOI 1 --robustFit 1 -m 125 -d /workfs2/cms/huahuil/CMSSW_14_1_0_pre4/src/FourTop/hua/combine/combinationV20/run2_1tau0l_v4_unblind/workspace/datacard.root
>> combine -M MultiDimFit -n _paramFit_Test_prop_binSR1tau0l_2017_bin1 --algo impact --redefineSignalPOIs r -P prop_binSR1tau0l_2017_bin1 --floatOtherPOIs 1 --saveInactivePOI 1 --robustFit 1 -m 125 -d /workfs2/cms/huahuil/CMSSW_14_1_0_pre4/src/FourTop/hua/combine/combinationV20/run2_1tau0l_v4_unblind/workspace/datacard.root
>> combine -M MultiDimFit -n _paramFit_Test_prop_binSR1tau0l_2017_bin10 --algo impact --redefineSignalPOIs r -P prop_binSR1tau0l_2017_bin10 --floatOtherPOIs 1 --saveInactivePOI 1 --robustFit 1 -m 125 -d /workfs2/cms/huahuil/CMSSW_14_1_0_pre4/src/FourTop/hua/combine/combinationV20/run2_1tau0l_v4_unblind/workspace/datacard.root
>> combine -M MultiDimFit -n _paramFit_Test_prop_binSR1tau0l_2017_bin11 --algo impact --redefineSignalPOIs r -P prop_binSR1tau0l_2017_bin11 --floatOtherPOIs 1 --saveInactivePOI 1 --robustFit 1 -m 125 -d /workfs2/cms/huahuil/CMSSW_14_1_0_pre4/src/FourTop/hua/combine/combinationV20/run2_1tau0l_v4_unblind/workspace/datacard.root
>> combine -M MultiDimFit -n _paramFit_Test_prop_binSR1tau0l_2017_bin2 --algo impact --redefineSignalPOIs r -P prop_binSR1tau0l_2017_bin2 --floatOtherPOIs 1 --saveInactivePOI 1 --robustFit 1 -m 125 -d /workfs2/cms/huahuil/CMSSW_14_1_0_pre4/src/FourTop/hua/combine/combinationV20/run2_1tau0l_v4_unblind/workspace/datacard.root
>> combine -M MultiDimFit -n _paramFit_Test_prop_binSR1tau0l_2017_bin3 --algo impact --redefineSignalPOIs r -P prop_binSR1tau0l_2017_bin3 --floatOtherPOIs 1 --saveInactivePOI 1 --robustFit 1 -m 125 -d /workfs2/cms/huahuil/CMSSW_14_1_0_pre4/src/FourTop/hua/combine/combinationV20/run2_1tau0l_v4_unblind/workspace/datacard.root
>> combine -M MultiDimFit -n _paramFit_Test_prop_binSR1tau0l_2017_bin4 --algo impact --redefineSignalPOIs r -P prop_binSR1tau0l_2017_bin4 --floatOtherPOIs 1 --saveInactivePOI 1 --robustFit 1 -m 125 -d /workfs2/cms/huahuil/CMSSW_14_1_0_pre4/src/FourTop/hua/combine/combinationV20/run2_1tau0l_v4_unblind/workspace/datacard.root
>> combine -M MultiDimFit -n _paramFit_Test_prop_binSR1tau0l_2017_bin5 --algo impact --redefineSignalPOIs r -P prop_binSR1tau0l_2017_bin5 --floatOtherPOIs 1 --saveInactivePOI 1 --robustFit 1 -m 125 -d /workfs2/cms/huahuil/CMSSW_14_1_0_pre4/src/FourTop/hua/combine/combinationV20/run2_1tau0l_v4_unblind/workspace/datacard.root
>> combine -M MultiDimFit -n _paramFit_Test_prop_binSR1tau0l_2017_bin6 --algo impact --redefineSignalPOIs r -P prop_binSR1tau0l_2017_bin6 --floatOtherPOIs 1 --saveInactivePOI 1 --robustFit 1 -m 125 -d /workfs2/cms/huahuil/CMSSW_14_1_0_pre4/src/FourTop/hua/combine/combinationV20/run2_1tau0l_v4_unblind/workspace/datacard.root
>> combine -M MultiDimFit -n _paramFit_Test_prop_binSR1tau0l_2017_bin7 --algo impact --redefineSignalPOIs r -P prop_binSR1tau0l_2017_bin7 --floatOtherPOIs 1 --saveInactivePOI 1 --robustFit 1 -m 125 -d /workfs2/cms/huahuil/CMSSW_14_1_0_pre4/src/FourTop/hua/combine/combinationV20/run2_1tau0l_v4_unblind/workspace/datacard.root
>> combine -M MultiDimFit -n _paramFit_Test_prop_binSR1tau0l_2017_bin8 --algo impact --redefineSignalPOIs r -P prop_binSR1tau0l_2017_bin8 --floatOtherPOIs 1 --saveInactivePOI 1 --robustFit 1 -m 125 -d /workfs2/cms/huahuil/CMSSW_14_1_0_pre4/src/FourTop/hua/combine/combinationV20/run2_1tau0l_v4_unblind/workspace/datacard.root
>> combine -M MultiDimFit -n _paramFit_Test_prop_binSR1tau0l_2017_bin9 --algo impact --redefineSignalPOIs r -P prop_binSR1tau0l_2017_bin9 --floatOtherPOIs 1 --saveInactivePOI 1 --robustFit 1 -m 125 -d /workfs2/cms/huahuil/CMSSW_14_1_0_pre4/src/FourTop/hua/combine/combinationV20/run2_1tau0l_v4_unblind/workspace/datacard.root
>> combine -M MultiDimFit -n _paramFit_Test_prop_binSR1tau0l_2018_bin0 --algo impact --redefineSignalPOIs r -P prop_binSR1tau0l_2018_bin0 --floatOtherPOIs 1 --saveInactivePOI 1 --robustFit 1 -m 125 -d /workfs2/cms/huahuil/CMSSW_14_1_0_pre4/src/FourTop/hua/combine/combinationV20/run2_1tau0l_v4_unblind/workspace/datacard.root
>> combine -M MultiDimFit -n _paramFit_Test_prop_binSR1tau0l_2018_bin1 --algo impact --redefineSignalPOIs r -P prop_binSR1tau0l_2018_bin1 --floatOtherPOIs 1 --saveInactivePOI 1 --robustFit 1 -m 125 -d /workfs2/cms/huahuil/CMSSW_14_1_0_pre4/src/FourTop/hua/combine/combinationV20/run2_1tau0l_v4_unblind/workspace/datacard.root
>> combine -M MultiDimFit -n _paramFit_Test_prop_binSR1tau0l_2018_bin8 --algo impact --redefineSignalPOIs r -P prop_binSR1tau0l_2018_bin8 --floatOtherPOIs 1 --saveInactivePOI 1 --robustFit 1 -m 125 -d /workfs2/cms/huahuil/CMSSW_14_1_0_pre4/src/FourTop/hua/combine/combinationV20/run2_1tau0l_v4_unblind/workspace/datacard.root
>> combine -M MultiDimFit -n _paramFit_Test_prop_binSR1tau0l_2018_bin9 --algo impact --redefineSignalPOIs r -P prop_binSR1tau0l_2018_bin9 --floatOtherPOIs 1 --saveInactivePOI 1 --robustFit 1 -m 125 -d /workfs2/cms/huahuil/CMSSW_14_1_0_pre4/src/FourTop/hua/combine/combinationV20/run2_1tau0l_v4_unblind/workspace/datacard.root
>> combine -M MultiDimFit -n _paramFit_Test_ps_fsr --algo impact --redefineSignalPOIs r -P ps_fsr --floatOtherPOIs 1 --saveInactivePOI 1 --robustFit 1 -m 125 -d /workfs2/cms/huahuil/CMSSW_14_1_0_pre4/src/FourTop/hua/combine/combinationV20/run2_1tau0l_v4_unblind/workspace/datacard.root
>> combine -M MultiDimFit -n _paramFit_Test_ps_isr_WJets --algo impact --redefineSignalPOIs r -P ps_isr_WJets --floatOtherPOIs 1 --saveInactivePOI 1 --robustFit 1 -m 125 -d /workfs2/cms/huahuil/CMSSW_14_1_0_pre4/src/FourTop/hua/combine/combinationV20/run2_1tau0l_v4_unblind/workspace/datacard.root
>> combine -M MultiDimFit -n _paramFit_Test_ps_isr_singleTop --algo impact --redefineSignalPOIs r -P ps_isr_singleTop --floatOtherPOIs 1 --saveInactivePOI 1 --robustFit 1 -m 125 -d /workfs2/cms/huahuil/CMSSW_14_1_0_pre4/src/FourTop/hua/combine/combinationV20/run2_1tau0l_v4_unblind/workspace/datacard.root
>> combine -M MultiDimFit -n _paramFit_Test_ps_isr_tt --algo impact --redefineSignalPOIs r -P ps_isr_tt --floatOtherPOIs 1 --saveInactivePOI 1 --robustFit 1 -m 125 -d /workfs2/cms/huahuil/CMSSW_14_1_0_pre4/src/FourTop/hua/combine/combinationV20/run2_1tau0l_v4_unblind/workspace/datacard.root
>> combine -M MultiDimFit -n _paramFit_Test_ps_isr_ttH --algo impact --redefineSignalPOIs r -P ps_isr_ttH --floatOtherPOIs 1 --saveInactivePOI 1 --robustFit 1 -m 125 -d /workfs2/cms/huahuil/CMSSW_14_1_0_pre4/src/FourTop/hua/combine/combinationV20/run2_1tau0l_v4_unblind/workspace/datacard.root
>> combine -M MultiDimFit -n _paramFit_Test_ps_isr_ttW --algo impact --redefineSignalPOIs r -P ps_isr_ttW --floatOtherPOIs 1 --saveInactivePOI 1 --robustFit 1 -m 125 -d /workfs2/cms/huahuil/CMSSW_14_1_0_pre4/src/FourTop/hua/combine/combinationV20/run2_1tau0l_v4_unblind/workspace/datacard.root

[2025-12-02 15:29:41] [INFO] ✓ Command completed (exit code: 0)
[2025-12-02 15:29:41] [INFO] Running: combineTool.py -M Impacts -d /workfs2/cms/huahuil/CMSSW_14_1_0_pre4/src/FourTop/hua/combine/combinationV20/run2_1tau0l_v4_unblind/workspace/datacard.root -m 125 -robustFit 1 -o /workfs2/cms/huahuil/CMSSW_14_1_0_pre4/src/FourTop/hua/combine/combinationV20/run2_1tau0l_v4_unblind/combineResults/impactResult//impacts.json 
[2025-12-02 15:29:53] [INFO] stdout: Have POIs: ['r']
Have parameters: 250

[2025-12-02 15:29:53] [INFO] ✓ Command completed (exit code: 0)
[2025-12-02 15:29:53] [INFO] Running: plotImpacts.py -i /workfs2/cms/huahuil/CMSSW_14_1_0_pre4/src/FourTop/hua/combine/combinationV20/run2_1tau0l_v4_unblind/combineResults/impactResult/impacts.json -o impacts
[2025-12-02 15:29:57] [INFO] stdout: >> Warning, the pull for CMS_scale_j_FlavorPureGluon could not be computed
>> Warning, the pull for CMS_scale_j_RelativeJEREC1_2017 could not be computed
>> Warning, the pull for CMS_scale_j_RelativePtEC1_2016preVFP could not be computed
>> Warning, the pull for CMS_scale_j_RelativePtEC1_2018 could not be computed
>> Warning, the pull for CMS_scale_j_RelativeSample_2018 could not be computed
>> Warning, the pull for CMS_scale_j_RelativeStatEC_2016preVFP could not be computed
>> Warning, the pull for CMS_scale_j_RelativeStatFSR_2016preVFP could not be computed
>> Warning, the pull for CMS_scale_j_RelativeStatFSR_2018 could not be computed
>> Warning, the pull for CMS_scale_met_unclustered_energy_2016preVFP could not be computed
>> Warning, the pull for CMS_scale_t_DeepTau2017v2p1_DM0_genTau_2016 could not be computed
>> Warning, the pull for CMS_scale_t_DeepTau2017v2p1_DM0_genTau_2017 could not be computed
>> Warning, the pull for CMS_scale_t_DeepTau2017v2p1_DM10_genTau_2016 could not be computed
>> Warning, the pull for CMS_scale_t_DeepTau2017v2p1_DM11_genTau_2016 could not be computed
>> Warning, the pull for CMS_scale_t_DeepTau2017v2p1_DM11_genTau_2018 could not be computed
>> Warning, the pull for CMS_scale_t_DeepTau2017v2p1_DM1_genTau_2016 could not be computed
>> Warning, the pull for pdf_00 could not be computed
>> Doing page 0, have 30 parameters
>> Doing page 1, have 30 parameters
>> Doing page 2, have 30 parameters
>> Doing page 3, have 30 parameters
>> Doing page 4, have 30 parameters
>> Doing page 5, have 30 parameters
>> Doing page 6, have 30 parameters
>> Doing page 7, have 30 parameters
>> Doing page 8, have 10 parameters

[2025-12-02 15:29:57] [INFO] ✓ Command completed (exit code: 0)
[2025-12-02 15:29:57] [INFO] Running: mv higgsCombine_paramFit*.root impacts.pdf combine_logger.out /workfs2/cms/huahuil/CMSSW_14_1_0_pre4/src/FourTop/hua/combine/combinationV20/run2_1tau0l_v4_unblind/combineResults/impactResult/
[2025-12-02 15:29:57] [ERROR] stderr: mv: 'higgsCombine_paramFit_Test_CMS_TOP24017_eff_trigger_stats_2016postVFP.MultiDimFit.mH125.root' and '/workfs2/cms/huahuil/CMSSW_14_1_0_pre4/src/FourTop/hua/combine/combinationV20/run2_1tau0l_v4_unblind/combineResults/impactResult/higgsCombine_paramFit_Test_CMS_TOP24017_eff_trigger_stats_2016postVFP.MultiDimFit.mH125.root' are the same file
mv: 'higgsCombine_paramFit_Test_CMS_TOP24017_eff_trigger_stats_2016preVFP.MultiDimFit.mH125.root' and '/workfs2/cms/huahuil/CMSSW_14_1_0_pre4/src/FourTop/hua/combine/combinationV20/run2_1tau0l_v4_unblind/combineResults/impactResult/higgsCombine_paramFit_Test_CMS_TOP24017_eff_trigger_stats_2016preVFP.MultiDimFit.mH125.root' are the same file
mv: 'higgsCombine_paramFit_Test_CMS_TOP24017_eff_trigger_stats_2017.MultiDimFit.mH125.root' and '/workfs2/cms/huahuil/CMSSW_14_1_0_pre4/src/FourTop/hua/combine/combinationV20/run2_1tau0l_v4_unblind/combineResults/impactResult/higgsCombine_paramFit_Test_CMS_TOP24017_eff_trigger_stats_2017.MultiDimFit.mH125.root' are the same file
mv: 'higgsCombine_paramFit_Test_CMS_TOP24017_eff_trigger_stats_2018.MultiDimFit.mH125.root' and '/workfs2/cms/huahuil/CMSSW_14_1_0_pre4/src/FourTop/hua/combine/combinationV20/run2_1tau0l_v4_unblind/combineResults/impactResult/higgsCombine_paramFit_Test_CMS_TOP24017_eff_trigger_stats_2018.MultiDimFit.mH125.root' are the same file
mv: 'higgsCombine_paramFit_Test_CMS_TOP24017_norm_WJets.MultiDimFit.mH125.root' and '/workfs2/cms/huahuil/CMSSW_14_1_0_pre4/src/FourTop/hua/combine/combinationV20/run2_1tau0l_v4_unblind/combineResults/impactResult/higgsCombine_paramFit_Test_CMS_TOP24017_norm_WJets.MultiDimFit.mH125.root' are the same file
mv: 'higgsCombine_paramFit_Test_CMS_TOP24017_norm_singleTop.MultiDimFit.mH125.root' and '/workfs2/cms/huahuil/CMSSW_14_1_0_pre4/src/FourTop/hua/combine/combinationV20/run2_1tau0l_v4_unblind/combineResults/impactResult/higgsCombine_paramFit_Test_CMS_TOP24017_norm_singleTop.MultiDimFit.mH125.root' are the same file
mv: 'higgsCombine_paramFit_Test_CMS_TOP24017_norm_tt.MultiDimFit.mH125.root' and '/workfs2/cms/huahuil/CMSSW_14_1_0_pre4/src/FourTop/hua/combine/combinationV20/run2_1tau0l_v4_unblind/combineResults/impactResult/higgsCombine_paramFit_Test_CMS_TOP24017_norm_tt.MultiDimFit.mH125.root' are the same file
mv: 'higgsCombine_paramFit_Test_CMS_TOP24017_norm_ttH.MultiDimFit.mH125.root' and '/workfs2/cms/huahuil/CMSSW_14_1_0_pre4/src/FourTop/hua/combine/combinationV20/run2_1tau0l_v4_unblind/combineResults/impactResult/higgsCombine_paramFit_Test_CMS_TOP24017_norm_ttH.MultiDimFit.mH125.root' are the same file
mv: 'higgsCombine_paramFit_Test_CMS_TOP24017_norm_ttW.MultiDimFit.mH125.root' and '/workfs2/cms/huahuil/CMSSW_14_1_0_pre4/src/FourTop/hua/combine/combinationV20/run2_1tau0l_v4_unblind/combineResults/impactResult/higgsCombine_paramFit_Test_CMS_TOP24017_norm_ttW.MultiDimFit.mH125.root' are the same file
mv: 'higgsCombine_paramFit_Test_CMS_TOP24017_norm_ttZ.MultiDimFit.mH125.root' and '/workfs2/cms/huahuil/CMSSW_14_1_0_pre4/src/FourTop/hua/combine/combinationV20/run2_1tau0l_v4_unblind/combineResults/impactResult/higgsCombine_paramFit_Test_CMS_TOP24017_norm_ttZ.MultiDimFit.mH125.root' are the same file
mv: 'higgsCombine_paramFit_Test_CMS_TOP24017_norm_tttt.MultiDimFit.mH125.root' and '/workfs2/cms/huahuil/CMSSW_14_1_0_pre4/src/FourTop/hua/combine/combinationV20/run2_1tau0l_v4_unblind/combineResults/impactResult/higgsCombine_paramFit_Test_CMS_TOP24017_norm_tttt.MultiDimFit.mH125.root' are the same file
mv: 'higgsCombine_paramFit_Test_CMS_btag_fullShape_cferr1.MultiDimFit.mH125.root' and '/workfs2/cms/huahuil/CMSSW_14_1_0_pre4/src/FourTop/hua/combine/combinationV20/run2_1tau0l_v4_unblind/combineResults/impactResult/higgsCombine_paramFit_Test_CMS_btag_fullShape_cferr1.MultiDimFit.mH125.root' are the same file
mv: 'higgsCombine_paramFit_Test_CMS_btag_fullShape_cferr2.MultiDimFit.mH125.root' and '/workfs2/cms/huahuil/CMSSW_14_1_0_pre4/src/FourTop/hua/combine/combinationV20/run2_1tau0l_v4_unblind/combineResults/impactResult/higgsCombine_paramFit_Test_CMS_btag_fullShape_cferr2.MultiDimFit.mH125.root' are the same file
mv: 'higgsCombine_paramFit_Test_CMS_btag_fullShape_hf.MultiDimFit.mH125.root' and '/workfs2/cms/huahuil/CMSSW_14_1_0_pre4/src/FourTop/hua/combine/combinationV20/run2_1tau0l_v4_unblind/combineResults/impactResult/higgsCombine_paramFit_Test_CMS_btag_fullShape_hf.MultiDimFit.mH125.root' are the same file
mv: 'higgsCombine_paramFit_Test_CMS_btag_fullShape_hfstats1_2016postVFP.MultiDimFit.mH125.root' and '/workfs2/cms/huahuil/CMSSW_14_1_0_pre4/src/FourTop/hua/combine/combinationV20/run2_1tau0l_v4_unblind/combineResults/impactResult/higgsCombine_paramFit_Test_CMS_btag_fullShape_hfstats1_2016postVFP.MultiDimFit.mH125.root' are the same file
mv: 'higgsCombine_paramFit_Test_CMS_btag_fullShape_hfstats1_2016preVFP.MultiDimFit.mH125.root' and '/workfs2/cms/huahuil/CMSSW_14_1_0_pre4/src/FourTop/hua/combine/combinationV20/run2_1tau0l_v4_unblind/combineResults/impactResult/higgsCombine_paramFit_Test_CMS_btag_fullShape_hfstats1_2016preVFP.MultiDimFit.mH125.root' are the same file
mv: 'higgsCombine_paramFit_Test_CMS_btag_fullShape_hfstats1_2017.MultiDimFit.mH125.root' and '/workfs2/cms/huahuil/CMSSW_14_1_0_pre4/src/FourTop/hua/combine/combinationV20/run2_1tau0l_v4_unblind/combineResults/impactResult/higgsCombine_paramFit_Test_CMS_btag_fullShape_hfstats1_2017.MultiDimFit.mH125.root' are the same file
mv: 'higgsCombine_paramFit_Test_CMS_btag_fullShape_hfstats1_2018.MultiDimFit.mH125.root' and '/workfs2/cms/huahuil/CMSSW_14_1_0_pre4/src/FourTop/hua/combine/combinationV20/run2_1tau0l_v4_unblind/combineResults/impactResult/higgsCombine_paramFit_Test_CMS_btag_fullShape_hfstats1_2018.MultiDimFit.mH125.root' are the same file
mv: 'higgsCombine_paramFit_Test_CMS_btag_fullShape_hfstats2_2016postVFP.MultiDimFit.mH125.root' and '/workfs2/cms/huahuil/CMSSW_14_1_0_pre4/src/FourTop/hua/combine/combinationV20/run2_1tau0l_v4_unblind/combineResults/impactResult/higgsCombine_paramFit_Test_CMS_btag_fullShape_hfstats2_2016postVFP.MultiDimFit.mH125.root' are the same file
mv: 'higgsCombine_paramFit_Test_CMS_btag_fullShape_hfstats2_2016preVFP.MultiDimFit.mH125.root' and '/workfs2/cms/huahuil/CMSSW_14_1_0_pre4/src/FourTop/hua/combine/combinationV20/run2_1tau0l_v4_unblind/combineResults/impactResult/higgsCombine_paramFit_Test_CMS_btag_fullShape_hfstats2_2016preVFP.MultiDimFit.mH125.root' are the same file
mv: 'higgsCombine_paramFit_Test_CMS_btag_fullShape_hfstats2_2017.MultiDimFit.mH125.root' and '/workfs2/cms/huahuil/CMSSW_14_1_0_pre4/src/FourTop/hua/combine/combinationV20/run2_1tau0l_v4_unblind/combineResults/impactResult/higgsCombine_paramFit_Test_CMS_btag_fullShape_hfstats2_2017.MultiDimFit.mH125.root' are the same file
mv: 'higgsCombine_paramFit_Test_CMS_btag_fullShape_hfstats2_2018.MultiDimFit.mH125.root' and '/workfs2/cms/huahuil/CMSSW_14_1_0_pre4/src/FourTop/hua/combine/combinationV20/run2_1tau0l_v4_unblind/combineResults/impactResult/higgsCombine_paramFit_Test_CMS_btag_fullShape_hfstats2_2018.MultiDimFit.mH125.root' are the same file
mv: 'higgsCombine_paramFit_Test_CMS_btag_fullShape_lf.MultiDimFit.mH125.root' and '/workfs2/cms/huahuil/CMSSW_14_1_0_pre4/src/FourTop/hua/combine/combinationV20/run2_1tau0l_v4_unblind/combineResults/impactResult/higgsCombine_paramFit_Test_CMS_btag_fullShape_lf.MultiDimFit.mH125.root' are the same file
mv: 'higgsCombine_paramFit_Test_CMS_btag_fullShape_lfstats1_2016postVFP.MultiDimFit.mH125.root' and '/workfs2/cms/huahuil/CMSSW_14_1_0_pre4/src/FourTop/hua/combine/combinationV20/run2_1tau0l_v4_unblind/combineResults/impactResult/higgsCombine_paramFit_Test_CMS_btag_fullShape_lfstats1_2016postVFP.MultiDimFit.mH125.root' are the same file
mv: 'higgsCombine_paramFit_Test_CMS_btag_fullShape_lfstats1_2016preVFP.MultiDimFit.mH125.root' and '/workfs2/cms/huahuil/CMSSW_14_1_0_pre4/src/FourTop/hua/combine/combinationV20/run2_1tau0l_v4_unblind/combineResults/impactResult/higgsCombine_paramFit_Test_CMS_btag_fullShape_lfstats1_2016preVFP.MultiDimFit.mH125.root' are the same file
mv: 'higgsCombine_paramFit_Test_CMS_btag_fullShape_lfstats1_2017.MultiDimFit.mH125.root' and '/workfs2/cms/huahuil/CMSSW_14_1_0_pre4/src/FourTop/hua/combine/combinationV20/run2_1tau0l_v4_unblind/combineResults/impactResult/higgsCombine_paramFit_Test_CMS_btag_fullShape_lfstats1_2017.MultiDimFit.mH125.root' are the same file
mv: 'higgsCombine_paramFit_Test_CMS_btag_fullShape_lfstats1_2018.MultiDimFit.mH125.root' and '/workfs2/cms/huahuil/CMSSW_14_1_0_pre4/src/FourTop/hua/combine/combinationV20/run2_1tau0l_v4_unblind/combineResults/impactResult/higgsCombine_paramFit_Test_CMS_btag_fullShape_lfstats1_2018.MultiDimFit.mH125.root' are the same file
mv: 'higgsCombine_paramFit_Test_CMS_btag_fullShape_lfstats2_2016postVFP.MultiDimFit.mH125.root' and '/workfs2/cms/huahuil/CMSSW_14_1_0_pre4/src/FourTop/hua/combine/combinationV20/run2_1tau0l_v4_unblind/combineResults/impactResult/higgsCombine_paramFit_Test_CMS_btag_fullShape_lfstats2_2016postVFP.MultiDimFit.mH125.root' are the same file
mv: 'higgsCombine_paramFit_Test_CMS_btag_fullShape_lfstats2_2016preVFP.MultiDimFit.mH125.root' and '/workfs2/cms/huahuil/CMSSW_14_1_0_pre4/src/FourTop/hua/combine/combinationV20/run2_1tau0l_v4_unblind/combineResults/impactResult/higgsCombine_paramFit_Test_CMS_btag_fullShape_lfstats2_2016preVFP.MultiDimFit.mH125.root' are the same file
mv: 'higgsCombine_paramFit_Test_CMS_btag_fullShape_lfstats2_2017.MultiDimFit.mH125.root' and '/workfs2/cms/huahuil/CMSSW_14_1_0_pre4/src/FourTop/hua/combine/combinationV20/run2_1tau0l_v4_unblind/combineResults/impactResult/higgsCombine_paramFit_Test_CMS_btag_fullShape_lfstats2_2017.MultiDimFit.mH125.root' are the same file
mv: 'higgsCombine_paramFit_Test_CMS_btag_fullShape_lfstats2_2018.MultiDimFit.mH125.root' and '/workfs2/cms/huahuil/CMSSW_14_1_0_pre4/src/FourTop/hua/combine/combinationV20/run2_1tau0l_v4_unblind/combineResults/impactResult/higgsCombine_paramFit_Test_CMS_btag_fullShape_lfstats2_2018.MultiDimFit.mH125.root' are the same file
mv: 'higgsCombine_paramFit_Test_CMS_eff_t_DeepTau2017v2p1_VSjet_dm_stat1_DM0_2016postVFP.MultiDimFit.mH125.root' and '/workfs2/cms/huahuil/CMSSW_14_1_0_pre4/src/FourTop/hua/combine/combinationV20/run2_1tau0l_v4_unblind/combineResults/impactResult/higgsCombine_paramFit_Test_CMS_eff_t_DeepTau2017v2p1_VSjet_dm_stat1_DM0_2016postVFP.MultiDimFit.mH125.root' are the same file
mv: 'higgsCombine_paramFit_Test_CMS_eff_t_DeepTau2017v2p1_VSjet_dm_stat1_DM0_2016preVFP.MultiDimFit.mH125.root' and '/workfs2/cms/huahuil/CMSSW_14_1_0_pre4/src/FourTop/hua/combine/combinationV20/run2_1tau0l_v4_unblind/combineResults/impactResult/higgsCombine_paramFit_Test_CMS_eff_t_DeepTau2017v2p1_VSjet_dm_stat1_DM0_2016preVFP.MultiDimFit.mH125.root' are the same file
mv: 'higgsCombine_paramFit_Test_CMS_eff_t_DeepTau2017v2p1_VSjet_dm_stat1_DM0_2017.MultiDimFit.mH125.root' and '/workfs2/cms/huahuil/CMSSW_14_1_0_pre4/src/FourTop/hua/combine/combinationV20/run2_1tau0l_v4_unblind/combineResults/impactResult/higgsCombine_paramFit_Test_CMS_eff_t_DeepTau2017v2p1_VSjet_dm_stat1_DM0_2017.MultiDimFit.mH125.root' are the same file
mv: 'higgsCombine_paramFit_Test_CMS_eff_t_DeepTau2017v2p1_VSjet_dm_stat1_DM0_2018.MultiDimFit.mH125.root' and '/workfs2/cms/huahuil/CMSSW_14_1_0_pre4/src/FourTop/hua/combine/combinationV20/run2_1tau0l_v4_unblind/combineResults/impactResult/higgsCombine_paramFit_Test_CMS_eff_t_DeepTau2017v2p1_VSjet_dm_stat1_DM0_2018.MultiDimFit.mH125.root' are the same file
mv: 'higgsCombine_paramFit_Test_CMS_eff_t_DeepTau2017v2p1_VSjet_dm_stat1_DM10_2016postVFP.MultiDimFit.mH125.root' and '/workfs2/cms/huahuil/CMSSW_14_1_0_pre4/src/FourTop/hua/combine/combinationV20/run2_1tau0l_v4_unblind/combineResults/impactResult/higgsCombine_paramFit_Test_CMS_eff_t_DeepTau2017v2p1_VSjet_dm_stat1_DM10_2016postVFP.MultiDimFit.mH125.root' are the same file
mv: 'higgsCombine_paramFit_Test_CMS_eff_t_DeepTau2017v2p1_VSjet_dm_stat1_DM10_2016preVFP.MultiDimFit.mH125.root' and '/workfs2/cms/huahuil/CMSSW_14_1_0_pre4/src/FourTop/hua/combine/combinationV20/run2_1tau0l_v4_unblind/combineResults/impactResult/higgsCombine_paramFit_Test_CMS_eff_t_DeepTau2017v2p1_VSjet_dm_stat1_DM10_2016preVFP.MultiDimFit.mH125.root' are the same file
mv: 'higgsCombine_paramFit_Test_CMS_eff_t_DeepTau2017v2p1_VSjet_dm_stat1_DM10_2017.MultiDimFit.mH125.root' and '/workfs2/cms/huahuil/CMSSW_14_1_0_pre4/src/FourTop/hua/combine/combinationV20/run2_1tau0l_v4_unblind/combineResults/impactResult/higgsCombine_paramFit_Test_CMS_eff_t_DeepTau2017v2p1_VSjet_dm_stat1_DM10_2017.MultiDimFit.mH125.root' are the same file
mv: 'higgsCombine_paramFit_Test_CMS_eff_t_DeepTau2017v2p1_VSjet_dm_stat1_DM10_2018.MultiDimFit.mH125.root' and '/workfs2/cms/huahuil/CMSSW_14_1_0_pre4/src/FourTop/hua/combine/combinationV20/run2_1tau0l_v4_unblind/combineResults/impactResult/higgsCombine_paramFit_Test_CMS_eff_t_DeepTau2017v2p1_VSjet_dm_stat1_DM10_2018.MultiDimFit.mH125.root' are the same file
mv: 'higgsCombine_paramFit_Test_CMS_eff_t_DeepTau2017v2p1_VSjet_dm_stat1_DM11_2016postVFP.MultiDimFit.mH125.root' and '/workfs2/cms/huahuil/CMSSW_14_1_0_pre4/src/FourTop/hua/combine/combinationV20/run2_1tau0l_v4_unblind/combineResults/impactResult/higgsCombine_paramFit_Test_CMS_eff_t_DeepTau2017v2p1_VSjet_dm_stat1_DM11_2016postVFP.MultiDimFit.mH125.root' are the same file
mv: 'higgsCombine_paramFit_Test_CMS_eff_t_DeepTau2017v2p1_VSjet_dm_stat1_DM11_2016preVFP.MultiDimFit.mH125.root' and '/workfs2/cms/huahuil/CMSSW_14_1_0_pre4/src/FourTop/hua/combine/combinationV20/run2_1tau0l_v4_unblind/combineResults/impactResult/higgsCombine_paramFit_Test_CMS_eff_t_DeepTau2017v2p1_VSjet_dm_stat1_DM11_2016preVFP.MultiDimFit.mH125.root' are the same file
mv: 'higgsCombine_paramFit_Test_CMS_eff_t_DeepTau2017v2p1_VSjet_dm_stat1_DM11_2017.MultiDimFit.mH125.root' and '/workfs2/cms/huahuil/CMSSW_14_1_0_pre4/src/FourTop/hua/combine/combinationV20/run2_1tau0l_v4_unblind/combineResults/impactResult/higgsCombine_paramFit_Test_CMS_eff_t_DeepTau2017v2p1_VSjet_dm_stat1_DM11_2017.MultiDimFit.mH125.root' are the same file
mv: 'higgsCombine_paramFit_Test_CMS_eff_t_DeepTau2017v2p1_VSjet_dm_stat1_DM11_2018.MultiDimFit.mH125.root' and '/workfs2/cms/huahuil/CMSSW_14_1_0_pre4/src/FourTop/hua/combine/combinationV20/run2_1tau0l_v4_unblind/combineResults/impactResult/higgsCombine_paramFit_Test_CMS_eff_t_DeepTau2017v2p1_VSjet_dm_stat1_DM11_2018.MultiDimFit.mH125.root' are the same file
mv: 'higgsCombine_paramFit_Test_CMS_eff_t_DeepTau2017v2p1_VSjet_dm_stat1_DM1_2016postVFP.MultiDimFit.mH125.root' and '/workfs2/cms/huahuil/CMSSW_14_1_0_pre4/src/FourTop/hua/combine/combinationV20/run2_1tau0l_v4_unblind/combineResults/impactResult/higgsCombine_paramFit_Test_CMS_eff_t_DeepTau2017v2p1_VSjet_dm_stat1_DM1_2016postVFP.MultiDimFit.mH125.root' are the same file
mv: 'higgsCombine_paramFit_Test_CMS_eff_t_DeepTau2017v2p1_VSjet_dm_stat1_DM1_2016preVFP.MultiDimFit.mH125.root' and '/workfs2/cms/huahuil/CMSSW_14_1_0_pre4/src/FourTop/hua/combine/combinationV20/run2_1tau0l_v4_unblind/combineResults/impactResult/higgsCombine_paramFit_Test_CMS_eff_t_DeepTau2017v2p1_VSjet_dm_stat1_DM1_2016preVFP.MultiDimFit.mH125.root' are the same file
mv: 'higgsCombine_paramFit_Test_CMS_eff_t_DeepTau2017v2p1_VSjet_dm_stat1_DM1_2017.MultiDimFit.mH125.root' and '/workfs2/cms/huahuil/CMSSW_14_1_0_pre4/src/FourTop/hua/combine/combinationV20/run2_1tau0l_v4_unblind/combineResults/impactResult/higgsCombine_paramFit_Test_CMS_eff_t_DeepTau2017v2p1_VSjet_dm_stat1_DM1_2017.MultiDimFit.mH125.root' are the same file
mv: 'higgsCombine_paramFit_Test_CMS_eff_t_DeepTau2017v2p1_VSjet_dm_stat1_DM1_2018.MultiDimFit.mH125.root' and '/workfs2/cms/huahuil/CMSSW_14_1_0_pre4/src/FourTop/hua/combine/combinationV20/run2_1tau0l_v4_unblind/combineResults/impactResult/higgsCombine_paramFit_Test_CMS_eff_t_DeepTau2017v2p1_VSjet_dm_stat1_DM1_2018.MultiDimFit.mH125.root' are the same file
mv: 'higgsCombine_paramFit_Test_CMS_eff_t_DeepTau2017v2p1_VSjet_dm_stat2_DM0_2016postVFP.MultiDimFit.mH125.root' and '/workfs2/cms/huahuil/CMSSW_14_1_0_pre4/src/FourTop/hua/combine/combinationV20/run2_1tau0l_v4_unblind/combineResults/impactResult/higgsCombine_paramFit_Test_CMS_eff_t_DeepTau2017v2p1_VSjet_dm_stat2_DM0_2016postVFP.MultiDimFit.mH125.root' are the same file
mv: 'higgsCombine_paramFit_Test_CMS_eff_t_DeepTau2017v2p1_VSjet_dm_stat2_DM0_2016preVFP.MultiDimFit.mH125.root' and '/workfs2/cms/huahuil/CMSSW_14_1_0_pre4/src/FourTop/hua/combine/combinationV20/run2_1tau0l_v4_unblind/combineResults/impactResult/higgsCombine_paramFit_Test_CMS_eff_t_DeepTau2017v2p1_VSjet_dm_stat2_DM0_2016preVFP.MultiDimFit.mH125.root' are the same file
mv: 'higgsCombine_paramFit_Test_CMS_eff_t_DeepTau2017v2p1_VSjet_dm_stat2_DM0_2017.MultiDimFit.mH125.root' and '/workfs2/cms/huahuil/CMSSW_14_1_0_pre4/src/FourTop/hua/combine/combinationV20/run2_1tau0l_v4_unblind/combineResults/impactResult/higgsCombine_paramFit_Test_CMS_eff_t_DeepTau2017v2p1_VSjet_dm_stat2_DM0_2017.MultiDimFit.mH125.root' are the same file
mv: 'higgsCombine_paramFit_Test_CMS_eff_t_DeepTau2017v2p1_VSjet_dm_stat2_DM0_2018.MultiDimFit.mH125.root' and '/workfs2/cms/huahuil/CMSSW_14_1_0_pre4/src/FourTop/hua/combine/combinationV20/run2_1tau0l_v4_unblind/combineResults/impactResult/higgsCombine_paramFit_Test_CMS_eff_t_DeepTau2017v2p1_VSjet_dm_stat2_DM0_2018.MultiDimFit.mH125.root' are the same file
mv: 'higgsCombine_paramFit_Test_CMS_eff_t_DeepTau2017v2p1_VSjet_dm_stat2_DM10_2016postVFP.MultiDimFit.mH125.root' and '/workfs2/cms/huahuil/CMSSW_14_1_0_pre4/src/FourTop/hua/combine/combinationV20/run2_1tau0l_v4_unblind/combineResults/impactResult/higgsCombine_paramFit_Test_CMS_eff_t_DeepTau2017v2p1_VSjet_dm_stat2_DM10_2016postVFP.MultiDimFit.mH125.root' are the same file
mv: 'higgsCombine_paramFit_Test_CMS_eff_t_DeepTau2017v2p1_VSjet_dm_stat2_DM10_2016preVFP.MultiDimFit.mH125.root' and '/workfs2/cms/huahuil/CMSSW_14_1_0_pre4/src/FourTop/hua/combine/combinationV20/run2_1tau0l_v4_unblind/combineResults/impactResult/higgsCombine_paramFit_Test_CMS_eff_t_DeepTau2017v2p1_VSjet_dm_stat2_DM10_2016preVFP.MultiDimFit.mH125.root' are the same file
mv: 'higgsCombine_paramFit_Test_CMS_eff_t_DeepTau2017v2p1_VSjet_dm_stat2_DM10_2017.MultiDimFit.mH125.root' and '/workfs2/cms/huahuil/CMSSW_14_1_0_pre4/src/FourTop/hua/combine/combinationV20/run2_1tau0l_v4_unblind/combineResults/impactResult/higgsCombine_paramFit_Test_CMS_eff_t_DeepTau2017v2p1_VSjet_dm_stat2_DM10_2017.MultiDimFit.mH125.root' are the same file
mv: 'higgsCombine_paramFit_Test_CMS_eff_t_DeepTau2017v2p1_VSjet_dm_stat2_DM10_2018.MultiDimFit.mH125.root' and '/workfs2/cms/huahuil/CMSSW_14_1_0_pre4/src/FourTop/hua/combine/combinationV20/run2_1tau0l_v4_unblind/combineResults/impactResult/higgsCombine_paramFit_Test_CMS_eff_t_DeepTau2017v2p1_VSjet_dm_stat2_DM10_2018.MultiDimFit.mH125.root' are the same file
mv: 'higgsCombine_paramFit_Test_CMS_eff_t_DeepTau2017v2p1_VSjet_dm_stat2_DM11_2016postVFP.MultiDimFit.mH125.root' and '/workfs2/cms/huahuil/CMSSW_14_1_0_pre4/src/FourTop/hua/combine/combinationV20/run2_1tau0l_v4_unblind/combineResults/impactResult/higgsCombine_paramFit_Test_CMS_eff_t_DeepTau2017v2p1_VSjet_dm_stat2_DM11_2016postVFP.MultiDimFit.mH125.root' are the same file
mv: 'higgsCombine_paramFit_Test_CMS_eff_t_DeepTau2017v2p1_VSjet_dm_stat2_DM11_2016preVFP.MultiDimFit.mH125.root' and '/workfs2/cms/huahuil/CMSSW_14_1_0_pre4/src/FourTop/hua/combine/combinationV20/run2_1tau0l_v4_unblind/combineResults/impactResult/higgsCombine_paramFit_Test_CMS_eff_t_DeepTau2017v2p1_VSjet_dm_stat2_DM11_2016preVFP.MultiDimFit.mH125.root' are the same file
mv: 'higgsCombine_paramFit_Test_CMS_eff_t_DeepTau2017v2p1_VSjet_dm_stat2_DM11_2017.MultiDimFit.mH125.root' and '/workfs2/cms/huahuil/CMSSW_14_1_0_pre4/src/FourTop/hua/combine/combinationV20/run2_1tau0l_v4_unblind/combineResults/impactResult/higgsCombine_paramFit_Test_CMS_eff_t_DeepTau2017v2p1_VSjet_dm_stat2_DM11_2017.MultiDimFit.mH125.root' are the same file
mv: 'higgsCombine_paramFit_Test_CMS_eff_t_DeepTau2017v2p1_VSjet_dm_stat2_DM11_2018.MultiDimFit.mH125.root' and '/workfs2/cms/huahuil/CMSSW_14_1_0_pre4/src/FourTop/hua/combine/combinationV20/run2_1tau0l_v4_unblind/combineResults/impactResult/higgsCombine_paramFit_Test_CMS_eff_t_DeepTau2017v2p1_VSjet_dm_stat2_DM11_2018.MultiDimFit.mH125.root' are the same file
mv: 'higgsCombine_paramFit_Test_CMS_eff_t_DeepTau2017v2p1_VSjet_dm_stat2_DM1_2016postVFP.MultiDimFit.mH125.root' and '/workfs2/cms/huahuil/CMSSW_14_1_0_pre4/src/FourTop/hua/combine/combinationV20/run2_1tau0l_v4_unblind/combineResults/impactResult/higgsCombine_paramFit_Test_CMS_eff_t_DeepTau2017v2p1_VSjet_dm_stat2_DM1_2016postVFP.MultiDimFit.mH125.root' are the same file
mv: 'higgsCombine_paramFit_Test_CMS_eff_t_DeepTau2017v2p1_VSjet_dm_stat2_DM1_2016preVFP.MultiDimFit.mH125.root' and '/workfs2/cms/huahuil/CMSSW_14_1_0_pre4/src/FourTop/hua/combine/combinationV20/run2_1tau0l_v4_unblind/combineResults/impactResult/higgsCombine_paramFit_Test_CMS_eff_t_DeepTau2017v2p1_VSjet_dm_stat2_DM1_2016preVFP.MultiDimFit.mH125.root' are the same file
mv: 'higgsCombine_paramFit_Test_CMS_eff_t_DeepTau2017v2p1_VSjet_dm_stat2_DM1_2017.MultiDimFit.mH125.root' and '/workfs2/cms/huahuil/CMSSW_14_1_0_pre4/src/FourTop/hua/combine/combinationV20/run2_1tau0l_v4_unblind/combineResults/impactResult/higgsCombine_paramFit_Test_CMS_eff_t_DeepTau2017v2p1_VSjet_dm_stat2_DM1_2017.MultiDimFit.mH125.root' are the same file
mv: 'higgsCombine_paramFit_Test_CMS_eff_t_DeepTau2017v2p1_VSjet_dm_stat2_DM1_2018.MultiDimFit.mH125.root' and '/workfs2/cms/huahuil/CMSSW_14_1_0_pre4/src/FourTop/hua/combine/combinationV20/run2_1tau0l_v4_unblind/combineResults/impactResult/higgsCombine_paramFit_Test_CMS_eff_t_DeepTau2017v2p1_VSjet_dm_stat2_DM1_2018.MultiDimFit.mH125.root' are the same file
mv: 'higgsCombine_paramFit_Test_CMS_eff_t_DeepTau2017v2p1_VSjet_dm_syst_2016postVFP.MultiDimFit.mH125.root' and '/workfs2/cms/huahuil/CMSSW_14_1_0_pre4/src/FourTop/hua/combine/combinationV20/run2_1tau0l_v4_unblind/combineResults/impactResult/higgsCombine_paramFit_Test_CMS_eff_t_DeepTau2017v2p1_VSjet_dm_syst_2016postVFP.MultiDimFit.mH125.root' are the same file
mv: 'higgsCombine_paramFit_Test_CMS_eff_t_DeepTau2017v2p1_VSjet_dm_syst_2016preVFP.MultiDimFit.mH125.root' and '/workfs2/cms/huahuil/CMSSW_14_1_0_pre4/src/FourTop/hua/combine/combinationV20/run2_1tau0l_v4_unblind/combineResults/impactResult/higgsCombine_paramFit_Test_CMS_eff_t_DeepTau2017v2p1_VSjet_dm_syst_2016preVFP.MultiDimFit.mH125.root' are the same file
mv: 'higgsCombine_paramFit_Test_CMS_eff_t_DeepTau2017v2p1_VSjet_dm_syst_2017.MultiDimFit.mH125.root' and '/workfs2/cms/huahuil/CMSSW_14_1_0_pre4/src/FourTop/hua/combine/combinationV20/run2_1tau0l_v4_unblind/combineResults/impactResult/higgsCombine_paramFit_Test_CMS_eff_t_DeepTau2017v2p1_VSjet_dm_syst_2017.MultiDimFit.mH125.root' are the same file
mv: 'higgsCombine_paramFit_Test_CMS_eff_t_DeepTau2017v2p1_VSjet_dm_syst_2018.MultiDimFit.mH125.root' and '/workfs2/cms/huahuil/CMSSW_14_1_0_pre4/src/FourTop/hua/combine/combinationV20/run2_1tau0l_v4_unblind/combineResults/impactResult/higgsCombine_paramFit_Test_CMS_eff_t_DeepTau2017v2p1_VSjet_dm_syst_2018.MultiDimFit.mH125.root' are the same file
mv: 'higgsCombine_paramFit_Test_CMS_eff_t_DeepTau2017v2p1_VSjet_dm_syst_DM0_2016postVFP.MultiDimFit.mH125.root' and '/workfs2/cms/huahuil/CMSSW_14_1_0_pre4/src/FourTop/hua/combine/combinationV20/run2_1tau0l_v4_unblind/combineResults/impactResult/higgsCombine_paramFit_Test_CMS_eff_t_DeepTau2017v2p1_VSjet_dm_syst_DM0_2016postVFP.MultiDimFit.mH125.root' are the same file
mv: 'higgsCombine_paramFit_Test_CMS_eff_t_DeepTau2017v2p1_VSjet_dm_syst_DM0_2016preVFP.MultiDimFit.mH125.root' and '/workfs2/cms/huahuil/CMSSW_14_1_0_pre4/src/FourTop/hua/combine/combinationV20/run2_1tau0l_v4_unblind/combineResults/impactResult/higgsCombine_paramFit_Test_CMS_eff_t_DeepTau2017v2p1_VSjet_dm_syst_DM0_2016preVFP.MultiDimFit.mH125.root' are the same file
mv: 'higgsCombine_paramFit_Test_CMS_eff_t_DeepTau2017v2p1_VSjet_dm_syst_DM0_2017.MultiDimFit.mH125.root' and '/workfs2/cms/huahuil/CMSSW_14_1_0_pre4/src/FourTop/hua/combine/combinationV20/run2_1tau0l_v4_unblind/combineResults/impactResult/higgsCombine_paramFit_Test_CMS_eff_t_DeepTau2017v2p1_VSjet_dm_syst_DM0_2017.MultiDimFit.mH125.root' are the same file
mv: 'higgsCombine_paramFit_Test_CMS_eff_t_DeepTau2017v2p1_VSjet_dm_syst_DM0_2018.MultiDimFit.mH125.root' and '/workfs2/cms/huahuil/CMSSW_14_1_0_pre4/src/FourTop/hua/combine/combinationV20/run2_1tau0l_v4_unblind/combineResults/impactResult/higgsCombine_paramFit_Test_CMS_eff_t_DeepTau2017v2p1_VSjet_dm_syst_DM0_2018.MultiDimFit.mH125.root' are the same file
mv: 'higgsCombine_paramFit_Test_CMS_eff_t_DeepTau2017v2p1_VSjet_dm_syst_DM10_2016postVFP.MultiDimFit.mH125.root' and '/workfs2/cms/huahuil/CMSSW_14_1_0_pre4/src/FourTop/hua/combine/combinationV20/run2_1tau0l_v4_unblind/combineResults/impactResult/higgsCombine_paramFit_Test_CMS_eff_t_DeepTau2017v2p1_VSjet_dm_syst_DM10_2016postVFP.MultiDimFit.mH125.root' are the same file
mv: 'higgsCombine_paramFit_Test_CMS_eff_t_DeepTau2017v2p1_VSjet_dm_syst_DM10_2016preVFP.MultiDimFit.mH125.root' and '/workfs2/cms/huahuil/CMSSW_14_1_0_pre4/src/FourTop/hua/combine/combinationV20/run2_1tau0l_v4_unblind/combineResults/impactResult/higgsCombine_paramFit_Test_CMS_eff_t_DeepTau2017v2p1_VSjet_dm_syst_DM10_2016preVFP.MultiDimFit.mH125.root' are the same file
mv: 'higgsCombine_paramFit_Test_CMS_eff_t_DeepTau2017v2p1_VSjet_dm_syst_DM10_2017.MultiDimFit.mH125.root' and '/workfs2/cms/huahuil/CMSSW_14_1_0_pre4/src/FourTop/hua/combine/combinationV20/run2_1tau0l_v4_unblind/combineResults/impactResult/higgsCombine_paramFit_Test_CMS_eff_t_DeepTau2017v2p1_VSjet_dm_syst_DM10_2017.MultiDimFit.mH125.root' are the same file
mv: 'higgsCombine_paramFit_Test_CMS_eff_t_DeepTau2017v2p1_VSjet_dm_syst_DM10_2018.MultiDimFit.mH125.root' and '/workfs2/cms/huahuil/CMSSW_14_1_0_pre4/src/FourTop/hua/combine/combinationV20/run2_1tau0l_v4_unblind/combineResults/impactResult/higgsCombine_paramFit_Test_CMS_eff_t_DeepTau2017v2p1_VSjet_dm_syst_DM10_2018.MultiDimFit.mH125.root' are the same file
mv: 'higgsCombine_paramFit_Test_CMS_eff_t_DeepTau2017v2p1_VSjet_dm_syst_DM11_2016postVFP.MultiDimFit.mH125.root' and '/workfs2/cms/huahuil/CMSSW_14_1_0_pre4/src/FourTop/hua/combine/combinationV20/run2_1tau0l_v4_unblind/combineResults/impactResult/higgsCombine_paramFit_Test_CMS_eff_t_DeepTau2017v2p1_VSjet_dm_syst_DM11_2016postVFP.MultiDimFit.mH125.root' are the same file
mv: 'higgsCombine_paramFit_Test_CMS_eff_t_DeepTau2017v2p1_VSjet_dm_syst_DM11_2016preVFP.MultiDimFit.mH125.root' and '/workfs2/cms/huahuil/CMSSW_14_1_0_pre4/src/FourTop/hua/combine/combinationV20/run2_1tau0l_v4_unblind/combineResults/impactResult/higgsCombine_paramFit_Test_CMS_eff_t_DeepTau2017v2p1_VSjet_dm_syst_DM11_2016preVFP.MultiDimFit.mH125.root' are the same file
mv: 'higgsCombine_paramFit_Test_CMS_eff_t_DeepTau2017v2p1_VSjet_dm_syst_DM11_2017.MultiDimFit.mH125.root' and '/workfs2/cms/huahuil/CMSSW_14_1_0_pre4/src/FourTop/hua/combine/combinationV20/run2_1tau0l_v4_unblind/combineResults/impactResult/higgsCombine_paramFit_Test_CMS_eff_t_DeepTau2017v2p1_VSjet_dm_syst_DM11_2017.MultiDimFit.mH125.root' are the same file
mv: 'higgsCombine_paramFit_Test_CMS_eff_t_DeepTau2017v2p1_VSjet_dm_syst_DM11_2018.MultiDimFit.mH125.root' and '/workfs2/cms/huahuil/CMSSW_14_1_0_pre4/src/FourTop/hua/combine/combinationV20/run2_1tau0l_v4_unblind/combineResults/impactResult/higgsCombine_paramFit_Test_CMS_eff_t_DeepTau2017v2p1_VSjet_dm_syst_DM11_2018.MultiDimFit.mH125.root' are the same file
mv: 'higgsCombine_paramFit_Test_CMS_eff_t_DeepTau2017v2p1_VSjet_dm_syst_DM1_2016postVFP.MultiDimFit.mH125.root' and '/workfs2/cms/huahuil/CMSSW_14_1_0_pre4/src/FourTop/hua/combine/combinationV20/run2_1tau0l_v4_unblind/combineResults/impactResult/higgsCombine_paramFit_Test_CMS_eff_t_DeepTau2017v2p1_VSjet_dm_syst_DM1_2016postVFP.MultiDimFit.mH125.root' are the same file
mv: 'higgsCombine_paramFit_Test_CMS_eff_t_DeepTau2017v2p1_VSjet_dm_syst_DM1_2016preVFP.MultiDimFit.mH125.root' and '/workfs2/cms/huahuil/CMSSW_14_1_0_pre4/src/FourTop/hua/combine/combinationV20/run2_1tau0l_v4_unblind/combineResults/impactResult/higgsCombine_paramFit_Test_CMS_eff_t_DeepTau2017v2p1_VSjet_dm_syst_DM1_2016preVFP.MultiDimFit.mH125.root' are the same file
mv: 'higgsCombine_paramFit_Test_CMS_eff_t_DeepTau2017v2p1_VSjet_dm_syst_DM1_2017.MultiDimFit.mH125.root' and '/workfs2/cms/huahuil/CMSSW_14_1_0_pre4/src/FourTop/hua/combine/combinationV20/run2_1tau0l_v4_unblind/combineResults/impactResult/higgsCombine_paramFit_Test_CMS_eff_t_DeepTau2017v2p1_VSjet_dm_syst_DM1_2017.MultiDimFit.mH125.root' are the same file
mv: 'higgsCombine_paramFit_Test_CMS_eff_t_DeepTau2017v2p1_VSjet_dm_syst_DM1_2018.MultiDimFit.mH125.root' and '/workfs2/cms/huahuil/CMSSW_14_1_0_pre4/src/FourTop/hua/combine/combinationV20/run2_1tau0l_v4_unblind/combineResults/impactResult/higgsCombine_paramFit_Test_CMS_eff_t_DeepTau2017v2p1_VSjet_dm_syst_DM1_2018.MultiDimFit.mH125.root' are the same file
mv: 'higgsCombine_paramFit_Test_CMS_eff_t_DeepTau2017v2p1_VSjet_dm_syst_alleras.MultiDimFit.mH125.root' and '/workfs2/cms/huahuil/CMSSW_14_1_0_pre4/src/FourTop/hua/combine/combinationV20/run2_1tau0l_v4_unblind/combineResults/impactResult/higgsCombine_paramFit_Test_CMS_eff_t_DeepTau2017v2p1_VSjet_dm_syst_alleras.MultiDimFit.mH125.root' are the same file
mv: 'higgsCombine_paramFit_Test_CMS_fake_t_2016postVFP.MultiDimFit.mH125.root' and '/workfs2/cms/huahuil/CMSSW_14_1_0_pre4/src/FourTop/hua/combine/combinationV20/run2_1tau0l_v4_unblind/combineResults/impactResult/higgsCombine_paramFit_Test_CMS_fake_t_2016postVFP.MultiDimFit.mH125.root' are the same file
mv: 'higgsCombine_paramFit_Test_CMS_fake_t_2016preVFP.MultiDimFit.mH125.root' and '/workfs2/cms/huahuil/CMSSW_14_1_0_pre4/src/FourTop/hua/combine/combinationV20/run2_1tau0l_v4_unblind/combineResults/impactResult/higgsCombine_paramFit_Test_CMS_fake_t_2016preVFP.MultiDimFit.mH125.root' are the same file
mv: 'higgsCombine_paramFit_Test_CMS_fake_t_2017.MultiDimFit.mH125.root' and '/workfs2/cms/huahuil/CMSSW_14_1_0_pre4/src/FourTop/hua/combine/combinationV20/run2_1tau0l_v4_unblind/combineResults/impactResult/higgsCombine_paramFit_Test_CMS_fake_t_2017.MultiDimFit.mH125.root' are the same file
mv: 'higgsCombine_paramFit_Test_CMS_fake_t_2018.MultiDimFit.mH125.root' and '/workfs2/cms/huahuil/CMSSW_14_1_0_pre4/src/FourTop/hua/combine/combinationV20/run2_1tau0l_v4_unblind/combineResults/impactResult/higgsCombine_paramFit_Test_CMS_fake_t_2018.MultiDimFit.mH125.root' are the same file
mv: 'higgsCombine_paramFit_Test_CMS_fake_t_DeepTau2017v2p1_VSe.MultiDimFit.mH125.root' and '/workfs2/cms/huahuil/CMSSW_14_1_0_pre4/src/FourTop/hua/combine/combinationV20/run2_1tau0l_v4_unblind/combineResults/impactResult/higgsCombine_paramFit_Test_CMS_fake_t_DeepTau2017v2p1_VSe.MultiDimFit.mH125.root' are the same file
mv: 'higgsCombine_paramFit_Test_CMS_fake_t_DeepTau2017v2p1_VSmu.MultiDimFit.mH125.root' and '/workfs2/cms/huahuil/CMSSW_14_1_0_pre4/src/FourTop/hua/combine/combinationV20/run2_1tau0l_v4_unblind/combineResults/impactResult/higgsCombine_paramFit_Test_CMS_fake_t_DeepTau2017v2p1_VSmu.MultiDimFit.mH125.root' are the same file
mv: 'higgsCombine_paramFit_Test_CMS_l1_ecal_prefiring_2016.MultiDimFit.mH125.root' and '/workfs2/cms/huahuil/CMSSW_14_1_0_pre4/src/FourTop/hua/combine/combinationV20/run2_1tau0l_v4_unblind/combineResults/impactResult/higgsCombine_paramFit_Test_CMS_l1_ecal_prefiring_2016.MultiDimFit.mH125.root' are the same file
mv: 'higgsCombine_paramFit_Test_CMS_l1_ecal_prefiring_2017.MultiDimFit.mH125.root' and '/workfs2/cms/huahuil/CMSSW_14_1_0_pre4/src/FourTop/hua/combine/combinationV20/run2_1tau0l_v4_unblind/combineResults/impactResult/higgsCombine_paramFit_Test_CMS_l1_ecal_prefiring_2017.MultiDimFit.mH125.root' are the same file
mv: 'higgsCombine_paramFit_Test_CMS_pileup.MultiDimFit.mH125.root' and '/workfs2/cms/huahuil/CMSSW_14_1_0_pre4/src/FourTop/hua/combine/combinationV20/run2_1tau0l_v4_unblind/combineResults/impactResult/higgsCombine_paramFit_Test_CMS_pileup.MultiDimFit.mH125.root' are the same file
mv: 'higgsCombine_paramFit_Test_CMS_res_j_2016postVFP.MultiDimFit.mH125.root' and '/workfs2/cms/huahuil/CMSSW_14_1_0_pre4/src/FourTop/hua/combine/combinationV20/run2_1tau0l_v4_unblind/combineResults/impactResult/higgsCombine_paramFit_Test_CMS_res_j_2016postVFP.MultiDimFit.mH125.root' are the same file
mv: 'higgsCombine_paramFit_Test_CMS_res_j_2016preVFP.MultiDimFit.mH125.root' and '/workfs2/cms/huahuil/CMSSW_14_1_0_pre4/src/FourTop/hua/combine/combinationV20/run2_1tau0l_v4_unblind/combineResults/impactResult/higgsCombine_paramFit_Test_CMS_res_j_2016preVFP.MultiDimFit.mH125.root' are the same file
mv: 'higgsCombine_paramFit_Test_CMS_res_j_2017.MultiDimFit.mH125.root' and '/workfs2/cms/huahuil/CMSSW_14_1_0_pre4/src/FourTop/hua/combine/combinationV20/run2_1tau0l_v4_unblind/combineResults/impactResult/higgsCombine_paramFit_Test_CMS_res_j_2017.MultiDimFit.mH125.root' are the same file
mv: 'higgsCombine_paramFit_Test_CMS_res_j_2018.MultiDimFit.mH125.root' and '/workfs2/cms/huahuil/CMSSW_14_1_0_pre4/src/FourTop/hua/combine/combinationV20/run2_1tau0l_v4_unblind/combineResults/impactResult/higgsCombine_paramFit_Test_CMS_res_j_2018.MultiDimFit.mH125.root' are the same file
mv: 'higgsCombine_paramFit_Test_CMS_scale_j_AbsoluteMPFBias.MultiDimFit.mH125.root' and '/workfs2/cms/huahuil/CMSSW_14_1_0_pre4/src/FourTop/hua/combine/combinationV20/run2_1tau0l_v4_unblind/combineResults/impactResult/higgsCombine_paramFit_Test_CMS_scale_j_AbsoluteMPFBias.MultiDimFit.mH125.root' are the same file
mv: 'higgsCombine_paramFit_Test_CMS_scale_j_AbsoluteScale.MultiDimFit.mH125.root' and '/workfs2/cms/huahuil/CMSSW_14_1_0_pre4/src/FourTop/hua/combine/combinationV20/run2_1tau0l_v4_unblind/combineResults/impactResult/higgsCombine_paramFit_Test_CMS_scale_j_AbsoluteScale.MultiDimFit.mH125.root' are the same file
mv: 'higgsCombine_paramFit_Test_CMS_scale_j_AbsoluteStat_2016postVFP.MultiDimFit.mH125.root' and '/workfs2/cms/huahuil/CMSSW_14_1_0_pre4/src/FourTop/hua/combine/combinationV20/run2_1tau0l_v4_unblind/combineResults/impactResult/higgsCombine_paramFit_Test_CMS_scale_j_AbsoluteStat_2016postVFP.MultiDimFit.mH125.root' are the same file
mv: 'higgsCombine_paramFit_Test_CMS_scale_j_AbsoluteStat_2016preVFP.MultiDimFit.mH125.root' and '/workfs2/cms/huahuil/CMSSW_14_1_0_pre4/src/FourTop/hua/combine/combinationV20/run2_1tau0l_v4_unblind/combineResults/impactResult/higgsCombine_paramFit_Test_CMS_scale_j_AbsoluteStat_2016preVFP.MultiDimFit.mH125.root' are the same file
mv: 'higgsCombine_paramFit_Test_CMS_scale_j_AbsoluteStat_2017.MultiDimFit.mH125.root' and '/workfs2/cms/huahuil/CMSSW_14_1_0_pre4/src/FourTop/hua/combine/combinationV20/run2_1tau0l_v4_unblind/combineResults/impactResult/higgsCombine_paramFit_Test_CMS_scale_j_AbsoluteStat_2017.MultiDimFit.mH125.root' are the same file
mv: 'higgsCombine_paramFit_Test_CMS_scale_j_AbsoluteStat_2018.MultiDimFit.mH125.root' and '/workfs2/cms/huahuil/CMSSW_14_1_0_pre4/src/FourTop/hua/combine/combinationV20/run2_1tau0l_v4_unblind/combineResults/impactResult/higgsCombine_paramFit_Test_CMS_scale_j_AbsoluteStat_2018.MultiDimFit.mH125.root' are the same file
mv: 'higgsCombine_paramFit_Test_CMS_scale_j_FlavorPureBottom.MultiDimFit.mH125.root' and '/workfs2/cms/huahuil/CMSSW_14_1_0_pre4/src/FourTop/hua/combine/combinationV20/run2_1tau0l_v4_unblind/combineResults/impactResult/higgsCombine_paramFit_Test_CMS_scale_j_FlavorPureBottom.MultiDimFit.mH125.root' are the same file
mv: 'higgsCombine_paramFit_Test_CMS_scale_j_FlavorPureCharm.MultiDimFit.mH125.root' and '/workfs2/cms/huahuil/CMSSW_14_1_0_pre4/src/FourTop/hua/combine/combinationV20/run2_1tau0l_v4_unblind/combineResults/impactResult/higgsCombine_paramFit_Test_CMS_scale_j_FlavorPureCharm.MultiDimFit.mH125.root' are the same file
mv: 'higgsCombine_paramFit_Test_CMS_scale_j_FlavorPureGluon.MultiDimFit.mH125.root' and '/workfs2/cms/huahuil/CMSSW_14_1_0_pre4/src/FourTop/hua/combine/combinationV20/run2_1tau0l_v4_unblind/combineResults/impactResult/higgsCombine_paramFit_Test_CMS_scale_j_FlavorPureGluon.MultiDimFit.mH125.root' are the same file
mv: 'higgsCombine_paramFit_Test_CMS_scale_j_FlavorPureQuark.MultiDimFit.mH125.root' and '/workfs2/cms/huahuil/CMSSW_14_1_0_pre4/src/FourTop/hua/combine/combinationV20/run2_1tau0l_v4_unblind/combineResults/impactResult/higgsCombine_paramFit_Test_CMS_scale_j_FlavorPureQuark.MultiDimFit.mH125.root' are the same file
mv: 'higgsCombine_paramFit_Test_CMS_scale_j_Fragmentation.MultiDimFit.mH125.root' and '/workfs2/cms/huahuil/CMSSW_14_1_0_pre4/src/FourTop/hua/combine/combinationV20/run2_1tau0l_v4_unblind/combineResults/impactResult/higgsCombine_paramFit_Test_CMS_scale_j_Fragmentation.MultiDimFit.mH125.root' are the same file
mv: 'higgsCombine_paramFit_Test_CMS_scale_j_PileUpDataMC.MultiDimFit.mH125.root' and '/workfs2/cms/huahuil/CMSSW_14_1_0_pre4/src/FourTop/hua/combine/combinationV20/run2_1tau0l_v4_unblind/combineResults/impactResult/higgsCombine_paramFit_Test_CMS_scale_j_PileUpDataMC.MultiDimFit.mH125.root' are the same file
mv: 'higgsCombine_paramFit_Test_CMS_scale_j_PileUpPtBB.MultiDimFit.mH125.root' and '/workfs2/cms/huahuil/CMSSW_14_1_0_pre4/src/FourTop/hua/combine/combinationV20/run2_1tau0l_v4_unblind/combineResults/impactResult/higgsCombine_paramFit_Test_CMS_scale_j_PileUpPtBB.MultiDimFit.mH125.root' are the same file
mv: 'higgsCombine_paramFit_Test_CMS_scale_j_PileUpPtEC1.MultiDimFit.mH125.root' and '/workfs2/cms/huahuil/CMSSW_14_1_0_pre4/src/FourTop/hua/combine/combinationV20/run2_1tau0l_v4_unblind/combineResults/impactResult/higgsCombine_paramFit_Test_CMS_scale_j_PileUpPtEC1.MultiDimFit.mH125.root' are the same file
mv: 'higgsCombine_paramFit_Test_CMS_scale_j_PileUpPtEC2.MultiDimFit.mH125.root' and '/workfs2/cms/huahuil/CMSSW_14_1_0_pre4/src/FourTop/hua/combine/combinationV20/run2_1tau0l_v4_unblind/combineResults/impactResult/higgsCombine_paramFit_Test_CMS_scale_j_PileUpPtEC2.MultiDimFit.mH125.root' are the same file
mv: 'higgsCombine_paramFit_Test_CMS_scale_j_PileUpPtHF.MultiDimFit.mH125.root' and '/workfs2/cms/huahuil/CMSSW_14_1_0_pre4/src/FourTop/hua/combine/combinationV20/run2_1tau0l_v4_unblind/combineResults/impactResult/higgsCombine_paramFit_Test_CMS_scale_j_PileUpPtHF.MultiDimFit.mH125.root' are the same file
mv: 'higgsCombine_paramFit_Test_CMS_scale_j_PileUpPtRef.MultiDimFit.mH125.root' and '/workfs2/cms/huahuil/CMSSW_14_1_0_pre4/src/FourTop/hua/combine/combinationV20/run2_1tau0l_v4_unblind/combineResults/impactResult/higgsCombine_paramFit_Test_CMS_scale_j_PileUpPtRef.MultiDimFit.mH125.root' are the same file
mv: 'higgsCombine_paramFit_Test_CMS_scale_j_RelativeBal.MultiDimFit.mH125.root' and '/workfs2/cms/huahuil/CMSSW_14_1_0_pre4/src/FourTop/hua/combine/combinationV20/run2_1tau0l_v4_unblind/combineResults/impactResult/higgsCombine_paramFit_Test_CMS_scale_j_RelativeBal.MultiDimFit.mH125.root' are the same file
mv: 'higgsCombine_paramFit_Test_CMS_scale_j_RelativeFSR.MultiDimFit.mH125.root' and '/workfs2/cms/huahuil/CMSSW_14_1_0_pre4/src/FourTop/hua/combine/combinationV20/run2_1tau0l_v4_unblind/combineResults/impactResult/higgsCombine_paramFit_Test_CMS_scale_j_RelativeFSR.MultiDimFit.mH125.root' are the same file
mv: 'higgsCombine_paramFit_Test_CMS_scale_j_RelativeJEREC1_2016postVFP.MultiDimFit.mH125.root' and '/workfs2/cms/huahuil/CMSSW_14_1_0_pre4/src/FourTop/hua/combine/combinationV20/run2_1tau0l_v4_unblind/combineResults/impactResult/higgsCombine_paramFit_Test_CMS_scale_j_RelativeJEREC1_2016postVFP.MultiDimFit.mH125.root' are the same file
mv: 'higgsCombine_paramFit_Test_CMS_scale_j_RelativeJEREC1_2016preVFP.MultiDimFit.mH125.root' and '/workfs2/cms/huahuil/CMSSW_14_1_0_pre4/src/FourTop/hua/combine/combinationV20/run2_1tau0l_v4_unblind/combineResults/impactResult/higgsCombine_paramFit_Test_CMS_scale_j_RelativeJEREC1_2016preVFP.MultiDimFit.mH125.root' are the same file
mv: 'higgsCombine_paramFit_Test_CMS_scale_j_RelativeJEREC1_2017.MultiDimFit.mH125.root' and '/workfs2/cms/huahuil/CMSSW_14_1_0_pre4/src/FourTop/hua/combine/combinationV20/run2_1tau0l_v4_unblind/combineResults/impactResult/higgsCombine_paramFit_Test_CMS_scale_j_RelativeJEREC1_2017.MultiDimFit.mH125.root' are the same file
mv: 'higgsCombine_paramFit_Test_CMS_scale_j_RelativeJEREC1_2018.MultiDimFit.mH125.root' and '/workfs2/cms/huahuil/CMSSW_14_1_0_pre4/src/FourTop/hua/combine/combinationV20/run2_1tau0l_v4_unblind/combineResults/impactResult/higgsCombine_paramFit_Test_CMS_scale_j_RelativeJEREC1_2018.MultiDimFit.mH125.root' are the same file
mv: 'higgsCombine_paramFit_Test_CMS_scale_j_RelativeJEREC2_2016postVFP.MultiDimFit.mH125.root' and '/workfs2/cms/huahuil/CMSSW_14_1_0_pre4/src/FourTop/hua/combine/combinationV20/run2_1tau0l_v4_unblind/combineResults/impactResult/higgsCombine_paramFit_Test_CMS_scale_j_RelativeJEREC2_2016postVFP.MultiDimFit.mH125.root' are the same file
mv: 'higgsCombine_paramFit_Test_CMS_scale_j_RelativeJEREC2_2016preVFP.MultiDimFit.mH125.root' and '/workfs2/cms/huahuil/CMSSW_14_1_0_pre4/src/FourTop/hua/combine/combinationV20/run2_1tau0l_v4_unblind/combineResults/impactResult/higgsCombine_paramFit_Test_CMS_scale_j_RelativeJEREC2_2016preVFP.MultiDimFit.mH125.root' are the same file
mv: 'higgsCombine_paramFit_Test_CMS_scale_j_RelativeJEREC2_2017.MultiDimFit.mH125.root' and '/workfs2/cms/huahuil/CMSSW_14_1_0_pre4/src/FourTop/hua/combine/combinationV20/run2_1tau0l_v4_unblind/combineResults/impactResult/higgsCombine_paramFit_Test_CMS_scale_j_RelativeJEREC2_2017.MultiDimFit.mH125.root' are the same file
mv: 'higgsCombine_paramFit_Test_CMS_scale_j_RelativeJEREC2_2018.MultiDimFit.mH125.root' and '/workfs2/cms/huahuil/CMSSW_14_1_0_pre4/src/FourTop/hua/combine/combinationV20/run2_1tau0l_v4_unblind/combineResults/impactResult/higgsCombine_paramFit_Test_CMS_scale_j_RelativeJEREC2_2018.MultiDimFit.mH125.root' are the same file
mv: 'higgsCombine_paramFit_Test_CMS_scale_j_RelativeJERHF.MultiDimFit.mH125.root' and '/workfs2/cms/huahuil/CMSSW_14_1_0_pre4/src/FourTop/hua/combine/combinationV20/run2_1tau0l_v4_unblind/combineResults/impactResult/higgsCombine_paramFit_Test_CMS_scale_j_RelativeJERHF.MultiDimFit.mH125.root' are the same file
mv: 'higgsCombine_paramFit_Test_CMS_scale_j_RelativePtBB.MultiDimFit.mH125.root' and '/workfs2/cms/huahuil/CMSSW_14_1_0_pre4/src/FourTop/hua/combine/combinationV20/run2_1tau0l_v4_unblind/combineResults/impactResult/higgsCombine_paramFit_Test_CMS_scale_j_RelativePtBB.MultiDimFit.mH125.root' are the same file
mv: 'higgsCombine_paramFit_Test_CMS_scale_j_RelativePtEC1_2016postVFP.MultiDimFit.mH125.root' and '/workfs2/cms/huahuil/CMSSW_14_1_0_pre4/src/FourTop/hua/combine/combinationV20/run2_1tau0l_v4_unblind/combineResults/impactResult/higgsCombine_paramFit_Test_CMS_scale_j_RelativePtEC1_2016postVFP.MultiDimFit.mH125.root' are the same file
mv: 'higgsCombine_paramFit_Test_CMS_scale_j_RelativePtEC1_2016preVFP.MultiDimFit.mH125.root' and '/workfs2/cms/huahuil/CMSSW_14_1_0_pre4/src/FourTop/hua/combine/combinationV20/run2_1tau0l_v4_unblind/combineResults/impactResult/higgsCombine_paramFit_Test_CMS_scale_j_RelativePtEC1_2016preVFP.MultiDimFit.mH125.root' are the same file
mv: 'higgsCombine_paramFit_Test_CMS_scale_j_RelativePtEC1_2017.MultiDimFit.mH125.root' and '/workfs2/cms/huahuil/CMSSW_14_1_0_pre4/src/FourTop/hua/combine/combinationV20/run2_1tau0l_v4_unblind/combineResults/impactResult/higgsCombine_paramFit_Test_CMS_scale_j_RelativePtEC1_2017.MultiDimFit.mH125.root' are the same file
mv: 'higgsCombine_paramFit_Test_CMS_scale_j_RelativePtEC1_2018.MultiDimFit.mH125.root' and '/workfs2/cms/huahuil/CMSSW_14_1_0_pre4/src/FourTop/hua/combine/combinationV20/run2_1tau0l_v4_unblind/combineResults/impactResult/higgsCombine_paramFit_Test_CMS_scale_j_RelativePtEC1_2018.MultiDimFit.mH125.root' are the same file
mv: 'higgsCombine_paramFit_Test_CMS_scale_j_RelativePtEC2_2016postVFP.MultiDimFit.mH125.root' and '/workfs2/cms/huahuil/CMSSW_14_1_0_pre4/src/FourTop/hua/combine/combinationV20/run2_1tau0l_v4_unblind/combineResults/impactResult/higgsCombine_paramFit_Test_CMS_scale_j_RelativePtEC2_2016postVFP.MultiDimFit.mH125.root' are the same file
mv: 'higgsCombine_paramFit_Test_CMS_scale_j_RelativePtEC2_2016preVFP.MultiDimFit.mH125.root' and '/workfs2/cms/huahuil/CMSSW_14_1_0_pre4/src/FourTop/hua/combine/combinationV20/run2_1tau0l_v4_unblind/combineResults/impactResult/higgsCombine_paramFit_Test_CMS_scale_j_RelativePtEC2_2016preVFP.MultiDimFit.mH125.root' are the same file
mv: 'higgsCombine_paramFit_Test_CMS_scale_j_RelativePtEC2_2017.MultiDimFit.mH125.root' and '/workfs2/cms/huahuil/CMSSW_14_1_0_pre4/src/FourTop/hua/combine/combinationV20/run2_1tau0l_v4_unblind/combineResults/impactResult/higgsCombine_paramFit_Test_CMS_scale_j_RelativePtEC2_2017.MultiDimFit.mH125.root' are the same file
mv: 'higgsCombine_paramFit_Test_CMS_scale_j_RelativePtEC2_2018.MultiDimFit.mH125.root' and '/workfs2/cms/huahuil/CMSSW_14_1_0_pre4/src/FourTop/hua/combine/combinationV20/run2_1tau0l_v4_unblind/combineResults/impactResult/higgsCombine_paramFit_Test_CMS_scale_j_RelativePtEC2_2018.MultiDimFit.mH125.root' are the same file
mv: 'higgsCombine_paramFit_Test_CMS_scale_j_RelativePtHF.MultiDimFit.mH125.root' and '/workfs2/cms/huahuil/CMSSW_14_1_0_pre4/src/FourTop/hua/combine/combinationV20/run2_1tau0l_v4_unblind/combineResults/impactResult/higgsCombine_paramFit_Test_CMS_scale_j_RelativePtHF.MultiDimFit.mH125.root' are the same file
mv: 'higgsCombine_paramFit_Test_CMS_scale_j_RelativeSample_2016postVFP.MultiDimFit.mH125.root' and '/workfs2/cms/huahuil/CMSSW_14_1_0_pre4/src/FourTop/hua/combine/combinationV20/run2_1tau0l_v4_unblind/combineResults/impactResult/higgsCombine_paramFit_Test_CMS_scale_j_RelativeSample_2016postVFP.MultiDimFit.mH125.root' are the same file
mv: 'higgsCombine_paramFit_Test_CMS_scale_j_RelativeSample_2016preVFP.MultiDimFit.mH125.root' and '/workfs2/cms/huahuil/CMSSW_14_1_0_pre4/src/FourTop/hua/combine/combinationV20/run2_1tau0l_v4_unblind/combineResults/impactResult/higgsCombine_paramFit_Test_CMS_scale_j_RelativeSample_2016preVFP.MultiDimFit.mH125.root' are the same file
mv: 'higgsCombine_paramFit_Test_CMS_scale_j_RelativeSample_2017.MultiDimFit.mH125.root' and '/workfs2/cms/huahuil/CMSSW_14_1_0_pre4/src/FourTop/hua/combine/combinationV20/run2_1tau0l_v4_unblind/combineResults/impactResult/higgsCombine_paramFit_Test_CMS_scale_j_RelativeSample_2017.MultiDimFit.mH125.root' are the same file
mv: 'higgsCombine_paramFit_Test_CMS_scale_j_RelativeSample_2018.MultiDimFit.mH125.root' and '/workfs2/cms/huahuil/CMSSW_14_1_0_pre4/src/FourTop/hua/combine/combinationV20/run2_1tau0l_v4_unblind/combineResults/impactResult/higgsCombine_paramFit_Test_CMS_scale_j_RelativeSample_2018.MultiDimFit.mH125.root' are the same file
mv: 'higgsCombine_paramFit_Test_CMS_scale_j_RelativeStatEC_2016postVFP.MultiDimFit.mH125.root' and '/workfs2/cms/huahuil/CMSSW_14_1_0_pre4/src/FourTop/hua/combine/combinationV20/run2_1tau0l_v4_unblind/combineResults/impactResult/higgsCombine_paramFit_Test_CMS_scale_j_RelativeStatEC_2016postVFP.MultiDimFit.mH125.root' are the same file
mv: 'higgsCombine_paramFit_Test_CMS_scale_j_RelativeStatEC_2016preVFP.MultiDimFit.mH125.root' and '/workfs2/cms/huahuil/CMSSW_14_1_0_pre4/src/FourTop/hua/combine/combinationV20/run2_1tau0l_v4_unblind/combineResults/impactResult/higgsCombine_paramFit_Test_CMS_scale_j_RelativeStatEC_2016preVFP.MultiDimFit.mH125.root' are the same file
mv: 'higgsCombine_paramFit_Test_CMS_scale_j_RelativeStatEC_2017.MultiDimFit.mH125.root' and '/workfs2/cms/huahuil/CMSSW_14_1_0_pre4/src/FourTop/hua/combine/combinationV20/run2_1tau0l_v4_unblind/combineResults/impactResult/higgsCombine_paramFit_Test_CMS_scale_j_RelativeStatEC_2017.MultiDimFit.mH125.root' are the same file
mv: 'higgsCombine_paramFit_Test_CMS_scale_j_RelativeStatEC_2018.MultiDimFit.mH125.root' and '/workfs2/cms/huahuil/CMSSW_14_1_0_pre4/src/FourTop/hua/combine/combinationV20/run2_1tau0l_v4_unblind/combineResults/impactResult/higgsCombine_paramFit_Test_CMS_scale_j_RelativeStatEC_2018.MultiDimFit.mH125.root' are the same file
mv: 'higgsCombine_paramFit_Test_CMS_scale_j_RelativeStatFSR_2016postVFP.MultiDimFit.mH125.root' and '/workfs2/cms/huahuil/CMSSW_14_1_0_pre4/src/FourTop/hua/combine/combinationV20/run2_1tau0l_v4_unblind/combineResults/impactResult/higgsCombine_paramFit_Test_CMS_scale_j_RelativeStatFSR_2016postVFP.MultiDimFit.mH125.root' are the same file
mv: 'higgsCombine_paramFit_Test_CMS_scale_j_RelativeStatFSR_2016preVFP.MultiDimFit.mH125.root' and '/workfs2/cms/huahuil/CMSSW_14_1_0_pre4/src/FourTop/hua/combine/combinationV20/run2_1tau0l_v4_unblind/combineResults/impactResult/higgsCombine_paramFit_Test_CMS_scale_j_RelativeStatFSR_2016preVFP.MultiDimFit.mH125.root' are the same file
mv: 'higgsCombine_paramFit_Test_CMS_scale_j_RelativeStatFSR_2017.MultiDimFit.mH125.root' and '/workfs2/cms/huahuil/CMSSW_14_1_0_pre4/src/FourTop/hua/combine/combinationV20/run2_1tau0l_v4_unblind/combineResults/impactResult/higgsCombine_paramFit_Test_CMS_scale_j_RelativeStatFSR_2017.MultiDimFit.mH125.root' are the same file
mv: 'higgsCombine_paramFit_Test_CMS_scale_j_RelativeStatFSR_2018.MultiDimFit.mH125.root' and '/workfs2/cms/huahuil/CMSSW_14_1_0_pre4/src/FourTop/hua/combine/combinationV20/run2_1tau0l_v4_unblind/combineResults/impactResult/higgsCombine_paramFit_Test_CMS_scale_j_RelativeStatFSR_2018.MultiDimFit.mH125.root' are the same file
mv: 'higgsCombine_paramFit_Test_CMS_scale_j_RelativeStatHF_2016postVFP.MultiDimFit.mH125.root' and '/workfs2/cms/huahuil/CMSSW_14_1_0_pre4/src/FourTop/hua/combine/combinationV20/run2_1tau0l_v4_unblind/combineResults/impactResult/higgsCombine_paramFit_Test_CMS_scale_j_RelativeStatHF_2016postVFP.MultiDimFit.mH125.root' are the same file
mv: 'higgsCombine_paramFit_Test_CMS_scale_j_RelativeStatHF_2016preVFP.MultiDimFit.mH125.root' and '/workfs2/cms/huahuil/CMSSW_14_1_0_pre4/src/FourTop/hua/combine/combinationV20/run2_1tau0l_v4_unblind/combineResults/impactResult/higgsCombine_paramFit_Test_CMS_scale_j_RelativeStatHF_2016preVFP.MultiDimFit.mH125.root' are the same file
mv: 'higgsCombine_paramFit_Test_CMS_scale_j_RelativeStatHF_2017.MultiDimFit.mH125.root' and '/workfs2/cms/huahuil/CMSSW_14_1_0_pre4/src/FourTop/hua/combine/combinationV20/run2_1tau0l_v4_unblind/combineResults/impactResult/higgsCombine_paramFit_Test_CMS_scale_j_RelativeStatHF_2017.MultiDimFit.mH125.root' are the same file
mv: 'higgsCombine_paramFit_Test_CMS_scale_j_RelativeStatHF_2018.MultiDimFit.mH125.root' and '/workfs2/cms/huahuil/CMSSW_14_1_0_pre4/src/FourTop/hua/combine/combinationV20/run2_1tau0l_v4_unblind/combineResults/impactResult/higgsCombine_paramFit_Test_CMS_scale_j_RelativeStatHF_2018.MultiDimFit.mH125.root' are the same file
mv: 'higgsCombine_paramFit_Test_CMS_scale_j_SinglePionECAL.MultiDimFit.mH125.root' and '/workfs2/cms/huahuil/CMSSW_14_1_0_pre4/src/FourTop/hua/combine/combinationV20/run2_1tau0l_v4_unblind/combineResults/impactResult/higgsCombine_paramFit_Test_CMS_scale_j_SinglePionECAL.MultiDimFit.mH125.root' are the same file
mv: 'higgsCombine_paramFit_Test_CMS_scale_j_SinglePionHCAL.MultiDimFit.mH125.root' and '/workfs2/cms/huahuil/CMSSW_14_1_0_pre4/src/FourTop/hua/combine/combinationV20/run2_1tau0l_v4_unblind/combineResults/impactResult/higgsCombine_paramFit_Test_CMS_scale_j_SinglePionHCAL.MultiDimFit.mH125.root' are the same file
mv: 'higgsCombine_paramFit_Test_CMS_scale_j_TimePtEta_2016postVFP.MultiDimFit.mH125.root' and '/workfs2/cms/huahuil/CMSSW_14_1_0_pre4/src/FourTop/hua/combine/combinationV20/run2_1tau0l_v4_unblind/combineResults/impactResult/higgsCombine_paramFit_Test_CMS_scale_j_TimePtEta_2016postVFP.MultiDimFit.mH125.root' are the same file
mv: 'higgsCombine_paramFit_Test_CMS_scale_j_TimePtEta_2016preVFP.MultiDimFit.mH125.root' and '/workfs2/cms/huahuil/CMSSW_14_1_0_pre4/src/FourTop/hua/combine/combinationV20/run2_1tau0l_v4_unblind/combineResults/impactResult/higgsCombine_paramFit_Test_CMS_scale_j_TimePtEta_2016preVFP.MultiDimFit.mH125.root' are the same file
mv: 'higgsCombine_paramFit_Test_CMS_scale_j_TimePtEta_2017.MultiDimFit.mH125.root' and '/workfs2/cms/huahuil/CMSSW_14_1_0_pre4/src/FourTop/hua/combine/combinationV20/run2_1tau0l_v4_unblind/combineResults/impactResult/higgsCombine_paramFit_Test_CMS_scale_j_TimePtEta_2017.MultiDimFit.mH125.root' are the same file
mv: 'higgsCombine_paramFit_Test_CMS_scale_j_TimePtEta_2018.MultiDimFit.mH125.root' and '/workfs2/cms/huahuil/CMSSW_14_1_0_pre4/src/FourTop/hua/combine/combinationV20/run2_1tau0l_v4_unblind/combineResults/impactResult/higgsCombine_paramFit_Test_CMS_scale_j_TimePtEta_2018.MultiDimFit.mH125.root' are the same file
mv: 'higgsCombine_paramFit_Test_CMS_scale_met_unclustered_energy_2016postVFP.MultiDimFit.mH125.root' and '/workfs2/cms/huahuil/CMSSW_14_1_0_pre4/src/FourTop/hua/combine/combinationV20/run2_1tau0l_v4_unblind/combineResults/impactResult/higgsCombine_paramFit_Test_CMS_scale_met_unclustered_energy_2016postVFP.MultiDimFit.mH125.root' are the same file
mv: 'higgsCombine_paramFit_Test_CMS_scale_met_unclustered_energy_2016preVFP.MultiDimFit.mH125.root' and '/workfs2/cms/huahuil/CMSSW_14_1_0_pre4/src/FourTop/hua/combine/combinationV20/run2_1tau0l_v4_unblind/combineResults/impactResult/higgsCombine_paramFit_Test_CMS_scale_met_unclustered_energy_2016preVFP.MultiDimFit.mH125.root' are the same file
mv: 'higgsCombine_paramFit_Test_CMS_scale_met_unclustered_energy_2017.MultiDimFit.mH125.root' and '/workfs2/cms/huahuil/CMSSW_14_1_0_pre4/src/FourTop/hua/combine/combinationV20/run2_1tau0l_v4_unblind/combineResults/impactResult/higgsCombine_paramFit_Test_CMS_scale_met_unclustered_energy_2017.MultiDimFit.mH125.root' are the same file
mv: 'higgsCombine_paramFit_Test_CMS_scale_met_unclustered_energy_2018.MultiDimFit.mH125.root' and '/workfs2/cms/huahuil/CMSSW_14_1_0_pre4/src/FourTop/hua/combine/combinationV20/run2_1tau0l_v4_unblind/combineResults/impactResult/higgsCombine_paramFit_Test_CMS_scale_met_unclustered_energy_2018.MultiDimFit.mH125.root' are the same file
mv: 'higgsCombine_paramFit_Test_CMS_scale_t_DeepTau2017v2p1_DM0_genTau_2016.MultiDimFit.mH125.root' and '/workfs2/cms/huahuil/CMSSW_14_1_0_pre4/src/FourTop/hua/combine/combinationV20/run2_1tau0l_v4_unblind/combineResults/impactResult/higgsCombine_paramFit_Test_CMS_scale_t_DeepTau2017v2p1_DM0_genTau_2016.MultiDimFit.mH125.root' are the same file
mv: 'higgsCombine_paramFit_Test_CMS_scale_t_DeepTau2017v2p1_DM0_genTau_2017.MultiDimFit.mH125.root' and '/workfs2/cms/huahuil/CMSSW_14_1_0_pre4/src/FourTop/hua/combine/combinationV20/run2_1tau0l_v4_unblind/combineResults/impactResult/higgsCombine_paramFit_Test_CMS_scale_t_DeepTau2017v2p1_DM0_genTau_2017.MultiDimFit.mH125.root' are the same file
mv: 'higgsCombine_paramFit_Test_CMS_scale_t_DeepTau2017v2p1_DM0_genTau_2018.MultiDimFit.mH125.root' and '/workfs2/cms/huahuil/CMSSW_14_1_0_pre4/src/FourTop/hua/combine/combinationV20/run2_1tau0l_v4_unblind/combineResults/impactResult/higgsCombine_paramFit_Test_CMS_scale_t_DeepTau2017v2p1_DM0_genTau_2018.MultiDimFit.mH125.root' are the same file
mv: 'higgsCombine_paramFit_Test_CMS_scale_t_DeepTau2017v2p1_DM10_genTau_2016.MultiDimFit.mH125.root' and '/workfs2/cms/huahuil/CMSSW_14_1_0_pre4/src/FourTop/hua/combine/combinationV20/run2_1tau0l_v4_unblind/combineResults/impactResult/higgsCombine_paramFit_Test_CMS_scale_t_DeepTau2017v2p1_DM10_genTau_2016.MultiDimFit.mH125.root' are the same file
mv: 'higgsCombine_paramFit_Test_CMS_scale_t_DeepTau2017v2p1_DM10_genTau_2017.MultiDimFit.mH125.root' and '/workfs2/cms/huahuil/CMSSW_14_1_0_pre4/src/FourTop/hua/combine/combinationV20/run2_1tau0l_v4_unblind/combineResults/impactResult/higgsCombine_paramFit_Test_CMS_scale_t_DeepTau2017v2p1_DM10_genTau_2017.MultiDimFit.mH125.root' are the same file
mv: 'higgsCombine_paramFit_Test_CMS_scale_t_DeepTau2017v2p1_DM10_genTau_2018.MultiDimFit.mH125.root' and '/workfs2/cms/huahuil/CMSSW_14_1_0_pre4/src/FourTop/hua/combine/combinationV20/run2_1tau0l_v4_unblind/combineResults/impactResult/higgsCombine_paramFit_Test_CMS_scale_t_DeepTau2017v2p1_DM10_genTau_2018.MultiDimFit.mH125.root' are the same file
mv: 'higgsCombine_paramFit_Test_CMS_scale_t_DeepTau2017v2p1_DM11_genTau_2016.MultiDimFit.mH125.root' and '/workfs2/cms/huahuil/CMSSW_14_1_0_pre4/src/FourTop/hua/combine/combinationV20/run2_1tau0l_v4_unblind/combineResults/impactResult/higgsCombine_paramFit_Test_CMS_scale_t_DeepTau2017v2p1_DM11_genTau_2016.MultiDimFit.mH125.root' are the same file
mv: 'higgsCombine_paramFit_Test_CMS_scale_t_DeepTau2017v2p1_DM11_genTau_2017.MultiDimFit.mH125.root' and '/workfs2/cms/huahuil/CMSSW_14_1_0_pre4/src/FourTop/hua/combine/combinationV20/run2_1tau0l_v4_unblind/combineResults/impactResult/higgsCombine_paramFit_Test_CMS_scale_t_DeepTau2017v2p1_DM11_genTau_2017.MultiDimFit.mH125.root' are the same file
mv: 'higgsCombine_paramFit_Test_CMS_scale_t_DeepTau2017v2p1_DM11_genTau_2018.MultiDimFit.mH125.root' and '/workfs2/cms/huahuil/CMSSW_14_1_0_pre4/src/FourTop/hua/combine/combinationV20/run2_1tau0l_v4_unblind/combineResults/impactResult/higgsCombine_paramFit_Test_CMS_scale_t_DeepTau2017v2p1_DM11_genTau_2018.MultiDimFit.mH125.root' are the same file
mv: 'higgsCombine_paramFit_Test_CMS_scale_t_DeepTau2017v2p1_DM1_genTau_2016.MultiDimFit.mH125.root' and '/workfs2/cms/huahuil/CMSSW_14_1_0_pre4/src/FourTop/hua/combine/combinationV20/run2_1tau0l_v4_unblind/combineResults/impactResult/higgsCombine_paramFit_Test_CMS_scale_t_DeepTau2017v2p1_DM1_genTau_2016.MultiDimFit.mH125.root' are the same file
mv: 'higgsCombine_paramFit_Test_CMS_scale_t_DeepTau2017v2p1_DM1_genTau_2017.MultiDimFit.mH125.root' and '/workfs2/cms/huahuil/CMSSW_14_1_0_pre4/src/FourTop/hua/combine/combinationV20/run2_1tau0l_v4_unblind/combineResults/impactResult/higgsCombine_paramFit_Test_CMS_scale_t_DeepTau2017v2p1_DM1_genTau_2017.MultiDimFit.mH125.root' are the same file
mv: 'higgsCombine_paramFit_Test_CMS_scale_t_DeepTau2017v2p1_DM1_genTau_2018.MultiDimFit.mH125.root' and '/workfs2/cms/huahuil/CMSSW_14_1_0_pre4/src/FourTop/hua/combine/combinationV20/run2_1tau0l_v4_unblind/combineResults/impactResult/higgsCombine_paramFit_Test_CMS_scale_t_DeepTau2017v2p1_DM1_genTau_2018.MultiDimFit.mH125.root' are the same file
mv: 'higgsCombine_paramFit_Test_QCDscale_fac_WJets.MultiDimFit.mH125.root' and '/workfs2/cms/huahuil/CMSSW_14_1_0_pre4/src/FourTop/hua/combine/combinationV20/run2_1tau0l_v4_unblind/combineResults/impactResult/higgsCombine_paramFit_Test_QCDscale_fac_WJets.MultiDimFit.mH125.root' are the same file
mv: 'higgsCombine_paramFit_Test_QCDscale_fac_singleTop.MultiDimFit.mH125.root' and '/workfs2/cms/huahuil/CMSSW_14_1_0_pre4/src/FourTop/hua/combine/combinationV20/run2_1tau0l_v4_unblind/combineResults/impactResult/higgsCombine_paramFit_Test_QCDscale_fac_singleTop.MultiDimFit.mH125.root' are the same file
mv: 'higgsCombine_paramFit_Test_QCDscale_fac_tt.MultiDimFit.mH125.root' and '/workfs2/cms/huahuil/CMSSW_14_1_0_pre4/src/FourTop/hua/combine/combinationV20/run2_1tau0l_v4_unblind/combineResults/impactResult/higgsCombine_paramFit_Test_QCDscale_fac_tt.MultiDimFit.mH125.root' are the same file
mv: 'higgsCombine_paramFit_Test_QCDscale_fac_ttH.MultiDimFit.mH125.root' and '/workfs2/cms/huahuil/CMSSW_14_1_0_pre4/src/FourTop/hua/combine/combinationV20/run2_1tau0l_v4_unblind/combineResults/impactResult/higgsCombine_paramFit_Test_QCDscale_fac_ttH.MultiDimFit.mH125.root' are the same file
mv: 'higgsCombine_paramFit_Test_QCDscale_fac_ttW.MultiDimFit.mH125.root' and '/workfs2/cms/huahuil/CMSSW_14_1_0_pre4/src/FourTop/hua/combine/combinationV20/run2_1tau0l_v4_unblind/combineResults/impactResult/higgsCombine_paramFit_Test_QCDscale_fac_ttW.MultiDimFit.mH125.root' are the same file
mv: 'higgsCombine_paramFit_Test_QCDscale_fac_ttZ.MultiDimFit.mH125.root' and '/workfs2/cms/huahuil/CMSSW_14_1_0_pre4/src/FourTop/hua/combine/combinationV20/run2_1tau0l_v4_unblind/combineResults/impactResult/higgsCombine_paramFit_Test_QCDscale_fac_ttZ.MultiDimFit.mH125.root' are the same file
mv: 'higgsCombine_paramFit_Test_QCDscale_fac_tttt.MultiDimFit.mH125.root' and '/workfs2/cms/huahuil/CMSSW_14_1_0_pre4/src/FourTop/hua/combine/combinationV20/run2_1tau0l_v4_unblind/combineResults/impactResult/higgsCombine_paramFit_Test_QCDscale_fac_tttt.MultiDimFit.mH125.root' are the same file
mv: 'higgsCombine_paramFit_Test_QCDscale_ren_WJets.MultiDimFit.mH125.root' and '/workfs2/cms/huahuil/CMSSW_14_1_0_pre4/src/FourTop/hua/combine/combinationV20/run2_1tau0l_v4_unblind/combineResults/impactResult/higgsCombine_paramFit_Test_QCDscale_ren_WJets.MultiDimFit.mH125.root' are the same file
mv: 'higgsCombine_paramFit_Test_QCDscale_ren_singleTop.MultiDimFit.mH125.root' and '/workfs2/cms/huahuil/CMSSW_14_1_0_pre4/src/FourTop/hua/combine/combinationV20/run2_1tau0l_v4_unblind/combineResults/impactResult/higgsCombine_paramFit_Test_QCDscale_ren_singleTop.MultiDimFit.mH125.root' are the same file
mv: 'higgsCombine_paramFit_Test_QCDscale_ren_tt.MultiDimFit.mH125.root' and '/workfs2/cms/huahuil/CMSSW_14_1_0_pre4/src/FourTop/hua/combine/combinationV20/run2_1tau0l_v4_unblind/combineResults/impactResult/higgsCombine_paramFit_Test_QCDscale_ren_tt.MultiDimFit.mH125.root' are the same file
mv: 'higgsCombine_paramFit_Test_QCDscale_ren_ttH.MultiDimFit.mH125.root' and '/workfs2/cms/huahuil/CMSSW_14_1_0_pre4/src/FourTop/hua/combine/combinationV20/run2_1tau0l_v4_unblind/combineResults/impactResult/higgsCombine_paramFit_Test_QCDscale_ren_ttH.MultiDimFit.mH125.root' are the same file
mv: 'higgsCombine_paramFit_Test_QCDscale_ren_ttW.MultiDimFit.mH125.root' and '/workfs2/cms/huahuil/CMSSW_14_1_0_pre4/src/FourTop/hua/combine/combinationV20/run2_1tau0l_v4_unblind/combineResults/impactResult/higgsCombine_paramFit_Test_QCDscale_ren_ttW.MultiDimFit.mH125.root' are the same file
mv: 'higgsCombine_paramFit_Test_QCDscale_ren_ttZ.MultiDimFit.mH125.root' and '/workfs2/cms/huahuil/CMSSW_14_1_0_pre4/src/FourTop/hua/combine/combinationV20/run2_1tau0l_v4_unblind/combineResults/impactResult/higgsCombine_paramFit_Test_QCDscale_ren_ttZ.MultiDimFit.mH125.root' are the same file
mv: 'higgsCombine_paramFit_Test_QCDscale_ren_tttt.MultiDimFit.mH125.root' and '/workfs2/cms/huahuil/CMSSW_14_1_0_pre4/src/FourTop/hua/combine/combinationV20/run2_1tau0l_v4_unblind/combineResults/impactResult/higgsCombine_paramFit_Test_QCDscale_ren_tttt.MultiDimFit.mH125.root' are the same file
mv: 'higgsCombine_paramFit_Test_lumi_13TeV_1718.MultiDimFit.mH125.root' and '/workfs2/cms/huahuil/CMSSW_14_1_0_pre4/src/FourTop/hua/combine/combinationV20/run2_1tau0l_v4_unblind/combineResults/impactResult/higgsCombine_paramFit_Test_lumi_13TeV_1718.MultiDimFit.mH125.root' are the same file
mv: 'higgsCombine_paramFit_Test_lumi_13TeV_correlated.MultiDimFit.mH125.root' and '/workfs2/cms/huahuil/CMSSW_14_1_0_pre4/src/FourTop/hua/combine/combinationV20/run2_1tau0l_v4_unblind/combineResults/impactResult/higgsCombine_paramFit_Test_lumi_13TeV_correlated.MultiDimFit.mH125.root' are the same file
mv: 'higgsCombine_paramFit_Test_lumi_2016.MultiDimFit.mH125.root' and '/workfs2/cms/huahuil/CMSSW_14_1_0_pre4/src/FourTop/hua/combine/combinationV20/run2_1tau0l_v4_unblind/combineResults/impactResult/higgsCombine_paramFit_Test_lumi_2016.MultiDimFit.mH125.root' are the same file
mv: 'higgsCombine_paramFit_Test_lumi_2017.MultiDimFit.mH125.root' and '/workfs2/cms/huahuil/CMSSW_14_1_0_pre4/src/FourTop/hua/combine/combinationV20/run2_1tau0l_v4_unblind/combineResults/impactResult/higgsCombine_paramFit_Test_lumi_2017.MultiDimFit.mH125.root' are the same file
mv: 'higgsCombine_paramFit_Test_lumi_2018.MultiDimFit.mH125.root' and '/workfs2/cms/huahuil/CMSSW_14_1_0_pre4/src/FourTop/hua/combine/combinationV20/run2_1tau0l_v4_unblind/combineResults/impactResult/higgsCombine_paramFit_Test_lumi_2018.MultiDimFit.mH125.root' are the same file
mv: 'higgsCombine_paramFit_Test_pdf_00.MultiDimFit.mH125.root' and '/workfs2/cms/huahuil/CMSSW_14_1_0_pre4/src/FourTop/hua/combine/combinationV20/run2_1tau0l_v4_unblind/combineResults/impactResult/higgsCombine_paramFit_Test_pdf_00.MultiDimFit.mH125.root' are the same file
mv: 'higgsCombine_paramFit_Test_pdf_alphas.MultiDimFit.mH125.root' and '/workfs2/cms/huahuil/CMSSW_14_1_0_pre4/src/FourTop/hua/combine/combinationV20/run2_1tau0l_v4_unblind/combineResults/impactResult/higgsCombine_paramFit_Test_pdf_alphas.MultiDimFit.mH125.root' are the same file
mv: 'higgsCombine_paramFit_Test_prop_binSR1tau0l_2016postVFP_bin0.MultiDimFit.mH125.root' and '/workfs2/cms/huahuil/CMSSW_14_1_0_pre4/src/FourTop/hua/combine/combinationV20/run2_1tau0l_v4_unblind/combineResults/impactResult/higgsCombine_paramFit_Test_prop_binSR1tau0l_2016postVFP_bin0.MultiDimFit.mH125.root' are the same file
mv: 'higgsCombine_paramFit_Test_prop_binSR1tau0l_2016postVFP_bin1.MultiDimFit.mH125.root' and '/workfs2/cms/huahuil/CMSSW_14_1_0_pre4/src/FourTop/hua/combine/combinationV20/run2_1tau0l_v4_unblind/combineResults/impactResult/higgsCombine_paramFit_Test_prop_binSR1tau0l_2016postVFP_bin1.MultiDimFit.mH125.root' are the same file
mv: 'higgsCombine_paramFit_Test_prop_binSR1tau0l_2016postVFP_bin10.MultiDimFit.mH125.root' and '/workfs2/cms/huahuil/CMSSW_14_1_0_pre4/src/FourTop/hua/combine/combinationV20/run2_1tau0l_v4_unblind/combineResults/impactResult/higgsCombine_paramFit_Test_prop_binSR1tau0l_2016postVFP_bin10.MultiDimFit.mH125.root' are the same file
mv: 'higgsCombine_paramFit_Test_prop_binSR1tau0l_2016postVFP_bin11.MultiDimFit.mH125.root' and '/workfs2/cms/huahuil/CMSSW_14_1_0_pre4/src/FourTop/hua/combine/combinationV20/run2_1tau0l_v4_unblind/combineResults/impactResult/higgsCombine_paramFit_Test_prop_binSR1tau0l_2016postVFP_bin11.MultiDimFit.mH125.root' are the same file
mv: 'higgsCombine_paramFit_Test_prop_binSR1tau0l_2016postVFP_bin2.MultiDimFit.mH125.root' and '/workfs2/cms/huahuil/CMSSW_14_1_0_pre4/src/FourTop/hua/combine/combinationV20/run2_1tau0l_v4_unblind/combineResults/impactResult/higgsCombine_paramFit_Test_prop_binSR1tau0l_2016postVFP_bin2.MultiDimFit.mH125.root' are the same file
mv: 'higgsCombine_paramFit_Test_prop_binSR1tau0l_2016postVFP_bin3.MultiDimFit.mH125.root' and '/workfs2/cms/huahuil/CMSSW_14_1_0_pre4/src/FourTop/hua/combine/combinationV20/run2_1tau0l_v4_unblind/combineResults/impactResult/higgsCombine_paramFit_Test_prop_binSR1tau0l_2016postVFP_bin3.MultiDimFit.mH125.root' are the same file
mv: 'higgsCombine_paramFit_Test_prop_binSR1tau0l_2016postVFP_bin4.MultiDimFit.mH125.root' and '/workfs2/cms/huahuil/CMSSW_14_1_0_pre4/src/FourTop/hua/combine/combinationV20/run2_1tau0l_v4_unblind/combineResults/impactResult/higgsCombine_paramFit_Test_prop_binSR1tau0l_2016postVFP_bin4.MultiDimFit.mH125.root' are the same file
mv: 'higgsCombine_paramFit_Test_prop_binSR1tau0l_2016postVFP_bin5.MultiDimFit.mH125.root' and '/workfs2/cms/huahuil/CMSSW_14_1_0_pre4/src/FourTop/hua/combine/combinationV20/run2_1tau0l_v4_unblind/combineResults/impactResult/higgsCombine_paramFit_Test_prop_binSR1tau0l_2016postVFP_bin5.MultiDimFit.mH125.root' are the same file
mv: 'higgsCombine_paramFit_Test_prop_binSR1tau0l_2016postVFP_bin6.MultiDimFit.mH125.root' and '/workfs2/cms/huahuil/CMSSW_14_1_0_pre4/src/FourTop/hua/combine/combinationV20/run2_1tau0l_v4_unblind/combineResults/impactResult/higgsCombine_paramFit_Test_prop_binSR1tau0l_2016postVFP_bin6.MultiDimFit.mH125.root' are the same file
mv: 'higgsCombine_paramFit_Test_prop_binSR1tau0l_2016postVFP_bin7.MultiDimFit.mH125.root' and '/workfs2/cms/huahuil/CMSSW_14_1_0_pre4/src/FourTop/hua/combine/combinationV20/run2_1tau0l_v4_unblind/combineResults/impactResult/higgsCombine_paramFit_Test_prop_binSR1tau0l_2016postVFP_bin7.MultiDimFit.mH125.root' are the same file
mv: 'higgsCombine_paramFit_Test_prop_binSR1tau0l_2016postVFP_bin8.MultiDimFit.mH125.root' and '/workfs2/cms/huahuil/CMSSW_14_1_0_pre4/src/FourTop/hua/combine/combinationV20/run2_1tau0l_v4_unblind/combineResults/impactResult/higgsCombine_paramFit_Test_prop_binSR1tau0l_2016postVFP_bin8.MultiDimFit.mH125.root' are the same file
mv: 'higgsCombine_paramFit_Test_prop_binSR1tau0l_2016postVFP_bin9.MultiDimFit.mH125.root' and '/workfs2/cms/huahuil/CMSSW_14_1_0_pre4/src/FourTop/hua/combine/combinationV20/run2_1tau0l_v4_unblind/combineResults/impactResult/higgsCombine_paramFit_Test_prop_binSR1tau0l_2016postVFP_bin9.MultiDimFit.mH125.root' are the same file
mv: 'higgsCombine_paramFit_Test_prop_binSR1tau0l_2016preVFP_bin0.MultiDimFit.mH125.root' and '/workfs2/cms/huahuil/CMSSW_14_1_0_pre4/src/FourTop/hua/combine/combinationV20/run2_1tau0l_v4_unblind/combineResults/impactResult/higgsCombine_paramFit_Test_prop_binSR1tau0l_2016preVFP_bin0.MultiDimFit.mH125.root' are the same file
mv: 'higgsCombine_paramFit_Test_prop_binSR1tau0l_2016preVFP_bin1.MultiDimFit.mH125.root' and '/workfs2/cms/huahuil/CMSSW_14_1_0_pre4/src/FourTop/hua/combine/combinationV20/run2_1tau0l_v4_unblind/combineResults/impactResult/higgsCombine_paramFit_Test_prop_binSR1tau0l_2016preVFP_bin1.MultiDimFit.mH125.root' are the same file
mv: 'higgsCombine_paramFit_Test_prop_binSR1tau0l_2016preVFP_bin10.MultiDimFit.mH125.root' and '/workfs2/cms/huahuil/CMSSW_14_1_0_pre4/src/FourTop/hua/combine/combinationV20/run2_1tau0l_v4_unblind/combineResults/impactResult/higgsCombine_paramFit_Test_prop_binSR1tau0l_2016preVFP_bin10.MultiDimFit.mH125.root' are the same file
mv: 'higgsCombine_paramFit_Test_prop_binSR1tau0l_2016preVFP_bin11.MultiDimFit.mH125.root' and '/workfs2/cms/huahuil/CMSSW_14_1_0_pre4/src/FourTop/hua/combine/combinationV20/run2_1tau0l_v4_unblind/combineResults/impactResult/higgsCombine_paramFit_Test_prop_binSR1tau0l_2016preVFP_bin11.MultiDimFit.mH125.root' are the same file
mv: 'higgsCombine_paramFit_Test_prop_binSR1tau0l_2016preVFP_bin2.MultiDimFit.mH125.root' and '/workfs2/cms/huahuil/CMSSW_14_1_0_pre4/src/FourTop/hua/combine/combinationV20/run2_1tau0l_v4_unblind/combineResults/impactResult/higgsCombine_paramFit_Test_prop_binSR1tau0l_2016preVFP_bin2.MultiDimFit.mH125.root' are the same file
mv: 'higgsCombine_paramFit_Test_prop_binSR1tau0l_2016preVFP_bin3.MultiDimFit.mH125.root' and '/workfs2/cms/huahuil/CMSSW_14_1_0_pre4/src/FourTop/hua/combine/combinationV20/run2_1tau0l_v4_unblind/combineResults/impactResult/higgsCombine_paramFit_Test_prop_binSR1tau0l_2016preVFP_bin3.MultiDimFit.mH125.root' are the same file
mv: 'higgsCombine_paramFit_Test_prop_binSR1tau0l_2016preVFP_bin4.MultiDimFit.mH125.root' and '/workfs2/cms/huahuil/CMSSW_14_1_0_pre4/src/FourTop/hua/combine/combinationV20/run2_1tau0l_v4_unblind/combineResults/impactResult/higgsCombine_paramFit_Test_prop_binSR1tau0l_2016preVFP_bin4.MultiDimFit.mH125.root' are the same file
mv: 'higgsCombine_paramFit_Test_prop_binSR1tau0l_2016preVFP_bin5.MultiDimFit.mH125.root' and '/workfs2/cms/huahuil/CMSSW_14_1_0_pre4/src/FourTop/hua/combine/combinationV20/run2_1tau0l_v4_unblind/combineResults/impactResult/higgsCombine_paramFit_Test_prop_binSR1tau0l_2016preVFP_bin5.MultiDimFit.mH125.root' are the same file
mv: 'higgsCombine_paramFit_Test_prop_binSR1tau0l_2016preVFP_bin6.MultiDimFit.mH125.root' and '/workfs2/cms/huahuil/CMSSW_14_1_0_pre4/src/FourTop/hua/combine/combinationV20/run2_1tau0l_v4_unblind/combineResults/impactResult/higgsCombine_paramFit_Test_prop_binSR1tau0l_2016preVFP_bin6.MultiDimFit.mH125.root' are the same file
mv: 'higgsCombine_paramFit_Test_prop_binSR1tau0l_2016preVFP_bin7.MultiDimFit.mH125.root' and '/workfs2/cms/huahuil/CMSSW_14_1_0_pre4/src/FourTop/hua/combine/combinationV20/run2_1tau0l_v4_unblind/combineResults/impactResult/higgsCombine_paramFit_Test_prop_binSR1tau0l_2016preVFP_bin7.MultiDimFit.mH125.root' are the same file
mv: 'higgsCombine_paramFit_Test_prop_binSR1tau0l_2016preVFP_bin8.MultiDimFit.mH125.root' and '/workfs2/cms/huahuil/CMSSW_14_1_0_pre4/src/FourTop/hua/combine/combinationV20/run2_1tau0l_v4_unblind/combineResults/impactResult/higgsCombine_paramFit_Test_prop_binSR1tau0l_2016preVFP_bin8.MultiDimFit.mH125.root' are the same file
mv: 'higgsCombine_paramFit_Test_prop_binSR1tau0l_2016preVFP_bin9.MultiDimFit.mH125.root' and '/workfs2/cms/huahuil/CMSSW_14_1_0_pre4/src/FourTop/hua/combine/combinationV20/run2_1tau0l_v4_unblind/combineResults/impactResult/higgsCombine_paramFit_Test_prop_binSR1tau0l_2016preVFP_bin9.MultiDimFit.mH125.root' are the same file
mv: 'higgsCombine_paramFit_Test_prop_binSR1tau0l_2017_bin0.MultiDimFit.mH125.root' and '/workfs2/cms/huahuil/CMSSW_14_1_0_pre4/src/FourTop/hua/combine/combinationV20/run2_1tau0l_v4_unblind/combineResults/impactResult/higgsCombine_paramFit_Test_prop_binSR1tau0l_2017_bin0.MultiDimFit.mH125.root' are the same file
mv: 'higgsCombine_paramFit_Test_prop_binSR1tau0l_2017_bin1.MultiDimFit.mH125.root' and '/workfs2/cms/huahuil/CMSSW_14_1_0_pre4/src/FourTop/hua/combine/combinationV20/run2_1tau0l_v4_unblind/combineResults/impactResult/higgsCombine_paramFit_Test_prop_binSR1tau0l_2017_bin1.MultiDimFit.mH125.root' are the same file
mv: 'higgsCombine_paramFit_Test_prop_binSR1tau0l_2017_bin10.MultiDimFit.mH125.root' and '/workfs2/cms/huahuil/CMSSW_14_1_0_pre4/src/FourTop/hua/combine/combinationV20/run2_1tau0l_v4_unblind/combineResults/impactResult/higgsCombine_paramFit_Test_prop_binSR1tau0l_2017_bin10.MultiDimFit.mH125.root' are the same file
mv: 'higgsCombine_paramFit_Test_prop_binSR1tau0l_2017_bin11.MultiDimFit.mH125.root' and '/workfs2/cms/huahuil/CMSSW_14_1_0_pre4/src/FourTop/hua/combine/combinationV20/run2_1tau0l_v4_unblind/combineResults/impactResult/higgsCombine_paramFit_Test_prop_binSR1tau0l_2017_bin11.MultiDimFit.mH125.root' are the same file
mv: 'higgsCombine_paramFit_Test_prop_binSR1tau0l_2017_bin2.MultiDimFit.mH125.root' and '/workfs2/cms/huahuil/CMSSW_14_1_0_pre4/src/FourTop/hua/combine/combinationV20/run2_1tau0l_v4_unblind/combineResults/impactResult/higgsCombine_paramFit_Test_prop_binSR1tau0l_2017_bin2.MultiDimFit.mH125.root' are the same file
mv: 'higgsCombine_paramFit_Test_prop_binSR1tau0l_2017_bin3.MultiDimFit.mH125.root' and '/workfs2/cms/huahuil/CMSSW_14_1_0_pre4/src/FourTop/hua/combine/combinationV20/run2_1tau0l_v4_unblind/combineResults/impactResult/higgsCombine_paramFit_Test_prop_binSR1tau0l_2017_bin3.MultiDimFit.mH125.root' are the same file
mv: 'higgsCombine_paramFit_Test_prop_binSR1tau0l_2017_bin4.MultiDimFit.mH125.root' and '/workfs2/cms/huahuil/CMSSW_14_1_0_pre4/src/FourTop/hua/combine/combinationV20/run2_1tau0l_v4_unblind/combineResults/impactResult/higgsCombine_paramFit_Test_prop_binSR1tau0l_2017_bin4.MultiDimFit.mH125.root' are the same file
mv: 'higgsCombine_paramFit_Test_prop_binSR1tau0l_2017_bin5.MultiDimFit.mH125.root' and '/workfs2/cms/huahuil/CMSSW_14_1_0_pre4/src/FourTop/hua/combine/combinationV20/run2_1tau0l_v4_unblind/combineResults/impactResult/higgsCombine_paramFit_Test_prop_binSR1tau0l_2017_bin5.MultiDimFit.mH125.root' are the same file
mv: 'higgsCombine_paramFit_Test_prop_binSR1tau0l_2017_bin6.MultiDimFit.mH125.root' and '/workfs2/cms/huahuil/CMSSW_14_1_0_pre4/src/FourTop/hua/combine/combinationV20/run2_1tau0l_v4_unblind/combineResults/impactResult/higgsCombine_paramFit_Test_prop_binSR1tau0l_2017_bin6.MultiDimFit.mH125.root' are the same file
mv: 'higgsCombine_paramFit_Test_prop_binSR1tau0l_2017_bin7.MultiDimFit.mH125.root' and '/workfs2/cms/huahuil/CMSSW_14_1_0_pre4/src/FourTop/hua/combine/combinationV20/run2_1tau0l_v4_unblind/combineResults/impactResult/higgsCombine_paramFit_Test_prop_binSR1tau0l_2017_bin7.MultiDimFit.mH125.root' are the same file
mv: 'higgsCombine_paramFit_Test_prop_binSR1tau0l_2017_bin8.MultiDimFit.mH125.root' and '/workfs2/cms/huahuil/CMSSW_14_1_0_pre4/src/FourTop/hua/combine/combinationV20/run2_1tau0l_v4_unblind/combineResults/impactResult/higgsCombine_paramFit_Test_prop_binSR1tau0l_2017_bin8.MultiDimFit.mH125.root' are the same file
mv: 'higgsCombine_paramFit_Test_prop_binSR1tau0l_2017_bin9.MultiDimFit.mH125.root' and '/workfs2/cms/huahuil/CMSSW_14_1_0_pre4/src/FourTop/hua/combine/combinationV20/run2_1tau0l_v4_unblind/combineResults/impactResult/higgsCombine_paramFit_Test_prop_binSR1tau0l_2017_bin9.MultiDimFit.mH125.root' are the same file
mv: 'higgsCombine_paramFit_Test_prop_binSR1tau0l_2018_bin0.MultiDimFit.mH125.root' and '/workfs2/cms/huahuil/CMSSW_14_1_0_pre4/src/FourTop/hua/combine/combinationV20/run2_1tau0l_v4_unblind/combineResults/impactResult/higgsCombine_paramFit_Test_prop_binSR1tau0l_2018_bin0.MultiDimFit.mH125.root' are the same file
mv: 'higgsCombine_paramFit_Test_prop_binSR1tau0l_2018_bin1.MultiDimFit.mH125.root' and '/workfs2/cms/huahuil/CMSSW_14_1_0_pre4/src/FourTop/hua/combine/combinationV20/run2_1tau0l_v4_unblind/combineResults/impactResult/higgsCombine_paramFit_Test_prop_binSR1tau0l_2018_bin1.MultiDimFit.mH125.root' are the same file
mv: 'higgsCombine_paramFit_Test_prop_binSR1tau0l_2018_bin10.MultiDimFit.mH125.root' and '/workfs2/cms/huahuil/CMSSW_14_1_0_pre4/src/FourTop/hua/combine/combinationV20/run2_1tau0l_v4_unblind/combineResults/impactResult/higgsCombine_paramFit_Test_prop_binSR1tau0l_2018_bin10.MultiDimFit.mH125.root' are the same file
mv: 'higgsCombine_paramFit_Test_prop_binSR1tau0l_2018_bin11.MultiDimFit.mH125.root' and '/workfs2/cms/huahuil/CMSSW_14_1_0_pre4/src/FourTop/hua/combine/combinationV20/run2_1tau0l_v4_unblind/combineResults/impactResult/higgsCombine_paramFit_Test_prop_binSR1tau0l_2018_bin11.MultiDimFit.mH125.root' are the same file
mv: 'higgsCombine_paramFit_Test_prop_binSR1tau0l_2018_bin2.MultiDimFit.mH125.root' and '/workfs2/cms/huahuil/CMSSW_14_1_0_pre4/src/FourTop/hua/combine/combinationV20/run2_1tau0l_v4_unblind/combineResults/impactResult/higgsCombine_paramFit_Test_prop_binSR1tau0l_2018_bin2.MultiDimFit.mH125.root' are the same file
mv: 'higgsCombine_paramFit_Test_prop_binSR1tau0l_2018_bin3.MultiDimFit.mH125.root' and '/workfs2/cms/huahuil/CMSSW_14_1_0_pre4/src/FourTop/hua/combine/combinationV20/run2_1tau0l_v4_unblind/combineResults/impactResult/higgsCombine_paramFit_Test_prop_binSR1tau0l_2018_bin3.MultiDimFit.mH125.root' are the same file
mv: 'higgsCombine_paramFit_Test_prop_binSR1tau0l_2018_bin4.MultiDimFit.mH125.root' and '/workfs2/cms/huahuil/CMSSW_14_1_0_pre4/src/FourTop/hua/combine/combinationV20/run2_1tau0l_v4_unblind/combineResults/impactResult/higgsCombine_paramFit_Test_prop_binSR1tau0l_2018_bin4.MultiDimFit.mH125.root' are the same file
mv: 'higgsCombine_paramFit_Test_prop_binSR1tau0l_2018_bin5.MultiDimFit.mH125.root' and '/workfs2/cms/huahuil/CMSSW_14_1_0_pre4/src/FourTop/hua/combine/combinationV20/run2_1tau0l_v4_unblind/combineResults/impactResult/higgsCombine_paramFit_Test_prop_binSR1tau0l_2018_bin5.MultiDimFit.mH125.root' are the same file
mv: 'higgsCombine_paramFit_Test_prop_binSR1tau0l_2018_bin6.MultiDimFit.mH125.root' and '/workfs2/cms/huahuil/CMSSW_14_1_0_pre4/src/FourTop/hua/combine/combinationV20/run2_1tau0l_v4_unblind/combineResults/impactResult/higgsCombine_paramFit_Test_prop_binSR1tau0l_2018_bin6.MultiDimFit.mH125.root' are the same file
mv: 'higgsCombine_paramFit_Test_prop_binSR1tau0l_2018_bin7.MultiDimFit.mH125.root' and '/workfs2/cms/huahuil/CMSSW_14_1_0_pre4/src/FourTop/hua/combine/combinationV20/run2_1tau0l_v4_unblind/combineResults/impactResult/higgsCombine_paramFit_Test_prop_binSR1tau0l_2018_bin7.MultiDimFit.mH125.root' are the same file
mv: 'higgsCombine_paramFit_Test_prop_binSR1tau0l_2018_bin8.MultiDimFit.mH125.root' and '/workfs2/cms/huahuil/CMSSW_14_1_0_pre4/src/FourTop/hua/combine/combinationV20/run2_1tau0l_v4_unblind/combineResults/impactResult/higgsCombine_paramFit_Test_prop_binSR1tau0l_2018_bin8.MultiDimFit.mH125.root' are the same file
mv: 'higgsCombine_paramFit_Test_prop_binSR1tau0l_2018_bin9.MultiDimFit.mH125.root' and '/workfs2/cms/huahuil/CMSSW_14_1_0_pre4/src/FourTop/hua/combine/combinationV20/run2_1tau0l_v4_unblind/combineResults/impactResult/higgsCombine_paramFit_Test_prop_binSR1tau0l_2018_bin9.MultiDimFit.mH125.root' are the same file
mv: 'higgsCombine_paramFit_Test_ps_fsr.MultiDimFit.mH125.root' and '/workfs2/cms/huahuil/CMSSW_14_1_0_pre4/src/FourTop/hua/combine/combinationV20/run2_1tau0l_v4_unblind/combineResults/impactResult/higgsCombine_paramFit_Test_ps_fsr.MultiDimFit.mH125.root' are the same file
mv: 'higgsCombine_paramFit_Test_ps_isr_WJets.MultiDimFit.mH125.root' and '/workfs2/cms/huahuil/CMSSW_14_1_0_pre4/src/FourTop/hua/combine/combinationV20/run2_1tau0l_v4_unblind/combineResults/impactResult/higgsCombine_paramFit_Test_ps_isr_WJets.MultiDimFit.mH125.root' are the same file
mv: 'higgsCombine_paramFit_Test_ps_isr_singleTop.MultiDimFit.mH125.root' and '/workfs2/cms/huahuil/CMSSW_14_1_0_pre4/src/FourTop/hua/combine/combinationV20/run2_1tau0l_v4_unblind/combineResults/impactResult/higgsCombine_paramFit_Test_ps_isr_singleTop.MultiDimFit.mH125.root' are the same file
mv: 'higgsCombine_paramFit_Test_ps_isr_tt.MultiDimFit.mH125.root' and '/workfs2/cms/huahuil/CMSSW_14_1_0_pre4/src/FourTop/hua/combine/combinationV20/run2_1tau0l_v4_unblind/combineResults/impactResult/higgsCombine_paramFit_Test_ps_isr_tt.MultiDimFit.mH125.root' are the same file
mv: 'higgsCombine_paramFit_Test_ps_isr_ttH.MultiDimFit.mH125.root' and '/workfs2/cms/huahuil/CMSSW_14_1_0_pre4/src/FourTop/hua/combine/combinationV20/run2_1tau0l_v4_unblind/combineResults/impactResult/higgsCombine_paramFit_Test_ps_isr_ttH.MultiDimFit.mH125.root' are the same file
mv: 'higgsCombine_paramFit_Test_ps_isr_ttW.MultiDimFit.mH125.root' and '/workfs2/cms/huahuil/CMSSW_14_1_0_pre4/src/FourTop/hua/combine/combinationV20/run2_1tau0l_v4_unblind/combineResults/impactResult/higgsCombine_paramFit_Test_ps_isr_ttW.MultiDimFit.mH125.root' are the same file
mv: 'higgsCombine_paramFit_Test_ps_isr_ttZ.MultiDimFit.mH125.root' and '/workfs2/cms/huahuil/CMSSW_14_1_0_pre4/src/FourTop/hua/combine/combinationV20/run2_1tau0l_v4_unblind/combineResults/impactResult/higgsCombine_paramFit_Test_ps_isr_ttZ.MultiDimFit.mH125.root' are the same file
mv: 'higgsCombine_paramFit_Test_ps_isr_tttt.MultiDimFit.mH125.root' and '/workfs2/cms/huahuil/CMSSW_14_1_0_pre4/src/FourTop/hua/combine/combinationV20/run2_1tau0l_v4_unblind/combineResults/impactResult/higgsCombine_paramFit_Test_ps_isr_tttt.MultiDimFit.mH125.root' are the same file
mv: 'impacts.pdf' and '/workfs2/cms/huahuil/CMSSW_14_1_0_pre4/src/FourTop/hua/combine/combinationV20/run2_1tau0l_v4_unblind/combineResults/impactResult/impacts.pdf' are the same file
mv: 'combine_logger.out' and '/workfs2/cms/huahuil/CMSSW_14_1_0_pre4/src/FourTop/hua/combine/combinationV20/run2_1tau0l_v4_unblind/combineResults/impactResult/combine_logger.out' are the same file

[2025-12-02 15:29:57] [ERROR] Command failed with return code 1: mv higgsCombine_paramFit*.root impacts.pdf combine_logger.out /workfs2/cms/huahuil/CMSSW_14_1_0_pre4/src/FourTop/hua/combine/combinationV20/run2_1tau0l_v4_unblind/combineResults/impactResult/
[2025-12-02 15:29:57] [ERROR] Failed to execute command: mv higgsCombine_paramFit*.root impacts.pdf combine_logger.out /workfs2/cms/huahuil/CMSSW_14_1_0_pre4/src/FourTop/hua/combine/combinationV20/run2_1tau0l_v4_unblind/combineResults/impactResult/
[2025-12-02 15:29:57] [ERROR] Error: Command 'mv higgsCombine_paramFit*.root impacts.pdf combine_logger.out /workfs2/cms/huahuil/CMSSW_14_1_0_pre4/src/FourTop/hua/combine/combinationV20/run2_1tau0l_v4_unblind/combineResults/impactResult/' returned non-zero exit status 1.
[2025-12-02 15:29:57] [ERROR] Analysis workflow failed: Command 'mv higgsCombine_paramFit*.root impacts.pdf combine_logger.out /workfs2/cms/huahuil/CMSSW_14_1_0_pre4/src/FourTop/hua/combine/combinationV20/run2_1tau0l_v4_unblind/combineResults/impactResult/' returned non-zero exit status 1.
Traceback (most recent call last):
  File "/workfs2/cms/huahuil/CMSSW_14_1_0_pre4/src/FourTop/hua/combine/runCombineAll.py", line 239, in main
    runImpact(working_cardDir, ifBlind)  #!Step 1 of unblinding
  File "/workfs2/cms/huahuil/CMSSW_14_1_0_pre4/src/FourTop/hua/combine/runCombineAll.py", line 464, in runImpact
    runCommand(mv)
  File "/workfs2/cms/huahuil/CMSSW_14_1_0_pre4/src/FourTop/hua/combine/runCombineAll.py", line 512, in runCommand
    raise subprocess.CalledProcessError(returncode, com, output=stdout, stderr=stderr)
subprocess.CalledProcessError: Command 'mv higgsCombine_paramFit*.root impacts.pdf combine_logger.out /workfs2/cms/huahuil/CMSSW_14_1_0_pre4/src/FourTop/hua/combine/combinationV20/run2_1tau0l_v4_unblind/combineResults/impactResult/' returned non-zero exit status 1.
[WARNING] Minimization finished with status 1 (covariance matrix forced positive definite), this could indicate a problem with the minimum!

Info in <TCanvas::Print>: pdf file ./impacts.pdf has been created using the current canvas
TCanvas::Constructor:0: RuntimeWarning: Deleting canvas with same name: impacts
Info in <TCanvas::Print>: Current canvas added to pdf file ./impacts.pdf
TCanvas::Constructor:0: RuntimeWarning: Deleting canvas with same name: impacts
Info in <TCanvas::Print>: Current canvas added to pdf file ./impacts.pdf
TCanvas::Constructor:0: RuntimeWarning: Deleting canvas with same name: impacts
Info in <TCanvas::Print>: Current canvas added to pdf file ./impacts.pdf
TCanvas::Constructor:0: RuntimeWarning: Deleting canvas with same name: impacts
Info in <TCanvas::Print>: Current canvas added to pdf file ./impacts.pdf
TCanvas::Constructor:0: RuntimeWarning: Deleting canvas with same name: impacts
Info in <TCanvas::Print>: Current canvas added to pdf file ./impacts.pdf
TCanvas::Constructor:0: RuntimeWarning: Deleting canvas with same name: impacts
Info in <TCanvas::Print>: Current canvas added to pdf file ./impacts.pdf
TCanvas::Constructor:0: RuntimeWarning: Deleting canvas with same name: impacts
Info in <TCanvas::Print>: Current canvas added to pdf file ./impacts.pdf
TCanvas::Constructor:0: RuntimeWarning: Deleting canvas with same name: impacts
Info in <TCanvas::Print>: Current canvas added to pdf file ./impacts.pdf and file closed

