{
    "abseta:[1.20,2.10]": {
        "value": 0.9982366200226914, 
        "error": 0.005624083407519537
    }, 
    "abseta:[2.10,2.40]": {
        "value": 0.9948119726401877, 
        "error": 0.020265940416084816
    }, 
    "abseta:[0.90,1.20]": {
        "value": 1.0030981826977767, 
        "error": 0.006343783058847714
    }, 
    "abseta:[0.00,0.90]": {
        "value": 1.002328012438204, 
        "error": 0.003017291401907357
    }
}