{
    "NUM_TrackerMuons_DEN_genTracks": {
        "abseta_pt": {
            "abseta:[0.0,0.9]": {
                "pt:[40,60]": {
                    "NominalOld": 0.00017704486996672486,
                    "massBin": 0.00017704486996672486,
                    "massRange": 0.00017704486996672486,
                    "stat": 0.0001538802103231026,
                    "syst": 0.0003540897399334497,
                    "tagIso": 0.00017704486996672486,
                    "value": 0.9998229551300333
                }
            },
            "abseta:[0.9,1.2]": {
                "pt:[40,60]": {
                    "NominalOld": 0.0001417152346795958,
                    "massBin": 0.00015934169155151778,
                    "massRange": 0.00015934169155151778,
                    "stat": 0.00019861903120026457,
                    "syst": 0.00031024592139106355,
                    "tagIso": 0.00015934169155151778,
                    "value": 1.0001593416915515
                }
            },
            "abseta:[1.2,2.1]": {
                "pt:[40,60]": {
                    "NominalOld": 0.00010638559939246672,
                    "massBin": 0.00010638559939246672,
                    "massRange": 0.00010638559939246672,
                    "stat": 0.00012188589514012365,
                    "syst": 0.00021277119878493345,
                    "tagIso": 0.00010638559939246672,
                    "value": 0.9998936144006075
                }
            },
            "abseta:[2.1,2.4]": {
                "pt:[40,60]": {
                    "NominalOld": 0.0009731179957255254,
                    "massBin": 0.0009731179957255254,
                    "massRange": 0.0009731179957255254,
                    "stat": 0.00027638902644996395,
                    "syst": 0.0019462359914510508,
                    "tagIso": 0.0009731179957255254,
                    "value": 0.9990268820042745
                }
            },
            "binning": [
                {
                    "binning": [
                        0.0,
                        0.9,
                        1.2,
                        2.1,
                        2.4
                    ],
                    "variable": "abseta"
                },
                {
                    "binning": [
                        40,
                        60
                    ],
                    "variable": "pt"
                }
            ]
        }
    }
}
