{
    "abseta:[1.20,2.10]": {
        "value": 0.9987093874552676, 
        "error": 0.0013073638686180622
    }, 
    "abseta:[2.10,2.40]": {
        "value": 0.9994032954615076, 
        "error": 0.003576432670127227
    }, 
    "abseta:[0.90,1.20]": {
        "value": 0.9995435160157597, 
        "error": 0.0018986488184238438
    }, 
    "abseta:[0.00,0.90]": {
        "value": 0.9993468178437374, 
        "error": 0.0008088956006571286
    }
}