{
    "NUM_TrackerMuons_DEN_genTracks": {
        "abseta_pt": {
            "abseta:[0.0,0.9]": {
                "pt:[40,60]": {
                    "NominalOld": 0.00032574371936389124,
                    "massBin": 0.00032574371936389124,
                    "massRange": 0.00032574371936389124,
                    "stat": 7.650191371261136e-05,
                    "syst": 0.0006514874387277825,
                    "tagIso": 0.00032574371936389124,
                    "value": 0.9996742562806361
                }
            },
            "abseta:[0.9,1.2]": {
                "pt:[40,60]": {
                    "NominalOld": 0.00021863979642633424,
                    "massBin": 0.00021863979642633424,
                    "massRange": 0.00021863979642633424,
                    "stat": 0.00014496238686164667,
                    "syst": 0.0004372795928526685,
                    "tagIso": 0.00021863979642633424,
                    "value": 0.9997813602035737
                }
            },
            "abseta:[1.2,2.1]": {
                "pt:[40,60]": {
                    "NominalOld": 0.0005325257540468309,
                    "massBin": 0.0005325257540468309,
                    "massRange": 0.0005325257540468309,
                    "stat": 7.739510750489317e-05,
                    "syst": 0.0010650515080936618,
                    "tagIso": 0.0005325257540468309,
                    "value": 0.9994674742459532
                }
            },
            "abseta:[2.1,2.4]": {
                "pt:[40,60]": {
                    "NominalOld": 0.0005325257540468309,
                    "massBin": 0.0006433587369483185,
                    "massRange": 0.0006433587369483185,
                    "stat": 0.00022835790507860388,
                    "syst": 0.0011810962222705494,
                    "tagIso": 0.0005325257540468309,
                    "value": 0.9993566412630517
                }
            },
            "binning": [
                {
                    "binning": [
                        0.0,
                        0.9,
                        1.2,
                        2.1,
                        2.4
                    ],
                    "variable": "abseta"
                },
                {
                    "binning": [
                        40,
                        60
                    ],
                    "variable": "pt"
                }
            ]
        }
    }
}
