{
    "abseta:[1.20,2.10]": {
        "value": 1.0000934635841072, 
        "error": 0.011018240281989949
    }, 
    "abseta:[2.10,2.40]": {
        "value": 1.0004003151051057, 
        "error": 0.13381619554808372
    }, 
    "abseta:[0.90,1.20]": {
        "value": 1.007364596290204, 
        "error": 0.017926301361615736
    }, 
    "abseta:[0.00,0.90]": {
        "value": 1.0063985655379517, 
        "error": 0.0027692136143925784
    }
}