{
    "NUM_TrackerMuons_DEN_genTracks": {
        "abseta_pt": {
            "abseta:[0.0,0.9]": {
                "pt:[40,60]": {
                    "NominalOld": 0.0014288860484872323,
                    "massBin": 4.480767001135977e-05,
                    "massRange": 0.0001396835795399176,
                    "stat": 0.00010260291858070426,
                    "syst": 0.0014366927652431664,
                    "tagIso": 2.9181029037150807e-05,
                    "value": 1.0000406419782646
                }
            },
            "abseta:[0.9,1.2]": {
                "pt:[40,60]": {
                    "NominalOld": 0.0010499016930599625,
                    "massBin": 0.00014852728075775978,
                    "massRange": 0.0002394050012108906,
                    "stat": 0.00019912837537507789,
                    "syst": 0.0010917857343065423,
                    "tagIso": 0.00010162389881823719,
                    "value": 0.9997959311146515
                }
            },
            "abseta:[1.2,2.1]": {
                "pt:[40,60]": {
                    "NominalOld": 0.001466415749602601,
                    "massBin": 0.00017456078841276979,
                    "massRange": 2.2248229807064757e-05,
                    "stat": 0.00012513847429973846,
                    "syst": 0.0014814654032937547,
                    "tagIso": 0.00011575032567096022,
                    "value": 0.9994928400570587
                }
            },
            "abseta:[2.1,2.4]": {
                "pt:[40,60]": {
                    "NominalOld": 0.0014973374070142986,
                    "massBin": 0.0005224673757350251,
                    "massRange": 0.00021314508625719375,
                    "stat": 0.0002754474704705526,
                    "syst": 0.0017364778744567663,
                    "tagIso": 0.0006744872953070025,
                    "value": 0.9990728619505579
                }
            },
            "binning": [
                {
                    "binning": [
                        0.0,
                        0.9,
                        1.2,
                        2.1,
                        2.4
                    ],
                    "variable": "abseta"
                },
                {
                    "binning": [
                        40,
                        60
                    ],
                    "variable": "pt"
                }
            ]
        }
    }
}